TCGA-02-2485	TCGA-02-2485-01	PER1	3'UTR		0.26
TCGA-05-4250	TCGA-05-4250-01	PER1	Missense_Mutation	p.P752R	0.47
TCGA-05-4390	TCGA-05-4390-01	TIMELESS	Missense_Mutation	p.Q1008H	0.25
TCGA-05-4398	TCGA-05-4398-01	NR1D1	Frame_Shift_Del	p.E173Rfs*52	0.20
TCGA-05-4398	TCGA-05-4398-01	RORB	Nonsense_Mutation	p.E114*	0.46
TCGA-05-4402	TCGA-05-4402-01	PER2	Silent	p.I418I	0.05
TCGA-05-4410	TCGA-05-4410-01	TIMELESS	Missense_Mutation	p.R326Q	0.13
TCGA-05-4424	TCGA-05-4424-01	RORB	Silent	p.T230T	0.09
TCGA-05-4432	TCGA-05-4432-01	CRY1	Missense_Mutation	p.A362S	0.22
TCGA-06-0646	TCGA-06-0646-01	CLOCK	Silent	p.T4T	0.35
TCGA-06-0649	TCGA-06-0649-01	CLOCK	Missense_Mutation	p.T139N	0.18
TCGA-06-0743	TCGA-06-0743-01	PER2	Missense_Mutation	p.P956S	0.32
TCGA-06-5416	TCGA-06-5416-01	ARNTL	Missense_Mutation	p.S106P	0.05
TCGA-06-5416	TCGA-06-5416-01	ARNTL	Nonsense_Mutation	p.E386*	0.42
TCGA-06-5416	TCGA-06-5416-01	CLOCK	Silent	p.C195C	0.42
TCGA-06-5416	TCGA-06-5416-01	CRY1	Frame_Shift_Ins	p.H411Sfs*10	0.22
TCGA-06-5416	TCGA-06-5416-01	CRY1	Nonsense_Mutation	p.R263*	0.19
TCGA-06-5416	TCGA-06-5416-01	CRY2	Missense_Mutation	p.L426M	0.19
TCGA-06-5416	TCGA-06-5416-01	CRY2	Nonsense_Mutation	p.R482*	0.44
TCGA-06-5416	TCGA-06-5416-01	NPAS2	Missense_Mutation	p.F132V	0.31
TCGA-06-5416	TCGA-06-5416-01	NR1D2	3'UTR		0.31
TCGA-06-5416	TCGA-06-5416-01	PER1	Missense_Mutation	p.R230Q	0.22
TCGA-06-5416	TCGA-06-5416-01	PER1	Missense_Mutation	p.S830I	0.41
TCGA-06-5416	TCGA-06-5416-01	PER3	Missense_Mutation	p.S247L	0.39
TCGA-06-5416	TCGA-06-5416-01	RORA	Missense_Mutation	p.D257G	0.40
TCGA-06-5416	TCGA-06-5416-01	RORB	Missense_Mutation	p.A95V	0.22
TCGA-06-5416	TCGA-06-5416-01	TIMELESS	Nonsense_Mutation	p.R515*	0.19
TCGA-06-6694	TCGA-06-6694-01	PER1	Missense_Mutation	p.S784F	0.26
TCGA-06-6699	TCGA-06-6699-01	CSNK1D	Missense_Mutation	p.T67I	0.28
TCGA-06-A5U1	TCGA-06-A5U1-01	NPAS2	Silent	p.Q776Q	0.33
TCGA-08-0386	TCGA-08-0386-01	CRY2	Silent	p.V504V	0.15
TCGA-09-2044	TCGA-09-2044-01	CRY1	Splice_Site	p.X380_splice	0.14
TCGA-12-5299	TCGA-12-5299-01	RORC	Intron		0.60
TCGA-13-1477	TCGA-13-1477-01	PER1	Missense_Mutation	p.A1258V	0.04
TCGA-14-1456	TCGA-14-1456-01	PER2	Missense_Mutation	p.R1188C	0.42
TCGA-14-2554	TCGA-14-2554-01	PER1	Silent	p.G190G	0.03
TCGA-18-3407	TCGA-18-3407-01	PER3	Missense_Mutation	p.P935L	0.08
TCGA-18-3409	TCGA-18-3409-01	CLOCK	Nonsense_Mutation	p.R97*	0.44
TCGA-18-3409	TCGA-18-3409-01	NPAS2	Intron		0.26
TCGA-18-3409	TCGA-18-3409-01	PER1	5'UTR		0.55
TCGA-18-3409	TCGA-18-3409-01	PER1	Missense_Mutation	p.P28L	0.39
TCGA-18-3409	TCGA-18-3409-01	PER2	Missense_Mutation	p.P950L	0.43
TCGA-18-3409	TCGA-18-3409-01	PER2	Silent	p.T1119T	0.24
TCGA-18-3409	TCGA-18-3409-01	RORB	Missense_Mutation	p.G32R	0.57
TCGA-18-3410	TCGA-18-3410-01	CLOCK	Missense_Mutation	p.S431A	0.33
TCGA-18-3415	TCGA-18-3415-01	RORC	3'UTR		0.24
TCGA-18-3416	TCGA-18-3416-01	RORA	Missense_Mutation	p.R32T	0.44
TCGA-18-4083	TCGA-18-4083-01	TIMELESS	Nonsense_Mutation	p.R705*	0.31
TCGA-19-4068	TCGA-19-4068-01	RORC	Missense_Mutation	p.R57Q	0.41
TCGA-19-5950	TCGA-19-5950-01	TIMELESS	Missense_Mutation	p.R462K	0.43
TCGA-19-5956	TCGA-19-5956-01	CLOCK	Missense_Mutation	p.T459M	0.53
TCGA-19-5956	TCGA-19-5956-01	CLOCK	Missense_Mutation	p.V579I	0.39
TCGA-19-5956	TCGA-19-5956-01	NPAS2	Missense_Mutation	p.I188M	0.38
TCGA-19-5956	TCGA-19-5956-01	NPAS2	Missense_Mutation	p.Q24H	0.25
TCGA-19-5956	TCGA-19-5956-01	PER3	3'UTR		0.23
TCGA-19-5956	TCGA-19-5956-01	PER3	Silent	p.S1065S	0.17
TCGA-19-5956	TCGA-19-5956-01	RORB	Silent	p.L449L	0.20
TCGA-19-5956	TCGA-19-5956-01	TIMELESS	Missense_Mutation	p.D182G	0.27
TCGA-20-0991	TCGA-20-0991-01	PER3	Silent	p.F870F	0.03
TCGA-21-1071	TCGA-21-1071-01	CRY1	Missense_Mutation	p.I429V	0.09
TCGA-21-A5DI	TCGA-21-A5DI-01	TIMELESS	Missense_Mutation	p.R533K	0.22
TCGA-22-1002	TCGA-22-1002-01	CSNK1D	Missense_Mutation	p.D158Y	0.22
TCGA-22-4593	TCGA-22-4593-01	RORC	Missense_Mutation	p.Y186F	0.42
TCGA-22-4594	TCGA-22-4594-01	RORB	Missense_Mutation	p.P414Q	0.05
TCGA-22-4595	TCGA-22-4595-01	PER3	Intron		0.29
TCGA-22-4604	TCGA-22-4604-01	CLOCK	Missense_Mutation	p.Q828K	0.06
TCGA-22-5474	TCGA-22-5474-01	RORC	3'UTR		0.28
TCGA-22-5477	TCGA-22-5477-01	CRY2	Missense_Mutation	p.S431I	0.06
TCGA-22-5483	TCGA-22-5483-01	CSNK1D	3'UTR		0.67
TCGA-22-5491	TCGA-22-5491-01	RORC	Silent	p.P167P	0.05
TCGA-22-5492	TCGA-22-5492-01	RORC	Silent	p.E333E	0.26
TCGA-25-2398	TCGA-25-2398-01	TIMELESS	Silent	p.S756S	0.13
TCGA-27-2518	TCGA-27-2518-01	PER3	Missense_Mutation	p.G626D	0.07
TCGA-27-2523	TCGA-27-2523-01	CRY1	Missense_Mutation	p.R305H	0.44
TCGA-28-5204	TCGA-28-5204-01	RORB	Missense_Mutation	p.G32V	0.36
TCGA-29-2432	TCGA-29-2432-01	PER3	Frame_Shift_Del	p.P856Lfs*32	0.12
TCGA-29-2432	TCGA-29-2432-01	RORC	Missense_Mutation	p.G53S	0.26
TCGA-2F-A9KO	TCGA-2F-A9KO-01	CSNK1D	5'UTR		0.23
TCGA-2F-A9KO	TCGA-2F-A9KO-01	RORB	3'UTR		0.34
TCGA-2F-A9KT	TCGA-2F-A9KT-01	CSNK1E	Missense_Mutation	p.S389F	0.41
TCGA-2G-AAG0	TCGA-2G-AAG0-01	NPAS2	3'UTR		0.18
TCGA-2G-AAKO	TCGA-2G-AAKO-01	PER1	Intron		0.11
TCGA-2G-AALW	TCGA-2G-AALW-01	CLOCK	Missense_Mutation	p.V376A	0.37
TCGA-2H-A9GQ	TCGA-2H-A9GQ-01	NR1D1	Missense_Mutation	p.D78Y	0.10
TCGA-2J-AABE	TCGA-2J-AABE-01	ARNTL	Intron		0.30
TCGA-2W-A8YY	TCGA-2W-A8YY-01	CLOCK	3'UTR		0.29
TCGA-2W-A8YY	TCGA-2W-A8YY-01	CLOCK	Missense_Mutation	p.F785L	0.31
TCGA-2W-A8YY	TCGA-2W-A8YY-01	CRY2	3'UTR		0.27
TCGA-2W-A8YY	TCGA-2W-A8YY-01	CRY2	Silent	p.A400A	0.56
TCGA-2W-A8YY	TCGA-2W-A8YY-01	CSNK1D	Intron		0.21
TCGA-2W-A8YY	TCGA-2W-A8YY-01	NPAS2	3'UTR		0.41
TCGA-2W-A8YY	TCGA-2W-A8YY-01	NPAS2	Missense_Mutation	p.P726L	0.35
TCGA-2W-A8YY	TCGA-2W-A8YY-01	NR1D2	Missense_Mutation	p.V522I	0.41
TCGA-2W-A8YY	TCGA-2W-A8YY-01	NR1D2	Nonsense_Mutation	p.G378*	0.47
TCGA-2W-A8YY	TCGA-2W-A8YY-01	NR1D2	Silent	p.G302G	0.24
TCGA-2W-A8YY	TCGA-2W-A8YY-01	PER2	Missense_Mutation	p.A964T	0.46
TCGA-2W-A8YY	TCGA-2W-A8YY-01	PER2	Missense_Mutation	p.E1252K	0.46
TCGA-2W-A8YY	TCGA-2W-A8YY-01	PER2	Missense_Mutation	p.G489R	0.34
TCGA-2W-A8YY	TCGA-2W-A8YY-01	PER2	Missense_Mutation	p.N519T	0.44
TCGA-2W-A8YY	TCGA-2W-A8YY-01	PER2	Missense_Mutation	p.S915L	0.07
TCGA-2W-A8YY	TCGA-2W-A8YY-01	PER3	5'UTR		0.32
TCGA-2W-A8YY	TCGA-2W-A8YY-01	PER3	Silent	p.C630C	0.40
TCGA-2W-A8YY	TCGA-2W-A8YY-01	RORC	Missense_Mutation	p.G143R	0.19
TCGA-2Y-A9GU	TCGA-2Y-A9GU-01	RORB	Silent	p.S76S	0.08
TCGA-2Y-A9GY	TCGA-2Y-A9GY-01	PER2	Silent	p.A901A	0.08
TCGA-2Y-A9H9	TCGA-2Y-A9H9-01	CLOCK	Silent	p.T656T	0.42
TCGA-2Z-A9J1	TCGA-2Z-A9J1-01	CSNK1E	Missense_Mutation	p.Y251N	0.27
TCGA-2Z-A9JE	TCGA-2Z-A9JE-01	PER1	Missense_Mutation	p.G24V	0.49
TCGA-2Z-A9JG	TCGA-2Z-A9JG-01	CSNK1E	Missense_Mutation	p.E307D	0.45
TCGA-2Z-A9JK	TCGA-2Z-A9JK-01	CSNK1E	Frame_Shift_Del	p.Q48Sfs*11	0.10
TCGA-2Z-A9JK	TCGA-2Z-A9JK-01	RORB	Missense_Mutation	p.Y156C	0.25
TCGA-2Z-A9JS	TCGA-2Z-A9JS-01	ARNTL	Missense_Mutation	p.T524M	0.50
TCGA-32-2616	TCGA-32-2616-01	NPAS2	Silent	p.D245D	0.30
TCGA-32-2616	TCGA-32-2616-01	NR1D1	Missense_Mutation	p.R359H	0.37
TCGA-32-2616	TCGA-32-2616-01	NR1D1	Silent	p.Y302Y	0.35
TCGA-33-4532	TCGA-33-4532-01	NPAS2	Silent	p.T282T	0.11
TCGA-33-4532	TCGA-33-4532-01	RORB	Missense_Mutation	p.H400Y	0.38
TCGA-33-4532	TCGA-33-4532-01	RORB	Nonsense_Mutation	p.Q162*	0.16
TCGA-33-4547	TCGA-33-4547-01	PER2	Silent	p.L142L	0.04
TCGA-33-4566	TCGA-33-4566-01	NPAS2	Silent	p.A573A	0.21
TCGA-33-4566	TCGA-33-4566-01	PER3	Silent	p.S731S	0.19
TCGA-34-2604	TCGA-34-2604-01	CLOCK	Intron		0.22
TCGA-34-2604	TCGA-34-2604-01	RORB	Silent	p.V273V	0.28
TCGA-34-2609	TCGA-34-2609-01	NR1D2	Silent	p.E400E	0.14
TCGA-35-4122	TCGA-35-4122-01	RORA	Missense_Mutation	p.Q408H	0.13
TCGA-37-4135	TCGA-37-4135-01	TIMELESS	Missense_Mutation	p.K1196Q	0.58
TCGA-37-5819	TCGA-37-5819-01	PER2	Missense_Mutation	p.S1245T	0.31
TCGA-37-A5EM	TCGA-37-A5EM-01	ARNTL	Missense_Mutation	p.S411C	0.20
TCGA-37-A5EN	TCGA-37-A5EN-01	PER3	Missense_Mutation	p.M319I	0.58
TCGA-37-A5EN	TCGA-37-A5EN-01	RORC	Intron		0.20
TCGA-38-4631	TCGA-38-4631-01	ARNTL	Splice_Site	p.X74_splice	0.26
TCGA-38-4631	TCGA-38-4631-01	RORB	Silent	p.P370P	0.07
TCGA-39-5016	TCGA-39-5016-01	PER1	Missense_Mutation	p.R1195L	0.52
TCGA-39-5030	TCGA-39-5030-01	PER1	Missense_Mutation	p.P736H	0.11
TCGA-39-5037	TCGA-39-5037-01	ARNTL	Missense_Mutation	p.R238Q	0.16
TCGA-3A-A9IU	TCGA-3A-A9IU-01	RORB	Missense_Mutation	p.A360T	0.28
TCGA-3B-A9HZ	TCGA-3B-A9HZ-01	PER2	Silent	p.A454A	0.35
TCGA-3M-AB46	TCGA-3M-AB46-01	CSNK1E	Missense_Mutation	p.R98H	0.08
TCGA-3M-AB46	TCGA-3M-AB46-01	PER1	Missense_Mutation	p.C550S	0.56
TCGA-3N-A9WC	TCGA-3N-A9WC-06	PER3	Silent	p.F870F	0.29
TCGA-3N-A9WC	TCGA-3N-A9WC-06	RORA	Intron		0.33
TCGA-3N-A9WC	TCGA-3N-A9WC-06	RORB	Nonsense_Mutation	p.Q251*	0.31
TCGA-3N-A9WC	TCGA-3N-A9WC-06	RORC	Missense_Mutation	p.R105C	0.37
TCGA-43-5668	TCGA-43-5668-01	CRY1	Missense_Mutation	p.R334L	0.34
TCGA-43-5668	TCGA-43-5668-01	NPAS2	Missense_Mutation	p.R315L	0.16
TCGA-43-6647	TCGA-43-6647-01	PER1	Silent	p.C854C	0.12
TCGA-43-7658	TCGA-43-7658-01	PER1	Missense_Mutation	p.P981L	0.74
TCGA-43-A474	TCGA-43-A474-01	NPAS2	Silent	p.S496S	0.17
TCGA-43-A474	TCGA-43-A474-01	RORA	Missense_Mutation	p.G23A	0.48
TCGA-43-A475	TCGA-43-A475-01	RORB	Missense_Mutation	p.N199K	0.11
TCGA-43-A56U	TCGA-43-A56U-01	CRY2	Silent	p.L476L	0.09
TCGA-43-A56V	TCGA-43-A56V-01	PER2	Missense_Mutation	p.P822S	0.22
TCGA-44-2656	TCGA-44-2656-01	TIMELESS	Nonsense_Mutation	p.E1152*	0.41
TCGA-44-2659	TCGA-44-2659-01	RORB	Missense_Mutation	p.V158F	0.24
TCGA-44-2668	TCGA-44-2668-01	CSNK1D	Missense_Mutation	p.G62R	0.11
TCGA-44-6146	TCGA-44-6146-01	TIMELESS	Silent	p.F408F	0.32
TCGA-44-7669	TCGA-44-7669-01	PER2	Missense_Mutation	p.Q769L	0.23
TCGA-44-7669	TCGA-44-7669-01	PER2	Missense_Mutation	p.S82R	0.31
TCGA-44-A4SS	TCGA-44-A4SS-01	PER1	3'UTR		0.19
TCGA-46-3769	TCGA-46-3769-01	NPAS2	Missense_Mutation	p.G456W	0.31
TCGA-46-6026	TCGA-46-6026-01	NR1D1	5'UTR		0.30
TCGA-49-6743	TCGA-49-6743-01	CSNK1E	Missense_Mutation	p.R98H	0.20
TCGA-49-6743	TCGA-49-6743-01	RORB	Missense_Mutation	p.H223Y	0.17
TCGA-49-AAR0	TCGA-49-AAR0-01	ARNTL	Silent	p.T113T	0.06
TCGA-49-AARN	TCGA-49-AARN-01	PER3	Silent	p.Q1169Q	0.10
TCGA-49-AARO	TCGA-49-AARO-01	ARNTL	Silent	p.R166R	0.09
TCGA-49-AARO	TCGA-49-AARO-01	ARNTL	Silent	p.S106S	0.26
TCGA-49-AARQ	TCGA-49-AARQ-01	TIMELESS	Nonsense_Mutation	p.E1102*	0.25
TCGA-4E-A92E	TCGA-4E-A92E-01	TIMELESS	Silent	p.L440L	0.27
TCGA-4R-AA8I	TCGA-4R-AA8I-01	PER3	Missense_Mutation	p.P769S	0.43
TCGA-4R-AA8I	TCGA-4R-AA8I-01	PER3	Missense_Mutation	p.R200W	0.47
TCGA-4R-AA8I	TCGA-4R-AA8I-01	TIMELESS	Silent	p.L1064L	0.43
TCGA-4V-A9QU	TCGA-4V-A9QU-01	CLOCK	Silent	p.H373H	0.05
TCGA-4Z-AA7M	TCGA-4Z-AA7M-01	TIMELESS	Silent	p.V461V	0.17
TCGA-4Z-AA7Q	TCGA-4Z-AA7Q-01	ARNTL	Silent	p.L310L	0.25
TCGA-4Z-AA7R	TCGA-4Z-AA7R-01	CLOCK	Missense_Mutation	p.E183K	0.54
TCGA-4Z-AA7Y	TCGA-4Z-AA7Y-01	TIMELESS	Missense_Mutation	p.D1122N	0.23
TCGA-4Z-AA80	TCGA-4Z-AA80-01	RORB	Silent	p.A373A	0.58
TCGA-4Z-AA84	TCGA-4Z-AA84-01	TIMELESS	Silent	p.R426R	0.46
TCGA-4Z-AA86	TCGA-4Z-AA86-01	RORC	Missense_Mutation	p.F506L	0.12
TCGA-4Z-AA87	TCGA-4Z-AA87-01	PER2	Missense_Mutation	p.C579Y	0.17
TCGA-50-5044	TCGA-50-5044-01	TIMELESS	Silent	p.L190L	0.11
TCGA-50-5049	TCGA-50-5049-01	PER1	Silent	p.P366P	0.13
TCGA-50-5049	TCGA-50-5049-01	PER2	Missense_Mutation	p.A1016T	0.14
TCGA-50-5049	TCGA-50-5049-01	RORB	Nonsense_Mutation	p.E233*	0.07
TCGA-50-5066	TCGA-50-5066-01	TIMELESS	Missense_Mutation	p.D37Y	0.06
TCGA-50-5930	TCGA-50-5930-01	TIMELESS	Missense_Mutation	p.G935W	0.19
TCGA-50-5933	TCGA-50-5933-01	PER1	Silent	p.S842S	0.08
TCGA-50-6592	TCGA-50-6592-01	TIMELESS	Missense_Mutation	p.G300C	0.16
TCGA-51-4079	TCGA-51-4079-01	NPAS2	Missense_Mutation	p.L262F	0.24
TCGA-52-7622	TCGA-52-7622-01	TIMELESS	Missense_Mutation	p.R1199L	0.17
TCGA-52-7809	TCGA-52-7809-01	TIMELESS	Missense_Mutation	p.F345L	0.38
TCGA-53-7813	TCGA-53-7813-01	CSNK1D	Missense_Mutation	p.Q163H	0.14
TCGA-53-A4EZ	TCGA-53-A4EZ-01	NPAS2	Silent	p.G580G	0.28
TCGA-55-6642	TCGA-55-6642-01	CRY1	Missense_Mutation	p.G515R	0.06
TCGA-55-6969	TCGA-55-6969-01	PER2	Missense_Mutation	p.C841Y	0.35
TCGA-55-7281	TCGA-55-7281-01	CLOCK	Missense_Mutation	p.A89S	0.26
TCGA-55-7281	TCGA-55-7281-01	CRY2	Missense_Mutation	p.T166S	0.22
TCGA-55-7281	TCGA-55-7281-01	PER2	Missense_Mutation	p.P979T	0.33
TCGA-55-7727	TCGA-55-7727-01	PER3	Missense_Mutation	p.P592L	0.25
TCGA-55-7907	TCGA-55-7907-01	CSNK1D	Missense_Mutation	p.E2Q	0.14
TCGA-55-7907	TCGA-55-7907-01	CSNK1D	Silent	p.L3L	0.14
TCGA-55-7907	TCGA-55-7907-01	TIMELESS	Nonsense_Mutation	p.E896*	0.17
TCGA-55-7910	TCGA-55-7910-01	TIMELESS	Missense_Mutation	p.G871V	0.30
TCGA-55-7994	TCGA-55-7994-01	PER3	Missense_Mutation	p.Q150L	0.15
TCGA-55-7994	TCGA-55-7994-01	RORA	Intron		0.38
TCGA-55-7995	TCGA-55-7995-01	CRY1	Nonsense_Mutation	p.E196*	0.21
TCGA-55-7995	TCGA-55-7995-01	PER1	Missense_Mutation	p.A684P	0.04
TCGA-55-7995	TCGA-55-7995-01	PER1	Missense_Mutation	p.D767Y	0.74
TCGA-55-8089	TCGA-55-8089-01	PER2	Silent	p.A194A	0.19
TCGA-55-8207	TCGA-55-8207-01	PER1	Missense_Mutation	p.P963Q	0.39
TCGA-55-8207	TCGA-55-8207-01	RORB	Missense_Mutation	p.A391P	0.50
TCGA-55-8302	TCGA-55-8302-01	CRY1	Missense_Mutation	p.R238P	0.09
TCGA-55-8506	TCGA-55-8506-01	PER3	Silent	p.T130T	0.17
TCGA-55-8620	TCGA-55-8620-01	CRY2	Missense_Mutation	p.W379L	0.41
TCGA-55-8620	TCGA-55-8620-01	CSNK1D	Missense_Mutation	p.E169G	0.19
TCGA-55-A48X	TCGA-55-A48X-01	PER3	Missense_Mutation	p.I231T	0.12
TCGA-55-A48X	TCGA-55-A48X-01	TIMELESS	Missense_Mutation	p.V704F	0.15
TCGA-55-A48Y	TCGA-55-A48Y-01	CSNK1D	Missense_Mutation	p.K122N	0.07
TCGA-55-A492	TCGA-55-A492-01	RORA	Missense_Mutation	p.V169I	0.07
TCGA-55-A4DF	TCGA-55-A4DF-01	PER1	Missense_Mutation	p.L785Q	0.42
TCGA-56-7223	TCGA-56-7223-01	NPAS2	Missense_Mutation	p.E140K	0.21
TCGA-56-7223	TCGA-56-7223-01	NPAS2	Missense_Mutation	p.M89I	0.35
TCGA-56-7731	TCGA-56-7731-01	PER2	Silent	p.R1188R	0.09
TCGA-56-8082	TCGA-56-8082-01	NR1D1	Missense_Mutation	p.V178I	0.33
TCGA-56-8082	TCGA-56-8082-01	RORA	Intron		0.37
TCGA-56-8628	TCGA-56-8628-01	TIMELESS	Splice_Site	p.X1014_splice	0.17
TCGA-56-A4ZK	TCGA-56-A4ZK-01	NPAS2	Silent	p.R809R	0.28
TCGA-5L-AAT1	TCGA-5L-AAT1-01	NPAS2	Intron		0.19
TCGA-5L-AAT1	TCGA-5L-AAT1-01	NPAS2	Missense_Mutation	p.S196C	0.13
TCGA-5L-AAT1	TCGA-5L-AAT1-01	PER2	Missense_Mutation	p.E70K	0.24
TCGA-5M-AAT6	TCGA-5M-AAT6-01	NPAS2	Missense_Mutation	p.S747L	0.18
TCGA-5M-AAT6	TCGA-5M-AAT6-01	PER2	Nonsense_Mutation	p.S971*	0.12
TCGA-5M-AAT6	TCGA-5M-AAT6-01	RORC	Missense_Mutation	p.A93V	0.21
TCGA-5M-AATE	TCGA-5M-AATE-01	RORB	Missense_Mutation	p.V146I	0.43
TCGA-5P-A9JV	TCGA-5P-A9JV-01	TIMELESS	Silent	p.E670E	0.05
TCGA-5P-A9JW	TCGA-5P-A9JW-01	RORC	5'UTR		0.26
TCGA-5P-A9JY	TCGA-5P-A9JY-01	PER3	Frame_Shift_Del	p.F31Sfs*32	0.28
TCGA-60-2711	TCGA-60-2711-01	CSNK1D	Silent	p.R127R	0.15
TCGA-60-2714	TCGA-60-2714-01	RORA	Silent	p.A458A	0.26
TCGA-60-2721	TCGA-60-2721-01	PER3	Silent	p.L621L	0.09
TCGA-62-8399	TCGA-62-8399-01	CRY1	Silent	p.C33C	0.19
TCGA-62-A471	TCGA-62-A471-01	CRY1	Missense_Mutation	p.C402F	0.27
TCGA-63-A5MG	TCGA-63-A5MG-01	TIMELESS	Silent	p.C570C	0.18
TCGA-63-A5MH	TCGA-63-A5MH-01	PER1	Splice_Site	p.X1087_splice	0.76
TCGA-63-A5MV	TCGA-63-A5MV-01	PER2	Missense_Mutation	p.L142F	0.14
TCGA-63-A5MY	TCGA-63-A5MY-01	CLOCK	3'UTR		0.34
TCGA-63-A5MY	TCGA-63-A5MY-01	NPAS2	Missense_Mutation	p.G54R	0.44
TCGA-64-1676	TCGA-64-1676-01	PER2	Missense_Mutation	p.G706C	0.15
TCGA-64-1676	TCGA-64-1676-01	PER2	Silent	p.T645T	0.21
TCGA-64-1679	TCGA-64-1679-01	NR1D2	Missense_Mutation	p.Q157H	0.15
TCGA-64-1679	TCGA-64-1679-01	PER3	Missense_Mutation	p.P800S	0.20
TCGA-64-1681	TCGA-64-1681-01	RORB	Missense_Mutation	p.A277P	0.23
TCGA-64-5778	TCGA-64-5778-01	CSNK1D	Missense_Mutation	p.E90D	0.33
TCGA-66-2756	TCGA-66-2756-01	CRY2	Missense_Mutation	p.P577R	0.24
TCGA-66-2759	TCGA-66-2759-01	CRY1	Missense_Mutation	p.G43A	0.29
TCGA-66-2759	TCGA-66-2759-01	PER3	Silent	p.L84L	0.18
TCGA-66-2763	TCGA-66-2763-01	CLOCK	Missense_Mutation	p.S632L	0.10
TCGA-66-2763	TCGA-66-2763-01	CLOCK	Nonsense_Mutation	p.S570*	0.07
TCGA-66-2765	TCGA-66-2765-01	RORC	Missense_Mutation	p.A265V	0.22
TCGA-66-2786	TCGA-66-2786-01	PER1	Missense_Mutation	p.R363P	0.32
TCGA-66-2786	TCGA-66-2786-01	PER1	Missense_Mutation	p.S1075C	0.41
TCGA-66-2791	TCGA-66-2791-01	PER1	Silent	p.K451K	0.20
TCGA-66-2795	TCGA-66-2795-01	CRY2	Silent	p.T289T	0.30
TCGA-67-3771	TCGA-67-3771-01	RORB	3'UTR		0.49
TCGA-67-3771	TCGA-67-3771-01	RORB	3'UTR		0.50
TCGA-67-3774	TCGA-67-3774-01	PER2	Silent	p.S35S	0.18
TCGA-68-A59J	TCGA-68-A59J-01	NR1D2	Missense_Mutation	p.I519M	0.47
TCGA-69-7978	TCGA-69-7978-01	CRY1	Missense_Mutation	p.R238Q	0.11
TCGA-69-7979	TCGA-69-7979-01	CRY2	Missense_Mutation	p.G569V	0.16
TCGA-69-7979	TCGA-69-7979-01	RORA	Missense_Mutation	p.G295C	0.36
TCGA-69-7979	TCGA-69-7979-01	RORB	Nonsense_Mutation	p.E448*	0.22
TCGA-69-7980	TCGA-69-7980-01	RORA	Silent	p.R403R	0.24
TCGA-6A-AB49	TCGA-6A-AB49-01	TIMELESS	Missense_Mutation	p.A58S	0.27
TCGA-70-6722	TCGA-70-6722-01	ARNTL	Missense_Mutation	p.I433V	0.22
TCGA-70-6722	TCGA-70-6722-01	TIMELESS	Missense_Mutation	p.G912V	0.10
TCGA-74-6584	TCGA-74-6584-01	RORC	Missense_Mutation	p.L88P	0.13
TCGA-75-6214	TCGA-75-6214-01	PER1	Missense_Mutation	p.Q1264E	0.21
TCGA-75-7027	TCGA-75-7027-01	CLOCK	Missense_Mutation	p.L118V	0.28
TCGA-76-4925	TCGA-76-4925-01	RORC	Missense_Mutation	p.R228Q	0.40
TCGA-76-6192	TCGA-76-6192-01	PER2	Missense_Mutation	p.A1201T	0.03
TCGA-77-6844	TCGA-77-6844-01	RORC	Missense_Mutation	p.R282K	0.38
TCGA-77-7140	TCGA-77-7140-01	NPAS2	Silent	p.L676L	0.86
TCGA-77-7141	TCGA-77-7141-01	RORA	Missense_Mutation	p.C278S	0.39
TCGA-77-7337	TCGA-77-7337-01	PER3	Missense_Mutation	p.I350F	0.52
TCGA-77-8128	TCGA-77-8128-01	CSNK1E	Missense_Mutation	p.P358T	0.27
TCGA-77-8133	TCGA-77-8133-01	TIMELESS	Silent	p.E557E	0.40
TCGA-77-8136	TCGA-77-8136-01	RORC	Missense_Mutation	p.E27Q	0.23
TCGA-77-8144	TCGA-77-8144-01	PER2	Missense_Mutation	p.Q307H	0.14
TCGA-77-8144	TCGA-77-8144-01	PER2	Missense_Mutation	p.Q307L	0.15
TCGA-77-8154	TCGA-77-8154-01	NR1D1	Missense_Mutation	p.D305E	0.30
TCGA-77-A5G3	TCGA-77-A5G3-01	TIMELESS	Silent	p.A381A	0.16
TCGA-77-A5GA	TCGA-77-A5GA-01	PER3	Missense_Mutation	p.S355G	0.23
TCGA-77-A5GB	TCGA-77-A5GB-01	PER3	Silent	p.P67P	0.09
TCGA-77-A5GH	TCGA-77-A5GH-01	NPAS2	Missense_Mutation	p.N646S	0.17
TCGA-78-7146	TCGA-78-7146-01	PER2	Missense_Mutation	p.R51P	0.20
TCGA-78-7146	TCGA-78-7146-01	PER2	Missense_Mutation	p.S501C	0.47
TCGA-78-7150	TCGA-78-7150-01	RORB	Missense_Mutation	p.D403H	0.41
TCGA-78-7150	TCGA-78-7150-01	RORC	3'UTR		0.18
TCGA-78-7154	TCGA-78-7154-01	RORB	Frame_Shift_Ins	p.I388Nfs*16	0.21
TCGA-78-7542	TCGA-78-7542-01	RORA	Missense_Mutation	p.T139S	0.46
TCGA-78-8640	TCGA-78-8640-01	CSNK1D	Missense_Mutation	p.L25P	0.16
TCGA-78-8640	TCGA-78-8640-01	NPAS2	Silent	p.V279V	0.10
TCGA-78-8660	TCGA-78-8660-01	PER1	Silent	p.R154R	0.31
TCGA-80-5611	TCGA-80-5611-01	NR1D1	Missense_Mutation	p.P64L	0.37
TCGA-85-6560	TCGA-85-6560-01	RORB	Missense_Mutation	p.D337Y	0.55
TCGA-85-7698	TCGA-85-7698-01	TIMELESS	Splice_Site	p.X623_splice	0.29
TCGA-85-7710	TCGA-85-7710-01	ARNTL	Silent	p.F247F	0.33
TCGA-85-7844	TCGA-85-7844-01	TIMELESS	Missense_Mutation	p.Y307C	0.20
TCGA-85-7950	TCGA-85-7950-01	PER2	Missense_Mutation	p.P833L	0.18
TCGA-85-8276	TCGA-85-8276-01	PER1	Missense_Mutation	p.C171F	0.30
TCGA-85-8276	TCGA-85-8276-01	PER3	Missense_Mutation	p.S1055F	0.09
TCGA-85-8287	TCGA-85-8287-01	PER2	Missense_Mutation	p.V1018L	0.24
TCGA-85-8354	TCGA-85-8354-01	PER2	Missense_Mutation	p.N1157D	0.41
TCGA-85-8481	TCGA-85-8481-01	NR1D1	Missense_Mutation	p.V105A	0.06
TCGA-85-A4CL	TCGA-85-A4CL-01	NR1D1	Missense_Mutation	p.E581Q	0.19
TCGA-85-A4JB	TCGA-85-A4JB-01	NPAS2	Missense_Mutation	p.M241V	0.16
TCGA-85-A4JC	TCGA-85-A4JC-01	TIMELESS	Missense_Mutation	p.E575K	0.17
TCGA-86-6851	TCGA-86-6851-01	CSNK1E	Missense_Mutation	p.G175V	0.26
TCGA-86-6851	TCGA-86-6851-01	PER1	Silent	p.A569A	0.35
TCGA-86-7955	TCGA-86-7955-01	ARNTL	Missense_Mutation	p.S97Y	0.74
TCGA-86-7955	TCGA-86-7955-01	CRY2	Missense_Mutation	p.T375A	0.40
TCGA-86-8054	TCGA-86-8054-01	NPAS2	Missense_Mutation	p.Q802L	0.25
TCGA-86-8056	TCGA-86-8056-01	NPAS2	Silent	p.V542V	0.11
TCGA-86-8073	TCGA-86-8073-01	CRY2	Missense_Mutation	p.S517I	0.30
TCGA-86-8073	TCGA-86-8073-01	PER1	Missense_Mutation	p.R68Q	0.20
TCGA-86-8278	TCGA-86-8278-01	CRY2	Missense_Mutation	p.Q194E	0.12
TCGA-86-8279	TCGA-86-8279-01	PER3	Missense_Mutation	p.L871M	0.29
TCGA-86-8359	TCGA-86-8359-01	CRY1	Splice_Site	p.X53_splice	0.29
TCGA-86-8669	TCGA-86-8669-01	PER3	Missense_Mutation	p.D573H	0.16
TCGA-86-8673	TCGA-86-8673-01	NPAS2	Missense_Mutation	p.T252P	0.18
TCGA-86-A4JF	TCGA-86-A4JF-01	ARNTL	Missense_Mutation	p.R85W	0.11
TCGA-90-7769	TCGA-90-7769-01	RORC	Missense_Mutation	p.P254T	0.37
TCGA-90-7964	TCGA-90-7964-01	RORA	Missense_Mutation	p.E326G	0.51
TCGA-90-A4ED	TCGA-90-A4ED-01	NPAS2	Missense_Mutation	p.P679L	0.08
TCGA-91-6848	TCGA-91-6848-01	PER1	Silent	p.S74S	0.09
TCGA-92-8063	TCGA-92-8063-01	PER1	Missense_Mutation	p.G825R	0.37
TCGA-93-8067	TCGA-93-8067-01	PER3	Nonsense_Mutation	p.E263*	0.11
TCGA-94-8490	TCGA-94-8490-01	CRY1	Missense_Mutation	p.D307H	0.07
TCGA-94-8491	TCGA-94-8491-01	CRY2	Missense_Mutation	p.K108N	0.30
TCGA-94-A4VJ	TCGA-94-A4VJ-01	CSNK1D	Missense_Mutation	p.M371I	0.40
TCGA-95-7039	TCGA-95-7039-01	NPAS2	Missense_Mutation	p.V729F	0.47
TCGA-95-7039	TCGA-95-7039-01	PER1	Missense_Mutation	p.A620S	0.26
TCGA-95-7039	TCGA-95-7039-01	PER2	Silent	p.Q1031Q	0.08
TCGA-95-7562	TCGA-95-7562-01	CSNK1E	In_Frame_Del	p.K232del	0.17
TCGA-95-7948	TCGA-95-7948-01	CSNK1E	Missense_Mutation	p.M317I	0.13
TCGA-96-7544	TCGA-96-7544-01	RORB	Silent	p.T208T	0.35
TCGA-97-7941	TCGA-97-7941-01	CLOCK	Frame_Shift_Del	p.S434*	0.12
TCGA-97-8547	TCGA-97-8547-01	PER1	Missense_Mutation	p.R1140C	0.42
TCGA-97-A4LX	TCGA-97-A4LX-01	PER3	Nonsense_Mutation	p.R545*	0.10
TCGA-98-8021	TCGA-98-8021-01	NPAS2	Missense_Mutation	p.Q707H	0.10
TCGA-98-8022	TCGA-98-8022-01	CRY1	Silent	p.P211P	0.17
TCGA-98-A538	TCGA-98-A538-01	PER1	Missense_Mutation	p.R803M	0.67
TCGA-98-A538	TCGA-98-A538-01	RORC	Missense_Mutation	p.A17D	0.18
TCGA-99-7458	TCGA-99-7458-01	NPAS2	Missense_Mutation	p.D396V	0.11
TCGA-A1-A0SI	TCGA-A1-A0SI-01	PER2	Missense_Mutation	p.E305K	0.14
TCGA-A1-A0SI	TCGA-A1-A0SI-01	PER3	Missense_Mutation	p.R695Q	0.19
TCGA-A1-A0SK	TCGA-A1-A0SK-01	NPAS2	Missense_Mutation	p.R22W	0.49
TCGA-A2-A0YD	TCGA-A2-A0YD-01	RORB	Silent	p.I416I	0.14
TCGA-A2-A0YK	TCGA-A2-A0YK-01	PER2	Missense_Mutation	p.D169H	0.13
TCGA-A2-A1FW	TCGA-A2-A1FW-01	NR1D2	Silent	p.S307S	0.26
TCGA-A2-A25B	TCGA-A2-A25B-01	NPAS2	Missense_Mutation	p.M492I	0.23
TCGA-A2-A3Y0	TCGA-A2-A3Y0-01	RORB	Missense_Mutation	p.L449F	0.07
TCGA-A3-3313	TCGA-A3-3313-01	RORA	Missense_Mutation	p.L163F	0.38
TCGA-A3-3347	TCGA-A3-3347-01	PER2	Missense_Mutation	p.V181D	0.19
TCGA-A3-3382	TCGA-A3-3382-01	ARNTL	Missense_Mutation	p.S31G	0.13
TCGA-A3-A6NN	TCGA-A3-A6NN-01	PER2	3'UTR		0.07
TCGA-A3-A8OU	TCGA-A3-A8OU-01	PER2	Missense_Mutation	p.V175M	0.20
TCGA-A3-A8OV	TCGA-A3-A8OV-01	PER1	Missense_Mutation	p.S810T	0.31
TCGA-A4-8310	TCGA-A4-8310-01	CSNK1D	Silent	p.Q410Q	0.50
TCGA-A4-8310	TCGA-A4-8310-01	RORA	Missense_Mutation	p.E88G	0.50
TCGA-A4-A48D	TCGA-A4-A48D-01	CLOCK	Missense_Mutation	p.L792P	0.28
TCGA-A4-A48D	TCGA-A4-A48D-01	TIMELESS	Frame_Shift_Ins	p.K36Rfs*11	0.22
TCGA-A4-A4ZT	TCGA-A4-A4ZT-01	TIMELESS	Missense_Mutation	p.E1053D	0.49
TCGA-A4-A5DU	TCGA-A4-A5DU-01	RORC	Missense_Mutation	p.T375M	0.45
TCGA-A5-A0G1	TCGA-A5-A0G1-01	ARNTL	Missense_Mutation	p.D51N	0.29
TCGA-A5-A0G1	TCGA-A5-A0G1-01	ARNTL	Silent	p.S512S	0.24
TCGA-A5-A0G1	TCGA-A5-A0G1-01	CRY2	Nonsense_Mutation	p.R333*	0.17
TCGA-A5-A0G1	TCGA-A5-A0G1-01	CSNK1E	Missense_Mutation	p.R270C	0.18
TCGA-A5-A0G1	TCGA-A5-A0G1-01	CSNK1E	Nonsense_Mutation	p.Q214*	0.21
TCGA-A5-A0G1	TCGA-A5-A0G1-01	CSNK1E	Silent	p.I237I	0.19
TCGA-A5-A0G1	TCGA-A5-A0G1-01	NPAS2	Missense_Mutation	p.A735V	0.22
TCGA-A5-A0G1	TCGA-A5-A0G1-01	NPAS2	Silent	p.S654S	0.17
TCGA-A5-A0G1	TCGA-A5-A0G1-01	NPAS2	Silent	p.T229T	0.21
TCGA-A5-A0G1	TCGA-A5-A0G1-01	NR1D2	Missense_Mutation	p.G7C	0.24
TCGA-A5-A0G1	TCGA-A5-A0G1-01	PER1	Frame_Shift_Ins	p.D421*	0.36
TCGA-A5-A0G1	TCGA-A5-A0G1-01	PER1	Intron		0.24
TCGA-A5-A0G1	TCGA-A5-A0G1-01	PER1	Missense_Mutation	p.G1009R	0.22
TCGA-A5-A0G1	TCGA-A5-A0G1-01	PER1	Missense_Mutation	p.G533S	0.24
TCGA-A5-A0G1	TCGA-A5-A0G1-01	PER2	Missense_Mutation	p.A731D	0.22
TCGA-A5-A0G1	TCGA-A5-A0G1-01	PER3	Missense_Mutation	p.A619V	0.20
TCGA-A5-A0G1	TCGA-A5-A0G1-01	RORA	Nonsense_Mutation	p.S114*	0.17
TCGA-A5-A0G1	TCGA-A5-A0G1-01	RORA	Silent	p.D111D	0.17
TCGA-A5-A0VP	TCGA-A5-A0VP-01	ARNTL	Missense_Mutation	p.T526M	0.40
TCGA-A5-A0VP	TCGA-A5-A0VP-01	CSNK1D	Missense_Mutation	p.D262N	0.09
TCGA-A5-A0VP	TCGA-A5-A0VP-01	PER2	3'UTR		0.47
TCGA-A5-A0VP	TCGA-A5-A0VP-01	RORA	Silent	p.G71G	0.31
TCGA-A5-A0VP	TCGA-A5-A0VP-01	RORC	Missense_Mutation	p.V277I	0.43
TCGA-A5-A0VQ	TCGA-A5-A0VQ-01	NPAS2	Splice_Site	p.X303_splice	0.50
TCGA-A5-A1OF	TCGA-A5-A1OF-01	CLOCK	3'UTR		0.17
TCGA-A5-A1OF	TCGA-A5-A1OF-01	CLOCK	3'UTR		0.29
TCGA-A5-A1OF	TCGA-A5-A1OF-01	CLOCK	Silent	p.P726P	0.19
TCGA-A5-A1OF	TCGA-A5-A1OF-01	CRY1	Missense_Mutation	p.S568N	0.38
TCGA-A5-A1OF	TCGA-A5-A1OF-01	CRY1	Silent	p.V580V	0.32
TCGA-A5-A1OF	TCGA-A5-A1OF-01	NR1D1	Missense_Mutation	p.S55Y	0.43
TCGA-A5-A1OF	TCGA-A5-A1OF-01	NR1D1	Silent	p.S363S	0.28
TCGA-A5-A1OF	TCGA-A5-A1OF-01	NR1D2	Missense_Mutation	p.D515Y	0.12
TCGA-A5-A1OF	TCGA-A5-A1OF-01	NR1D2	Missense_Mutation	p.M195T	0.36
TCGA-A5-A1OF	TCGA-A5-A1OF-01	PER1	Missense_Mutation	p.P969L	0.31
TCGA-A5-A1OF	TCGA-A5-A1OF-01	PER1	Missense_Mutation	p.S103R	0.10
TCGA-A5-A1OF	TCGA-A5-A1OF-01	PER1	Silent	p.G1191G	0.23
TCGA-A5-A1OF	TCGA-A5-A1OF-01	PER2	Missense_Mutation	p.L370P	0.09
TCGA-A5-A1OF	TCGA-A5-A1OF-01	PER2	Missense_Mutation	p.L410S	0.28
TCGA-A5-A1OF	TCGA-A5-A1OF-01	RORA	Missense_Mutation	p.P537H	0.17
TCGA-A5-A1OF	TCGA-A5-A1OF-01	RORC	Silent	p.T510T	0.25
TCGA-A5-A1OF	TCGA-A5-A1OF-01	TIMELESS	Missense_Mutation	p.D1207G	0.11
TCGA-A5-A1OF	TCGA-A5-A1OF-01	TIMELESS	Silent	p.N352N	0.23
TCGA-A5-A2K3	TCGA-A5-A2K3-01	TIMELESS	Missense_Mutation	p.V704I	0.17
TCGA-A5-A2K5	TCGA-A5-A2K5-01	ARNTL	3'UTR		0.32
TCGA-A5-A2K5	TCGA-A5-A2K5-01	ARNTL	Intron		0.08
TCGA-A5-A2K5	TCGA-A5-A2K5-01	CRY1	3'UTR		0.13
TCGA-A5-A2K5	TCGA-A5-A2K5-01	CRY2	3'UTR		0.29
TCGA-A5-A2K5	TCGA-A5-A2K5-01	NPAS2	Silent	p.S552S	0.33
TCGA-A5-A2K5	TCGA-A5-A2K5-01	NR1D1	Missense_Mutation	p.E30D	0.41
TCGA-A5-A2K5	TCGA-A5-A2K5-01	PER1	Missense_Mutation	p.I486L	0.45
TCGA-A5-A2K5	TCGA-A5-A2K5-01	PER3	Missense_Mutation	p.K1016N	0.12
TCGA-A5-A2K5	TCGA-A5-A2K5-01	RORA	5'UTR		0.33
TCGA-A5-A2K5	TCGA-A5-A2K5-01	RORB	3'UTR		0.20
TCGA-A5-A2K5	TCGA-A5-A2K5-01	RORC	3'UTR		0.50
TCGA-A5-A2K5	TCGA-A5-A2K5-01	RORC	Silent	p.C172C	0.11
TCGA-A5-A2K5	TCGA-A5-A2K5-01	TIMELESS	Missense_Mutation	p.R926Q	0.40
TCGA-A5-A2K7	TCGA-A5-A2K7-01	ARNTL	Intron		0.31
TCGA-A5-A2K7	TCGA-A5-A2K7-01	PER1	Missense_Mutation	p.V470M	0.51
TCGA-A6-2681	TCGA-A6-2681-01	PER1	Silent	p.P859P	0.36
TCGA-A6-2685	TCGA-A6-2685-01	CSNK1D	5'UTR		0.40
TCGA-A6-2686	TCGA-A6-2686-01	CSNK1D	3'UTR		0.64
TCGA-A6-2686	TCGA-A6-2686-01	TIMELESS	Silent	p.S1173S	0.36
TCGA-A6-3809	TCGA-A6-3809-01	CSNK1E	Missense_Mutation	p.V129I	0.26
TCGA-A6-5661	TCGA-A6-5661-01	CLOCK	Frame_Shift_Ins	p.N189Kfs*23	0.23
TCGA-A6-5661	TCGA-A6-5661-01	CSNK1D	Missense_Mutation	p.R115H	0.11
TCGA-A6-5661	TCGA-A6-5661-01	PER1	Missense_Mutation	p.R574W	0.43
TCGA-A6-5665	TCGA-A6-5665-01	CRY2	Missense_Mutation	p.T375A	0.29
TCGA-A6-5665	TCGA-A6-5665-01	PER3	Missense_Mutation	p.D39G	0.40
TCGA-A6-5665	TCGA-A6-5665-01	PER3	Missense_Mutation	p.S75N	0.34
TCGA-A6-6653	TCGA-A6-6653-01	PER2	Missense_Mutation	p.G390R	0.52
TCGA-A6-6780	TCGA-A6-6780-01	TIMELESS	Missense_Mutation	p.R731W	0.27
TCGA-A6-6781	TCGA-A6-6781-01	RORC	3'Flank		0.11
TCGA-A6-6782	TCGA-A6-6782-01	PER1	Missense_Mutation	p.R968H	0.39
TCGA-A6-A565	TCGA-A6-A565-01	ARNTL	Missense_Mutation	p.A457S	0.13
TCGA-A6-A565	TCGA-A6-A565-01	PER1	Frame_Shift_Del	p.L466*	0.10
TCGA-A6-A565	TCGA-A6-A565-01	RORA	Missense_Mutation	p.Q206H	0.09
TCGA-A6-A566	TCGA-A6-A566-01	TIMELESS	Missense_Mutation	p.S1121C	0.23
TCGA-A7-A26F	TCGA-A7-A26F-01	RORA	Silent	p.P421P	0.07
TCGA-A7-A4SC	TCGA-A7-A4SC-01	CSNK1E	Missense_Mutation	p.R10L	0.14
TCGA-A7-A4SE	TCGA-A7-A4SE-01	RORC	Silent	p.L466L	0.05
TCGA-A7-A56D	TCGA-A7-A56D-01	RORB	Silent	p.Q111Q	0.10
TCGA-A7-A6VX	TCGA-A7-A6VX-01	CLOCK	Silent	p.%3D	0.22
TCGA-AA-3492	TCGA-AA-3492-01	CRY1	Missense_Mutation	p.G417S	0.54
TCGA-AA-3492	TCGA-AA-3492-01	CSNK1E	Missense_Mutation	p.S368L	0.50
TCGA-AA-3492	TCGA-AA-3492-01	PER2	Missense_Mutation	p.L83P	0.29
TCGA-AA-3492	TCGA-AA-3492-01	PER2	Missense_Mutation	p.Y760H	0.39
TCGA-AA-3492	TCGA-AA-3492-01	PER3	5'UTR		0.36
TCGA-AA-3510	TCGA-AA-3510-01	NR1D1	Missense_Mutation	p.S88L	0.30
TCGA-AA-3510	TCGA-AA-3510-01	NR1D2	Missense_Mutation	p.R516Q	0.37
TCGA-AA-3510	TCGA-AA-3510-01	PER2	Silent	p.S103S	0.38
TCGA-AA-3663	TCGA-AA-3663-01	CLOCK	Silent	p.G642G	0.42
TCGA-AA-3663	TCGA-AA-3663-01	NPAS2	Silent	p.D103D	0.31
TCGA-AA-3663	TCGA-AA-3663-01	PER1	Silent	p.T647T	0.27
TCGA-AA-3663	TCGA-AA-3663-01	PER3	Missense_Mutation	p.C949R	0.22
TCGA-AA-3713	TCGA-AA-3713-01	CRY2	Nonsense_Mutation	p.Q529*	0.18
TCGA-AA-3984	TCGA-AA-3984-01	ARNTL	Missense_Mutation	p.M88I	0.30
TCGA-AA-3984	TCGA-AA-3984-01	CLOCK	Missense_Mutation	p.G120V	0.22
TCGA-AA-3984	TCGA-AA-3984-01	CRY1	Silent	p.I481I	0.09
TCGA-AA-3984	TCGA-AA-3984-01	CRY2	Missense_Mutation	p.S234F	0.29
TCGA-AA-3984	TCGA-AA-3984-01	CSNK1E	Silent	p.I237I	0.27
TCGA-AA-3984	TCGA-AA-3984-01	NR1D2	Missense_Mutation	p.E121K	0.26
TCGA-AA-3984	TCGA-AA-3984-01	PER3	Missense_Mutation	p.P935S	0.36
TCGA-AA-3984	TCGA-AA-3984-01	PER3	Nonsense_Mutation	p.R48*	0.29
TCGA-AA-3984	TCGA-AA-3984-01	RORA	Nonsense_Mutation	p.R162*	0.12
TCGA-AA-A00N	TCGA-AA-A00N-01	ARNTL	Missense_Mutation	p.R37H	0.22
TCGA-AA-A00N	TCGA-AA-A00N-01	CLOCK	Missense_Mutation	p.S487F	0.25
TCGA-AA-A00N	TCGA-AA-A00N-01	CLOCK	Missense_Mutation	p.T236A	0.08
TCGA-AA-A00N	TCGA-AA-A00N-01	CLOCK	Silent	p.E206E	0.25
TCGA-AA-A00N	TCGA-AA-A00N-01	CRY1	Missense_Mutation	p.R127I	0.09
TCGA-AA-A00N	TCGA-AA-A00N-01	NR1D2	Missense_Mutation	p.S406L	0.18
TCGA-AA-A00N	TCGA-AA-A00N-01	PER3	Missense_Mutation	p.L162M	0.29
TCGA-AA-A00N	TCGA-AA-A00N-01	RORA	3'UTR		0.22
TCGA-AA-A00N	TCGA-AA-A00N-01	RORB	Missense_Mutation	p.C46W	0.12
TCGA-AA-A00N	TCGA-AA-A00N-01	RORB	Silent	p.I359I	0.23
TCGA-AA-A010	TCGA-AA-A010-01	ARNTL	Missense_Mutation	p.F247L	0.36
TCGA-AA-A010	TCGA-AA-A010-01	ARNTL	Missense_Mutation	p.K271N	0.41
TCGA-AA-A010	TCGA-AA-A010-01	CRY1	Silent	p.C33C	0.37
TCGA-AA-A010	TCGA-AA-A010-01	CSNK1D	3'UTR		0.38
TCGA-AA-A010	TCGA-AA-A010-01	CSNK1E	Missense_Mutation	p.S53I	0.28
TCGA-AA-A010	TCGA-AA-A010-01	NPAS2	Missense_Mutation	p.F226L	0.33
TCGA-AA-A010	TCGA-AA-A010-01	PER2	Silent	p.P245P	0.32
TCGA-AA-A010	TCGA-AA-A010-01	PER3	Intron		0.34
TCGA-AA-A010	TCGA-AA-A010-01	RORA	Missense_Mutation	p.L388I	0.44
TCGA-AA-A010	TCGA-AA-A010-01	RORB	Missense_Mutation	p.C308S	0.33
TCGA-AA-A010	TCGA-AA-A010-01	TIMELESS	Missense_Mutation	p.A770V	0.33
TCGA-AA-A01P	TCGA-AA-A01P-01	PER1	Silent	p.S1241S	0.11
TCGA-AA-A01P	TCGA-AA-A01P-01	PER3	Missense_Mutation	p.V417A	0.06
TCGA-AA-A01R	TCGA-AA-A01R-01	CLOCK	Missense_Mutation	p.S59P	0.32
TCGA-AA-A01R	TCGA-AA-A01R-01	CLOCK	Splice_Site	p.X788_splice	0.36
TCGA-AA-A01R	TCGA-AA-A01R-01	CSNK1E	Intron		0.33
TCGA-AA-A01R	TCGA-AA-A01R-01	NPAS2	Missense_Mutation	p.A490T	0.41
TCGA-AA-A01R	TCGA-AA-A01R-01	NR1D1	Missense_Mutation	p.A148T	0.35
TCGA-AA-A01R	TCGA-AA-A01R-01	PER1	Silent	p.N531N	0.23
TCGA-AA-A022	TCGA-AA-A022-01	NPAS2	Silent	p.S623S	0.25
TCGA-AA-A022	TCGA-AA-A022-01	RORB	Missense_Mutation	p.A391S	0.55
TCGA-AA-A022	TCGA-AA-A022-01	TIMELESS	Nonsense_Mutation	p.Q716*	0.55
TCGA-AC-A23C	TCGA-AC-A23C-01	NPAS2	Missense_Mutation	p.M684I	0.14
TCGA-AC-A23H	TCGA-AC-A23H-01	PER1	Missense_Mutation	p.D374H	0.25
TCGA-AC-A23H	TCGA-AC-A23H-01	PER1	Missense_Mutation	p.S1069C	0.23
TCGA-AC-A23H	TCGA-AC-A23H-01	PER2	Silent	p.T412T	0.43
TCGA-AC-A2QH	TCGA-AC-A2QH-01	NR1D2	Missense_Mutation	p.C384Y	0.10
TCGA-AC-A6IW	TCGA-AC-A6IW-01	RORC	Silent	p.S276S	0.49
TCGA-AC-A8OQ	TCGA-AC-A8OQ-01	RORA	Silent	p.Q487Q	0.06
TCGA-AD-5900	TCGA-AD-5900-01	PER1	Missense_Mutation	p.E1237K	0.35
TCGA-AD-5900	TCGA-AD-5900-01	PER1	Missense_Mutation	p.P929Q	0.24
TCGA-AD-5900	TCGA-AD-5900-01	RORC	Frame_Shift_Ins	p.I75Nfs*91	0.31
TCGA-AD-6889	TCGA-AD-6889-01	NPAS2	3'UTR		0.48
TCGA-AD-6889	TCGA-AD-6889-01	NPAS2	Missense_Mutation	p.R824Q	0.50
TCGA-AD-6889	TCGA-AD-6889-01	PER3	Missense_Mutation	p.A807T	0.34
TCGA-AD-6895	TCGA-AD-6895-01	CRY1	Missense_Mutation	p.R293H	0.29
TCGA-AD-6895	TCGA-AD-6895-01	NR1D1	Silent	p.S504S	0.30
TCGA-AD-6895	TCGA-AD-6895-01	TIMELESS	3'UTR		0.41
TCGA-AD-6964	TCGA-AD-6964-01	CLOCK	Missense_Mutation	p.P272L	0.12
TCGA-AD-6964	TCGA-AD-6964-01	RORB	Missense_Mutation	p.Q261R	0.10
TCGA-AD-6964	TCGA-AD-6964-01	TIMELESS	Silent	p.E375E	0.24
TCGA-AF-6136	TCGA-AF-6136-01	CRY1	Silent	p.G542G	0.21
TCGA-AH-6643	TCGA-AH-6643-01	RORC	Missense_Mutation	p.R77C	0.36
TCGA-AJ-A23O	TCGA-AJ-A23O-01	CRY2	3'UTR		0.33
TCGA-AJ-A2QM	TCGA-AJ-A2QM-01	RORC	Missense_Mutation	p.E215D	0.15
TCGA-AJ-A2QM	TCGA-AJ-A2QM-01	RORC	Missense_Mutation	p.Q119H	0.14
TCGA-AJ-A2QO	TCGA-AJ-A2QO-01	NR1D2	Missense_Mutation	p.A110V	0.08
TCGA-AJ-A2QO	TCGA-AJ-A2QO-01	PER1	Missense_Mutation	p.R352Q	0.24
TCGA-AJ-A2QO	TCGA-AJ-A2QO-01	TIMELESS	3'UTR		0.27
TCGA-AJ-A3BG	TCGA-AJ-A3BG-01	CLOCK	3'UTR		0.38
TCGA-AJ-A3BG	TCGA-AJ-A3BG-01	CRY2	Missense_Mutation	p.R348H	0.60
TCGA-AJ-A3BG	TCGA-AJ-A3BG-01	PER1	Missense_Mutation	p.V729I	0.36
TCGA-AJ-A3BG	TCGA-AJ-A3BG-01	RORB	Missense_Mutation	p.R306G	0.47
TCGA-AJ-A3BH	TCGA-AJ-A3BH-01	NR1D1	Missense_Mutation	p.R568W	0.35
TCGA-AJ-A3BH	TCGA-AJ-A3BH-01	NR1D2	Missense_Mutation	p.A495T	0.09
TCGA-AJ-A3BH	TCGA-AJ-A3BH-01	TIMELESS	Missense_Mutation	p.R1065C	0.41
TCGA-AJ-A3EK	TCGA-AJ-A3EK-01	CLOCK	3'UTR		0.31
TCGA-AJ-A3EK	TCGA-AJ-A3EK-01	CLOCK	Missense_Mutation	p.M197I	0.27
TCGA-AJ-A3EK	TCGA-AJ-A3EK-01	CLOCK	Silent	p.L800L	0.30
TCGA-AJ-A3EK	TCGA-AJ-A3EK-01	CRY1	Intron		0.22
TCGA-AJ-A3EK	TCGA-AJ-A3EK-01	CRY1	Missense_Mutation	p.A241V	0.30
TCGA-AJ-A3EK	TCGA-AJ-A3EK-01	CRY1	Missense_Mutation	p.S243Y	0.37
TCGA-AJ-A3EK	TCGA-AJ-A3EK-01	NR1D1	5'UTR		0.21
TCGA-AJ-A3EK	TCGA-AJ-A3EK-01	NR1D1	Missense_Mutation	p.R330H	0.32
TCGA-AJ-A3EK	TCGA-AJ-A3EK-01	PER2	Intron		0.42
TCGA-AJ-A3EK	TCGA-AJ-A3EK-01	PER2	Missense_Mutation	p.G1080V	0.34
TCGA-AJ-A3EK	TCGA-AJ-A3EK-01	PER2	Missense_Mutation	p.S910N	0.28
TCGA-AJ-A3EK	TCGA-AJ-A3EK-01	PER3	Missense_Mutation	p.S368Y	0.38
TCGA-AJ-A3EK	TCGA-AJ-A3EK-01	PER3	Silent	p.I540I	0.17
TCGA-AJ-A3EK	TCGA-AJ-A3EK-01	RORA	Silent	p.T320T	0.40
TCGA-AJ-A3EK	TCGA-AJ-A3EK-01	RORC	Nonsense_Mutation	p.R82*	0.34
TCGA-AJ-A3EK	TCGA-AJ-A3EK-01	RORC	Silent	p.S394S	0.38
TCGA-AJ-A3EK	TCGA-AJ-A3EK-01	TIMELESS	3'UTR		0.31
TCGA-AJ-A3EL	TCGA-AJ-A3EL-01	ARNTL	Silent	p.I201I	0.30
TCGA-AJ-A3EL	TCGA-AJ-A3EL-01	CLOCK	3'UTR		0.29
TCGA-AJ-A3EL	TCGA-AJ-A3EL-01	CRY1	Missense_Mutation	p.L491F	0.35
TCGA-AJ-A3EL	TCGA-AJ-A3EL-01	NR1D2	Missense_Mutation	p.S81L	0.35
TCGA-AJ-A3EL	TCGA-AJ-A3EL-01	PER2	Missense_Mutation	p.K113T	0.39
TCGA-AJ-A3EL	TCGA-AJ-A3EL-01	PER3	3'UTR		0.24
TCGA-AJ-A3EL	TCGA-AJ-A3EL-01	PER3	Nonsense_Mutation	p.Y1070*	0.22
TCGA-AJ-A3EL	TCGA-AJ-A3EL-01	PER3	Silent	p.I438I	0.34
TCGA-AJ-A3EL	TCGA-AJ-A3EL-01	RORB	3'UTR		0.56
TCGA-AJ-A3EL	TCGA-AJ-A3EL-01	RORC	Silent	p.F403F	0.45
TCGA-AJ-A3OK	TCGA-AJ-A3OK-01	PER1	Missense_Mutation	p.V455M	0.44
TCGA-AJ-A3OK	TCGA-AJ-A3OK-01	PER2	Missense_Mutation	p.R273H	0.36
TCGA-AJ-A3OL	TCGA-AJ-A3OL-01	ARNTL	Silent	p.V328V	0.38
TCGA-AJ-A5DV	TCGA-AJ-A5DV-01	RORB	3'UTR		0.52
TCGA-AJ-A5DW	TCGA-AJ-A5DW-01	ARNTL	Missense_Mutation	p.R244Q	0.36
TCGA-AJ-A5DW	TCGA-AJ-A5DW-01	PER3	5'UTR		0.46
TCGA-AJ-A5DW	TCGA-AJ-A5DW-01	RORA	Missense_Mutation	p.F254L	0.19
TCGA-AJ-A8CT	TCGA-AJ-A8CT-01	PER1	Frame_Shift_Del	p.P31Hfs*80	0.21
TCGA-AJ-A8CW	TCGA-AJ-A8CW-01	CLOCK	3'UTR		0.24
TCGA-AK-3465	TCGA-AK-3465-01	RORC	Silent	p.L16L	0.05
TCGA-AL-3468	TCGA-AL-3468-01	TIMELESS	Missense_Mutation	p.R434H	0.28
TCGA-AL-3472	TCGA-AL-3472-01	PER2	Splice_Site	p.X275_splice	0.42
TCGA-AN-A0XU	TCGA-AN-A0XU-01	CSNK1E	Missense_Mutation	p.M292L	0.24
TCGA-AO-A128	TCGA-AO-A128-01	NR1D1	Frame_Shift_Del	p.P100Lfs*26	0.14
TCGA-AO-A128	TCGA-AO-A128-01	PER2	Missense_Mutation	p.V368M	0.14
TCGA-AO-A128	TCGA-AO-A128-01	PER3	Intron		0.08
TCGA-AO-A128	TCGA-AO-A128-01	PER3	Missense_Mutation	p.I544V	0.08
TCGA-AO-A1KR	TCGA-AO-A1KR-01	PER1	Missense_Mutation	p.R1178Q	0.18
TCGA-AP-A059	TCGA-AP-A059-01	CRY1	Missense_Mutation	p.R348H	0.20
TCGA-AP-A059	TCGA-AP-A059-01	CRY2	Missense_Mutation	p.R362S	0.30
TCGA-AP-A059	TCGA-AP-A059-01	NPAS2	3'UTR		0.18
TCGA-AP-A059	TCGA-AP-A059-01	NPAS2	Silent	p.S400S	0.23
TCGA-AP-A059	TCGA-AP-A059-01	NR1D1	Missense_Mutation	p.Q380H	0.24
TCGA-AP-A059	TCGA-AP-A059-01	NR1D1	Silent	p.A531A	0.14
TCGA-AP-A059	TCGA-AP-A059-01	NR1D1	Silent	p.H147H	0.22
TCGA-AP-A059	TCGA-AP-A059-01	PER1	Missense_Mutation	p.A1183D	0.28
TCGA-AP-A059	TCGA-AP-A059-01	PER1	Missense_Mutation	p.Q1127H	0.08
TCGA-AP-A059	TCGA-AP-A059-01	PER1	Nonsense_Mutation	p.R148*	0.26
TCGA-AP-A059	TCGA-AP-A059-01	PER2	Missense_Mutation	p.Q391H	0.19
TCGA-AP-A059	TCGA-AP-A059-01	PER2	Missense_Mutation	p.R984H	0.25
TCGA-AP-A059	TCGA-AP-A059-01	PER2	Silent	p.E266E	0.20
TCGA-AP-A059	TCGA-AP-A059-01	PER3	Missense_Mutation	p.T504N	0.25
TCGA-AP-A059	TCGA-AP-A059-01	RORA	Missense_Mutation	p.A464T	0.26
TCGA-AP-A059	TCGA-AP-A059-01	TIMELESS	Silent	p.L198L	0.10
TCGA-AP-A0LE	TCGA-AP-A0LE-01	TIMELESS	Silent	p.L650L	0.40
TCGA-AP-A0LF	TCGA-AP-A0LF-01	CLOCK	Nonsense_Mutation	p.S446*	0.06
TCGA-AP-A0LM	TCGA-AP-A0LM-01	ARNTL	Silent	p.G59G	0.09
TCGA-AP-A0LM	TCGA-AP-A0LM-01	CLOCK	Missense_Mutation	p.G673R	0.18
TCGA-AP-A0LM	TCGA-AP-A0LM-01	CLOCK	Missense_Mutation	p.L287M	0.13
TCGA-AP-A0LM	TCGA-AP-A0LM-01	CLOCK	Missense_Mutation	p.T240A	0.19
TCGA-AP-A0LM	TCGA-AP-A0LM-01	CRY1	Missense_Mutation	p.A241V	0.13
TCGA-AP-A0LM	TCGA-AP-A0LM-01	CRY1	Missense_Mutation	p.L499I	0.09
TCGA-AP-A0LM	TCGA-AP-A0LM-01	CRY1	Missense_Mutation	p.S243A	0.15
TCGA-AP-A0LM	TCGA-AP-A0LM-01	CRY2	Missense_Mutation	p.E167D	0.15
TCGA-AP-A0LM	TCGA-AP-A0LM-01	CRY2	Silent	p.Y230Y	0.32
TCGA-AP-A0LM	TCGA-AP-A0LM-01	CSNK1E	Missense_Mutation	p.K231N	0.27
TCGA-AP-A0LM	TCGA-AP-A0LM-01	PER1	Missense_Mutation	p.E88D	0.06
TCGA-AP-A0LM	TCGA-AP-A0LM-01	PER1	Missense_Mutation	p.L1197I	0.12
TCGA-AP-A0LM	TCGA-AP-A0LM-01	PER1	Missense_Mutation	p.R832Q	0.22
TCGA-AP-A0LM	TCGA-AP-A0LM-01	PER2	Missense_Mutation	p.R299W	0.18
TCGA-AP-A0LM	TCGA-AP-A0LM-01	PER3	Missense_Mutation	p.A181V	0.29
TCGA-AP-A0LM	TCGA-AP-A0LM-01	PER3	Missense_Mutation	p.T519S	0.26
TCGA-AP-A0LM	TCGA-AP-A0LM-01	RORA	Intron		0.26
TCGA-AP-A0LM	TCGA-AP-A0LM-01	RORB	5'UTR		0.17
TCGA-AP-A0LM	TCGA-AP-A0LM-01	RORB	Silent	p.D337D	0.19
TCGA-AP-A0LM	TCGA-AP-A0LM-01	TIMELESS	Missense_Mutation	p.G633A	0.14
TCGA-AP-A0LM	TCGA-AP-A0LM-01	TIMELESS	Missense_Mutation	p.R860C	0.14
TCGA-AP-A0LM	TCGA-AP-A0LM-01	TIMELESS	Missense_Mutation	p.T821A	0.24
TCGA-AP-A0LM	TCGA-AP-A0LM-01	TIMELESS	Silent	p.K1197K	0.25
TCGA-AP-A0LP	TCGA-AP-A0LP-01	RORA	Frame_Shift_Del	p.A5Pfs*7	0.35
TCGA-AP-A1DK	TCGA-AP-A1DK-01	ARNTL	Missense_Mutation	p.A202T	0.32
TCGA-AP-A1DK	TCGA-AP-A1DK-01	ARNTL	Missense_Mutation	p.G542R	0.13
TCGA-AP-A1DK	TCGA-AP-A1DK-01	CRY2	Missense_Mutation	p.A434T	0.35
TCGA-AP-A1DK	TCGA-AP-A1DK-01	CRY2	Silent	p.C442C	0.29
TCGA-AP-A1DK	TCGA-AP-A1DK-01	CSNK1D	Missense_Mutation	p.H164Y	0.31
TCGA-AP-A1DK	TCGA-AP-A1DK-01	CSNK1E	Intron		0.19
TCGA-AP-A1DK	TCGA-AP-A1DK-01	CSNK1E	Missense_Mutation	p.R160H	0.34
TCGA-AP-A1DK	TCGA-AP-A1DK-01	NPAS2	3'UTR		0.27
TCGA-AP-A1DK	TCGA-AP-A1DK-01	PER1	Missense_Mutation	p.R636G	0.29
TCGA-AP-A1DK	TCGA-AP-A1DK-01	PER2	3'UTR		0.27
TCGA-AP-A1DK	TCGA-AP-A1DK-01	PER2	Missense_Mutation	p.A732V	0.28
TCGA-AP-A1DK	TCGA-AP-A1DK-01	PER3	Missense_Mutation	p.P268S	0.26
TCGA-AP-A1DK	TCGA-AP-A1DK-01	PER3	Missense_Mutation	p.P867T	0.25
TCGA-AP-A1DK	TCGA-AP-A1DK-01	PER3	Silent	p.S793S	0.43
TCGA-AP-A1DK	TCGA-AP-A1DK-01	RORC	Missense_Mutation	p.G181D	0.34
TCGA-AP-A1DO	TCGA-AP-A1DO-01	RORA	Missense_Mutation	p.K390T	0.36
TCGA-AP-A1DP	TCGA-AP-A1DP-01	CLOCK	Missense_Mutation	p.R543W	0.44
TCGA-AP-A1DP	TCGA-AP-A1DP-01	NPAS2	3'UTR		0.27
TCGA-AP-A1DR	TCGA-AP-A1DR-01	CRY1	3'UTR		0.40
TCGA-AP-A1DV	TCGA-AP-A1DV-01	CLOCK	3'UTR		0.26
TCGA-AP-A1DV	TCGA-AP-A1DV-01	NPAS2	3'UTR		0.42
TCGA-AP-A1DV	TCGA-AP-A1DV-01	NPAS2	Missense_Mutation	p.A490T	0.52
TCGA-AP-A1DV	TCGA-AP-A1DV-01	NPAS2	Missense_Mutation	p.K260T	0.46
TCGA-AP-A1DV	TCGA-AP-A1DV-01	NPAS2	Missense_Mutation	p.P464S	0.29
TCGA-AP-A1DV	TCGA-AP-A1DV-01	PER1	Silent	p.G190G	0.36
TCGA-AP-A1DV	TCGA-AP-A1DV-01	PER2	Missense_Mutation	p.S813Y	0.35
TCGA-AP-A1DV	TCGA-AP-A1DV-01	PER3	3'UTR		0.31
TCGA-AP-A1DV	TCGA-AP-A1DV-01	PER3	Silent	p.I540I	0.36
TCGA-AP-A1DV	TCGA-AP-A1DV-01	PER3	Silent	p.S306S	0.43
TCGA-AP-A1DV	TCGA-AP-A1DV-01	RORB	Silent	p.Y272Y	0.29
TCGA-AP-A1DV	TCGA-AP-A1DV-01	TIMELESS	Missense_Mutation	p.E477D	0.40
TCGA-AP-A1DV	TCGA-AP-A1DV-01	TIMELESS	Missense_Mutation	p.R257H	0.22
TCGA-AP-A1E0	TCGA-AP-A1E0-01	ARNTL	Missense_Mutation	p.M122I	0.50
TCGA-AP-A1E0	TCGA-AP-A1E0-01	ARNTL	Missense_Mutation	p.R416Q	0.40
TCGA-AP-A1E0	TCGA-AP-A1E0-01	PER1	Missense_Mutation	p.D46N	0.36
TCGA-AP-A1E0	TCGA-AP-A1E0-01	PER2	Silent	p.S103S	0.38
TCGA-AP-A1E0	TCGA-AP-A1E0-01	RORA	5'UTR		0.50
TCGA-AP-A1E0	TCGA-AP-A1E0-01	RORB	3'UTR		0.24
TCGA-AP-A1E0	TCGA-AP-A1E0-01	RORB	3'UTR		0.34
TCGA-AP-A1E0	TCGA-AP-A1E0-01	RORB	Missense_Mutation	p.F283L	0.38
TCGA-AP-A1E0	TCGA-AP-A1E0-01	RORC	Missense_Mutation	p.S461I	0.20
TCGA-AP-A1E0	TCGA-AP-A1E0-01	TIMELESS	Missense_Mutation	p.E220D	0.50
TCGA-AQ-A1H2	TCGA-AQ-A1H2-01	PER2	3'UTR		0.40
TCGA-AR-A0TT	TCGA-AR-A0TT-01	PER1	Missense_Mutation	p.I493T	0.16
TCGA-AR-A0TT	TCGA-AR-A0TT-01	RORC	Missense_Mutation	p.E14K	0.12
TCGA-AR-A256	TCGA-AR-A256-01	CLOCK	Missense_Mutation	p.D17Y	0.76
TCGA-AU-6004	TCGA-AU-6004-01	TIMELESS	Missense_Mutation	p.A183T	0.19
TCGA-AX-A0J0	TCGA-AX-A0J0-01	CLOCK	Silent	p.F22F	0.42
TCGA-AX-A0J0	TCGA-AX-A0J0-01	CRY1	Nonsense_Mutation	p.E123*	0.37
TCGA-AX-A0J0	TCGA-AX-A0J0-01	NPAS2	5'UTR		0.45
TCGA-AX-A0J0	TCGA-AX-A0J0-01	NR1D2	Missense_Mutation	p.E121K	0.44
TCGA-AX-A0J0	TCGA-AX-A0J0-01	NR1D2	Silent	p.L60L	0.49
TCGA-AX-A0J0	TCGA-AX-A0J0-01	PER3	Intron		0.44
TCGA-AX-A0J0	TCGA-AX-A0J0-01	PER3	Missense_Mutation	p.A181V	0.45
TCGA-AX-A0J0	TCGA-AX-A0J0-01	PER3	Missense_Mutation	p.L411I	0.50
TCGA-AX-A0J0	TCGA-AX-A0J0-01	RORB	Missense_Mutation	p.I388M	0.19
TCGA-AX-A0J0	TCGA-AX-A0J0-01	RORB	Missense_Mutation	p.R59G	0.45
TCGA-AX-A0J0	TCGA-AX-A0J0-01	RORB	Silent	p.H268H	0.51
TCGA-AX-A1C4	TCGA-AX-A1C4-01	CLOCK	Missense_Mutation	p.A659T	0.35
TCGA-AX-A1C4	TCGA-AX-A1C4-01	CRY1	Silent	p.S261S	0.38
TCGA-AX-A1C4	TCGA-AX-A1C4-01	CSNK1D	Frame_Shift_Del	p.T104Pfs*9	0.20
TCGA-AX-A1C4	TCGA-AX-A1C4-01	CSNK1E	Intron		0.50
TCGA-AX-A1C4	TCGA-AX-A1C4-01	NPAS2	3'UTR		0.40
TCGA-AX-A1C5	TCGA-AX-A1C5-01	NR1D1	Missense_Mutation	p.A202T	0.17
TCGA-AX-A1C5	TCGA-AX-A1C5-01	PER1	Missense_Mutation	p.R426C	0.31
TCGA-AX-A1C5	TCGA-AX-A1C5-01	PER2	Missense_Mutation	p.T409M	0.42
TCGA-AX-A1C5	TCGA-AX-A1C5-01	RORC	Silent	p.D155D	0.26
TCGA-AX-A1CE	TCGA-AX-A1CE-01	ARNTL	Silent	p.S512S	0.47
TCGA-AX-A1CE	TCGA-AX-A1CE-01	CLOCK	3'UTR		0.33
TCGA-AX-A1CE	TCGA-AX-A1CE-01	CLOCK	5'UTR		0.34
TCGA-AX-A1CE	TCGA-AX-A1CE-01	CLOCK	Missense_Mutation	p.P782S	0.41
TCGA-AX-A1CE	TCGA-AX-A1CE-01	CRY1	Silent	p.L400L	0.32
TCGA-AX-A1CE	TCGA-AX-A1CE-01	CRY1	Silent	p.R358R	0.41
TCGA-AX-A1CE	TCGA-AX-A1CE-01	CSNK1D	Missense_Mutation	p.R115H	0.37
TCGA-AX-A1CE	TCGA-AX-A1CE-01	NPAS2	Silent	p.S164S	0.56
TCGA-AX-A1CE	TCGA-AX-A1CE-01	PER1	Missense_Mutation	p.R568W	0.65
TCGA-AX-A1CE	TCGA-AX-A1CE-01	PER1	Silent	p.R253R	0.43
TCGA-AX-A1CE	TCGA-AX-A1CE-01	PER2	Frame_Shift_Ins	p.I385Dfs*57	0.30
TCGA-AX-A1CE	TCGA-AX-A1CE-01	PER2	Missense_Mutation	p.A632T	0.41
TCGA-AX-A1CE	TCGA-AX-A1CE-01	PER2	Missense_Mutation	p.P233L	0.19
TCGA-AX-A1CE	TCGA-AX-A1CE-01	PER2	Silent	p.D442D	0.36
TCGA-AX-A1CE	TCGA-AX-A1CE-01	PER3	Missense_Mutation	p.S306L	0.46
TCGA-AX-A1CE	TCGA-AX-A1CE-01	PER3	Silent	p.R373R	0.47
TCGA-AX-A1CE	TCGA-AX-A1CE-01	RORC	Silent	p.G380G	0.33
TCGA-AX-A1CE	TCGA-AX-A1CE-01	TIMELESS	Missense_Mutation	p.M578T	0.44
TCGA-AX-A2HA	TCGA-AX-A2HA-01	PER2	Missense_Mutation	p.K297N	0.35
TCGA-AX-A2HA	TCGA-AX-A2HA-01	RORC	Missense_Mutation	p.R125Q	0.19
TCGA-AX-A2HC	TCGA-AX-A2HC-01	ARNTL	Missense_Mutation	p.R275Q	0.30
TCGA-AX-A2HC	TCGA-AX-A2HC-01	ARNTL	Missense_Mutation	p.T113N	0.43
TCGA-AX-A2HC	TCGA-AX-A2HC-01	CLOCK	3'UTR		0.37
TCGA-AX-A2HC	TCGA-AX-A2HC-01	CLOCK	Missense_Mutation	p.S278Y	0.57
TCGA-AX-A2HC	TCGA-AX-A2HC-01	CLOCK	Missense_Mutation	p.S578Y	0.42
TCGA-AX-A2HC	TCGA-AX-A2HC-01	CLOCK	Silent	p.S578S	0.42
TCGA-AX-A2HC	TCGA-AX-A2HC-01	CRY1	Silent	p.S281S	0.66
TCGA-AX-A2HC	TCGA-AX-A2HC-01	CRY2	Silent	p.Y230Y	0.44
TCGA-AX-A2HC	TCGA-AX-A2HC-01	CSNK1D	Missense_Mutation	p.E90D	0.44
TCGA-AX-A2HC	TCGA-AX-A2HC-01	CSNK1D	Missense_Mutation	p.R274Q	0.45
TCGA-AX-A2HC	TCGA-AX-A2HC-01	CSNK1E	Missense_Mutation	p.R227W	0.55
TCGA-AX-A2HC	TCGA-AX-A2HC-01	CSNK1E	Silent	p.L89L	0.29
TCGA-AX-A2HC	TCGA-AX-A2HC-01	NPAS2	3'UTR		0.39
TCGA-AX-A2HC	TCGA-AX-A2HC-01	NPAS2	3'UTR		0.54
TCGA-AX-A2HC	TCGA-AX-A2HC-01	NPAS2	Missense_Mutation	p.F55Y	0.40
TCGA-AX-A2HC	TCGA-AX-A2HC-01	NPAS2	Missense_Mutation	p.S147F	0.15
TCGA-AX-A2HC	TCGA-AX-A2HC-01	NR1D2	Missense_Mutation	p.R537M	0.47
TCGA-AX-A2HC	TCGA-AX-A2HC-01	PER2	Missense_Mutation	p.A874T	0.50
TCGA-AX-A2HC	TCGA-AX-A2HC-01	PER3	3'UTR		0.50
TCGA-AX-A2HC	TCGA-AX-A2HC-01	PER3	Missense_Mutation	p.A1007V	0.14
TCGA-AX-A2HC	TCGA-AX-A2HC-01	PER3	Missense_Mutation	p.L115I	0.46
TCGA-AX-A2HC	TCGA-AX-A2HC-01	PER3	Missense_Mutation	p.L707I	0.49
TCGA-AX-A2HC	TCGA-AX-A2HC-01	RORB	Missense_Mutation	p.T26A	0.21
TCGA-AX-A2HC	TCGA-AX-A2HC-01	RORC	Missense_Mutation	p.R302W	0.33
TCGA-AX-A2HC	TCGA-AX-A2HC-01	RORC	Missense_Mutation	p.R56H	0.47
TCGA-AX-A2HC	TCGA-AX-A2HC-01	TIMELESS	Missense_Mutation	p.R1065H	0.53
TCGA-AX-A2HC	TCGA-AX-A2HC-01	TIMELESS	Missense_Mutation	p.R333H	0.47
TCGA-AX-A2HC	TCGA-AX-A2HC-01	TIMELESS	Missense_Mutation	p.R487Q	0.47
TCGA-AX-A2HC	TCGA-AX-A2HC-01	TIMELESS	Missense_Mutation	p.R831W	0.61
TCGA-AX-A2HC	TCGA-AX-A2HC-01	TIMELESS	Silent	p.N1057N	0.48
TCGA-AX-A2HD	TCGA-AX-A2HD-01	ARNTL	Silent	p.S512S	0.49
TCGA-AX-A2HD	TCGA-AX-A2HD-01	CLOCK	Frame_Shift_Del	p.L123*	0.47
TCGA-AX-A2HD	TCGA-AX-A2HD-01	CLOCK	Missense_Mutation	p.A34V	0.30
TCGA-AX-A2HD	TCGA-AX-A2HD-01	CLOCK	Silent	p.D79D	0.38
TCGA-AX-A2HD	TCGA-AX-A2HD-01	CRY2	Missense_Mutation	p.A434T	0.48
TCGA-AX-A2HD	TCGA-AX-A2HD-01	CRY2	Missense_Mutation	p.R149W	0.46
TCGA-AX-A2HD	TCGA-AX-A2HD-01	CSNK1D	Missense_Mutation	p.D149N	0.43
TCGA-AX-A2HD	TCGA-AX-A2HD-01	CSNK1D	Missense_Mutation	p.E83K	0.42
TCGA-AX-A2HD	TCGA-AX-A2HD-01	CSNK1D	Silent	p.Y179Y	0.45
TCGA-AX-A2HD	TCGA-AX-A2HD-01	CSNK1E	Missense_Mutation	p.R127W	0.06
TCGA-AX-A2HD	TCGA-AX-A2HD-01	NPAS2	3'UTR		0.38
TCGA-AX-A2HD	TCGA-AX-A2HD-01	NR1D2	Missense_Mutation	p.R160H	0.41
TCGA-AX-A2HD	TCGA-AX-A2HD-01	PER1	Missense_Mutation	p.R836Q	0.53
TCGA-AX-A2HD	TCGA-AX-A2HD-01	PER1	Missense_Mutation	p.S449N	0.46
TCGA-AX-A2HD	TCGA-AX-A2HD-01	PER2	Missense_Mutation	p.G783R	0.43
TCGA-AX-A2HD	TCGA-AX-A2HD-01	PER3	3'UTR		0.33
TCGA-AX-A2HD	TCGA-AX-A2HD-01	PER3	5'UTR		0.53
TCGA-AX-A2HD	TCGA-AX-A2HD-01	PER3	Silent	p.S628S	0.29
TCGA-AX-A2HD	TCGA-AX-A2HD-01	PER3	Silent	p.Y814Y	0.49
TCGA-AX-A2HD	TCGA-AX-A2HD-01	RORB	Silent	p.D185D	0.23
TCGA-AX-A2HD	TCGA-AX-A2HD-01	RORB	Silent	p.I183I	0.22
TCGA-AX-A2HD	TCGA-AX-A2HD-01	RORC	Intron		0.28
TCGA-AX-A2HD	TCGA-AX-A2HD-01	TIMELESS	Missense_Mutation	p.R333C	0.52
TCGA-AX-A2HG	TCGA-AX-A2HG-01	RORB	3'UTR		0.18
TCGA-AX-A2HJ	TCGA-AX-A2HJ-01	CRY2	Missense_Mutation	p.R149W	0.32
TCGA-AX-A2HJ	TCGA-AX-A2HJ-01	CSNK1D	Frame_Shift_Del	p.R358Gfs*12	0.40
TCGA-AX-A2HJ	TCGA-AX-A2HJ-01	CSNK1E	3'UTR		0.34
TCGA-AX-A2HJ	TCGA-AX-A2HJ-01	NPAS2	3'UTR		0.48
TCGA-AX-A2HJ	TCGA-AX-A2HJ-01	RORB	3'UTR		0.21
TCGA-AX-A2IN	TCGA-AX-A2IN-01	PER2	Missense_Mutation	p.R1038H	0.37
TCGA-AX-A2IN	TCGA-AX-A2IN-01	PER3	Missense_Mutation	p.Q242K	0.43
TCGA-AX-A3FS	TCGA-AX-A3FS-01	PER2	3'UTR		0.47
TCGA-AX-A3FS	TCGA-AX-A3FS-01	PER2	Silent	p.Q888Q	0.36
TCGA-AX-A3FS	TCGA-AX-A3FS-01	PER2	Silent	p.Y672Y	0.11
TCGA-AX-A3FT	TCGA-AX-A3FT-01	CSNK1E	3'UTR		0.39
TCGA-AX-A3FT	TCGA-AX-A3FT-01	CSNK1E	Silent	p.A109A	0.38
TCGA-AX-A3FT	TCGA-AX-A3FT-01	CSNK1E	Silent	p.N78N	0.29
TCGA-AX-A3FT	TCGA-AX-A3FT-01	NR1D1	5'UTR		0.30
TCGA-AX-A3FT	TCGA-AX-A3FT-01	PER1	Frame_Shift_Del	p.L380Cfs*73	0.24
TCGA-AX-A3FT	TCGA-AX-A3FT-01	PER1	Missense_Mutation	p.G76C	0.10
TCGA-AX-A3FT	TCGA-AX-A3FT-01	PER1	Nonsense_Mutation	p.R820*	0.46
TCGA-AX-A3FT	TCGA-AX-A3FT-01	PER3	Missense_Mutation	p.R3H	0.45
TCGA-AX-A3FT	TCGA-AX-A3FT-01	RORA	Nonsense_Mutation	p.R162*	0.12
TCGA-AX-A3FT	TCGA-AX-A3FT-01	RORA	Nonsense_Mutation	p.R27*	0.29
TCGA-AX-A3FT	TCGA-AX-A3FT-01	TIMELESS	Missense_Mutation	p.R1168Q	0.24
TCGA-AX-A3FV	TCGA-AX-A3FV-01	NPAS2	3'UTR		0.35
TCGA-AX-A3FX	TCGA-AX-A3FX-01	TIMELESS	Missense_Mutation	p.N1051S	0.24
TCGA-AX-A3G9	TCGA-AX-A3G9-01	CSNK1E	3'UTR		0.31
TCGA-AY-6197	TCGA-AY-6197-01	CSNK1E	Missense_Mutation	p.R160S	0.42
TCGA-AY-6197	TCGA-AY-6197-01	PER1	Missense_Mutation	p.L275M	0.38
TCGA-AZ-4315	TCGA-AZ-4315-01	ARNTL	Missense_Mutation	p.E302K	0.52
TCGA-AZ-4315	TCGA-AZ-4315-01	CLOCK	5'UTR		0.37
TCGA-AZ-4315	TCGA-AZ-4315-01	CRY1	Silent	p.S529S	0.27
TCGA-AZ-4315	TCGA-AZ-4315-01	CRY2	Missense_Mutation	p.D227N	0.30
TCGA-AZ-4315	TCGA-AZ-4315-01	CSNK1D	Missense_Mutation	p.E238K	0.30
TCGA-AZ-4315	TCGA-AZ-4315-01	NR1D2	Missense_Mutation	p.R228Q	0.35
TCGA-AZ-4315	TCGA-AZ-4315-01	PER1	Missense_Mutation	p.G1079S	0.36
TCGA-AZ-4315	TCGA-AZ-4315-01	PER1	Silent	p.L1228L	0.24
TCGA-AZ-4315	TCGA-AZ-4315-01	PER3	Nonsense_Mutation	p.R48*	0.34
TCGA-AZ-4315	TCGA-AZ-4315-01	RORB	Missense_Mutation	p.R279W	0.24
TCGA-AZ-4315	TCGA-AZ-4315-01	TIMELESS	Missense_Mutation	p.A873T	0.30
TCGA-AZ-4614	TCGA-AZ-4614-01	CLOCK	5'UTR		0.35
TCGA-AZ-6601	TCGA-AZ-6601-01	CSNK1E	Missense_Mutation	p.G86W	0.20
TCGA-AZ-6601	TCGA-AZ-6601-01	NPAS2	Silent	p.P642P	0.22
TCGA-AZ-6601	TCGA-AZ-6601-01	RORA	Intron		0.11
TCGA-AZ-6601	TCGA-AZ-6601-01	RORC	Silent	p.I492I	0.22
TCGA-AZ-6605	TCGA-AZ-6605-01	PER1	3'UTR		0.11
TCGA-B0-4698	TCGA-B0-4698-01	PER3	Silent	p.A181A	0.18
TCGA-B0-5097	TCGA-B0-5097-01	CLOCK	Splice_Site	p.X513_splice	0.17
TCGA-B0-5097	TCGA-B0-5097-01	CLOCK	Splice_Site	p.X513_splice	0.18
TCGA-B0-5098	TCGA-B0-5098-01	RORC	Missense_Mutation	p.R367W	0.35
TCGA-B0-5098	TCGA-B0-5098-01	RORC	Silent	p.Y43Y	0.27
TCGA-B0-5121	TCGA-B0-5121-01	RORA	Missense_Mutation	p.Q311R	0.03
TCGA-B0-5402	TCGA-B0-5402-01	TIMELESS	Missense_Mutation	p.L766V	0.26
TCGA-B0-5691	TCGA-B0-5691-01	PER1	Missense_Mutation	p.G304V	0.16
TCGA-B1-5398	TCGA-B1-5398-01	PER2	Silent	p.S102S	0.17
TCGA-B3-4103	TCGA-B3-4103-01	CLOCK	Silent	p.S823S	0.32
TCGA-B5-A0JN	TCGA-B5-A0JN-01	PER2	Missense_Mutation	p.T649R	0.07
TCGA-B5-A0JU	TCGA-B5-A0JU-01	PER2	3'UTR		0.31
TCGA-B5-A0JU	TCGA-B5-A0JU-01	PER2	Frame_Shift_Del	p.L342Sfs*19	0.49
TCGA-B5-A0JY	TCGA-B5-A0JY-01	ARNTL	Missense_Mutation	p.D221Y	0.29
TCGA-B5-A0JY	TCGA-B5-A0JY-01	CRY1	Missense_Mutation	p.R348C	0.36
TCGA-B5-A0JY	TCGA-B5-A0JY-01	CRY1	Silent	p.I481I	0.31
TCGA-B5-A0JY	TCGA-B5-A0JY-01	CSNK1D	3'UTR		0.26
TCGA-B5-A0JY	TCGA-B5-A0JY-01	CSNK1D	Intron		0.35
TCGA-B5-A0JY	TCGA-B5-A0JY-01	CSNK1D	Missense_Mutation	p.E247K	0.38
TCGA-B5-A0JY	TCGA-B5-A0JY-01	PER1	Missense_Mutation	p.K79N	0.29
TCGA-B5-A0JY	TCGA-B5-A0JY-01	PER3	Missense_Mutation	p.S1037F	0.29
TCGA-B5-A0JY	TCGA-B5-A0JY-01	PER3	Silent	p.L657L	0.35
TCGA-B5-A0JY	TCGA-B5-A0JY-01	RORA	Intron		0.21
TCGA-B5-A0JY	TCGA-B5-A0JY-01	RORB	Missense_Mutation	p.L293I	0.28
TCGA-B5-A0K9	TCGA-B5-A0K9-01	RORC	Missense_Mutation	p.G44R	0.15
TCGA-B5-A0K9	TCGA-B5-A0K9-01	RORC	Missense_Mutation	p.R374C	0.19
TCGA-B5-A11E	TCGA-B5-A11E-01	CRY1	Missense_Mutation	p.L272I	0.42
TCGA-B5-A11E	TCGA-B5-A11E-01	CRY1	Nonsense_Mutation	p.Y516*	0.11
TCGA-B5-A11E	TCGA-B5-A11E-01	CRY2	Silent	p.G231G	0.31
TCGA-B5-A11E	TCGA-B5-A11E-01	CSNK1D	Missense_Mutation	p.R259C	0.29
TCGA-B5-A11E	TCGA-B5-A11E-01	NPAS2	3'UTR		0.44
TCGA-B5-A11E	TCGA-B5-A11E-01	NPAS2	Missense_Mutation	p.S778L	0.46
TCGA-B5-A11E	TCGA-B5-A11E-01	NR1D1	Silent	p.D78D	0.57
TCGA-B5-A11E	TCGA-B5-A11E-01	PER2	3'UTR		0.54
TCGA-B5-A11E	TCGA-B5-A11E-01	PER2	Missense_Mutation	p.N419S	0.37
TCGA-B5-A11E	TCGA-B5-A11E-01	PER3	Missense_Mutation	p.P249H	0.40
TCGA-B5-A11E	TCGA-B5-A11E-01	PER3	Silent	p.V1099V	0.62
TCGA-B5-A11E	TCGA-B5-A11E-01	TIMELESS	Missense_Mutation	p.R1065C	0.44
TCGA-B5-A11G	TCGA-B5-A11G-01	PER2	3'UTR		0.41
TCGA-B5-A11J	TCGA-B5-A11J-01	NR1D1	Silent	p.A542A	0.30
TCGA-B5-A11J	TCGA-B5-A11J-01	RORB	3'UTR		0.16
TCGA-B5-A11N	TCGA-B5-A11N-01	PER3	Nonsense_Mutation	p.R377*	0.24
TCGA-B5-A11R	TCGA-B5-A11R-01	CRY1	Missense_Mutation	p.E216K	0.25
TCGA-B5-A11R	TCGA-B5-A11R-01	NPAS2	Missense_Mutation	p.S409L	0.52
TCGA-B5-A11R	TCGA-B5-A11R-01	RORC	Missense_Mutation	p.D372N	0.45
TCGA-B5-A11U	TCGA-B5-A11U-01	TIMELESS	Missense_Mutation	p.R52W	0.04
TCGA-B5-A1MR	TCGA-B5-A1MR-01	ARNTL	Missense_Mutation	p.K404T	0.20
TCGA-B5-A1MR	TCGA-B5-A1MR-01	CLOCK	Missense_Mutation	p.K35T	0.16
TCGA-B5-A1MR	TCGA-B5-A1MR-01	CLOCK	Missense_Mutation	p.V166I	0.11
TCGA-B5-A1MR	TCGA-B5-A1MR-01	CRY1	3'UTR		0.16
TCGA-B5-A1MR	TCGA-B5-A1MR-01	CRY1	3'UTR		0.17
TCGA-B5-A1MR	TCGA-B5-A1MR-01	CSNK1D	Missense_Mutation	p.E117K	0.14
TCGA-B5-A1MR	TCGA-B5-A1MR-01	NPAS2	Missense_Mutation	p.A92T	0.20
TCGA-B5-A1MR	TCGA-B5-A1MR-01	PER2	Missense_Mutation	p.F343L	0.14
TCGA-B5-A1MR	TCGA-B5-A1MR-01	PER3	3'UTR		0.14
TCGA-B5-A1MR	TCGA-B5-A1MR-01	PER3	Nonsense_Mutation	p.R377*	0.18
TCGA-B5-A1MR	TCGA-B5-A1MR-01	RORA	Missense_Mutation	p.L486I	0.16
TCGA-B5-A1MR	TCGA-B5-A1MR-01	RORB	5'UTR		0.13
TCGA-B5-A1MW	TCGA-B5-A1MW-01	NPAS2	Missense_Mutation	p.Q236R	0.37
TCGA-B5-A1MW	TCGA-B5-A1MW-01	PER3	3'UTR		0.51
TCGA-B5-A1MX	TCGA-B5-A1MX-01	CLOCK	3'UTR		0.30
TCGA-B5-A1MX	TCGA-B5-A1MX-01	CLOCK	Missense_Mutation	p.A65T	0.24
TCGA-B5-A1MX	TCGA-B5-A1MX-01	CRY2	3'UTR		0.50
TCGA-B5-A1MX	TCGA-B5-A1MX-01	CRY2	Missense_Mutation	p.R177M	0.31
TCGA-B5-A1MX	TCGA-B5-A1MX-01	CRY2	Missense_Mutation	p.V511I	0.40
TCGA-B5-A1MX	TCGA-B5-A1MX-01	CSNK1D	3'UTR		0.37
TCGA-B5-A1MX	TCGA-B5-A1MX-01	NR1D2	Missense_Mutation	p.S43Y	0.26
TCGA-B5-A1MX	TCGA-B5-A1MX-01	NR1D2	Silent	p.P84P	0.45
TCGA-B5-A1MX	TCGA-B5-A1MX-01	PER1	Frame_Shift_Del	p.G24Afs*87	0.17
TCGA-B5-A1MX	TCGA-B5-A1MX-01	PER1	Missense_Mutation	p.L227P	0.42
TCGA-B5-A1MX	TCGA-B5-A1MX-01	PER2	3'UTR		0.50
TCGA-B5-A1MX	TCGA-B5-A1MX-01	RORC	Missense_Mutation	p.M365V	0.39
TCGA-B5-A3FA	TCGA-B5-A3FA-01	ARNTL	Intron		0.48
TCGA-B5-A3FA	TCGA-B5-A3FA-01	ARNTL	Missense_Mutation	p.S604I	0.43
TCGA-B5-A3FA	TCGA-B5-A3FA-01	CLOCK	3'UTR		0.25
TCGA-B5-A3FA	TCGA-B5-A3FA-01	CLOCK	3'UTR		0.44
TCGA-B5-A3FA	TCGA-B5-A3FA-01	CLOCK	Missense_Mutation	p.A776V	0.24
TCGA-B5-A3FA	TCGA-B5-A3FA-01	CRY1	3'UTR		0.40
TCGA-B5-A3FA	TCGA-B5-A3FA-01	CRY2	Silent	p.S283S	0.11
TCGA-B5-A3FA	TCGA-B5-A3FA-01	NPAS2	3'UTR		0.42
TCGA-B5-A3FA	TCGA-B5-A3FA-01	NPAS2	Intron		0.37
TCGA-B5-A3FA	TCGA-B5-A3FA-01	NR1D1	3'UTR		0.25
TCGA-B5-A3FA	TCGA-B5-A3FA-01	PER3	Missense_Mutation	p.L1008M	0.51
TCGA-B5-A3FA	TCGA-B5-A3FA-01	PER3	Silent	p.N394N	0.19
TCGA-B5-A3FA	TCGA-B5-A3FA-01	RORB	3'UTR		0.29
TCGA-B5-A3FA	TCGA-B5-A3FA-01	RORB	Missense_Mutation	p.F283S	0.41
TCGA-B5-A3FC	TCGA-B5-A3FC-01	ARNTL	Missense_Mutation	p.A344T	0.29
TCGA-B5-A3FC	TCGA-B5-A3FC-01	CRY2	3'UTR		0.37
TCGA-B5-A3FC	TCGA-B5-A3FC-01	CRY2	3'UTR		0.38
TCGA-B5-A3FC	TCGA-B5-A3FC-01	CRY2	Missense_Mutation	p.A478V	0.45
TCGA-B5-A3FC	TCGA-B5-A3FC-01	CRY2	Missense_Mutation	p.R112H	0.44
TCGA-B5-A3FC	TCGA-B5-A3FC-01	CSNK1D	3'UTR		0.34
TCGA-B5-A3FC	TCGA-B5-A3FC-01	CSNK1D	Silent	p.N78N	0.28
TCGA-B5-A3FC	TCGA-B5-A3FC-01	CSNK1E	Missense_Mutation	p.A180T	0.37
TCGA-B5-A3FC	TCGA-B5-A3FC-01	CSNK1E	Missense_Mutation	p.R401W	0.21
TCGA-B5-A3FC	TCGA-B5-A3FC-01	NPAS2	3'UTR		0.34
TCGA-B5-A3FC	TCGA-B5-A3FC-01	NPAS2	Silent	p.V356V	0.29
TCGA-B5-A3FC	TCGA-B5-A3FC-01	NR1D1	Missense_Mutation	p.A542T	0.32
TCGA-B5-A3FC	TCGA-B5-A3FC-01	PER1	5'UTR		0.23
TCGA-B5-A3FC	TCGA-B5-A3FC-01	PER1	Missense_Mutation	p.R831H	0.48
TCGA-B5-A3FC	TCGA-B5-A3FC-01	PER1	Silent	p.D665D	0.33
TCGA-B5-A3FC	TCGA-B5-A3FC-01	PER3	3'UTR		0.39
TCGA-B5-A3FC	TCGA-B5-A3FC-01	PER3	5'UTR		0.35
TCGA-B5-A3FC	TCGA-B5-A3FC-01	PER3	Silent	p.Y814Y	0.33
TCGA-B5-A3FC	TCGA-B5-A3FC-01	RORB	Intron		0.18
TCGA-B5-A3FC	TCGA-B5-A3FC-01	RORB	Missense_Mutation	p.R108W	0.41
TCGA-B5-A3FC	TCGA-B5-A3FC-01	RORB	Missense_Mutation	p.R279W	0.32
TCGA-B5-A5OC	TCGA-B5-A5OC-01	PER2	Silent	p.G202G	0.11
TCGA-B5-A5OD	TCGA-B5-A5OD-01	CSNK1D	3'UTR		0.27
TCGA-B6-A0RU	TCGA-B6-A0RU-01	CSNK1E	Missense_Mutation	p.R274H	0.50
TCGA-B7-5816	TCGA-B7-5816-01	CLOCK	Missense_Mutation	p.Q780H	0.12
TCGA-B7-5816	TCGA-B7-5816-01	CSNK1E	Missense_Mutation	p.R178H	0.07
TCGA-B7-5816	TCGA-B7-5816-01	TIMELESS	Missense_Mutation	p.L69I	0.07
TCGA-B7-5818	TCGA-B7-5818-01	CLOCK	Missense_Mutation	p.L530V	0.32
TCGA-B7-5818	TCGA-B7-5818-01	CLOCK	Silent	p.L342L	0.43
TCGA-B7-A5TI	TCGA-B7-A5TI-01	NPAS2	Missense_Mutation	p.R195H	0.07
TCGA-B7-A5TI	TCGA-B7-A5TI-01	NPAS2	Missense_Mutation	p.T488M	0.27
TCGA-B7-A5TI	TCGA-B7-A5TI-01	NR1D2	Missense_Mutation	p.D481V	0.35
TCGA-B7-A5TI	TCGA-B7-A5TI-01	PER3	Silent	p.S718S	0.24
TCGA-B7-A5TI	TCGA-B7-A5TI-01	RORA	Missense_Mutation	p.M522I	0.27
TCGA-B8-5551	TCGA-B8-5551-01	NR1D2	Frame_Shift_Del	p.K557Sfs*8	0.14
TCGA-B8-A54H	TCGA-B8-A54H-01	CRY1	Intron		0.33
TCGA-B8-A54I	TCGA-B8-A54I-01	RORB	Missense_Mutation	p.Q102R	0.08
TCGA-BA-4076	TCGA-BA-4076-01	PER1	Missense_Mutation	p.Q1255H	0.40
TCGA-BA-4076	TCGA-BA-4076-01	PER1	Missense_Mutation	p.Q1255L	0.41
TCGA-BA-4077	TCGA-BA-4077-01	CRY1	Missense_Mutation	p.G333D	0.37
TCGA-BA-4078	TCGA-BA-4078-01	RORB	Silent	p.A204A	0.40
TCGA-BA-6873	TCGA-BA-6873-01	PER3	Nonstop_Mutation	p.*1202Sext*21	0.23
TCGA-BA-A6D8	TCGA-BA-A6D8-01	RORB	Missense_Mutation	p.R309P	0.30
TCGA-BA-A6DF	TCGA-BA-A6DF-01	PER1	Silent	p.L381L	0.20
TCGA-BA-A6DI	TCGA-BA-A6DI-01	ARNTL	Silent	p.K271K	0.05
TCGA-BB-4223	TCGA-BB-4223-01	TIMELESS	Missense_Mutation	p.D1122H	0.03
TCGA-BB-A6UO	TCGA-BB-A6UO-01	CSNK1E	Missense_Mutation	p.K155R	0.31
TCGA-BC-4073	TCGA-BC-4073-01	CRY1	Missense_Mutation	p.D572A	0.35
TCGA-BF-A1Q0	TCGA-BF-A1Q0-01	NR1D2	Missense_Mutation	p.F322S	0.29
TCGA-BF-A1Q0	TCGA-BF-A1Q0-01	RORB	Missense_Mutation	p.G322E	0.18
TCGA-BF-A5ES	TCGA-BF-A5ES-01	ARNTL	Silent	p.R488R	0.35
TCGA-BF-AAOX	TCGA-BF-AAOX-01	RORB	Silent	p.L367L	0.32
TCGA-BF-AAP0	TCGA-BF-AAP0-06	RORA	Intron		0.14
TCGA-BF-AAP4	TCGA-BF-AAP4-01	TIMELESS	Silent	p.I603I	0.22
TCGA-BF-AAP7	TCGA-BF-AAP7-01	PER3	Missense_Mutation	p.S666L	0.14
TCGA-BG-A0VV	TCGA-BG-A0VV-01	CSNK1D	Missense_Mutation	p.R168H	0.26
TCGA-BG-A0VW	TCGA-BG-A0VW-01	NR1D1	Missense_Mutation	p.S322N	0.34
TCGA-BG-A0VW	TCGA-BG-A0VW-01	RORA	Frame_Shift_Del	p.K184Sfs*32	0.30
TCGA-BG-A0VX	TCGA-BG-A0VX-01	RORC	3'Flank		0.42
TCGA-BG-A220	TCGA-BG-A220-01	ARNTL	Intron		0.45
TCGA-BG-A220	TCGA-BG-A220-01	CLOCK	Missense_Mutation	p.A804V	0.47
TCGA-BG-A221	TCGA-BG-A221-01	CSNK1E	Missense_Mutation	p.A30T	0.27
TCGA-BG-A221	TCGA-BG-A221-01	NR1D2	Missense_Mutation	p.H432R	0.44
TCGA-BG-A221	TCGA-BG-A221-01	PER2	Missense_Mutation	p.M907V	0.08
TCGA-BG-A221	TCGA-BG-A221-01	PER3	Missense_Mutation	p.V1090I	0.08
TCGA-BG-A221	TCGA-BG-A221-01	TIMELESS	Missense_Mutation	p.Y377C	0.30
TCGA-BG-A222	TCGA-BG-A222-01	CLOCK	3'UTR		0.26
TCGA-BG-A222	TCGA-BG-A222-01	CSNK1D	3'UTR		0.43
TCGA-BG-A222	TCGA-BG-A222-01	CSNK1D	Frame_Shift_Del	p.R358Gfs*12	0.43
TCGA-BG-A222	TCGA-BG-A222-01	CSNK1D	Intron		0.57
TCGA-BG-A222	TCGA-BG-A222-01	CSNK1E	3'UTR		0.34
TCGA-BG-A222	TCGA-BG-A222-01	NPAS2	3'UTR		0.26
TCGA-BG-A222	TCGA-BG-A222-01	NPAS2	5'UTR		0.25
TCGA-BG-A222	TCGA-BG-A222-01	NR1D1	5'UTR		0.45
TCGA-BG-A222	TCGA-BG-A222-01	NR1D1	Missense_Mutation	p.S381C	0.32
TCGA-BG-A222	TCGA-BG-A222-01	PER1	Missense_Mutation	p.R1189W	0.35
TCGA-BG-A222	TCGA-BG-A222-01	PER2	Missense_Mutation	p.S82N	0.50
TCGA-BG-A2L7	TCGA-BG-A2L7-01	CSNK1E	3'UTR		0.44
TCGA-BG-A2L7	TCGA-BG-A2L7-01	NPAS2	Missense_Mutation	p.R805H	0.42
TCGA-BG-A2L7	TCGA-BG-A2L7-01	RORB	3'UTR		0.33
TCGA-BH-A0AU	TCGA-BH-A0AU-01	TIMELESS	Silent	p.G633G	0.33
TCGA-BH-A0DL	TCGA-BH-A0DL-01	CRY2	Missense_Mutation	p.I89M	0.40
TCGA-BH-A0DZ	TCGA-BH-A0DZ-01	PER1	Silent	p.L404L	0.57
TCGA-BH-A0DZ	TCGA-BH-A0DZ-01	PER3	3'UTR		0.55
TCGA-BH-A0HA	TCGA-BH-A0HA-01	NR1D1	Missense_Mutation	p.R204H	0.36
TCGA-BH-A0W7	TCGA-BH-A0W7-01	CLOCK	3'UTR		0.19
TCGA-BH-A18F	TCGA-BH-A18F-01	RORC	Missense_Mutation	p.E283K	0.18
TCGA-BH-A18G	TCGA-BH-A18G-01	CRY2	Missense_Mutation	p.W411L	0.38
TCGA-BH-A18G	TCGA-BH-A18G-01	NPAS2	Missense_Mutation	p.S487N	0.35
TCGA-BH-A18G	TCGA-BH-A18G-01	RORC	3'UTR		0.36
TCGA-BI-A0VR	TCGA-BI-A0VR-01	PER3	Silent	p.S306S	0.07
TCGA-BI-A20A	TCGA-BI-A20A-01	TIMELESS	Missense_Mutation	p.E1151K	0.28
TCGA-BJ-A3F0	TCGA-BJ-A3F0-01	CRY1	Missense_Mutation	p.E60K	0.06
TCGA-BJ-A3F0	TCGA-BJ-A3F0-01	NPAS2	Silent	p.F132F	0.40
TCGA-BJ-A45H	TCGA-BJ-A45H-01	NPAS2	Missense_Mutation	p.P115S	0.07
TCGA-BK-A13B	TCGA-BK-A13B-01	RORA	Missense_Mutation	p.K506N	0.42
TCGA-BK-A26L	TCGA-BK-A26L-01	RORB	3'UTR		0.33
TCGA-BK-A6W3	TCGA-BK-A6W3-01	CLOCK	3'UTR		0.36
TCGA-BK-A6W3	TCGA-BK-A6W3-01	NR1D2	Missense_Mutation	p.K56N	0.29
TCGA-BK-A6W3	TCGA-BK-A6W3-01	PER1	Missense_Mutation	p.D1102N	0.38
TCGA-BK-A6W3	TCGA-BK-A6W3-01	RORC	Missense_Mutation	p.R80Q	0.14
TCGA-BL-A3JM	TCGA-BL-A3JM-01	RORA	Missense_Mutation	p.G7E	0.34
TCGA-BP-4967	TCGA-BP-4967-01	PER1	Missense_Mutation	p.I742F	0.36
TCGA-BP-5176	TCGA-BP-5176-01	PER3	Nonsense_Mutation	p.S666*	0.20
TCGA-BP-5182	TCGA-BP-5182-01	CSNK1E	Silent	p.R308R	0.16
TCGA-BQ-5886	TCGA-BQ-5886-01	ARNTL	Intron		0.50
TCGA-BQ-5892	TCGA-BQ-5892-01	RORB	Missense_Mutation	p.E377K	0.33
TCGA-BQ-7055	TCGA-BQ-7055-01	CRY1	Missense_Mutation	p.K95E	0.37
TCGA-BQ-7059	TCGA-BQ-7059-01	NR1D1	Silent	p.P29P	0.33
TCGA-BQ-7059	TCGA-BQ-7059-01	PER3	Missense_Mutation	p.A815T	0.25
TCGA-BR-4184	TCGA-BR-4184-01	ARNTL	Silent	p.S512S	0.27
TCGA-BR-4184	TCGA-BR-4184-01	RORB	Missense_Mutation	p.A373T	0.24
TCGA-BR-4184	TCGA-BR-4184-01	TIMELESS	Missense_Mutation	p.A1155T	0.23
TCGA-BR-4201	TCGA-BR-4201-01	PER2	Missense_Mutation	p.A1020V	0.22
TCGA-BR-4201	TCGA-BR-4201-01	PER3	Frame_Shift_Del	p.D218Efs*17	0.11
TCGA-BR-4256	TCGA-BR-4256-01	NR1D2	Splice_Site	p.X382_splice	0.06
TCGA-BR-4256	TCGA-BR-4256-01	PER2	Missense_Mutation	p.A880T	0.21
TCGA-BR-4256	TCGA-BR-4256-01	PER2	Silent	p.T953T	0.17
TCGA-BR-4256	TCGA-BR-4256-01	TIMELESS	Missense_Mutation	p.R697C	0.13
TCGA-BR-4256	TCGA-BR-4256-01	TIMELESS	Splice_Site	p.X1186_splice	0.20
TCGA-BR-4280	TCGA-BR-4280-01	NR1D1	Frame_Shift_Del	p.K213Afs*6	0.33
TCGA-BR-4280	TCGA-BR-4280-01	PER2	Missense_Mutation	p.I1128V	0.18
TCGA-BR-4280	TCGA-BR-4280-01	TIMELESS	Missense_Mutation	p.M578T	0.35
TCGA-BR-4292	TCGA-BR-4292-01	NR1D1	Silent	p.R66R	0.09
TCGA-BR-4357	TCGA-BR-4357-01	PER2	Missense_Mutation	p.L311R	0.12
TCGA-BR-4357	TCGA-BR-4357-01	PER3	Missense_Mutation	p.D160H	0.15
TCGA-BR-4361	TCGA-BR-4361-01	CSNK1E	Frame_Shift_Del	p.Q48Sfs*11	0.42
TCGA-BR-4361	TCGA-BR-4361-01	PER2	Missense_Mutation	p.A819T	0.22
TCGA-BR-4361	TCGA-BR-4361-01	PER3	Intron		0.32
TCGA-BR-4361	TCGA-BR-4361-01	TIMELESS	Silent	p.E673E	0.09
TCGA-BR-4362	TCGA-BR-4362-01	NPAS2	Missense_Mutation	p.A410V	0.20
TCGA-BR-4362	TCGA-BR-4362-01	RORA	Intron		0.17
TCGA-BR-4362	TCGA-BR-4362-01	RORB	Missense_Mutation	p.T440A	0.05
TCGA-BR-6452	TCGA-BR-6452-01	ARNTL	Silent	p.L196L	0.25
TCGA-BR-6452	TCGA-BR-6452-01	CRY1	Missense_Mutation	p.K89E	0.08
TCGA-BR-6452	TCGA-BR-6452-01	NPAS2	Missense_Mutation	p.R389Q	0.13
TCGA-BR-6452	TCGA-BR-6452-01	NPAS2	Missense_Mutation	p.V345M	0.26
TCGA-BR-6452	TCGA-BR-6452-01	PER3	Nonsense_Mutation	p.Q951*	0.12
TCGA-BR-6452	TCGA-BR-6452-01	RORA	Frame_Shift_Del	p.K477Nfs*8	0.11
TCGA-BR-6452	TCGA-BR-6452-01	RORB	Missense_Mutation	p.C308Y	0.10
TCGA-BR-6452	TCGA-BR-6452-01	TIMELESS	Silent	p.D1180D	0.10
TCGA-BR-6452	TCGA-BR-6452-01	TIMELESS	Splice_Site	p.X470_splice	0.29
TCGA-BR-6453	TCGA-BR-6453-01	RORB	Missense_Mutation	p.V146I	0.07
TCGA-BR-6706	TCGA-BR-6706-01	PER3	Missense_Mutation	p.S666P	0.07
TCGA-BR-6707	TCGA-BR-6707-01	CRY2	Missense_Mutation	p.S532L	0.15
TCGA-BR-6707	TCGA-BR-6707-01	TIMELESS	Missense_Mutation	p.S309L	0.23
TCGA-BR-6802	TCGA-BR-6802-01	ARNTL	Missense_Mutation	p.S283I	0.15
TCGA-BR-6802	TCGA-BR-6802-01	PER3	Missense_Mutation	p.A873V	0.08
TCGA-BR-6852	TCGA-BR-6852-01	CSNK1E	3'UTR		0.17
TCGA-BR-6852	TCGA-BR-6852-01	NR1D1	Missense_Mutation	p.P252T	0.14
TCGA-BR-6852	TCGA-BR-6852-01	RORB	Missense_Mutation	p.E245D	0.12
TCGA-BR-7703	TCGA-BR-7703-01	PER1	Missense_Mutation	p.T45I	0.36
TCGA-BR-7707	TCGA-BR-7707-01	CSNK1D	Missense_Mutation	p.L92I	0.11
TCGA-BR-7851	TCGA-BR-7851-01	RORA	Missense_Mutation	p.A138V	0.36
TCGA-BR-7901	TCGA-BR-7901-01	PER3	Missense_Mutation	p.V517L	0.06
TCGA-BR-8059	TCGA-BR-8059-01	CLOCK	Missense_Mutation	p.D18A	0.19
TCGA-BR-8078	TCGA-BR-8078-01	ARNTL	Silent	p.N329N	0.35
TCGA-BR-8078	TCGA-BR-8078-01	NPAS2	Missense_Mutation	p.G686R	0.29
TCGA-BR-8078	TCGA-BR-8078-01	PER2	Silent	p.P816P	0.39
TCGA-BR-8078	TCGA-BR-8078-01	RORA	Silent	p.P214P	0.35
TCGA-BR-8297	TCGA-BR-8297-01	RORB	Silent	p.A455A	0.08
TCGA-BR-8360	TCGA-BR-8360-01	ARNTL	Frame_Shift_Del	p.H460Tfs*35	0.24
TCGA-BR-8360	TCGA-BR-8360-01	NPAS2	Missense_Mutation	p.A639D	0.31
TCGA-BR-8361	TCGA-BR-8361-01	ARNTL	Missense_Mutation	p.R488Q	0.25
TCGA-BR-8361	TCGA-BR-8361-01	CRY1	Silent	p.G512G	0.29
TCGA-BR-8361	TCGA-BR-8361-01	RORB	5'UTR		0.38
TCGA-BR-8363	TCGA-BR-8363-01	CLOCK	Splice_Site	p.X146_splice	0.14
TCGA-BR-8368	TCGA-BR-8368-01	CLOCK	Missense_Mutation	p.G63D	0.42
TCGA-BR-8368	TCGA-BR-8368-01	CSNK1E	In_Frame_Del	p.N78del	0.43
TCGA-BR-8368	TCGA-BR-8368-01	PER2	Frame_Shift_Del	p.Q1183Efs*29	0.21
TCGA-BR-8369	TCGA-BR-8369-01	PER2	Missense_Mutation	p.A402S	0.11
TCGA-BR-8369	TCGA-BR-8369-01	TIMELESS	Missense_Mutation	p.R227H	0.16
TCGA-BR-8372	TCGA-BR-8372-01	NR1D1	Missense_Mutation	p.N384S	0.33
TCGA-BR-8372	TCGA-BR-8372-01	NR1D1	Silent	p.T301T	0.33
TCGA-BR-8372	TCGA-BR-8372-01	TIMELESS	Missense_Mutation	p.G808V	0.38
TCGA-BR-8380	TCGA-BR-8380-01	PER3	Nonsense_Mutation	p.R377*	0.10
TCGA-BR-8382	TCGA-BR-8382-01	ARNTL	Silent	p.S512S	0.19
TCGA-BR-8382	TCGA-BR-8382-01	PER1	Silent	p.A852A	0.18
TCGA-BR-8487	TCGA-BR-8487-01	CRY2	Missense_Mutation	p.R460H	0.42
TCGA-BR-8487	TCGA-BR-8487-01	CSNK1E	Missense_Mutation	p.A404V	0.40
TCGA-BR-8487	TCGA-BR-8487-01	RORA	Silent	p.S154S	0.43
TCGA-BR-8487	TCGA-BR-8487-01	RORC	3'UTR		0.40
TCGA-BR-8487	TCGA-BR-8487-01	RORC	Intron		0.12
TCGA-BR-8487	TCGA-BR-8487-01	TIMELESS	Silent	p.E669E	0.19
TCGA-BR-8589	TCGA-BR-8589-01	ARNTL	Missense_Mutation	p.T224S	0.15
TCGA-BR-8680	TCGA-BR-8680-01	ARNTL	Missense_Mutation	p.R84H	0.29
TCGA-BR-8680	TCGA-BR-8680-01	CRY1	Silent	p.P147P	0.31
TCGA-BR-8680	TCGA-BR-8680-01	CSNK1E	Missense_Mutation	p.A159T	0.44
TCGA-BR-8680	TCGA-BR-8680-01	NPAS2	Nonsense_Mutation	p.E84*	0.32
TCGA-BR-8680	TCGA-BR-8680-01	NR1D2	Missense_Mutation	p.R178H	0.35
TCGA-BR-8680	TCGA-BR-8680-01	PER1	Silent	p.T164T	0.10
TCGA-BR-8680	TCGA-BR-8680-01	PER2	Silent	p.S987S	0.38
TCGA-BR-8680	TCGA-BR-8680-01	PER3	Nonsense_Mutation	p.R377*	0.32
TCGA-BR-8680	TCGA-BR-8680-01	PER3	Silent	p.L327L	0.25
TCGA-BR-8680	TCGA-BR-8680-01	RORA	Missense_Mutation	p.L267I	0.40
TCGA-BR-8680	TCGA-BR-8680-01	RORC	3'UTR		0.31
TCGA-BR-8686	TCGA-BR-8686-01	NPAS2	Missense_Mutation	p.R670W	0.10
TCGA-BR-8687	TCGA-BR-8687-01	PER3	Missense_Mutation	p.L929V	0.16
TCGA-BR-A452	TCGA-BR-A452-01	PER2	Missense_Mutation	p.E940Q	0.31
TCGA-BR-A4CQ	TCGA-BR-A4CQ-01	PER2	Missense_Mutation	p.P1000S	0.21
TCGA-BR-A4IY	TCGA-BR-A4IY-01	CLOCK	3'UTR		0.13
TCGA-BR-A4IY	TCGA-BR-A4IY-01	RORC	Missense_Mutation	p.R374C	0.16
TCGA-BR-A4QL	TCGA-BR-A4QL-01	PER3	Silent	p.S731S	0.59
TCGA-BR-A4QL	TCGA-BR-A4QL-01	TIMELESS	In_Frame_Del	p.K538del	0.29
TCGA-BS-A0TC	TCGA-BS-A0TC-01	ARNTL	Silent	p.C387C	0.32
TCGA-BS-A0TC	TCGA-BS-A0TC-01	PER2	Missense_Mutation	p.K537N	0.13
TCGA-BS-A0TJ	TCGA-BS-A0TJ-01	CSNK1E	5'UTR		0.40
TCGA-BS-A0UA	TCGA-BS-A0UA-01	CSNK1E	In_Frame_Del	p.N170del	0.41
TCGA-BS-A0UF	TCGA-BS-A0UF-01	CLOCK	Missense_Mutation	p.Q688R	0.30
TCGA-BS-A0UF	TCGA-BS-A0UF-01	PER1	Missense_Mutation	p.R230Q	0.11
TCGA-BS-A0UF	TCGA-BS-A0UF-01	PER2	Missense_Mutation	p.D60N	0.32
TCGA-BS-A0UF	TCGA-BS-A0UF-01	RORA	Intron		0.41
TCGA-BS-A0UF	TCGA-BS-A0UF-01	RORB	Silent	p.I359I	0.35
TCGA-BS-A0UF	TCGA-BS-A0UF-01	RORC	Missense_Mutation	p.E269D	0.25
TCGA-BS-A0UJ	TCGA-BS-A0UJ-01	CLOCK	Missense_Mutation	p.G120V	0.29
TCGA-BS-A0UJ	TCGA-BS-A0UJ-01	CRY1	Missense_Mutation	p.K278N	0.46
TCGA-BS-A0UV	TCGA-BS-A0UV-01	CLOCK	Missense_Mutation	p.S12L	0.30
TCGA-BS-A0UV	TCGA-BS-A0UV-01	CRY2	Nonsense_Mutation	p.R482*	0.08
TCGA-BS-A0UV	TCGA-BS-A0UV-01	CSNK1D	3'UTR		0.33
TCGA-BS-A0UV	TCGA-BS-A0UV-01	CSNK1D	3'UTR		0.37
TCGA-BS-A0UV	TCGA-BS-A0UV-01	NPAS2	Missense_Mutation	p.S147F	0.42
TCGA-BS-A0UV	TCGA-BS-A0UV-01	NR1D2	3'UTR		0.60
TCGA-BS-A0UV	TCGA-BS-A0UV-01	PER1	Missense_Mutation	p.R426H	0.35
TCGA-BS-A0UV	TCGA-BS-A0UV-01	PER2	Missense_Mutation	p.E492K	0.35
TCGA-BS-A0UV	TCGA-BS-A0UV-01	PER3	Nonsense_Mutation	p.E61*	0.31
TCGA-BS-A0UV	TCGA-BS-A0UV-01	RORA	Intron		0.32
TCGA-BS-A0UV	TCGA-BS-A0UV-01	RORA	Missense_Mutation	p.S445F	0.30
TCGA-BS-A0UV	TCGA-BS-A0UV-01	RORB	5'UTR		0.15
TCGA-BS-A0UV	TCGA-BS-A0UV-01	RORB	Silent	p.I183I	0.29
TCGA-BS-A0UV	TCGA-BS-A0UV-01	TIMELESS	Nonsense_Mutation	p.E669*	0.36
TCGA-BS-A0V6	TCGA-BS-A0V6-01	PER1	Missense_Mutation	p.R450C	0.44
TCGA-BT-A20J	TCGA-BT-A20J-01	PER2	Silent	p.L118L	0.15
TCGA-BT-A20N	TCGA-BT-A20N-01	RORB	Missense_Mutation	p.K99E	0.16
TCGA-BT-A20O	TCGA-BT-A20O-01	CRY2	Intron		0.08
TCGA-BT-A20T	TCGA-BT-A20T-01	NPAS2	Silent	p.F226F	0.39
TCGA-BT-A3PJ	TCGA-BT-A3PJ-01	PER3	Missense_Mutation	p.A788V	0.34
TCGA-BT-A42C	TCGA-BT-A42C-01	PER3	Missense_Mutation	p.S364I	0.46
TCGA-BT-A42F	TCGA-BT-A42F-01	CRY1	Missense_Mutation	p.P181S	0.07
TCGA-BW-A5NQ	TCGA-BW-A5NQ-01	PER3	Silent	p.P867P	0.38
TCGA-C4-A0F0	TCGA-C4-A0F0-01	CSNK1E	Frame_Shift_Del	p.L138Gfs*51	0.40
TCGA-C5-A1MH	TCGA-C5-A1MH-01	RORC	Missense_Mutation	p.E435Q	0.17
TCGA-C5-A2LY	TCGA-C5-A2LY-01	ARNTL	Missense_Mutation	p.F422L	0.38
TCGA-C5-A2LY	TCGA-C5-A2LY-01	ARNTL	Missense_Mutation	p.S411C	0.33
TCGA-C5-A7CL	TCGA-C5-A7CL-01	NR1D1	Missense_Mutation	p.F190L	0.32
TCGA-C5-A7UE	TCGA-C5-A7UE-01	CSNK1E	3'UTR		0.19
TCGA-C5-A7X8	TCGA-C5-A7X8-01	CRY2	Missense_Mutation	p.A29V	0.55
TCGA-C5-A901	TCGA-C5-A901-01	PER1	3'UTR		0.23
TCGA-C5-A902	TCGA-C5-A902-01	RORB	5'UTR		0.31
TCGA-C5-A902	TCGA-C5-A902-01	TIMELESS	5'UTR		0.34
TCGA-C5-A907	TCGA-C5-A907-01	CLOCK	Missense_Mutation	p.S226C	0.70
TCGA-C5-A907	TCGA-C5-A907-01	CLOCK	Silent	p.S226S	0.68
TCGA-C8-A26X	TCGA-C8-A26X-01	CLOCK	Frame_Shift_Del	p.T443Gfs*28	0.23
TCGA-C8-A26Y	TCGA-C8-A26Y-01	PER1	Missense_Mutation	p.S1037F	0.46
TCGA-C8-A26Y	TCGA-C8-A26Y-01	PER1	Missense_Mutation	p.S129L	0.47
TCGA-C8-A26Y	TCGA-C8-A26Y-01	PER1	Missense_Mutation	p.S857L	0.52
TCGA-C8-A26Y	TCGA-C8-A26Y-01	PER1	Missense_Mutation	p.S951L	0.50
TCGA-C8-A26Y	TCGA-C8-A26Y-01	PER1	Silent	p.E616E	0.63
TCGA-C8-A26Y	TCGA-C8-A26Y-01	PER3	Silent	p.L252L	0.18
TCGA-C8-A274	TCGA-C8-A274-01	CLOCK	Intron		0.29
TCGA-C8-A27B	TCGA-C8-A27B-01	CRY2	Missense_Mutation	p.W379C	0.14
TCGA-C8-A8HP	TCGA-C8-A8HP-01	NR1D1	Missense_Mutation	p.E282Q	0.55
TCGA-C8-A8HQ	TCGA-C8-A8HQ-01	TIMELESS	Silent	p.L576L	0.37
TCGA-CA-6717	TCGA-CA-6717-01	ARNTL	Missense_Mutation	p.K71Q	0.12
TCGA-CA-6717	TCGA-CA-6717-01	CRY1	Missense_Mutation	p.L218R	0.14
TCGA-CA-6717	TCGA-CA-6717-01	CSNK1D	Missense_Mutation	p.F95L	0.11
TCGA-CA-6717	TCGA-CA-6717-01	CSNK1E	Intron		0.09
TCGA-CA-6717	TCGA-CA-6717-01	NPAS2	Missense_Mutation	p.A99T	0.14
TCGA-CA-6717	TCGA-CA-6717-01	NR1D1	Nonsense_Mutation	p.R430*	0.16
TCGA-CA-6717	TCGA-CA-6717-01	NR1D2	Nonsense_Mutation	p.E444*	0.18
TCGA-CA-6717	TCGA-CA-6717-01	NR1D2	Splice_Site	p.X95_splice	0.18
TCGA-CA-6717	TCGA-CA-6717-01	PER2	Missense_Mutation	p.E267D	0.16
TCGA-CA-6717	TCGA-CA-6717-01	PER2	Missense_Mutation	p.K537N	0.15
TCGA-CA-6717	TCGA-CA-6717-01	RORA	Silent	p.G266G	0.20
TCGA-CA-6717	TCGA-CA-6717-01	RORB	Missense_Mutation	p.S160F	0.28
TCGA-CA-6718	TCGA-CA-6718-01	CLOCK	Nonsense_Mutation	p.S440*	0.41
TCGA-CA-6718	TCGA-CA-6718-01	NR1D2	Missense_Mutation	p.N566D	0.22
TCGA-CA-6718	TCGA-CA-6718-01	TIMELESS	Silent	p.R84R	0.29
TCGA-CC-5258	TCGA-CC-5258-01	PER2	Splice_Site	p.X543_splice	0.38
TCGA-CC-A1HT	TCGA-CC-A1HT-01	CSNK1E	Missense_Mutation	p.I182M	0.27
TCGA-CC-A8HT	TCGA-CC-A8HT-01	PER1	Frame_Shift_Del	p.G732Efs*12	0.24
TCGA-CC-A8HT	TCGA-CC-A8HT-01	PER1	Frame_Shift_Del	p.Q988Lfs*122	0.26
TCGA-CC-A8HT	TCGA-CC-A8HT-01	PER1	Missense_Mutation	p.K146N	0.39
TCGA-CC-A8HU	TCGA-CC-A8HU-01	PER2	Missense_Mutation	p.A141S	0.49
TCGA-CD-8524	TCGA-CD-8524-01	CSNK1D	Missense_Mutation	p.R256C	0.41
TCGA-CD-8527	TCGA-CD-8527-01	NR1D1	Missense_Mutation	p.F269V	0.25
TCGA-CD-8533	TCGA-CD-8533-01	CSNK1D	Silent	p.L25L	0.80
TCGA-CD-8535	TCGA-CD-8535-01	RORA	Missense_Mutation	p.R32I	0.35
TCGA-CD-A4MG	TCGA-CD-A4MG-01	RORB	Nonsense_Mutation	p.R2*	0.12
TCGA-CD-A4MJ	TCGA-CD-A4MJ-01	CRY1	Missense_Mutation	p.N312T	0.24
TCGA-CD-A4MJ	TCGA-CD-A4MJ-01	CRY2	Missense_Mutation	p.V123M	0.25
TCGA-CD-A4MJ	TCGA-CD-A4MJ-01	TIMELESS	Silent	p.E670E	0.22
TCGA-CF-A1HS	TCGA-CF-A1HS-01	RORC	Splice_Site	p.X14_splice	0.19
TCGA-CF-A47X	TCGA-CF-A47X-01	PER2	Missense_Mutation	p.E507K	0.26
TCGA-CF-A47X	TCGA-CF-A47X-01	PER2	Silent	p.P92P	0.52
TCGA-CF-A9FF	TCGA-CF-A9FF-01	CSNK1D	Missense_Mutation	p.R192Q	0.20
TCGA-CF-A9FF	TCGA-CF-A9FF-01	CSNK1D	Silent	p.Q223Q	0.49
TCGA-CF-A9FL	TCGA-CF-A9FL-01	PER1	Missense_Mutation	p.T228M	0.08
TCGA-CG-4305	TCGA-CG-4305-01	RORC	Missense_Mutation	p.R367W	0.19
TCGA-CG-4305	TCGA-CG-4305-01	TIMELESS	5'UTR		0.20
TCGA-CG-4306	TCGA-CG-4306-01	RORC	Missense_Mutation	p.G383D	0.21
TCGA-CG-4306	TCGA-CG-4306-01	TIMELESS	Missense_Mutation	p.Q996H	0.22
TCGA-CG-4437	TCGA-CG-4437-01	TIMELESS	3'UTR		0.24
TCGA-CG-4441	TCGA-CG-4441-01	CRY2	Intron		0.41
TCGA-CG-4442	TCGA-CG-4442-01	NPAS2	Missense_Mutation	p.S176G	0.05
TCGA-CG-4442	TCGA-CG-4442-01	PER1	Frame_Shift_Del	p.L466*	0.37
TCGA-CG-4442	TCGA-CG-4442-01	PER1	Missense_Mutation	p.G513S	0.07
TCGA-CG-4442	TCGA-CG-4442-01	PER1	Missense_Mutation	p.R458H	0.44
TCGA-CG-4444	TCGA-CG-4444-01	RORA	Splice_Site	p.X392_splice	0.04
TCGA-CG-4460	TCGA-CG-4460-01	PER3	Missense_Mutation	p.G13W	0.36
TCGA-CG-4466	TCGA-CG-4466-01	NR1D2	Silent	p.C74C	0.33
TCGA-CG-4469	TCGA-CG-4469-01	CRY2	Missense_Mutation	p.P59L	0.22
TCGA-CG-4469	TCGA-CG-4469-01	RORB	Silent	p.S335S	0.43
TCGA-CG-5717	TCGA-CG-5717-01	PER2	Missense_Mutation	p.G163S	0.09
TCGA-CG-5719	TCGA-CG-5719-01	CRY1	Silent	p.Q581Q	0.03
TCGA-CG-5721	TCGA-CG-5721-01	CRY1	Silent	p.S575S	0.19
TCGA-CG-5721	TCGA-CG-5721-01	CSNK1E	Missense_Mutation	p.S257P	0.19
TCGA-CG-5721	TCGA-CG-5721-01	CSNK1E	Missense_Mutation	p.W290C	0.20
TCGA-CG-5721	TCGA-CG-5721-01	PER2	Missense_Mutation	p.A190V	0.17
TCGA-CG-5721	TCGA-CG-5721-01	PER3	Missense_Mutation	p.T1004A	0.10
TCGA-CG-5721	TCGA-CG-5721-01	RORB	Missense_Mutation	p.N132D	0.13
TCGA-CG-5723	TCGA-CG-5723-01	ARNTL	Missense_Mutation	p.A315T	0.24
TCGA-CG-5726	TCGA-CG-5726-01	PER2	Silent	p.L28L	0.33
TCGA-CG-5728	TCGA-CG-5728-01	PER2	Missense_Mutation	p.C586F	0.20
TCGA-CG-5728	TCGA-CG-5728-01	RORC	Missense_Mutation	p.S398N	0.28
TCGA-CG-5728	TCGA-CG-5728-01	TIMELESS	In_Frame_Del	p.E555del	0.09
TCGA-CG-5733	TCGA-CG-5733-01	CSNK1E	Silent	p.N78N	0.26
TCGA-CH-5762	TCGA-CH-5762-01	NPAS2	Missense_Mutation	p.G398S	0.17
TCGA-CJ-4638	TCGA-CJ-4638-01	PER1	Missense_Mutation	p.Y855C	0.20
TCGA-CJ-4643	TCGA-CJ-4643-01	PER2	Missense_Mutation	p.H41R	0.27
TCGA-CJ-4923	TCGA-CJ-4923-01	CRY1	Silent	p.F296F	0.13
TCGA-CJ-5671	TCGA-CJ-5671-01	PER2	Missense_Mutation	p.F193S	0.21
TCGA-CK-4951	TCGA-CK-4951-01	CRY1	Missense_Mutation	p.I454N	0.33
TCGA-CK-4951	TCGA-CK-4951-01	CRY1	Nonsense_Mutation	p.E222*	0.24
TCGA-CK-4951	TCGA-CK-4951-01	CSNK1D	Silent	p.I148I	0.57
TCGA-CK-4951	TCGA-CK-4951-01	NR1D1	Missense_Mutation	p.R189C	0.13
TCGA-CK-4951	TCGA-CK-4951-01	NR1D1	Missense_Mutation	p.R359C	0.44
TCGA-CK-4951	TCGA-CK-4951-01	NR1D2	Missense_Mutation	p.E273D	0.28
TCGA-CK-4951	TCGA-CK-4951-01	PER1	Missense_Mutation	p.P595T	0.46
TCGA-CK-4951	TCGA-CK-4951-01	PER1	Missense_Mutation	p.V611I	0.33
TCGA-CK-4951	TCGA-CK-4951-01	PER2	Missense_Mutation	p.R952W	0.35
TCGA-CK-4951	TCGA-CK-4951-01	PER3	Silent	p.Y180Y	0.38
TCGA-CK-4951	TCGA-CK-4951-01	RORC	Frame_Shift_Ins	p.G175Wfs*29	0.30
TCGA-CK-5916	TCGA-CK-5916-01	RORB	Nonsense_Mutation	p.Q177*	0.27
TCGA-CK-5916	TCGA-CK-5916-01	RORC	Silent	p.S38S	0.39
TCGA-CK-5916	TCGA-CK-5916-01	TIMELESS	Missense_Mutation	p.R1070W	0.36
TCGA-CM-4743	TCGA-CM-4743-01	PER1	Missense_Mutation	p.A8D	0.13
TCGA-CM-4743	TCGA-CM-4743-01	RORC	Silent	p.A321A	0.18
TCGA-CM-4746	TCGA-CM-4746-01	PER3	Missense_Mutation	p.R266W	0.36
TCGA-CM-5861	TCGA-CM-5861-01	CLOCK	Intron		0.37
TCGA-CM-5861	TCGA-CM-5861-01	CLOCK	Missense_Mutation	p.R292M	0.10
TCGA-CM-5861	TCGA-CM-5861-01	CSNK1D	Frame_Shift_Del	p.R358Gfs*12	0.23
TCGA-CM-5861	TCGA-CM-5861-01	CSNK1D	Silent	p.Y179Y	0.34
TCGA-CM-5861	TCGA-CM-5861-01	PER1	Missense_Mutation	p.H1093N	0.43
TCGA-CM-5863	TCGA-CM-5863-01	NPAS2	Silent	p.S724S	0.39
TCGA-CM-5863	TCGA-CM-5863-01	TIMELESS	Missense_Mutation	p.I468T	0.17
TCGA-CM-6163	TCGA-CM-6163-01	CRY1	Silent	p.A112A	0.20
TCGA-CM-6171	TCGA-CM-6171-01	PER1	Silent	p.L706L	0.40
TCGA-CM-6171	TCGA-CM-6171-01	PER3	Missense_Mutation	p.A1185V	0.40
TCGA-CM-6171	TCGA-CM-6171-01	RORB	3'UTR		0.44
TCGA-CM-6674	TCGA-CM-6674-01	CSNK1E	Missense_Mutation	p.R227Q	0.25
TCGA-CM-6674	TCGA-CM-6674-01	TIMELESS	Missense_Mutation	p.M5V	0.28
TCGA-CM-6679	TCGA-CM-6679-01	CSNK1D	Missense_Mutation	p.R279C	0.33
TCGA-CN-4723	TCGA-CN-4723-01	CSNK1E	Missense_Mutation	p.M204K	0.24
TCGA-CN-4723	TCGA-CN-4723-01	CSNK1E	Missense_Mutation	p.M204L	0.23
TCGA-CN-4728	TCGA-CN-4728-01	TIMELESS	Missense_Mutation	p.E986K	0.05
TCGA-CN-4728	TCGA-CN-4728-01	TIMELESS	Missense_Mutation	p.R1065H	0.06
TCGA-CN-4728	TCGA-CN-4728-01	TIMELESS	Nonsense_Mutation	p.E939*	0.05
TCGA-CN-4729	TCGA-CN-4729-01	PER1	Silent	p.S653S	0.24
TCGA-CN-6988	TCGA-CN-6988-01	NPAS2	Silent	p.R701R	0.77
TCGA-CQ-5325	TCGA-CQ-5325-01	CLOCK	Silent	p.K439K	0.09
TCGA-CQ-5327	TCGA-CQ-5327-01	CLOCK	Missense_Mutation	p.E538Q	0.20
TCGA-CQ-5331	TCGA-CQ-5331-01	CSNK1E	Silent	p.L89L	0.15
TCGA-CQ-5333	TCGA-CQ-5333-01	CRY1	Missense_Mutation	p.L59V	0.15
TCGA-CQ-6221	TCGA-CQ-6221-01	CSNK1E	Missense_Mutation	p.Q271E	0.25
TCGA-CQ-7063	TCGA-CQ-7063-01	CSNK1E	Intron		0.23
TCGA-CQ-7071	TCGA-CQ-7071-01	TIMELESS	Silent	p.L85L	0.29
TCGA-CR-5243	TCGA-CR-5243-01	RORC	5'UTR		0.37
TCGA-CR-5248	TCGA-CR-5248-01	CLOCK	Nonsense_Mutation	p.Q824*	0.29
TCGA-CR-6472	TCGA-CR-6472-01	NR1D2	Missense_Mutation	p.S14C	0.39
TCGA-CR-6472	TCGA-CR-6472-01	RORA	Missense_Mutation	p.R400K	0.37
TCGA-CR-7365	TCGA-CR-7365-01	TIMELESS	Missense_Mutation	p.E805K	0.40
TCGA-CR-7376	TCGA-CR-7376-01	CRY1	Missense_Mutation	p.D341H	0.06
TCGA-CR-7388	TCGA-CR-7388-01	TIMELESS	Missense_Mutation	p.E21K	0.13
TCGA-CR-7390	TCGA-CR-7390-01	PER3	Missense_Mutation	p.A152S	0.19
TCGA-CR-7394	TCGA-CR-7394-01	NR1D1	5'UTR		0.17
TCGA-CR-7398	TCGA-CR-7398-01	PER1	Silent	p.A1254A	0.68
TCGA-CR-7402	TCGA-CR-7402-01	RORB	Missense_Mutation	p.I368K	0.17
TCGA-CR-7404	TCGA-CR-7404-01	NR1D2	Silent	p.L532L	0.12
TCGA-CR-7404	TCGA-CR-7404-01	PER1	Missense_Mutation	p.R1189Q	0.14
TCGA-CU-A0YR	TCGA-CU-A0YR-01	PER1	Missense_Mutation	p.A1035T	0.24
TCGA-CU-A72E	TCGA-CU-A72E-01	ARNTL	Missense_Mutation	p.G490R	0.45
TCGA-CV-5439	TCGA-CV-5439-01	TIMELESS	Missense_Mutation	p.H26L	0.26
TCGA-CV-5977	TCGA-CV-5977-01	PER2	Missense_Mutation	p.D235N	0.23
TCGA-CV-6936	TCGA-CV-6936-01	PER3	Missense_Mutation	p.E1123Q	0.09
TCGA-CV-6942	TCGA-CV-6942-01	CSNK1E	Silent	p.L393L	0.13
TCGA-CV-6953	TCGA-CV-6953-01	PER1	Missense_Mutation	p.A168T	0.28
TCGA-CV-7089	TCGA-CV-7089-01	CRY1	Silent	p.P80P	0.15
TCGA-CV-7099	TCGA-CV-7099-01	ARNTL	Missense_Mutation	p.S435L	0.37
TCGA-CV-7235	TCGA-CV-7235-01	CSNK1D	Silent	p.I113I	0.57
TCGA-CV-7235	TCGA-CV-7235-01	RORB	Silent	p.R372R	0.56
TCGA-CV-7245	TCGA-CV-7245-01	CRY2	Missense_Mutation	p.Y534F	0.21
TCGA-CV-7250	TCGA-CV-7250-01	RORB	3'UTR		0.29
TCGA-CV-7406	TCGA-CV-7406-01	CLOCK	Missense_Mutation	p.G521V	0.44
TCGA-CV-7415	TCGA-CV-7415-01	PER3	Silent	p.S431S	0.24
TCGA-CV-7427	TCGA-CV-7427-01	NR1D2	Missense_Mutation	p.Q269E	0.24
TCGA-CV-7427	TCGA-CV-7427-01	NR1D2	Silent	p.F322F	0.24
TCGA-CV-7437	TCGA-CV-7437-01	TIMELESS	Silent	p.K945K	0.53
TCGA-CV-A463	TCGA-CV-A463-01	CRY1	Missense_Mutation	p.E140Q	0.29
TCGA-CV-A465	TCGA-CV-A465-01	CRY2	Missense_Mutation	p.R398W	0.12
TCGA-CV-A468	TCGA-CV-A468-01	PER1	Missense_Mutation	p.T677I	0.06
TCGA-CV-A6JE	TCGA-CV-A6JE-01	CRY1	Missense_Mutation	p.E222K	0.10
TCGA-CX-A4AQ	TCGA-CX-A4AQ-01	CSNK1D	Missense_Mutation	p.V379I	0.60
TCGA-CZ-4866	TCGA-CZ-4866-01	NPAS2	3'UTR		0.19
TCGA-CZ-5985	TCGA-CZ-5985-01	PER1	5'UTR		0.30
TCGA-D1-A0ZO	TCGA-D1-A0ZO-01	CLOCK	Missense_Mutation	p.S19G	0.29
TCGA-D1-A0ZO	TCGA-D1-A0ZO-01	RORA	Silent	p.Q200Q	0.35
TCGA-D1-A0ZO	TCGA-D1-A0ZO-01	TIMELESS	Missense_Mutation	p.E805K	0.34
TCGA-D1-A0ZQ	TCGA-D1-A0ZQ-01	NPAS2	Missense_Mutation	p.V729I	0.37
TCGA-D1-A0ZZ	TCGA-D1-A0ZZ-01	RORA	Missense_Mutation	p.G498V	0.19
TCGA-D1-A103	TCGA-D1-A103-01	ARNTL	Silent	p.S371S	0.36
TCGA-D1-A103	TCGA-D1-A103-01	CRY2	Missense_Mutation	p.R303C	0.09
TCGA-D1-A103	TCGA-D1-A103-01	PER2	Missense_Mutation	p.A257V	0.33
TCGA-D1-A103	TCGA-D1-A103-01	PER2	Silent	p.I1136I	0.34
TCGA-D1-A103	TCGA-D1-A103-01	PER3	Missense_Mutation	p.I1162T	0.11
TCGA-D1-A103	TCGA-D1-A103-01	PER3	Missense_Mutation	p.L55R	0.12
TCGA-D1-A103	TCGA-D1-A103-01	RORA	Intron		0.35
TCGA-D1-A103	TCGA-D1-A103-01	RORA	Missense_Mutation	p.R203H	0.27
TCGA-D1-A103	TCGA-D1-A103-01	RORC	Missense_Mutation	p.R232H	0.10
TCGA-D1-A103	TCGA-D1-A103-01	RORC	Silent	p.Y382Y	0.40
TCGA-D1-A103	TCGA-D1-A103-01	TIMELESS	Missense_Mutation	p.R406C	0.37
TCGA-D1-A103	TCGA-D1-A103-01	TIMELESS	Missense_Mutation	p.R40H	0.42
TCGA-D1-A103	TCGA-D1-A103-01	TIMELESS	Silent	p.V539V	0.44
TCGA-D1-A15X	TCGA-D1-A15X-01	CLOCK	Missense_Mutation	p.T172A	0.31
TCGA-D1-A15X	TCGA-D1-A15X-01	NR1D1	Missense_Mutation	p.A295V	0.27
TCGA-D1-A15X	TCGA-D1-A15X-01	PER1	Missense_Mutation	p.R1195W	0.31
TCGA-D1-A15X	TCGA-D1-A15X-01	RORA	Missense_Mutation	p.A250T	0.35
TCGA-D1-A163	TCGA-D1-A163-01	PER2	Missense_Mutation	p.S653L	0.40
TCGA-D1-A167	TCGA-D1-A167-01	PER2	Silent	p.T1255T	0.47
TCGA-D1-A167	TCGA-D1-A167-01	PER3	Missense_Mutation	p.P745L	0.50
TCGA-D1-A167	TCGA-D1-A167-01	RORB	Nonsense_Mutation	p.Q89*	0.52
TCGA-D1-A167	TCGA-D1-A167-01	RORC	Missense_Mutation	p.C393Y	0.10
TCGA-D1-A16J	TCGA-D1-A16J-01	CSNK1E	Silent	p.F254F	0.39
TCGA-D1-A16N	TCGA-D1-A16N-01	PER2	Missense_Mutation	p.Y1151C	0.33
TCGA-D1-A16X	TCGA-D1-A16X-01	NPAS2	Nonsense_Mutation	p.E84*	0.14
TCGA-D1-A16X	TCGA-D1-A16X-01	RORC	Silent	p.I492I	0.13
TCGA-D1-A174	TCGA-D1-A174-01	NPAS2	Missense_Mutation	p.I227V	0.35
TCGA-D1-A176	TCGA-D1-A176-01	TIMELESS	Missense_Mutation	p.H275Y	0.09
TCGA-D1-A177	TCGA-D1-A177-01	PER2	Silent	p.A942A	0.42
TCGA-D1-A17A	TCGA-D1-A17A-01	RORC	Silent	p.C172C	0.17
TCGA-D1-A17D	TCGA-D1-A17D-01	ARNTL	Nonsense_Mutation	p.E174*	0.38
TCGA-D1-A17Q	TCGA-D1-A17Q-01	ARNTL	Intron		0.40
TCGA-D1-A17Q	TCGA-D1-A17Q-01	CRY1	Missense_Mutation	p.G463R	0.42
TCGA-D1-A17Q	TCGA-D1-A17Q-01	CSNK1E	Silent	p.P264P	0.41
TCGA-D1-A17Q	TCGA-D1-A17Q-01	NPAS2	Nonsense_Mutation	p.E84*	0.38
TCGA-D1-A17Q	TCGA-D1-A17Q-01	PER1	Missense_Mutation	p.F1098S	0.29
TCGA-D1-A17Q	TCGA-D1-A17Q-01	PER2	Missense_Mutation	p.S99G	0.47
TCGA-D1-A17Q	TCGA-D1-A17Q-01	PER2	Nonsense_Mutation	p.E110*	0.45
TCGA-D1-A17Q	TCGA-D1-A17Q-01	RORC	Missense_Mutation	p.F217L	0.43
TCGA-D1-A17Q	TCGA-D1-A17Q-01	TIMELESS	Silent	p.P315P	0.38
TCGA-D1-A1NS	TCGA-D1-A1NS-01	PER3	Missense_Mutation	p.K257N	0.26
TCGA-D1-A1NY	TCGA-D1-A1NY-01	RORA	Frame_Shift_Del	p.E319Kfs*6	0.34
TCGA-D1-A2G0	TCGA-D1-A2G0-01	ARNTL	Missense_Mutation	p.S311N	0.31
TCGA-D1-A2G5	TCGA-D1-A2G5-01	CRY1	3'UTR		0.10
TCGA-D1-A2G5	TCGA-D1-A2G5-01	CSNK1E	Missense_Mutation	p.I237S	0.06
TCGA-D1-A3DG	TCGA-D1-A3DG-01	CRY1	3'UTR		0.36
TCGA-D3-A1Q5	TCGA-D3-A1Q5-06	TIMELESS	Missense_Mutation	p.L173F	0.24
TCGA-D3-A1Q6	TCGA-D3-A1Q6-06	NPAS2	Silent	p.R357R	0.33
TCGA-D3-A1Q6	TCGA-D3-A1Q6-06	PER3	Missense_Mutation	p.P1018L	0.16
TCGA-D3-A1Q7	TCGA-D3-A1Q7-06	PER1	Silent	p.S194S	0.17
TCGA-D3-A1Q8	TCGA-D3-A1Q8-06	ARNTL	Missense_Mutation	p.R342G	0.28
TCGA-D3-A2J8	TCGA-D3-A2J8-06	PER2	Silent	p.I676I	0.12
TCGA-D3-A2J9	TCGA-D3-A2J9-06	PER2	Missense_Mutation	p.E110K	0.08
TCGA-D3-A2JA	TCGA-D3-A2JA-06	RORA	Intron		0.22
TCGA-D3-A2JC	TCGA-D3-A2JC-06	PER1	Missense_Mutation	p.P474L	0.21
TCGA-D3-A2JE	TCGA-D3-A2JE-06	RORA	Silent	p.A35A	0.59
TCGA-D3-A2JE	TCGA-D3-A2JE-06	RORC	Missense_Mutation	p.S38L	0.40
TCGA-D3-A2JF	TCGA-D3-A2JF-06	ARNTL	Nonsense_Mutation	p.R275*	0.24
TCGA-D3-A2JF	TCGA-D3-A2JF-06	RORC	Silent	p.K311K	0.37
TCGA-D3-A2JG	TCGA-D3-A2JG-06	NPAS2	Missense_Mutation	p.S496L	0.44
TCGA-D3-A2JH	TCGA-D3-A2JH-06	PER3	Silent	p.G733G	0.12
TCGA-D3-A2JP	TCGA-D3-A2JP-06	RORB	Missense_Mutation	p.P452S	0.58
TCGA-D3-A2JP	TCGA-D3-A2JP-06	RORC	3'UTR		0.55
TCGA-D3-A3C3	TCGA-D3-A3C3-06	PER1	Silent	p.R694R	0.24
TCGA-D3-A3CB	TCGA-D3-A3CB-06	PER1	Missense_Mutation	p.H409Y	0.31
TCGA-D3-A3ML	TCGA-D3-A3ML-06	RORB	Missense_Mutation	p.G322E	0.33
TCGA-D3-A3ML	TCGA-D3-A3ML-06	RORB	Silent	p.S17S	0.63
TCGA-D3-A3MO	TCGA-D3-A3MO-06	CRY2	Missense_Mutation	p.V401M	0.09
TCGA-D3-A51E	TCGA-D3-A51E-06	CRY2	Missense_Mutation	p.P144L	0.42
TCGA-D3-A51F	TCGA-D3-A51F-06	RORC	Missense_Mutation	p.F377Y	0.10
TCGA-D3-A5GL	TCGA-D3-A5GL-06	CLOCK	Silent	p.T687T	0.37
TCGA-D3-A5GL	TCGA-D3-A5GL-06	CRY2	Missense_Mutation	p.A7V	0.41
TCGA-D3-A5GL	TCGA-D3-A5GL-06	TIMELESS	Silent	p.G197G	0.36
TCGA-D3-A5GO	TCGA-D3-A5GO-06	TIMELESS	Missense_Mutation	p.L654F	0.36
TCGA-D3-A5GS	TCGA-D3-A5GS-06	NR1D1	Missense_Mutation	p.P337S	0.37
TCGA-D3-A8GB	TCGA-D3-A8GB-06	NPAS2	Silent	p.L819L	0.22
TCGA-D3-A8GI	TCGA-D3-A8GI-06	ARNTL	Silent	p.T394T	0.40
TCGA-D3-A8GI	TCGA-D3-A8GI-06	PER1	Missense_Mutation	p.P473S	0.73
TCGA-D3-A8GI	TCGA-D3-A8GI-06	PER3	Missense_Mutation	p.P895S	0.33
TCGA-D3-A8GI	TCGA-D3-A8GI-06	RORB	Missense_Mutation	p.D290N	0.28
TCGA-D3-A8GI	TCGA-D3-A8GI-06	RORB	Missense_Mutation	p.E211K	0.62
TCGA-D3-A8GI	TCGA-D3-A8GI-06	RORB	Silent	p.L286L	0.25
TCGA-D3-A8GI	TCGA-D3-A8GI-06	RORC	Silent	p.K108K	0.40
TCGA-D3-A8GI	TCGA-D3-A8GI-06	RORC	Silent	p.R3R	0.38
TCGA-D3-A8GI	TCGA-D3-A8GI-06	TIMELESS	Missense_Mutation	p.A1041V	0.24
TCGA-D3-A8GK	TCGA-D3-A8GK-06	PER1	3'UTR		0.51
TCGA-D3-A8GL	TCGA-D3-A8GL-06	NPAS2	Missense_Mutation	p.A437T	0.51
TCGA-D3-A8GL	TCGA-D3-A8GL-06	RORB	Missense_Mutation	p.S254F	0.86
TCGA-D3-A8GL	TCGA-D3-A8GL-06	TIMELESS	Missense_Mutation	p.R500C	0.41
TCGA-D3-A8GM	TCGA-D3-A8GM-06	CSNK1D	Missense_Mutation	p.P166H	0.39
TCGA-D3-A8GM	TCGA-D3-A8GM-06	NPAS2	Silent	p.F132F	0.35
TCGA-D3-A8GM	TCGA-D3-A8GM-06	NR1D1	Silent	p.P406P	0.29
TCGA-D3-A8GM	TCGA-D3-A8GM-06	PER1	Missense_Mutation	p.L388F	0.56
TCGA-D3-A8GM	TCGA-D3-A8GM-06	PER1	Silent	p.G190G	0.39
TCGA-D3-A8GM	TCGA-D3-A8GM-06	RORA	Intron		0.26
TCGA-D3-A8GM	TCGA-D3-A8GM-06	RORA	Intron		0.28
TCGA-D3-A8GM	TCGA-D3-A8GM-06	RORA	Nonsense_Mutation	p.R495*	0.42
TCGA-D3-A8GM	TCGA-D3-A8GM-06	RORC	Missense_Mutation	p.R473Q	0.15
TCGA-D3-A8GQ	TCGA-D3-A8GQ-06	PER1	5'UTR		0.30
TCGA-D3-A8GQ	TCGA-D3-A8GQ-06	PER2	Silent	p.L386L	0.40
TCGA-D3-A8GQ	TCGA-D3-A8GQ-06	RORB	Silent	p.K87K	0.24
TCGA-D3-A8GR	TCGA-D3-A8GR-06	CSNK1E	Silent	p.L216L	0.37
TCGA-D5-5537	TCGA-D5-5537-01	PER3	Missense_Mutation	p.T344A	0.08
TCGA-D5-5540	TCGA-D5-5540-01	TIMELESS	Silent	p.V581V	0.31
TCGA-D5-6530	TCGA-D5-6530-01	CSNK1E	Intron		0.06
TCGA-D5-6534	TCGA-D5-6534-01	CSNK1E	Missense_Mutation	p.A366V	0.14
TCGA-D5-6924	TCGA-D5-6924-01	ARNTL	Missense_Mutation	p.R275Q	0.35
TCGA-D5-6928	TCGA-D5-6928-01	CRY2	Missense_Mutation	p.G563V	0.15
TCGA-D5-6928	TCGA-D5-6928-01	CSNK1D	Frame_Shift_Del	p.T344Hfs*26	0.23
TCGA-D5-6929	TCGA-D5-6929-01	ARNTL	Missense_Mutation	p.K474N	0.19
TCGA-D5-6930	TCGA-D5-6930-01	CLOCK	3'UTR		0.36
TCGA-D6-6516	TCGA-D6-6516-01	PER2	Missense_Mutation	p.R423K	0.20
TCGA-D6-6516	TCGA-D6-6516-01	PER2	Silent	p.R423R	0.21
TCGA-D6-6516	TCGA-D6-6516-01	PER3	Missense_Mutation	p.G1187S	0.21
TCGA-D6-6516	TCGA-D6-6516-01	RORC	Missense_Mutation	p.E395K	0.14
TCGA-D6-6517	TCGA-D6-6517-01	PER1	Silent	p.A839A	0.31
TCGA-D6-A6EP	TCGA-D6-A6EP-01	CLOCK	Missense_Mutation	p.R477G	0.59
TCGA-D7-5578	TCGA-D7-5578-01	RORA	3'UTR		0.07
TCGA-D7-6526	TCGA-D7-6526-01	RORA	Missense_Mutation	p.R152Q	0.36
TCGA-D7-6527	TCGA-D7-6527-01	CLOCK	3'UTR		0.10
TCGA-D7-6527	TCGA-D7-6527-01	NR1D2	Missense_Mutation	p.R160C	0.16
TCGA-D7-6528	TCGA-D7-6528-01	PER3	Silent	p.T784T	0.46
TCGA-D7-A4YY	TCGA-D7-A4YY-01	RORA	Silent	p.A11A	0.27
TCGA-D7-A6EY	TCGA-D7-A6EY-01	CLOCK	Silent	p.H442H	0.26
TCGA-D8-A145	TCGA-D8-A145-01	ARNTL	Missense_Mutation	p.S550C	0.04
TCGA-D8-A1J8	TCGA-D8-A1J8-01	CLOCK	Nonsense_Mutation	p.Q819*	0.07
TCGA-D8-A1J8	TCGA-D8-A1J8-01	PER2	Missense_Mutation	p.E1224K	0.34
TCGA-D8-A1J8	TCGA-D8-A1J8-01	TIMELESS	Missense_Mutation	p.E802Q	0.24
TCGA-D8-A1JF	TCGA-D8-A1JF-01	PER1	Missense_Mutation	p.H422Y	0.50
TCGA-D8-A1JG	TCGA-D8-A1JG-01	ARNTL	Missense_Mutation	p.T140S	0.17
TCGA-D8-A1JK	TCGA-D8-A1JK-01	CLOCK	3'UTR		0.17
TCGA-D8-A1JL	TCGA-D8-A1JL-01	NR1D1	5'UTR		0.43
TCGA-D8-A1XK	TCGA-D8-A1XK-01	CSNK1E	Missense_Mutation	p.D265E	0.24
TCGA-D8-A1XK	TCGA-D8-A1XK-01	PER1	Missense_Mutation	p.S654P	0.10
TCGA-D8-A1XK	TCGA-D8-A1XK-01	PER2	Silent	p.G648G	0.34
TCGA-D8-A1XQ	TCGA-D8-A1XQ-01	PER2	Frame_Shift_Del	p.P869Rfs*150	0.22
TCGA-D8-A1XQ	TCGA-D8-A1XQ-01	TIMELESS	In_Frame_Ins	p.E678dup	0.15
TCGA-D8-A27V	TCGA-D8-A27V-01	CRY1	Frame_Shift_Del	p.H411Tfs*26	0.17
TCGA-D8-A27V	TCGA-D8-A27V-01	CSNK1D	Frame_Shift_Del	p.V379Sfs*52	0.12
TCGA-D8-A27V	TCGA-D8-A27V-01	NPAS2	Frame_Shift_Del		0.10
TCGA-D8-A27V	TCGA-D8-A27V-01	PER1	Frame_Shift_Del	p.S1174Lfs*26	0.15
TCGA-D8-A27V	TCGA-D8-A27V-01	TIMELESS	Frame_Shift_Del	p.P319Lfs*20	0.08
TCGA-D9-A6EA	TCGA-D9-A6EA-06	PER1	Silent	p.A691A	0.93
TCGA-D9-A6EC	TCGA-D9-A6EC-06	CLOCK	Missense_Mutation	p.P159S	0.33
TCGA-D9-A6EC	TCGA-D9-A6EC-06	CRY2	Silent	p.F240F	0.53
TCGA-D9-A6EC	TCGA-D9-A6EC-06	CSNK1D	Missense_Mutation	p.I148M	0.58
TCGA-D9-A6EC	TCGA-D9-A6EC-06	NPAS2	Missense_Mutation	p.K180Q	0.19
TCGA-D9-A6EC	TCGA-D9-A6EC-06	NPAS2	Silent	p.V810V	0.68
TCGA-D9-A6EC	TCGA-D9-A6EC-06	NR1D2	Missense_Mutation	p.R171G	0.28
TCGA-D9-A6EC	TCGA-D9-A6EC-06	NR1D2	Missense_Mutation	p.V117A	0.64
TCGA-D9-A6EC	TCGA-D9-A6EC-06	PER3	Silent	p.F785F	0.65
TCGA-D9-A6EC	TCGA-D9-A6EC-06	RORB	Silent	p.K347K	0.28
TCGA-D9-A6EC	TCGA-D9-A6EC-06	RORB	Silent	p.Q39Q	0.41
TCGA-D9-A6EC	TCGA-D9-A6EC-06	RORC	3'UTR		0.52
TCGA-D9-A6EC	TCGA-D9-A6EC-06	RORC	Silent	p.R13R	0.49
TCGA-DA-A1HY	TCGA-DA-A1HY-06	RORB	Missense_Mutation	p.E358A	0.38
TCGA-DA-A1I0	TCGA-DA-A1I0-06	PER1	Missense_Mutation	p.P693S	0.33
TCGA-DA-A1I2	TCGA-DA-A1I2-06	TIMELESS	Nonsense_Mutation	p.R1028*	0.24
TCGA-DA-A1I2	TCGA-DA-A1I2-06	TIMELESS	Silent	p.I1027I	0.24
TCGA-DA-A1I7	TCGA-DA-A1I7-06	RORC	3'UTR		0.12
TCGA-DA-A1IC	TCGA-DA-A1IC-06	CSNK1D	Silent	p.F277F	0.36
TCGA-DA-A1IC	TCGA-DA-A1IC-06	TIMELESS	Missense_Mutation	p.R406C	0.30
TCGA-DA-A95Y	TCGA-DA-A95Y-06	NPAS2	Missense_Mutation	p.P807S	0.33
TCGA-DA-A95Z	TCGA-DA-A95Z-06	CRY1	Silent	p.F9F	0.61
TCGA-DA-A95Z	TCGA-DA-A95Z-06	CRY1	Silent	p.I429I	0.74
TCGA-DA-A95Z	TCGA-DA-A95Z-06	CSNK1D	Missense_Mutation	p.R270Q	0.68
TCGA-DA-A95Z	TCGA-DA-A95Z-06	CSNK1D	Silent	p.R270R	0.70
TCGA-DA-A95Z	TCGA-DA-A95Z-06	NR1D1	Missense_Mutation	p.E534K	0.32
TCGA-DA-A95Z	TCGA-DA-A95Z-06	RORB	Missense_Mutation	p.R66Q	0.32
TCGA-DA-A95Z	TCGA-DA-A95Z-06	RORB	Silent	p.V80V	0.87
TCGA-DA-A960	TCGA-DA-A960-01	PER3	Missense_Mutation	p.P978L	0.61
TCGA-DA-A960	TCGA-DA-A960-01	RORB	Silent	p.T57T	0.22
TCGA-DC-6157	TCGA-DC-6157-01	PER2	Missense_Mutation	p.I398V	0.44
TCGA-DD-A115	TCGA-DD-A115-01	NPAS2	Silent	p.V224V	0.35
TCGA-DD-A1EB	TCGA-DD-A1EB-01	NPAS2	Frame_Shift_Del	p.P121Rfs*10	0.35
TCGA-DD-A1EE	TCGA-DD-A1EE-01	CSNK1E	Missense_Mutation	p.I182M	0.04
TCGA-DD-A4NI	TCGA-DD-A4NI-01	PER1	Missense_Mutation	p.K838E	0.14
TCGA-DD-A4NN	TCGA-DD-A4NN-01	NPAS2	In_Frame_Del	p.G221_E223del	0.26
TCGA-DD-A4NO	TCGA-DD-A4NO-01	CRY1	Missense_Mutation	p.G377A	0.36
TCGA-DD-A73E	TCGA-DD-A73E-01	CSNK1E	Missense_Mutation	p.N387S	0.51
TCGA-DD-AAC8	TCGA-DD-AAC8-01	NR1D2	Splice_Site	p.X173_splice	0.23
TCGA-DD-AACA	TCGA-DD-AACA-01	PER1	Missense_Mutation	p.T659I	0.52
TCGA-DD-AACC	TCGA-DD-AACC-01	NR1D2	Missense_Mutation	p.G478V	0.21
TCGA-DD-AACK	TCGA-DD-AACK-01	CRY2	Missense_Mutation	p.Y274F	0.37
TCGA-DD-AACT	TCGA-DD-AACT-01	CSNK1D	3'UTR		0.29
TCGA-DD-AACV	TCGA-DD-AACV-01	TIMELESS	Missense_Mutation	p.R1135S	0.48
TCGA-DD-AACW	TCGA-DD-AACW-01	CRY2	Missense_Mutation	p.R192L	0.43
TCGA-DD-AADC	TCGA-DD-AADC-01	PER1	Missense_Mutation	p.A609S	0.10
TCGA-DD-AADW	TCGA-DD-AADW-01	TIMELESS	Silent	p.E670E	0.06
TCGA-DD-AAE7	TCGA-DD-AAE7-01	RORA	Missense_Mutation	p.I272T	0.31
TCGA-DD-AAE9	TCGA-DD-AAE9-01	RORB	5'UTR		0.21
TCGA-DD-AAEK	TCGA-DD-AAEK-01	CSNK1E	Missense_Mutation	p.Y286C	0.13
TCGA-DF-A2KN	TCGA-DF-A2KN-01	ARNTL	Silent	p.D595D	0.20
TCGA-DF-A2KN	TCGA-DF-A2KN-01	CRY2	3'UTR		0.19
TCGA-DF-A2KN	TCGA-DF-A2KN-01	CRY2	Nonsense_Mutation	p.Q184*	0.35
TCGA-DF-A2KN	TCGA-DF-A2KN-01	NPAS2	Splice_Site	p.X381_splice	0.23
TCGA-DF-A2KN	TCGA-DF-A2KN-01	PER3	3'UTR		0.21
TCGA-DF-A2KN	TCGA-DF-A2KN-01	PER3	5'Flank		0.62
TCGA-DF-A2KN	TCGA-DF-A2KN-01	PER3	Silent	p.R50R	0.31
TCGA-DF-A2KN	TCGA-DF-A2KN-01	TIMELESS	Silent	p.P824P	0.42
TCGA-DF-A2KU	TCGA-DF-A2KU-01	ARNTL	Silent	p.A344A	0.25
TCGA-DF-A2KU	TCGA-DF-A2KU-01	CLOCK	3'UTR		0.39
TCGA-DF-A2KU	TCGA-DF-A2KU-01	CLOCK	Missense_Mutation	p.S641N	0.41
TCGA-DF-A2KU	TCGA-DF-A2KU-01	CSNK1D	Silent	p.Y225Y	0.37
TCGA-DF-A2KU	TCGA-DF-A2KU-01	NPAS2	3'UTR		0.41
TCGA-DF-A2KU	TCGA-DF-A2KU-01	NPAS2	Missense_Mutation	p.T488M	0.35
TCGA-DF-A2KU	TCGA-DF-A2KU-01	PER1	Silent	p.A416A	0.35
TCGA-DF-A2KU	TCGA-DF-A2KU-01	PER3	Missense_Mutation	p.A1188V	0.35
TCGA-DF-A2KU	TCGA-DF-A2KU-01	PER3	Missense_Mutation	p.A801V	0.21
TCGA-DF-A2KU	TCGA-DF-A2KU-01	PER3	Missense_Mutation	p.R272I	0.29
TCGA-DF-A2KU	TCGA-DF-A2KU-01	RORB	3'UTR		0.21
TCGA-DF-A2KU	TCGA-DF-A2KU-01	RORB	3'UTR		0.32
TCGA-DF-A2KU	TCGA-DF-A2KU-01	TIMELESS	Missense_Mutation	p.Q1201P	0.35
TCGA-DF-A2KV	TCGA-DF-A2KV-01	CRY1	Missense_Mutation	p.F410V	0.27
TCGA-DF-A2KV	TCGA-DF-A2KV-01	NPAS2	Missense_Mutation	p.S122A	0.36
TCGA-DF-A2KV	TCGA-DF-A2KV-01	PER2	Missense_Mutation	p.K538T	0.26
TCGA-DF-A2KV	TCGA-DF-A2KV-01	PER2	Silent	p.S103S	0.34
TCGA-DF-A2KV	TCGA-DF-A2KV-01	RORA	Silent	p.C402C	0.32
TCGA-DG-A2KM	TCGA-DG-A2KM-01	TIMELESS	3'UTR		0.26
TCGA-DI-A1BU	TCGA-DI-A1BU-01	ARNTL	Silent	p.C372C	0.32
TCGA-DI-A1BU	TCGA-DI-A1BU-01	CLOCK	Silent	p.K9K	0.33
TCGA-DI-A1BU	TCGA-DI-A1BU-01	CRY1	Missense_Mutation	p.Y466H	0.11
TCGA-DI-A1BU	TCGA-DI-A1BU-01	CRY2	5'Flank		0.40
TCGA-DI-A1BU	TCGA-DI-A1BU-01	NPAS2	3'UTR		0.24
TCGA-DI-A1BU	TCGA-DI-A1BU-01	NPAS2	3'UTR		0.25
TCGA-DI-A1BU	TCGA-DI-A1BU-01	NR1D2	Missense_Mutation	p.N200D	0.21
TCGA-DI-A1BU	TCGA-DI-A1BU-01	PER1	Silent	p.L1197L	0.30
TCGA-DI-A1BU	TCGA-DI-A1BU-01	PER1	Silent	p.R1178R	0.35
TCGA-DI-A1BU	TCGA-DI-A1BU-01	PER1	Silent	p.R148R	0.29
TCGA-DI-A1BU	TCGA-DI-A1BU-01	PER2	Frame_Shift_Del	p.P869Rfs*150	0.32
TCGA-DI-A1BU	TCGA-DI-A1BU-01	PER2	Intron		0.19
TCGA-DI-A1BU	TCGA-DI-A1BU-01	PER2	Missense_Mutation	p.A514T	0.38
TCGA-DI-A1BU	TCGA-DI-A1BU-01	PER2	Missense_Mutation	p.D1107G	0.33
TCGA-DI-A1BU	TCGA-DI-A1BU-01	PER2	Silent	p.H493H	0.27
TCGA-DI-A1BU	TCGA-DI-A1BU-01	PER3	Missense_Mutation	p.I560V	0.34
TCGA-DI-A1BU	TCGA-DI-A1BU-01	RORA	Frame_Shift_Ins	p.E476Vfs*50	0.24
TCGA-DI-A1BU	TCGA-DI-A1BU-01	RORA	Intron		0.12
TCGA-DI-A1BU	TCGA-DI-A1BU-01	RORA	Missense_Mutation	p.Y323C	0.13
TCGA-DJ-A3V5	TCGA-DJ-A3V5-01	TIMELESS	Missense_Mutation	p.A960V	0.27
TCGA-DK-A1A3	TCGA-DK-A1A3-01	TIMELESS	Missense_Mutation	p.L792V	0.30
TCGA-DK-A1AC	TCGA-DK-A1AC-01	CRY2	Missense_Mutation	p.W270C	0.25
TCGA-DK-A1AC	TCGA-DK-A1AC-01	RORC	Silent	p.I400I	0.74
TCGA-DK-A1AD	TCGA-DK-A1AD-01	CLOCK	Missense_Mutation	p.I131T	0.24
TCGA-DK-A1AG	TCGA-DK-A1AG-01	RORC	Missense_Mutation	p.E416K	0.35
TCGA-DK-A2I1	TCGA-DK-A2I1-01	CSNK1E	Intron		0.29
TCGA-DK-A2I1	TCGA-DK-A2I1-01	CSNK1E	Intron		0.50
TCGA-DK-A2I4	TCGA-DK-A2I4-01	NPAS2	Silent	p.I113I	0.15
TCGA-DK-A2I4	TCGA-DK-A2I4-01	TIMELESS	Missense_Mutation	p.Q715E	0.04
TCGA-DK-A2I4	TCGA-DK-A2I4-01	TIMELESS	Silent	p.L100L	0.14
TCGA-DK-A2I4	TCGA-DK-A2I4-01	TIMELESS	Silent	p.L736L	0.05
TCGA-DK-A2I4	TCGA-DK-A2I4-01	TIMELESS	Silent	p.V783V	0.06
TCGA-DK-A3IT	TCGA-DK-A3IT-01	NR1D1	Missense_Mutation	p.E30Q	0.40
TCGA-DK-A3IT	TCGA-DK-A3IT-01	NR1D2	Missense_Mutation	p.Q269E	0.18
TCGA-DK-A3IT	TCGA-DK-A3IT-01	NR1D2	Missense_Mutation	p.S241F	0.28
TCGA-DK-A3IU	TCGA-DK-A3IU-01	NR1D1	Missense_Mutation	p.R500H	0.09
TCGA-DK-A3IU	TCGA-DK-A3IU-01	TIMELESS	Missense_Mutation	p.E428K	0.24
TCGA-DK-A3IU	TCGA-DK-A3IU-01	TIMELESS	Missense_Mutation	p.R515Q	0.20
TCGA-DK-A3WW	TCGA-DK-A3WW-01	NR1D2	3'UTR		0.33
TCGA-DK-A3WW	TCGA-DK-A3WW-01	RORA	Silent	p.V532V	0.18
TCGA-DK-A6AW	TCGA-DK-A6AW-01	NPAS2	Missense_Mutation	p.K260N	0.35
TCGA-DK-A6B6	TCGA-DK-A6B6-01	ARNTL	Splice_Site	p.X539_splice	0.24
TCGA-DK-AA6S	TCGA-DK-AA6S-01	CRY1	Missense_Mutation	p.L148V	0.26
TCGA-DK-AA6S	TCGA-DK-AA6S-01	RORB	Missense_Mutation	p.G32R	0.32
TCGA-DK-AA6U	TCGA-DK-AA6U-01	PER2	Splice_Site	p.X77_splice	0.94
TCGA-DK-AA71	TCGA-DK-AA71-01	CLOCK	Silent	p.L417L	0.23
TCGA-DK-AA71	TCGA-DK-AA71-01	CRY1	Silent	p.I314I	0.50
TCGA-DK-AA71	TCGA-DK-AA71-01	NPAS2	Missense_Mutation	p.R615T	0.24
TCGA-DK-AA71	TCGA-DK-AA71-01	RORA	Missense_Mutation	p.S85L	0.47
TCGA-DK-AA75	TCGA-DK-AA75-01	NPAS2	Silent	p.L534L	0.13
TCGA-DK-AA76	TCGA-DK-AA76-01	NR1D2	Missense_Mutation	p.F126L	0.57
TCGA-DK-AA77	TCGA-DK-AA77-01	CSNK1E	Intron		0.22
TCGA-DM-A0XF	TCGA-DM-A0XF-01	NPAS2	3'UTR		0.44
TCGA-DM-A1D0	TCGA-DM-A1D0-01	RORB	Silent	p.N143N	0.13
TCGA-DM-A1D4	TCGA-DM-A1D4-01	PER2	Missense_Mutation	p.R51W	0.36
TCGA-DM-A1DA	TCGA-DM-A1DA-01	PER2	Missense_Mutation	p.A972S	0.32
TCGA-DM-A1HB	TCGA-DM-A1HB-01	RORC	Missense_Mutation	p.V277A	0.41
TCGA-DM-A28K	TCGA-DM-A28K-01	TIMELESS	Missense_Mutation	p.R1065C	0.40
TCGA-DR-A0ZM	TCGA-DR-A0ZM-01	CRY1	Silent	p.L500L	0.22
TCGA-DR-A0ZM	TCGA-DR-A0ZM-01	PER3	Missense_Mutation	p.E1094Q	0.25
TCGA-DR-A0ZM	TCGA-DR-A0ZM-01	TIMELESS	Missense_Mutation	p.E480Q	0.20
TCGA-DR-A0ZM	TCGA-DR-A0ZM-01	TIMELESS	Missense_Mutation	p.E491D	0.17
TCGA-DR-A0ZM	TCGA-DR-A0ZM-01	TIMELESS	Nonsense_Mutation	p.S923*	0.15
TCGA-DS-A0VK	TCGA-DS-A0VK-01	NPAS2	Missense_Mutation	p.R808Q	0.15
TCGA-DU-5849	TCGA-DU-5849-01	PER1	Missense_Mutation	p.G7E	0.14
TCGA-DU-5872	TCGA-DU-5872-01	RORB	Missense_Mutation	p.Q111H	0.24
TCGA-DU-6392	TCGA-DU-6392-01	CRY1	Missense_Mutation	p.F200C	0.34
TCGA-DU-6392	TCGA-DU-6392-01	CRY1	Missense_Mutation	p.I170V	0.10
TCGA-DU-6392	TCGA-DU-6392-01	CSNK1D	Missense_Mutation	p.L144M	0.43
TCGA-DU-6392	TCGA-DU-6392-01	CSNK1E	Missense_Mutation	p.R396W	0.38
TCGA-DU-6392	TCGA-DU-6392-01	NPAS2	Missense_Mutation	p.P370S	0.28
TCGA-DU-6392	TCGA-DU-6392-01	NPAS2	Silent	p.A410A	0.33
TCGA-DU-6392	TCGA-DU-6392-01	NR1D1	Missense_Mutation	p.E353D	0.33
TCGA-DU-6392	TCGA-DU-6392-01	NR1D2	Missense_Mutation	p.K439N	0.09
TCGA-DU-6392	TCGA-DU-6392-01	PER1	3'UTR		0.12
TCGA-DU-6392	TCGA-DU-6392-01	PER1	Missense_Mutation	p.G157S	0.35
TCGA-DU-6392	TCGA-DU-6392-01	PER2	Missense_Mutation	p.K63N	0.12
TCGA-DU-6392	TCGA-DU-6392-01	PER2	Missense_Mutation	p.L920M	0.13
TCGA-DU-6392	TCGA-DU-6392-01	PER3	Missense_Mutation	p.T846N	0.08
TCGA-DU-6392	TCGA-DU-6392-01	PER3	Silent	p.H671H	0.14
TCGA-DU-6392	TCGA-DU-6392-01	PER3	Silent	p.T784T	0.35
TCGA-DU-6392	TCGA-DU-6392-01	RORC	3'UTR		0.30
TCGA-DU-8168	TCGA-DU-8168-01	TIMELESS	Missense_Mutation	p.R40P	0.09
TCGA-DU-A6S8	TCGA-DU-A6S8-01	CSNK1D	3'UTR		0.31
TCGA-DX-A3M1	TCGA-DX-A3M1-01	RORB	Missense_Mutation	p.R56K	0.39
TCGA-DX-A8BO	TCGA-DX-A8BO-01	NR1D2	In_Frame_Del	p.G478_M486del	0.18
TCGA-DX-A8BP	TCGA-DX-A8BP-01	CSNK1D	3'Flank		0.25
TCGA-DX-A8BP	TCGA-DX-A8BP-01	PER1	Missense_Mutation	p.P956S	0.15
TCGA-DX-A8BZ	TCGA-DX-A8BZ-01	PER1	Missense_Mutation	p.A1285T	0.11
TCGA-DX-AB2E	TCGA-DX-AB2E-01	CSNK1E	3'UTR		0.62
TCGA-DX-AB2E	TCGA-DX-AB2E-01	TIMELESS	Missense_Mutation	p.E1004K	0.33
TCGA-DX-AB2Z	TCGA-DX-AB2Z-01	RORC	Missense_Mutation	p.E511K	0.10
TCGA-DY-A1DF	TCGA-DY-A1DF-01	PER1	Missense_Mutation	p.R15S	0.80
TCGA-E2-A1B1	TCGA-E2-A1B1-01	CSNK1D	Missense_Mutation	p.V360I	0.12
TCGA-E2-A1BC	TCGA-E2-A1BC-01	CLOCK	Nonsense_Mutation	p.E162*	0.05
TCGA-E2-A2P6	TCGA-E2-A2P6-01	CLOCK	3'UTR		0.50
TCGA-E3-A3DY	TCGA-E3-A3DY-01	CSNK1D	Missense_Mutation	p.E364D	0.15
TCGA-E5-A4U1	TCGA-E5-A4U1-01	CLOCK	Missense_Mutation	p.E234Q	0.06
TCGA-E6-A1LX	TCGA-E6-A1LX-01	CLOCK	3'UTR		0.15
TCGA-E6-A1LX	TCGA-E6-A1LX-01	CLOCK	3'UTR		0.23
TCGA-E6-A1LX	TCGA-E6-A1LX-01	CLOCK	Missense_Mutation	p.T181A	0.39
TCGA-E6-A1LX	TCGA-E6-A1LX-01	CLOCK	Nonsense_Mutation	p.R97*	0.15
TCGA-E6-A1LX	TCGA-E6-A1LX-01	CRY1	3'UTR		0.19
TCGA-E6-A1LX	TCGA-E6-A1LX-01	CSNK1D	Missense_Mutation	p.E247K	0.21
TCGA-E6-A1LX	TCGA-E6-A1LX-01	NPAS2	3'UTR		0.10
TCGA-E6-A1LX	TCGA-E6-A1LX-01	NPAS2	3'UTR		0.38
TCGA-E6-A1LX	TCGA-E6-A1LX-01	NR1D1	3'UTR		0.43
TCGA-E6-A1LX	TCGA-E6-A1LX-01	NR1D2	Missense_Mutation	p.D361Y	0.17
TCGA-E6-A1LX	TCGA-E6-A1LX-01	PER1	5'UTR		0.17
TCGA-E6-A1LX	TCGA-E6-A1LX-01	PER1	Missense_Mutation	p.E1044K	0.14
TCGA-E6-A1LX	TCGA-E6-A1LX-01	PER2	Silent	p.E1225E	0.30
TCGA-E6-A1LX	TCGA-E6-A1LX-01	PER3	Missense_Mutation	p.L707P	0.14
TCGA-E6-A1LX	TCGA-E6-A1LX-01	PER3	Missense_Mutation	p.S317Y	0.23
TCGA-E6-A1LX	TCGA-E6-A1LX-01	PER3	Silent	p.L140L	0.22
TCGA-E6-A1LX	TCGA-E6-A1LX-01	RORA	Intron		0.22
TCGA-E6-A1LX	TCGA-E6-A1LX-01	RORB	Missense_Mutation	p.H423R	0.16
TCGA-E6-A1LX	TCGA-E6-A1LX-01	RORB	Missense_Mutation	p.I219T	0.16
TCGA-E6-A1LX	TCGA-E6-A1LX-01	RORB	Missense_Mutation	p.K87N	0.17
TCGA-E6-A1LX	TCGA-E6-A1LX-01	TIMELESS	Missense_Mutation	p.G1007A	0.13
TCGA-E6-A1M0	TCGA-E6-A1M0-01	ARNTL	Missense_Mutation	p.R238Q	0.29
TCGA-E6-A1M0	TCGA-E6-A1M0-01	PER3	Missense_Mutation	p.T490M	0.40
TCGA-E6-A1M0	TCGA-E6-A1M0-01	RORB	Missense_Mutation	p.I12M	0.47
TCGA-E6-A2P8	TCGA-E6-A2P8-01	CRY1	Missense_Mutation	p.R348C	0.32
TCGA-E6-A2P8	TCGA-E6-A2P8-01	PER2	Missense_Mutation	p.Y246H	0.26
TCGA-E6-A8L9	TCGA-E6-A8L9-01	PER1	Missense_Mutation	p.R307W	0.15
TCGA-E7-A4IJ	TCGA-E7-A4IJ-01	RORB	Silent	p.R66R	0.14
TCGA-E7-A541	TCGA-E7-A541-01	NR1D2	Missense_Mutation	p.Q365H	0.11
TCGA-E7-A6MF	TCGA-E7-A6MF-01	TIMELESS	Nonsense_Mutation	p.R858*	0.44
TCGA-E7-A7DV	TCGA-E7-A7DV-01	NR1D2	Missense_Mutation	p.M541I	0.17
TCGA-E7-A7XN	TCGA-E7-A7XN-01	NPAS2	5'UTR		0.19
TCGA-E7-A7XN	TCGA-E7-A7XN-01	NR1D2	Missense_Mutation	p.H395D	0.10
TCGA-E7-A85H	TCGA-E7-A85H-01	TIMELESS	Silent	p.L224L	0.36
TCGA-E7-A97P	TCGA-E7-A97P-01	NR1D2	Missense_Mutation	p.P579R	0.25
TCGA-E9-A6HE	TCGA-E9-A6HE-01	TIMELESS	Missense_Mutation	p.R241C	0.40
TCGA-EA-A3HS	TCGA-EA-A3HS-01	CRY1	3'UTR		0.27
TCGA-EA-A3HU	TCGA-EA-A3HU-01	RORC	Silent	p.F403F	0.34
TCGA-EA-A3QD	TCGA-EA-A3QD-01	NPAS2	Missense_Mutation	p.D111N	0.32
TCGA-EA-A3Y4	TCGA-EA-A3Y4-01	CRY2	5'Flank		0.26
TCGA-EA-A410	TCGA-EA-A410-01	CSNK1D	Frame_Shift_Del	p.R358Gfs*12	0.37
TCGA-EA-A410	TCGA-EA-A410-01	PER2	Silent	p.D1204D	0.56
TCGA-EA-A410	TCGA-EA-A410-01	RORC	Missense_Mutation	p.R105C	0.44
TCGA-EB-A299	TCGA-EB-A299-01	NR1D2	Silent	p.A61A	0.24
TCGA-EB-A3XB	TCGA-EB-A3XB-01	TIMELESS	Silent	p.N355N	0.28
TCGA-EB-A3XC	TCGA-EB-A3XC-01	NR1D1	3'UTR		0.38
TCGA-EB-A3XD	TCGA-EB-A3XD-01	PER2	Missense_Mutation	p.P249L	0.06
TCGA-EB-A3XD	TCGA-EB-A3XD-01	RORB	Missense_Mutation	p.P443S	0.11
TCGA-EB-A3XF	TCGA-EB-A3XF-01	CLOCK	Missense_Mutation	p.M729V	0.40
TCGA-EB-A3Y7	TCGA-EB-A3Y7-01	PER1	Silent	p.I344I	0.29
TCGA-EB-A41A	TCGA-EB-A41A-01	RORB	3'UTR		0.36
TCGA-EB-A41A	TCGA-EB-A41A-01	RORB	Missense_Mutation	p.P165S	0.32
TCGA-EB-A41A	TCGA-EB-A41A-01	RORC	Silent	p.F334F	0.36
TCGA-EB-A430	TCGA-EB-A430-01	CRY2	Missense_Mutation	p.S325F	0.19
TCGA-EB-A431	TCGA-EB-A431-01	NPAS2	Missense_Mutation	p.P269L	0.19
TCGA-EB-A431	TCGA-EB-A431-01	NPAS2	Missense_Mutation	p.R231C	0.39
TCGA-EB-A431	TCGA-EB-A431-01	RORC	Silent	p.L425L	0.43
TCGA-EB-A44R	TCGA-EB-A44R-06	CRY1	Silent	p.G542G	0.09
TCGA-EB-A4P0	TCGA-EB-A4P0-01	RORC	Missense_Mutation	p.G143E	0.31
TCGA-EB-A5SE	TCGA-EB-A5SE-01	NR1D1	Silent	p.K412K	0.38
TCGA-EB-A5SE	TCGA-EB-A5SE-01	PER3	Silent	p.F66F	0.44
TCGA-EB-A5SE	TCGA-EB-A5SE-01	RORB	Silent	p.K347K	0.38
TCGA-EB-A5SG	TCGA-EB-A5SG-06	PER2	Missense_Mutation	p.S500F	0.14
TCGA-EB-A6QY	TCGA-EB-A6QY-01	RORB	Missense_Mutation	p.R2Q	0.12
TCGA-EB-A6R0	TCGA-EB-A6R0-01	NR1D2	Silent	p.Q293Q	0.35
TCGA-EB-A6R0	TCGA-EB-A6R0-01	PER2	Nonsense_Mutation	p.Q301*	0.09
TCGA-EC-A1NJ	TCGA-EC-A1NJ-01	TIMELESS	Missense_Mutation	p.L269P	0.21
TCGA-EC-A1QX	TCGA-EC-A1QX-01	NR1D1	Missense_Mutation	p.R500S	0.30
TCGA-EC-A24G	TCGA-EC-A24G-01	CLOCK	3'UTR		0.28
TCGA-EC-A24G	TCGA-EC-A24G-01	PER3	Missense_Mutation	p.S431L	0.06
TCGA-ED-A66Y	TCGA-ED-A66Y-01	RORB	In_Frame_Del	p.K387del	0.43
TCGA-ED-A7PY	TCGA-ED-A7PY-01	CRY1	5'UTR		0.27
TCGA-EE-A17X	TCGA-EE-A17X-06	NPAS2	Missense_Mutation	p.P586L	0.43
TCGA-EE-A17X	TCGA-EE-A17X-06	NR1D2	Silent	p.L102L	0.39
TCGA-EE-A17X	TCGA-EE-A17X-06	TIMELESS	Missense_Mutation	p.S393F	0.44
TCGA-EE-A180	TCGA-EE-A180-06	NR1D2	Missense_Mutation	p.P180L	0.57
TCGA-EE-A181	TCGA-EE-A181-06	PER1	Silent	p.E1105E	0.19
TCGA-EE-A181	TCGA-EE-A181-06	RORB	Missense_Mutation	p.G322V	0.29
TCGA-EE-A181	TCGA-EE-A181-06	TIMELESS	Missense_Mutation	p.S1097F	0.19
TCGA-EE-A181	TCGA-EE-A181-06	TIMELESS	Silent	p.S1149S	0.24
TCGA-EE-A183	TCGA-EE-A183-06	CRY2	Missense_Mutation	p.S493L	0.12
TCGA-EE-A183	TCGA-EE-A183-06	RORB	Missense_Mutation	p.G206E	0.14
TCGA-EE-A20B	TCGA-EE-A20B-06	RORA	Intron		0.30
TCGA-EE-A20C	TCGA-EE-A20C-06	NPAS2	Silent	p.I144I	0.16
TCGA-EE-A20C	TCGA-EE-A20C-06	PER1	Missense_Mutation	p.P981L	0.60
TCGA-EE-A20C	TCGA-EE-A20C-06	PER3	Missense_Mutation	p.P334L	0.59
TCGA-EE-A20C	TCGA-EE-A20C-06	RORA	Missense_Mutation	p.G4E	0.97
TCGA-EE-A20F	TCGA-EE-A20F-06	PER2	Silent	p.Q769Q	0.43
TCGA-EE-A29B	TCGA-EE-A29B-06	RORB	Missense_Mutation	p.D402N	0.44
TCGA-EE-A29D	TCGA-EE-A29D-06	CSNK1D	Frame_Shift_Del	p.F206Sfs*22	0.56
TCGA-EE-A29D	TCGA-EE-A29D-06	NR1D2	Missense_Mutation	p.G466V	0.18
TCGA-EE-A29D	TCGA-EE-A29D-06	PER2	Silent	p.K297K	0.31
TCGA-EE-A29D	TCGA-EE-A29D-06	RORC	Missense_Mutation	p.R228Q	0.58
TCGA-EE-A29E	TCGA-EE-A29E-06	PER2	Missense_Mutation	p.G520D	0.33
TCGA-EE-A29E	TCGA-EE-A29E-06	PER2	Missense_Mutation	p.G520S	0.33
TCGA-EE-A29E	TCGA-EE-A29E-06	PER2	Missense_Mutation	p.P568L	0.37
TCGA-EE-A29E	TCGA-EE-A29E-06	PER2	Silent	p.P821P	0.45
TCGA-EE-A29E	TCGA-EE-A29E-06	RORA	Nonsense_Mutation	p.R27*	0.36
TCGA-EE-A29E	TCGA-EE-A29E-06	RORB	Missense_Mutation	p.G23E	0.91
TCGA-EE-A29E	TCGA-EE-A29E-06	RORB	Silent	p.H100H	0.86
TCGA-EE-A29L	TCGA-EE-A29L-06	ARNTL	Missense_Mutation	p.G163E	0.48
TCGA-EE-A29L	TCGA-EE-A29L-06	ARNTL	Missense_Mutation	p.G163R	0.48
TCGA-EE-A29L	TCGA-EE-A29L-06	CSNK1D	Silent	p.P236P	0.25
TCGA-EE-A29L	TCGA-EE-A29L-06	RORB	Missense_Mutation	p.E245K	0.41
TCGA-EE-A29L	TCGA-EE-A29L-06	RORC	3'UTR		0.19
TCGA-EE-A29M	TCGA-EE-A29M-06	PER2	Nonsense_Mutation	p.R805*	0.15
TCGA-EE-A29M	TCGA-EE-A29M-06	PER3	Silent	p.S1037S	0.27
TCGA-EE-A29S	TCGA-EE-A29S-06	NR1D2	Missense_Mutation	p.P55L	0.19
TCGA-EE-A29S	TCGA-EE-A29S-06	NR1D2	Silent	p.P55P	0.18
TCGA-EE-A2A1	TCGA-EE-A2A1-06	CRY1	Missense_Mutation	p.S194L	0.17
TCGA-EE-A2A1	TCGA-EE-A2A1-06	TIMELESS	Missense_Mutation	p.S953F	0.15
TCGA-EE-A2A2	TCGA-EE-A2A2-06	PER1	Silent	p.V729V	0.61
TCGA-EE-A2A2	TCGA-EE-A2A2-06	PER3	Nonsense_Mutation	p.Q460*	0.35
TCGA-EE-A2A2	TCGA-EE-A2A2-06	RORB	Missense_Mutation	p.E245K	0.67
TCGA-EE-A2A5	TCGA-EE-A2A5-06	PER1	Missense_Mutation	p.S624F	0.84
TCGA-EE-A2GC	TCGA-EE-A2GC-06	ARNTL	Missense_Mutation	p.S566P	0.33
TCGA-EE-A2GC	TCGA-EE-A2GC-06	NPAS2	Missense_Mutation	p.A706V	0.30
TCGA-EE-A2GC	TCGA-EE-A2GC-06	NPAS2	Missense_Mutation	p.R514Q	0.53
TCGA-EE-A2GC	TCGA-EE-A2GC-06	NR1D1	Silent	p.K117K	0.28
TCGA-EE-A2GI	TCGA-EE-A2GI-06	PER2	Missense_Mutation	p.S939F	0.22
TCGA-EE-A2GM	TCGA-EE-A2GM-06	PER1	Silent	p.A429A	0.47
TCGA-EE-A2GO	TCGA-EE-A2GO-06	RORC	Intron		0.43
TCGA-EE-A2GP	TCGA-EE-A2GP-06	RORB	Missense_Mutation	p.S351F	0.69
TCGA-EE-A2GR	TCGA-EE-A2GR-06	ARNTL	Missense_Mutation	p.P198L	0.36
TCGA-EE-A2GS	TCGA-EE-A2GS-06	CLOCK	Missense_Mutation	p.E206K	0.40
TCGA-EE-A2M5	TCGA-EE-A2M5-06	ARNTL	Missense_Mutation	p.R475K	0.30
TCGA-EE-A2M5	TCGA-EE-A2M5-06	ARNTL	Silent	p.R475R	0.30
TCGA-EE-A2M5	TCGA-EE-A2M5-06	RORC	Missense_Mutation	p.D2N	0.32
TCGA-EE-A2M8	TCGA-EE-A2M8-06	TIMELESS	Missense_Mutation	p.H364Y	0.26
TCGA-EE-A2MC	TCGA-EE-A2MC-06	PER2	Missense_Mutation	p.P822L	0.17
TCGA-EE-A2MC	TCGA-EE-A2MC-06	PER2	Missense_Mutation	p.P822S	0.17
TCGA-EE-A2MC	TCGA-EE-A2MC-06	RORB	Missense_Mutation	p.E232K	0.13
TCGA-EE-A2MC	TCGA-EE-A2MC-06	RORB	Missense_Mutation	p.S152A	0.17
TCGA-EE-A2MD	TCGA-EE-A2MD-06	CRY2	Silent	p.A7A	0.44
TCGA-EE-A2MD	TCGA-EE-A2MD-06	PER3	Missense_Mutation	p.P702L	0.34
TCGA-EE-A2MF	TCGA-EE-A2MF-06	CRY2	Silent	p.A23A	0.57
TCGA-EE-A2MF	TCGA-EE-A2MF-06	RORC	Silent	p.F334F	0.50
TCGA-EE-A2MG	TCGA-EE-A2MG-06	RORB	3'UTR		0.13
TCGA-EE-A2ML	TCGA-EE-A2ML-06	RORC	Silent	p.E212E	0.28
TCGA-EE-A2MR	TCGA-EE-A2MR-06	CRY2	Missense_Mutation	p.R461C	0.16
TCGA-EE-A2MR	TCGA-EE-A2MR-06	PER2	Missense_Mutation	p.S912F	0.24
TCGA-EE-A2MR	TCGA-EE-A2MR-06	PER2	Silent	p.T498T	0.13
TCGA-EE-A2MR	TCGA-EE-A2MR-06	PER3	Missense_Mutation	p.L925W	0.21
TCGA-EE-A2MR	TCGA-EE-A2MR-06	RORC	Missense_Mutation	p.S163L	0.08
TCGA-EE-A2MR	TCGA-EE-A2MR-06	TIMELESS	Missense_Mutation	p.L499F	0.15
TCGA-EE-A2MR	TCGA-EE-A2MR-06	TIMELESS	Silent	p.F498F	0.15
TCGA-EE-A2MS	TCGA-EE-A2MS-06	NPAS2	Silent	p.L534L	0.11
TCGA-EE-A2MS	TCGA-EE-A2MS-06	RORA	Intron		0.22
TCGA-EE-A2MS	TCGA-EE-A2MS-06	RORB	Missense_Mutation	p.A365V	0.34
TCGA-EE-A2MT	TCGA-EE-A2MT-06	RORC	Missense_Mutation	p.E303K	0.35
TCGA-EE-A2MT	TCGA-EE-A2MT-06	RORC	Silent	p.R302R	0.33
TCGA-EE-A3AA	TCGA-EE-A3AA-06	NR1D2	Missense_Mutation	p.S47F	0.09
TCGA-EE-A3AA	TCGA-EE-A3AA-06	RORB	Silent	p.R279R	0.18
TCGA-EE-A3AC	TCGA-EE-A3AC-06	CLOCK	Missense_Mutation	p.A776T	0.38
TCGA-EE-A3AC	TCGA-EE-A3AC-06	CLOCK	Silent	p.Q775Q	0.37
TCGA-EE-A3AC	TCGA-EE-A3AC-06	PER3	Missense_Mutation	p.R272K	0.40
TCGA-EE-A3AE	TCGA-EE-A3AE-06	CRY2	Missense_Mutation	p.V401G	0.47
TCGA-EE-A3AE	TCGA-EE-A3AE-06	CRY2	Silent	p.I383I	0.33
TCGA-EE-A3AE	TCGA-EE-A3AE-06	PER1	Missense_Mutation	p.D401N	0.86
TCGA-EE-A3AE	TCGA-EE-A3AE-06	PER1	Silent	p.E400E	0.86
TCGA-EE-A3AF	TCGA-EE-A3AF-06	PER3	Missense_Mutation	p.E5K	0.73
TCGA-EE-A3AF	TCGA-EE-A3AF-06	PER3	Silent	p.R11R	0.75
TCGA-EE-A3AG	TCGA-EE-A3AG-06	PER2	Missense_Mutation	p.P8S	0.28
TCGA-EE-A3AG	TCGA-EE-A3AG-06	RORA	Nonsense_Mutation	p.Q134*	0.57
TCGA-EE-A3J5	TCGA-EE-A3J5-06	CLOCK	Nonsense_Mutation	p.E116*	0.18
TCGA-EE-A3J5	TCGA-EE-A3J5-06	CRY2	Missense_Mutation	p.A7V	0.33
TCGA-EE-A3J5	TCGA-EE-A3J5-06	CRY2	Silent	p.V6V	0.32
TCGA-EE-A3J5	TCGA-EE-A3J5-06	RORC	Silent	p.I485I	0.30
TCGA-EE-A3J7	TCGA-EE-A3J7-06	PER3	Silent	p.A1100A	0.29
TCGA-EE-A3J7	TCGA-EE-A3J7-06	RORC	Missense_Mutation	p.F401L	0.39
TCGA-EE-A3JA	TCGA-EE-A3JA-06	RORB	Missense_Mutation	p.E386K	0.32
TCGA-EE-A3JA	TCGA-EE-A3JA-06	TIMELESS	Silent	p.F341F	0.38
TCGA-EE-A3JD	TCGA-EE-A3JD-06	CSNK1D	Silent	p.V63V	0.07
TCGA-EE-A3JD	TCGA-EE-A3JD-06	NPAS2	Silent	p.C216C	0.08
TCGA-EE-A3JD	TCGA-EE-A3JD-06	RORA	5'UTR		0.19
TCGA-EE-A3JD	TCGA-EE-A3JD-06	RORA	Missense_Mutation	p.D9N	0.27
TCGA-EE-A3JD	TCGA-EE-A3JD-06	RORB	Silent	p.T208T	0.08
TCGA-EE-A3JD	TCGA-EE-A3JD-06	TIMELESS	Silent	p.L895L	0.08
TCGA-EE-A3JH	TCGA-EE-A3JH-06	PER3	Silent	p.L285L	0.08
TCGA-EE-A3JI	TCGA-EE-A3JI-06	NR1D2	In_Frame_Del	p.Q316del	0.22
TCGA-EE-A3JI	TCGA-EE-A3JI-06	PER2	Silent	p.G916G	0.43
TCGA-EI-6507	TCGA-EI-6507-01	PER2	Missense_Mutation	p.P776H	0.37
TCGA-EI-6882	TCGA-EI-6882-01	CSNK1E	Intron		0.27
TCGA-EI-6882	TCGA-EI-6882-01	NR1D1	3'UTR		0.36
TCGA-EI-6882	TCGA-EI-6882-01	NR1D2	Silent	p.A110A	0.39
TCGA-EI-6882	TCGA-EI-6882-01	RORC	Missense_Mutation	p.S219G	0.23
TCGA-EI-6884	TCGA-EI-6884-01	ARNTL	Missense_Mutation	p.R37H	0.12
TCGA-EI-6917	TCGA-EI-6917-01	ARNTL	Silent	p.T394T	0.27
TCGA-EI-6917	TCGA-EI-6917-01	CRY1	Missense_Mutation	p.D307G	0.21
TCGA-EI-6917	TCGA-EI-6917-01	CSNK1D	Silent	p.R314R	0.30
TCGA-EI-6917	TCGA-EI-6917-01	NPAS2	Missense_Mutation	p.A99T	0.31
TCGA-EI-6917	TCGA-EI-6917-01	NPAS2	Missense_Mutation	p.S496L	0.21
TCGA-EI-6917	TCGA-EI-6917-01	RORA	Intron		0.26
TCGA-EI-6917	TCGA-EI-6917-01	RORA	Missense_Mutation	p.S316L	0.20
TCGA-EI-6917	TCGA-EI-6917-01	RORA	Nonsense_Mutation	p.R27*	0.24
TCGA-EJ-5505	TCGA-EJ-5505-01	TIMELESS	Missense_Mutation	p.R663H	0.24
TCGA-EJ-5516	TCGA-EJ-5516-01	TIMELESS	Missense_Mutation	p.H1125R	0.14
TCGA-EJ-5521	TCGA-EJ-5521-01	NPAS2	Silent	p.D689D	0.15
TCGA-EJ-5525	TCGA-EJ-5525-01	NR1D2	Frame_Shift_Del	p.R128Gfs*14	0.33
TCGA-EJ-5526	TCGA-EJ-5526-01	RORB	Missense_Mutation	p.R309H	0.28
TCGA-EJ-7782	TCGA-EJ-7782-01	TIMELESS	Missense_Mutation	p.R860C	0.06
TCGA-EJ-7784	TCGA-EJ-7784-01	CRY2	Missense_Mutation	p.A27G	0.27
TCGA-EK-A2H0	TCGA-EK-A2H0-01	CRY1	Missense_Mutation	p.M484I	0.33
TCGA-EK-A2H0	TCGA-EK-A2H0-01	PER1	3'UTR		0.50
TCGA-EK-A2IP	TCGA-EK-A2IP-01	PER1	Missense_Mutation	p.E188Q	0.34
TCGA-EK-A2IP	TCGA-EK-A2IP-01	RORB	3'UTR		0.38
TCGA-EK-A2PG	TCGA-EK-A2PG-01	ARNTL	Missense_Mutation	p.S246C	0.43
TCGA-EK-A2R8	TCGA-EK-A2R8-01	CLOCK	3'UTR		0.50
TCGA-EK-A2RA	TCGA-EK-A2RA-01	PER3	Missense_Mutation	p.E1052K	0.13
TCGA-EK-A2RA	TCGA-EK-A2RA-01	PER3	Missense_Mutation	p.G818E	0.10
TCGA-EK-A3GK	TCGA-EK-A3GK-01	PER1	3'UTR		0.44
TCGA-EK-A3GK	TCGA-EK-A3GK-01	PER1	Missense_Mutation	p.D552N	0.33
TCGA-EK-A3GK	TCGA-EK-A3GK-01	PER1	Silent	p.L1046L	0.50
TCGA-EM-A2CM	TCGA-EM-A2CM-01	RORB	Missense_Mutation	p.S164F	0.41
TCGA-EO-A22R	TCGA-EO-A22R-01	ARNTL	Missense_Mutation	p.S106P	0.24
TCGA-EO-A22R	TCGA-EO-A22R-01	CRY1	Missense_Mutation	p.R348C	0.31
TCGA-EO-A22R	TCGA-EO-A22R-01	CRY1	Nonsense_Mutation	p.R263*	0.30
TCGA-EO-A22R	TCGA-EO-A22R-01	CSNK1D	3'UTR		0.44
TCGA-EO-A22R	TCGA-EO-A22R-01	CSNK1E	Intron		0.50
TCGA-EO-A22R	TCGA-EO-A22R-01	CSNK1E	Silent	p.L414L	0.30
TCGA-EO-A22R	TCGA-EO-A22R-01	NPAS2	Missense_Mutation	p.P388H	0.19
TCGA-EO-A22R	TCGA-EO-A22R-01	NPAS2	Silent	p.S371S	0.38
TCGA-EO-A22R	TCGA-EO-A22R-01	NR1D2	Missense_Mutation	p.N295T	0.40
TCGA-EO-A22R	TCGA-EO-A22R-01	PER1	Missense_Mutation	p.R570Q	0.30
TCGA-EO-A22R	TCGA-EO-A22R-01	PER2	Missense_Mutation	p.P556H	0.40
TCGA-EO-A22R	TCGA-EO-A22R-01	PER2	Silent	p.C1084C	0.40
TCGA-EO-A22R	TCGA-EO-A22R-01	PER2	Silent	p.G237G	0.41
TCGA-EO-A22R	TCGA-EO-A22R-01	PER3	Missense_Mutation	p.S23L	0.36
TCGA-EO-A22R	TCGA-EO-A22R-01	PER3	Nonsense_Mutation	p.R695*	0.32
TCGA-EO-A22R	TCGA-EO-A22R-01	RORA	Missense_Mutation	p.S291L	0.36
TCGA-EO-A22R	TCGA-EO-A22R-01	TIMELESS	5'UTR		0.31
TCGA-EO-A22R	TCGA-EO-A22R-01	TIMELESS	Missense_Mutation	p.T890A	0.44
TCGA-EO-A22S	TCGA-EO-A22S-01	CLOCK	3'UTR		0.49
TCGA-EO-A22S	TCGA-EO-A22S-01	CSNK1E	3'UTR		0.63
TCGA-EO-A22S	TCGA-EO-A22S-01	NR1D1	Silent	p.L60L	0.40
TCGA-EO-A22T	TCGA-EO-A22T-01	TIMELESS	Missense_Mutation	p.R860C	0.24
TCGA-EO-A22U	TCGA-EO-A22U-01	CLOCK	3'UTR		0.43
TCGA-EO-A22U	TCGA-EO-A22U-01	CLOCK	Frame_Shift_Ins	p.L123Ffs*14	0.33
TCGA-EO-A22U	TCGA-EO-A22U-01	CRY2	3'UTR		0.30
TCGA-EO-A22U	TCGA-EO-A22U-01	CRY2	Missense_Mutation	p.R267W	0.42
TCGA-EO-A22U	TCGA-EO-A22U-01	CSNK1D	3'Flank		0.39
TCGA-EO-A22U	TCGA-EO-A22U-01	NPAS2	3'UTR		0.37
TCGA-EO-A22U	TCGA-EO-A22U-01	NPAS2	Silent	p.I344I	0.44
TCGA-EO-A22U	TCGA-EO-A22U-01	NR1D1	Missense_Mutation	p.F439S	0.31
TCGA-EO-A22U	TCGA-EO-A22U-01	NR1D2	Silent	p.H215H	0.28
TCGA-EO-A22U	TCGA-EO-A22U-01	PER1	Missense_Mutation	p.F564C	0.47
TCGA-EO-A22U	TCGA-EO-A22U-01	PER1	Missense_Mutation	p.R570Q	0.33
TCGA-EO-A22U	TCGA-EO-A22U-01	PER2	Missense_Mutation	p.A901V	0.42
TCGA-EO-A22U	TCGA-EO-A22U-01	PER2	Missense_Mutation	p.R331I	0.41
TCGA-EO-A22U	TCGA-EO-A22U-01	PER2	Missense_Mutation	p.V197M	0.47
TCGA-EO-A22U	TCGA-EO-A22U-01	PER3	3'UTR		0.50
TCGA-EO-A22U	TCGA-EO-A22U-01	PER3	Frame_Shift_Ins	p.Y65Ifs*9	0.61
TCGA-EO-A22U	TCGA-EO-A22U-01	RORA	Missense_Mutation	p.N147K	0.31
TCGA-EO-A22U	TCGA-EO-A22U-01	RORA	Missense_Mutation	p.P274S	0.49
TCGA-EO-A22U	TCGA-EO-A22U-01	RORA	Missense_Mutation	p.R466C	0.30
TCGA-EO-A22U	TCGA-EO-A22U-01	RORB	Nonsense_Mutation	p.E246*	0.31
TCGA-EO-A22U	TCGA-EO-A22U-01	RORC	Missense_Mutation	p.E414K	0.41
TCGA-EO-A22U	TCGA-EO-A22U-01	RORC	Silent	p.Y251Y	0.45
TCGA-EO-A22X	TCGA-EO-A22X-01	ARNTL	3'UTR		0.31
TCGA-EO-A22X	TCGA-EO-A22X-01	ARNTL	Missense_Mutation	p.R496Q	0.43
TCGA-EO-A22X	TCGA-EO-A22X-01	CLOCK	3'UTR		0.20
TCGA-EO-A22X	TCGA-EO-A22X-01	CLOCK	Silent	p.S12S	0.39
TCGA-EO-A22X	TCGA-EO-A22X-01	NPAS2	3'UTR		0.31
TCGA-EO-A22X	TCGA-EO-A22X-01	NPAS2	3'UTR		0.44
TCGA-EO-A22X	TCGA-EO-A22X-01	NPAS2	Missense_Mutation	p.L257V	0.43
TCGA-EO-A22X	TCGA-EO-A22X-01	NPAS2	Nonsense_Mutation	p.L452*	0.34
TCGA-EO-A22X	TCGA-EO-A22X-01	NR1D2	Missense_Mutation	p.A574T	0.42
TCGA-EO-A22X	TCGA-EO-A22X-01	NR1D2	Missense_Mutation	p.D172Y	0.45
TCGA-EO-A22X	TCGA-EO-A22X-01	PER1	Missense_Mutation	p.R831C	0.40
TCGA-EO-A22X	TCGA-EO-A22X-01	PER2	Missense_Mutation	p.T364N	0.31
TCGA-EO-A22X	TCGA-EO-A22X-01	RORB	3'UTR		0.33
TCGA-EO-A22X	TCGA-EO-A22X-01	RORC	Missense_Mutation	p.A497T	0.24
TCGA-EO-A22X	TCGA-EO-A22X-01	TIMELESS	Missense_Mutation	p.R1028Q	0.43
TCGA-EO-A22X	TCGA-EO-A22X-01	TIMELESS	Missense_Mutation	p.R84S	0.37
TCGA-EO-A2CG	TCGA-EO-A2CG-01	PER3	Missense_Mutation	p.V543I	0.25
TCGA-EO-A3AS	TCGA-EO-A3AS-01	RORC	Nonsense_Mutation	p.S38*	0.27
TCGA-EO-A3AU	TCGA-EO-A3AU-01	NPAS2	3'UTR		0.29
TCGA-EO-A3AU	TCGA-EO-A3AU-01	PER3	Missense_Mutation	p.A676V	0.09
TCGA-EO-A3AV	TCGA-EO-A3AV-01	CSNK1D	Silent	p.L216L	0.42
TCGA-EO-A3AV	TCGA-EO-A3AV-01	CSNK1E	Missense_Mutation	p.E247K	0.29
TCGA-EO-A3AV	TCGA-EO-A3AV-01	NPAS2	3'UTR		0.12
TCGA-EO-A3AV	TCGA-EO-A3AV-01	NR1D1	5'UTR		0.16
TCGA-EO-A3AV	TCGA-EO-A3AV-01	NR1D2	Silent	p.S406S	0.16
TCGA-EO-A3AV	TCGA-EO-A3AV-01	PER2	Nonsense_Mutation	p.E764*	0.18
TCGA-EO-A3AY	TCGA-EO-A3AY-01	CSNK1D	Silent	p.F150F	0.31
TCGA-EO-A3AY	TCGA-EO-A3AY-01	CSNK1E	3'UTR		0.25
TCGA-EO-A3AY	TCGA-EO-A3AY-01	NPAS2	3'UTR		0.33
TCGA-EO-A3AY	TCGA-EO-A3AY-01	PER2	Silent	p.T1150T	0.29
TCGA-EO-A3AY	TCGA-EO-A3AY-01	RORB	Silent	p.G139G	0.43
TCGA-EO-A3AY	TCGA-EO-A3AY-01	RORC	3'UTR		0.43
TCGA-EO-A3AZ	TCGA-EO-A3AZ-01	ARNTL	Missense_Mutation	p.R416P	0.08
TCGA-EO-A3AZ	TCGA-EO-A3AZ-01	NPAS2	3'UTR		0.11
TCGA-EO-A3B0	TCGA-EO-A3B0-01	CRY2	3'UTR		0.45
TCGA-EO-A3B0	TCGA-EO-A3B0-01	CRY2	3'UTR		0.54
TCGA-EO-A3B0	TCGA-EO-A3B0-01	NPAS2	Missense_Mutation	p.F237L	0.37
TCGA-EO-A3B0	TCGA-EO-A3B0-01	NPAS2	Missense_Mutation	p.L781I	0.28
TCGA-EO-A3B0	TCGA-EO-A3B0-01	PER1	3'UTR		0.39
TCGA-EO-A3B0	TCGA-EO-A3B0-01	PER1	Missense_Mutation	p.E616K	0.38
TCGA-EO-A3B0	TCGA-EO-A3B0-01	PER1	Missense_Mutation	p.P902H	0.22
TCGA-EO-A3B0	TCGA-EO-A3B0-01	PER1	Silent	p.K1168K	0.15
TCGA-EO-A3B0	TCGA-EO-A3B0-01	PER2	Intron		0.40
TCGA-EO-A3B0	TCGA-EO-A3B0-01	PER2	Missense_Mutation	p.R331I	0.33
TCGA-EO-A3B0	TCGA-EO-A3B0-01	PER2	Silent	p.D1048D	0.31
TCGA-EO-A3B0	TCGA-EO-A3B0-01	PER3	3'UTR		0.47
TCGA-EO-A3B0	TCGA-EO-A3B0-01	PER3	Missense_Mutation	p.M883V	0.31
TCGA-EO-A3B0	TCGA-EO-A3B0-01	PER3	Missense_Mutation	p.S567Y	0.39
TCGA-EO-A3B0	TCGA-EO-A3B0-01	PER3	Silent	p.T566T	0.34
TCGA-EO-A3B0	TCGA-EO-A3B0-01	RORA	Intron		0.42
TCGA-EO-A3B0	TCGA-EO-A3B0-01	RORA	Missense_Mutation	p.L318M	0.41
TCGA-EO-A3B0	TCGA-EO-A3B0-01	RORB	3'UTR		0.35
TCGA-EO-A3B0	TCGA-EO-A3B0-01	RORB	3'UTR		0.48
TCGA-EO-A3B0	TCGA-EO-A3B0-01	RORC	Missense_Mutation	p.A449D	0.39
TCGA-EO-A3B0	TCGA-EO-A3B0-01	RORC	Missense_Mutation	p.L190V	0.34
TCGA-EO-A3B0	TCGA-EO-A3B0-01	TIMELESS	Missense_Mutation	p.R1168Q	0.36
TCGA-EO-A3KX	TCGA-EO-A3KX-01	CLOCK	3'UTR		0.08
TCGA-EO-A3KX	TCGA-EO-A3KX-01	CRY2	Missense_Mutation	p.V316L	0.25
TCGA-EO-A3KX	TCGA-EO-A3KX-01	CSNK1E	Missense_Mutation	p.M378T	0.13
TCGA-EO-A3KX	TCGA-EO-A3KX-01	NR1D1	5'UTR		0.30
TCGA-EO-A3KX	TCGA-EO-A3KX-01	PER1	5'UTR		0.48
TCGA-EO-A3KX	TCGA-EO-A3KX-01	PER2	Missense_Mutation	p.E1075D	0.27
TCGA-EO-A3KX	TCGA-EO-A3KX-01	PER2	Silent	p.Q995Q	0.12
TCGA-EO-A3KX	TCGA-EO-A3KX-01	PER3	3'UTR		0.29
TCGA-EO-A3KX	TCGA-EO-A3KX-01	RORA	Frame_Shift_Del	p.K477Nfs*8	0.33
TCGA-EO-A3KX	TCGA-EO-A3KX-01	RORA	Intron		0.24
TCGA-EO-A3KX	TCGA-EO-A3KX-01	RORA	Splice_Site	p.X128_splice	0.39
TCGA-EO-A3KX	TCGA-EO-A3KX-01	RORB	Missense_Mutation	p.Q385R	0.20
TCGA-EO-A3KX	TCGA-EO-A3KX-01	RORC	Frame_Shift_Del	p.P174Lfs*4	0.23
TCGA-EO-A3KX	TCGA-EO-A3KX-01	TIMELESS	Missense_Mutation	p.G1146D	0.40
TCGA-EO-A3L0	TCGA-EO-A3L0-01	CSNK1D	3'Flank		0.29
TCGA-EP-A3JL	TCGA-EP-A3JL-01	PER1	Missense_Mutation	p.I344V	0.27
TCGA-EP-A3RK	TCGA-EP-A3RK-01	PER2	Missense_Mutation	p.R984L	0.24
TCGA-ER-A194	TCGA-ER-A194-01	RORB	Nonsense_Mutation	p.Q102*	0.30
TCGA-ER-A195	TCGA-ER-A195-06	PER3	Missense_Mutation	p.R316C	0.29
TCGA-ER-A198	TCGA-ER-A198-06	NR1D2	Missense_Mutation	p.S406L	0.46
TCGA-ER-A19A	TCGA-ER-A19A-06	CSNK1E	Missense_Mutation	p.H126Y	0.09
TCGA-ER-A19D	TCGA-ER-A19D-06	NR1D2	Missense_Mutation	p.M149I	0.24
TCGA-ER-A19H	TCGA-ER-A19H-06	PER3	Missense_Mutation	p.R316C	0.20
TCGA-ER-A19N	TCGA-ER-A19N-06	CRY2	Silent	p.A195A	0.14
TCGA-ER-A19W	TCGA-ER-A19W-06	RORB	Missense_Mutation	p.A332V	0.19
TCGA-ER-A2NC	TCGA-ER-A2NC-06	PER1	Silent	p.F226F	0.44
TCGA-ER-A2NG	TCGA-ER-A2NG-06	CRY2	Silent	p.I383I	0.18
TCGA-ER-A3PL	TCGA-ER-A3PL-06	TIMELESS	Silent	p.I60I	0.17
TCGA-ET-A3BS	TCGA-ET-A3BS-01	NPAS2	Silent	p.L509L	0.06
TCGA-EV-5902	TCGA-EV-5902-01	NR1D2	Missense_Mutation	p.M195R	0.40
TCGA-EW-A1IZ	TCGA-EW-A1IZ-01	CLOCK	Missense_Mutation	p.S12L	0.08
TCGA-EW-A1IZ	TCGA-EW-A1IZ-01	TIMELESS	Missense_Mutation	p.A960V	0.12
TCGA-EW-A2FV	TCGA-EW-A2FV-01	PER2	Frame_Shift_Del	p.K87Nfs*25	0.08
TCGA-EW-A2FV	TCGA-EW-A2FV-01	PER2	Frame_Shift_Del	p.M67Cfs*17	0.09
TCGA-EW-A2FV	TCGA-EW-A2FV-01	PER2	Frame_Shift_Del	p.T1009Pfs*10	0.12
TCGA-EW-A2FV	TCGA-EW-A2FV-01	PER3	Frame_Shift_Del	p.G832Afs*17	0.09
TCGA-EX-A3L1	TCGA-EX-A3L1-01	PER3	Nonsense_Mutation	p.E1113*	0.17
TCGA-EY-A1G8	TCGA-EY-A1G8-01	PER1	Silent	p.S1241S	0.56
TCGA-EY-A1GD	TCGA-EY-A1GD-01	CLOCK	Missense_Mutation	p.T754M	0.23
TCGA-EY-A1GD	TCGA-EY-A1GD-01	RORC	Missense_Mutation	p.K336N	0.14
TCGA-EY-A1GF	TCGA-EY-A1GF-01	RORC	Missense_Mutation	p.R98Q	0.31
TCGA-EY-A1GI	TCGA-EY-A1GI-01	ARNTL	Missense_Mutation	p.R126I	0.32
TCGA-EY-A1GI	TCGA-EY-A1GI-01	CRY1	3'UTR		0.38
TCGA-EY-A1GI	TCGA-EY-A1GI-01	CSNK1E	3'UTR		0.23
TCGA-EY-A1GI	TCGA-EY-A1GI-01	NPAS2	Missense_Mutation	p.R195C	0.29
TCGA-EY-A1GI	TCGA-EY-A1GI-01	PER2	Nonsense_Mutation	p.E263*	0.38
TCGA-EY-A1GK	TCGA-EY-A1GK-01	PER1	Frame_Shift_Del	p.A691Pfs*13	0.28
TCGA-EY-A1GK	TCGA-EY-A1GK-01	RORC	Silent	p.Q124Q	0.25
TCGA-EY-A1GO	TCGA-EY-A1GO-01	CRY2	3'UTR		0.35
TCGA-EY-A1GU	TCGA-EY-A1GU-01	CRY2	Silent	p.Y453Y	0.52
TCGA-EY-A1GU	TCGA-EY-A1GU-01	PER2	Silent	p.S951S	0.20
TCGA-EY-A1GU	TCGA-EY-A1GU-01	RORC	Silent	p.T375T	0.09
TCGA-EY-A212	TCGA-EY-A212-01	RORA	Missense_Mutation	p.A15S	0.07
TCGA-EY-A215	TCGA-EY-A215-01	CRY2	3'UTR		0.38
TCGA-EY-A215	TCGA-EY-A215-01	CRY2	Splice_Site	p.X569_splice	0.38
TCGA-EY-A215	TCGA-EY-A215-01	CSNK1D	3'UTR		0.38
TCGA-EY-A215	TCGA-EY-A215-01	NR1D1	Missense_Mutation	p.A202T	0.25
TCGA-EY-A215	TCGA-EY-A215-01	PER3	Missense_Mutation	p.S1045F	0.33
TCGA-EY-A215	TCGA-EY-A215-01	TIMELESS	Missense_Mutation	p.K776N	0.57
TCGA-EY-A2OM	TCGA-EY-A2OM-01	CLOCK	Missense_Mutation	p.V73I	0.43
TCGA-EY-A2OP	TCGA-EY-A2OP-01	RORA	Frame_Shift_Del	p.F130Sfs*20	0.12
TCGA-EY-A2OQ	TCGA-EY-A2OQ-01	CRY2	Missense_Mutation	p.R260H	0.40
TCGA-EY-A547	TCGA-EY-A547-01	NPAS2	Missense_Mutation	p.R514W	0.47
TCGA-EY-A547	TCGA-EY-A547-01	PER2	Silent	p.C1084C	0.05
TCGA-EY-A547	TCGA-EY-A547-01	TIMELESS	Silent	p.L61L	0.31
TCGA-EY-A548	TCGA-EY-A548-01	RORA	Silent	p.T227T	0.39
TCGA-EY-A549	TCGA-EY-A549-01	ARNTL	Missense_Mutation	p.S464N	0.38
TCGA-EY-A549	TCGA-EY-A549-01	NR1D1	Missense_Mutation	p.V13I	0.36
TCGA-EY-A549	TCGA-EY-A549-01	PER1	Missense_Mutation	p.R968H	0.53
TCGA-EY-A5W2	TCGA-EY-A5W2-01	PER2	Missense_Mutation	p.V436A	0.32
TCGA-EY-A5W2	TCGA-EY-A5W2-01	PER3	Missense_Mutation	p.R604W	0.12
TCGA-EY-A5W2	TCGA-EY-A5W2-01	TIMELESS	Missense_Mutation	p.A1133V	0.40
TCGA-F4-6570	TCGA-F4-6570-01	CSNK1E	Missense_Mutation	p.S368P	0.27
TCGA-F4-6570	TCGA-F4-6570-01	NR1D1	Missense_Mutation	p.S383N	0.29
TCGA-F4-6570	TCGA-F4-6570-01	RORC	Missense_Mutation	p.G104S	0.33
TCGA-F4-6570	TCGA-F4-6570-01	TIMELESS	Nonsense_Mutation	p.R487*	0.10
TCGA-F4-6703	TCGA-F4-6703-01	RORC	In_Frame_Del	p.F300del	0.15
TCGA-F4-6809	TCGA-F4-6809-01	RORA	Missense_Mutation	p.A66V	0.33
TCGA-F5-6814	TCGA-F5-6814-01	CLOCK	Missense_Mutation	p.Q49K	0.11
TCGA-F5-6814	TCGA-F5-6814-01	CRY1	Missense_Mutation	p.L499I	0.24
TCGA-F5-6814	TCGA-F5-6814-01	PER3	3'UTR		0.33
TCGA-F7-7848	TCGA-F7-7848-01	PER3	Missense_Mutation	p.E1101K	0.23
TCGA-F7-A50J	TCGA-F7-A50J-01	RORA	Missense_Mutation	p.T545S	0.07
TCGA-F7-A623	TCGA-F7-A623-01	RORA	Missense_Mutation	p.M97I	0.11
TCGA-F7-A624	TCGA-F7-A624-01	RORC	Missense_Mutation	p.L195I	0.45
TCGA-FA-A7Q1	TCGA-FA-A7Q1-01	CSNK1E	In_Frame_Del	p.S391del	0.38
TCGA-FD-A3B3	TCGA-FD-A3B3-01	CSNK1D	Silent	p.K43K	0.05
TCGA-FD-A3N5	TCGA-FD-A3N5-01	CRY2	Missense_Mutation	p.P359S	0.22
TCGA-FD-A3SO	TCGA-FD-A3SO-01	CSNK1D	Silent	p.T27T	0.33
TCGA-FD-A43X	TCGA-FD-A43X-01	PER3	Missense_Mutation	p.E668K	0.32
TCGA-FD-A43X	TCGA-FD-A43X-01	PER3	Missense_Mutation	p.E687Q	0.37
TCGA-FD-A43X	TCGA-FD-A43X-01	PER3	Missense_Mutation	p.E953Q	0.29
TCGA-FD-A43X	TCGA-FD-A43X-01	PER3	Missense_Mutation	p.S568F	0.59
TCGA-FD-A43X	TCGA-FD-A43X-01	PER3	Silent	p.S753S	0.31
TCGA-FD-A5C1	TCGA-FD-A5C1-01	RORA	Silent	p.Q185Q	0.25
TCGA-FD-A62P	TCGA-FD-A62P-01	NPAS2	Nonsense_Mutation	p.Q482*	0.07
TCGA-FD-A6TA	TCGA-FD-A6TA-01	CLOCK	Nonsense_Mutation	p.E176*	0.32
TCGA-FD-A6TC	TCGA-FD-A6TC-01	RORC	Missense_Mutation	p.E435D	0.16
TCGA-FD-A6TD	TCGA-FD-A6TD-01	RORC	Missense_Mutation	p.E414K	0.11
TCGA-FD-A6TF	TCGA-FD-A6TF-01	PER1	Missense_Mutation	p.R253H	0.22
TCGA-FD-A6TI	TCGA-FD-A6TI-01	NR1D2	Missense_Mutation	p.H114P	0.21
TCGA-FI-A2D0	TCGA-FI-A2D0-01	CRY2	Missense_Mutation	p.R348H	0.35
TCGA-FI-A2D0	TCGA-FI-A2D0-01	CSNK1D	3'UTR		0.58
TCGA-FI-A2D0	TCGA-FI-A2D0-01	CSNK1D	Missense_Mutation	p.G72R	0.43
TCGA-FI-A2D0	TCGA-FI-A2D0-01	CSNK1E	Intron		0.44
TCGA-FI-A2D0	TCGA-FI-A2D0-01	NPAS2	3'UTR		0.40
TCGA-FI-A2D0	TCGA-FI-A2D0-01	NPAS2	Missense_Mutation	p.S816L	0.25
TCGA-FI-A2D0	TCGA-FI-A2D0-01	NPAS2	Missense_Mutation	p.S81G	0.33
TCGA-FI-A2D0	TCGA-FI-A2D0-01	NPAS2	Missense_Mutation	p.V711M	0.43
TCGA-FI-A2D0	TCGA-FI-A2D0-01	NR1D1	Missense_Mutation	p.R461H	0.31
TCGA-FI-A2D0	TCGA-FI-A2D0-01	NR1D1	Silent	p.A542A	0.35
TCGA-FI-A2D0	TCGA-FI-A2D0-01	NR1D2	Missense_Mutation	p.M99I	0.43
TCGA-FI-A2D0	TCGA-FI-A2D0-01	NR1D2	Missense_Mutation	p.R182H	0.31
TCGA-FI-A2D0	TCGA-FI-A2D0-01	PER1	Missense_Mutation	p.P335L	0.28
TCGA-FI-A2D0	TCGA-FI-A2D0-01	PER2	Missense_Mutation	p.A1086T	0.45
TCGA-FI-A2D0	TCGA-FI-A2D0-01	PER2	Missense_Mutation	p.A843V	0.38
TCGA-FI-A2D0	TCGA-FI-A2D0-01	PER2	Missense_Mutation	p.P988S	0.44
TCGA-FI-A2D0	TCGA-FI-A2D0-01	PER2	Silent	p.S1233S	0.48
TCGA-FI-A2D0	TCGA-FI-A2D0-01	PER3	Silent	p.Y814Y	0.34
TCGA-FI-A2D0	TCGA-FI-A2D0-01	RORC	Missense_Mutation	p.A93V	0.36
TCGA-FI-A2D0	TCGA-FI-A2D0-01	TIMELESS	Silent	p.N470N	0.45
TCGA-FI-A2D4	TCGA-FI-A2D4-01	CSNK1E	3'UTR		0.50
TCGA-FI-A2D5	TCGA-FI-A2D5-01	ARNTL	Missense_Mutation	p.A104T	0.48
TCGA-FI-A2D5	TCGA-FI-A2D5-01	CLOCK	3'UTR		0.23
TCGA-FI-A2D5	TCGA-FI-A2D5-01	CLOCK	3'UTR		0.36
TCGA-FI-A2D5	TCGA-FI-A2D5-01	CRY1	3'UTR		0.30
TCGA-FI-A2D5	TCGA-FI-A2D5-01	CRY1	Missense_Mutation	p.L386I	0.37
TCGA-FI-A2D5	TCGA-FI-A2D5-01	CRY1	Missense_Mutation	p.N92S	0.31
TCGA-FI-A2D5	TCGA-FI-A2D5-01	CRY1	Nonsense_Mutation	p.W91*	0.12
TCGA-FI-A2D5	TCGA-FI-A2D5-01	CRY1	Silent	p.G144G	0.27
TCGA-FI-A2D5	TCGA-FI-A2D5-01	CRY2	Missense_Mutation	p.R518W	0.35
TCGA-FI-A2D5	TCGA-FI-A2D5-01	CSNK1E	Missense_Mutation	p.L208P	0.37
TCGA-FI-A2D5	TCGA-FI-A2D5-01	CSNK1E	Silent	p.S390S	0.26
TCGA-FI-A2D5	TCGA-FI-A2D5-01	NPAS2	Missense_Mutation	p.M684I	0.24
TCGA-FI-A2D5	TCGA-FI-A2D5-01	PER1	Missense_Mutation	p.S1095N	0.18
TCGA-FI-A2D5	TCGA-FI-A2D5-01	PER2	Silent	p.A861A	0.15
TCGA-FI-A2D5	TCGA-FI-A2D5-01	PER2	Silent	p.S1027S	0.09
TCGA-FI-A2D5	TCGA-FI-A2D5-01	PER3	5'UTR		0.33
TCGA-FI-A2D5	TCGA-FI-A2D5-01	PER3	Missense_Mutation	p.A122T	0.38
TCGA-FI-A2D5	TCGA-FI-A2D5-01	PER3	Missense_Mutation	p.S884L	0.43
TCGA-FI-A2D5	TCGA-FI-A2D5-01	RORA	Silent	p.A168A	0.32
TCGA-FI-A2D5	TCGA-FI-A2D5-01	RORA	Silent	p.D232D	0.09
TCGA-FI-A2D5	TCGA-FI-A2D5-01	RORB	5'UTR		0.39
TCGA-FI-A2D5	TCGA-FI-A2D5-01	TIMELESS	Missense_Mutation	p.A16V	0.22
TCGA-FI-A2D5	TCGA-FI-A2D5-01	TIMELESS	Missense_Mutation	p.R1199Q	0.09
TCGA-FI-A2D6	TCGA-FI-A2D6-01	CLOCK	Silent	p.S20S	0.44
TCGA-FI-A2D6	TCGA-FI-A2D6-01	NR1D2	Silent	p.N154N	0.33
TCGA-FI-A2F4	TCGA-FI-A2F4-01	CLOCK	Frame_Shift_Del	p.L123*	0.72
TCGA-FI-A2F4	TCGA-FI-A2F4-01	CSNK1D	3'UTR		0.32
TCGA-FI-A2F4	TCGA-FI-A2F4-01	NPAS2	Missense_Mutation	p.L80I	0.38
TCGA-FI-A2F4	TCGA-FI-A2F4-01	NR1D1	Silent	p.T444T	0.46
TCGA-FI-A2F4	TCGA-FI-A2F4-01	RORB	3'UTR		0.38
TCGA-FI-A2F4	TCGA-FI-A2F4-01	RORC	Silent	p.A327A	0.24
TCGA-FI-A3PX	TCGA-FI-A3PX-01	RORA	5'UTR		0.40
TCGA-FJ-A3Z7	TCGA-FJ-A3Z7-01	NPAS2	Silent	p.F343F	0.19
TCGA-FJ-A3Z7	TCGA-FJ-A3Z7-01	PER2	Missense_Mutation	p.E569K	0.19
TCGA-FJ-A3ZF	TCGA-FJ-A3ZF-01	TIMELESS	Silent	p.K535K	0.65
TCGA-FP-8211	TCGA-FP-8211-01	RORC	Missense_Mutation	p.Q124H	0.19
TCGA-FP-A4BE	TCGA-FP-A4BE-01	ARNTL	Frame_Shift_Ins	p.V352Cfs*23	0.25
TCGA-FP-A4BE	TCGA-FP-A4BE-01	ARNTL	Missense_Mutation	p.R84H	0.24
TCGA-FP-A4BE	TCGA-FP-A4BE-01	NR1D2	Silent	p.S36S	0.22
TCGA-FP-A4BE	TCGA-FP-A4BE-01	PER3	Missense_Mutation	p.G811R	0.24
TCGA-FR-A3R1	TCGA-FR-A3R1-01	PER3	Missense_Mutation	p.P189S	0.34
TCGA-FR-A3YN	TCGA-FR-A3YN-06	PER3	Splice_Site	p.X290_splice	0.69
TCGA-FR-A3YO	TCGA-FR-A3YO-06	PER1	Nonsense_Mutation	p.K711*	0.12
TCGA-FR-A3YO	TCGA-FR-A3YO-06	TIMELESS	Missense_Mutation	p.A836V	0.21
TCGA-FR-A726	TCGA-FR-A726-01	CLOCK	Silent	p.I263I	0.14
TCGA-FR-A726	TCGA-FR-A726-01	NPAS2	Missense_Mutation	p.D777N	0.32
TCGA-FR-A726	TCGA-FR-A726-01	RORB	3'UTR		0.26
TCGA-FR-A726	TCGA-FR-A726-01	TIMELESS	Missense_Mutation	p.P1083S	0.39
TCGA-FR-A726	TCGA-FR-A726-01	TIMELESS	Missense_Mutation	p.S1002L	0.36
TCGA-FR-A7U9	TCGA-FR-A7U9-06	PER3	Missense_Mutation	p.P855H	0.27
TCGA-FR-A8YC	TCGA-FR-A8YC-06	CSNK1D	Missense_Mutation	p.F95I	0.26
TCGA-FR-A8YC	TCGA-FR-A8YC-06	NR1D1	Missense_Mutation	p.P245T	0.47
TCGA-FS-A1YW	TCGA-FS-A1YW-06	CSNK1D	Silent	p.L102L	0.31
TCGA-FS-A1YW	TCGA-FS-A1YW-06	PER1	Missense_Mutation	p.S27F	0.51
TCGA-FS-A1Z3	TCGA-FS-A1Z3-06	NPAS2	Silent	p.S154S	0.24
TCGA-FS-A1Z3	TCGA-FS-A1Z3-06	RORB	Silent	p.I266I	0.79
TCGA-FS-A1ZA	TCGA-FS-A1ZA-06	CRY1	Missense_Mutation	p.R220C	0.40
TCGA-FS-A1ZD	TCGA-FS-A1ZD-06	CSNK1E	Missense_Mutation	p.G175S	0.46
TCGA-FS-A1ZD	TCGA-FS-A1ZD-06	PER3	Missense_Mutation	p.R316C	0.23
TCGA-FS-A1ZK	TCGA-FS-A1ZK-06	CRY1	Missense_Mutation	p.A458V	0.21
TCGA-FS-A1ZK	TCGA-FS-A1ZK-06	CRY1	Missense_Mutation	p.M470L	0.24
TCGA-FS-A1ZN	TCGA-FS-A1ZN-01	NPAS2	Missense_Mutation	p.P728L	0.26
TCGA-FS-A1ZZ	TCGA-FS-A1ZZ-06	RORB	Missense_Mutation	p.K431R	0.92
TCGA-FS-A4F0	TCGA-FS-A4F0-06	CSNK1E	Missense_Mutation	p.R127W	0.91
TCGA-FS-A4F0	TCGA-FS-A4F0-06	PER3	Missense_Mutation	p.R316C	0.34
TCGA-FS-A4F0	TCGA-FS-A4F0-06	RORC	Missense_Mutation	p.R337K	0.29
TCGA-FS-A4F5	TCGA-FS-A4F5-06	NPAS2	Missense_Mutation	p.H375Y	0.29
TCGA-FS-A4F5	TCGA-FS-A4F5-06	PER3	Silent	p.P894P	0.75
TCGA-FS-A4F5	TCGA-FS-A4F5-06	TIMELESS	Missense_Mutation	p.R277Q	0.39
TCGA-FS-A4F9	TCGA-FS-A4F9-06	RORC	3'UTR		0.74
TCGA-FS-A4FC	TCGA-FS-A4FC-06	TIMELESS	Missense_Mutation	p.P1071L	0.25
TCGA-FS-A4FD	TCGA-FS-A4FD-06	PER2	Silent	p.I1227I	0.36
TCGA-FU-A23L	TCGA-FU-A23L-01	PER2	Missense_Mutation	p.Q946H	0.06
TCGA-FU-A3HZ	TCGA-FU-A3HZ-01	PER3	Missense_Mutation	p.S1148Y	0.55
TCGA-FU-A3HZ	TCGA-FU-A3HZ-01	RORA	Missense_Mutation	p.D231N	0.36
TCGA-FU-A40J	TCGA-FU-A40J-01	TIMELESS	Missense_Mutation	p.E157Q	0.12
TCGA-FV-A23B	TCGA-FV-A23B-01	NR1D2	Silent	p.N268N	0.08
TCGA-FV-A3R3	TCGA-FV-A3R3-01	CRY1	Missense_Mutation	p.S44P	0.07
TCGA-FW-A3R5	TCGA-FW-A3R5-06	CRY1	Missense_Mutation	p.P181S	0.25
TCGA-FW-A3R5	TCGA-FW-A3R5-06	CRY1	Missense_Mutation	p.P282S	0.34
TCGA-FW-A3R5	TCGA-FW-A3R5-06	CSNK1D	Silent	p.S283S	0.23
TCGA-FW-A3R5	TCGA-FW-A3R5-06	CSNK1E	Missense_Mutation	p.P301S	0.33
TCGA-FW-A3R5	TCGA-FW-A3R5-06	CSNK1E	Missense_Mutation	p.P47S	0.38
TCGA-FW-A3R5	TCGA-FW-A3R5-06	NR1D2	Silent	p.F203F	0.33
TCGA-FW-A3R5	TCGA-FW-A3R5-06	PER1	Silent	p.A652A	0.32
TCGA-FW-A3R5	TCGA-FW-A3R5-06	PER2	Missense_Mutation	p.A514V	0.27
TCGA-FW-A3R5	TCGA-FW-A3R5-06	PER2	Missense_Mutation	p.P776L	0.46
TCGA-FW-A3R5	TCGA-FW-A3R5-06	PER2	Missense_Mutation	p.S183F	0.27
TCGA-FW-A3R5	TCGA-FW-A3R5-06	PER2	Silent	p.F896F	0.37
TCGA-FW-A3R5	TCGA-FW-A3R5-06	RORB	Missense_Mutation	p.R372Q	0.25
TCGA-FW-A3R5	TCGA-FW-A3R5-06	RORB	Nonsense_Mutation	p.Q162*	0.37
TCGA-FW-A3R5	TCGA-FW-A3R5-06	RORB	Nonsense_Mutation	p.Q397*	0.34
TCGA-FW-A3R5	TCGA-FW-A3R5-06	RORB	Silent	p.G424G	0.25
TCGA-FW-A3R5	TCGA-FW-A3R5-06	RORB	Silent	p.V339V	0.32
TCGA-FW-A3R5	TCGA-FW-A3R5-06	RORC	Intron		0.36
TCGA-FW-A3R5	TCGA-FW-A3R5-06	RORC	Missense_Mutation	p.S12L	0.10
TCGA-FW-A3R5	TCGA-FW-A3R5-06	RORC	Silent	p.G35G	0.23
TCGA-FW-A3R5	TCGA-FW-A3R5-06	TIMELESS	Missense_Mutation	p.A430V	0.38
TCGA-FW-A3TV	TCGA-FW-A3TV-06	CRY2	Missense_Mutation	p.S441F	0.26
TCGA-FW-A3TV	TCGA-FW-A3TV-06	RORB	Missense_Mutation	p.D371N	0.07
TCGA-FW-A5DX	TCGA-FW-A5DX-01	PER2	Nonsense_Mutation	p.Q359*	0.96
TCGA-FX-A3NJ	TCGA-FX-A3NJ-01	CRY1	Missense_Mutation	p.R227S	0.33
TCGA-G2-A2EJ	TCGA-G2-A2EJ-01	NR1D1	Missense_Mutation	p.G426V	0.38
TCGA-G2-A2EJ	TCGA-G2-A2EJ-01	NR1D1	Nonsense_Mutation	p.S84*	0.26
TCGA-G2-A2EO	TCGA-G2-A2EO-01	CRY2	Missense_Mutation	p.D347H	0.29
TCGA-G2-A2EO	TCGA-G2-A2EO-01	TIMELESS	Silent	p.V461V	0.22
TCGA-G2-A2ES	TCGA-G2-A2ES-01	NR1D2	Missense_Mutation	p.R562L	0.31
TCGA-G2-A3VY	TCGA-G2-A3VY-01	TIMELESS	Missense_Mutation	p.L618V	0.38
TCGA-G2-A3VY	TCGA-G2-A3VY-01	TIMELESS	Missense_Mutation	p.Q635E	0.38
TCGA-G2-AA3F	TCGA-G2-AA3F-01	TIMELESS	Missense_Mutation	p.E103A	0.62
TCGA-G3-A25V	TCGA-G3-A25V-01	TIMELESS	Missense_Mutation	p.V1069L	0.10
TCGA-G3-A5SI	TCGA-G3-A5SI-01	CLOCK	Missense_Mutation	p.D69V	0.41
TCGA-G3-A7M7	TCGA-G3-A7M7-01	NR1D1	Missense_Mutation	p.R189H	0.29
TCGA-G3-AAV0	TCGA-G3-AAV0-01	TIMELESS	Silent	p.E670E	0.07
TCGA-G3-AAV2	TCGA-G3-AAV2-01	NPAS2	Intron		0.45
TCGA-G3-AAV3	TCGA-G3-AAV3-01	PER2	Missense_Mutation	p.D106V	0.21
TCGA-G4-6297	TCGA-G4-6297-01	PER2	Missense_Mutation	p.P72L	0.12
TCGA-G4-6297	TCGA-G4-6297-01	TIMELESS	Splice_Site	p.X1152_splice	0.10
TCGA-G4-6302	TCGA-G4-6302-01	PER1	Missense_Mutation	p.P848T	0.05
TCGA-G4-6320	TCGA-G4-6320-01	CSNK1E	Missense_Mutation	p.R313C	0.14
TCGA-G4-6320	TCGA-G4-6320-01	NR1D2	Missense_Mutation	p.F506L	0.15
TCGA-G4-6320	TCGA-G4-6320-01	PER1	Missense_Mutation	p.Q559K	0.31
TCGA-G4-6320	TCGA-G4-6320-01	RORB	Silent	p.N143N	0.06
TCGA-G4-6586	TCGA-G4-6586-01	RORA	Silent	p.L31L	0.21
TCGA-G4-6588	TCGA-G4-6588-01	NPAS2	Silent	p.S458S	0.27
TCGA-G4-6588	TCGA-G4-6588-01	PER1	Missense_Mutation	p.A852V	0.40
TCGA-G4-6588	TCGA-G4-6588-01	PER3	Missense_Mutation	p.Q150H	0.08
TCGA-G4-6588	TCGA-G4-6588-01	RORB	Missense_Mutation	p.D91V	0.20
TCGA-G4-6625	TCGA-G4-6625-01	RORB	Missense_Mutation	p.T57M	0.20
TCGA-G4-6626	TCGA-G4-6626-01	NR1D2	Missense_Mutation	p.S406L	0.36
TCGA-G4-6626	TCGA-G4-6626-01	RORB	Silent	p.H145H	0.24
TCGA-G4-6628	TCGA-G4-6628-01	ARNTL	Intron		0.21
TCGA-G4-6628	TCGA-G4-6628-01	CRY2	Missense_Mutation	p.R600Q	0.25
TCGA-G4-6628	TCGA-G4-6628-01	CSNK1D	Missense_Mutation	p.R274Q	0.32
TCGA-G4-6628	TCGA-G4-6628-01	PER3	Missense_Mutation	p.T492P	0.29
TCGA-G7-7502	TCGA-G7-7502-01	PER3	Silent	p.L77L	0.24
TCGA-G7-A8LD	TCGA-G7-A8LD-01	PER2	Silent	p.K721K	0.41
TCGA-GC-A3I6	TCGA-GC-A3I6-01	CLOCK	3'UTR		0.24
TCGA-GC-A3RC	TCGA-GC-A3RC-01	PER1	Missense_Mutation	p.G1256S	0.27
TCGA-GC-A4ZW	TCGA-GC-A4ZW-01	PER1	5'UTR		0.21
TCGA-GC-A4ZW	TCGA-GC-A4ZW-01	TIMELESS	Silent	p.V338V	0.19
TCGA-GC-A6I1	TCGA-GC-A6I1-01	PER2	Silent	p.S144S	0.11
TCGA-GF-A6C9	TCGA-GF-A6C9-06	RORC	Missense_Mutation	p.S38L	0.14
TCGA-GF-A6C9	TCGA-GF-A6C9-06	TIMELESS	3'UTR		0.17
TCGA-GF-A769	TCGA-GF-A769-01	RORC	Frame_Shift_Del	p.E481Kfs*115	0.38
TCGA-GL-A4EM	TCGA-GL-A4EM-01	PER2	Silent	p.T811T	0.20
TCGA-GM-A2D9	TCGA-GM-A2D9-01	PER3	Missense_Mutation	p.Q794R	0.27
TCGA-GM-A3XL	TCGA-GM-A3XL-01	RORB	5'UTR		0.08
TCGA-GN-A262	TCGA-GN-A262-06	PER1	Silent	p.T658T	0.53
TCGA-GN-A263	TCGA-GN-A263-01	NPAS2	Missense_Mutation	p.P577L	0.25
TCGA-GN-A263	TCGA-GN-A263-01	NPAS2	Missense_Mutation	p.P577S	0.25
TCGA-GN-A263	TCGA-GN-A263-01	PER2	Missense_Mutation	p.P926S	0.24
TCGA-GN-A265	TCGA-GN-A265-06	PER2	Silent	p.I207I	0.16
TCGA-GN-A266	TCGA-GN-A266-06	CRY2	Silent	p.V4V	0.30
TCGA-GN-A266	TCGA-GN-A266-06	RORB	Silent	p.I212I	0.38
TCGA-GN-A269	TCGA-GN-A269-01	RORC	Missense_Mutation	p.E234K	0.19
TCGA-GN-A26C	TCGA-GN-A26C-01	CSNK1E	Intron		0.21
TCGA-GN-A26C	TCGA-GN-A26C-01	PER1	Silent	p.L5L	0.25
TCGA-GN-A26C	TCGA-GN-A26C-01	PER1	Silent	p.P4P	0.26
TCGA-GN-A4U3	TCGA-GN-A4U3-06	CRY2	Silent	p.E224E	0.52
TCGA-GN-A8LK	TCGA-GN-A8LK-06	ARNTL	Intron		0.33
TCGA-GN-A8LK	TCGA-GN-A8LK-06	RORC	Missense_Mutation	p.G230E	0.61
TCGA-GU-A42Q	TCGA-GU-A42Q-01	PER3	Missense_Mutation	p.H238L	0.11
TCGA-GU-A767	TCGA-GU-A767-01	PER2	Missense_Mutation	p.T134M	0.09
TCGA-GU-AATO	TCGA-GU-AATO-01	RORC	3'UTR		0.11
TCGA-GV-A3JX	TCGA-GV-A3JX-01	TIMELESS	Missense_Mutation	p.E232K	0.05
TCGA-GV-A3JZ	TCGA-GV-A3JZ-01	NPAS2	Missense_Mutation	p.E436K	0.37
TCGA-GV-A3JZ	TCGA-GV-A3JZ-01	PER1	Missense_Mutation	p.E1107K	0.97
TCGA-GV-A3JZ	TCGA-GV-A3JZ-01	PER1	Silent	p.L778L	0.95
TCGA-GV-A3JZ	TCGA-GV-A3JZ-01	PER3	Missense_Mutation	p.E1198Q	0.25
TCGA-GV-A6ZA	TCGA-GV-A6ZA-01	TIMELESS	Nonsense_Mutation	p.Q175*	0.47
TCGA-H7-7774	TCGA-H7-7774-01	CLOCK	Missense_Mutation	p.R476T	0.34
TCGA-HC-A6AO	TCGA-HC-A6AO-01	RORA	Silent	p.P18P	0.38
TCGA-HC-A8D0	TCGA-HC-A8D0-01	NR1D1	Missense_Mutation	p.R179H	0.06
TCGA-HD-7229	TCGA-HD-7229-01	CSNK1E	Missense_Mutation	p.R270C	0.24
TCGA-HD-8634	TCGA-HD-8634-01	RORA	Intron		0.09
TCGA-HF-7132	TCGA-HF-7132-01	CSNK1E	Silent	p.N387N	0.17
TCGA-HF-7132	TCGA-HF-7132-01	NPAS2	Missense_Mutation	p.M614T	0.19
TCGA-HF-7132	TCGA-HF-7132-01	RORB	Missense_Mutation	p.S37R	0.25
TCGA-HF-7134	TCGA-HF-7134-01	CRY2	Missense_Mutation	p.E148K	0.35
TCGA-HF-A5NB	TCGA-HF-A5NB-01	CSNK1E	Missense_Mutation	p.T334M	0.33
TCGA-HF-A5NB	TCGA-HF-A5NB-01	RORB	Missense_Mutation	p.K431E	0.44
TCGA-HG-A9SC	TCGA-HG-A9SC-01	PER3	Missense_Mutation	p.P772L	0.30
TCGA-HM-A3JJ	TCGA-HM-A3JJ-01	NPAS2	Missense_Mutation	p.E562D	0.26
TCGA-HP-A5N0	TCGA-HP-A5N0-01	CRY1	Silent	p.E176E	0.35
TCGA-HT-7688	TCGA-HT-7688-01	RORB	Nonsense_Mutation	p.Q180*	0.14
TCGA-HT-7875	TCGA-HT-7875-01	CLOCK	Silent	p.Q825Q	0.42
TCGA-HT-8564	TCGA-HT-8564-01	TIMELESS	Missense_Mutation	p.R858Q	0.45
TCGA-HT-A5R5	TCGA-HT-A5R5-01	RORB	Splice_Site	p.X298_splice	0.14
TCGA-HU-8602	TCGA-HU-8602-01	RORA	Missense_Mutation	p.R495Q	0.17
TCGA-HU-A4G8	TCGA-HU-A4G8-01	CLOCK	Missense_Mutation	p.Q190R	0.28
TCGA-HU-A4G8	TCGA-HU-A4G8-01	NR1D2	Frame_Shift_Del	p.S89Vfs*5	0.14
TCGA-HU-A4G8	TCGA-HU-A4G8-01	PER3	Missense_Mutation	p.P894L	0.25
TCGA-HU-A4G8	TCGA-HU-A4G8-01	RORB	5'UTR		0.31
TCGA-HU-A4GH	TCGA-HU-A4GH-01	ARNTL	Silent	p.T140T	0.07
TCGA-HU-A4GN	TCGA-HU-A4GN-01	CRY1	Nonsense_Mutation	p.R256*	0.14
TCGA-HU-A4GQ	TCGA-HU-A4GQ-01	NPAS2	Silent	p.P369P	0.29
TCGA-HU-A4GQ	TCGA-HU-A4GQ-01	RORA	Silent	p.S467S	0.25
TCGA-HU-A4GQ	TCGA-HU-A4GQ-01	TIMELESS	Missense_Mutation	p.R496C	0.26
TCGA-HU-A4GU	TCGA-HU-A4GU-01	NR1D1	Missense_Mutation	p.A303T	0.24
TCGA-HU-A4GU	TCGA-HU-A4GU-01	TIMELESS	Frame_Shift_Del	p.D892Ifs*24	0.19
TCGA-HU-A4GX	TCGA-HU-A4GX-01	ARNTL	Silent	p.G447G	0.28
TCGA-HU-A4H4	TCGA-HU-A4H4-01	NR1D2	Missense_Mutation	p.K414N	0.08
TCGA-HU-A4H5	TCGA-HU-A4H5-01	CRY2	Missense_Mutation	p.L410F	0.32
TCGA-HU-A4H8	TCGA-HU-A4H8-01	RORC	Missense_Mutation	p.P154L	0.41
TCGA-HZ-8002	TCGA-HZ-8002-01	TIMELESS	Missense_Mutation	p.G236E	0.05
TCGA-HZ-A4BK	TCGA-HZ-A4BK-01	RORC	Missense_Mutation	p.A93V	0.22
TCGA-HZ-A77P	TCGA-HZ-A77P-01	ARNTL	Silent	p.P624P	0.08
TCGA-IA-A83W	TCGA-IA-A83W-01	NPAS2	Intron		0.36
TCGA-IB-7651	TCGA-IB-7651-01	ARNTL	Splice_Site	p.X60_splice	0.20
TCGA-IB-7651	TCGA-IB-7651-01	CLOCK	5'UTR		0.19
TCGA-IB-7651	TCGA-IB-7651-01	CLOCK	Missense_Mutation	p.T711A	0.15
TCGA-IB-7651	TCGA-IB-7651-01	CLOCK	Missense_Mutation	p.V52G	0.18
TCGA-IB-7651	TCGA-IB-7651-01	CLOCK	Nonsense_Mutation	p.L520*	0.19
TCGA-IB-7651	TCGA-IB-7651-01	CRY1	Nonsense_Mutation	p.R263*	0.16
TCGA-IB-7651	TCGA-IB-7651-01	CSNK1D	Missense_Mutation	p.H414Y	0.20
TCGA-IB-7651	TCGA-IB-7651-01	NPAS2	Missense_Mutation	p.D368G	0.25
TCGA-IB-7651	TCGA-IB-7651-01	NPAS2	Missense_Mutation	p.G624C	0.22
TCGA-IB-7651	TCGA-IB-7651-01	NPAS2	Missense_Mutation	p.S311L	0.18
TCGA-IB-7651	TCGA-IB-7651-01	NR1D2	Missense_Mutation	p.R182H	0.17
TCGA-IB-7651	TCGA-IB-7651-01	PER1	Missense_Mutation	p.R426H	0.15
TCGA-IB-7651	TCGA-IB-7651-01	PER2	Missense_Mutation	p.F239L	0.21
TCGA-IB-7651	TCGA-IB-7651-01	PER2	Missense_Mutation	p.P921S	0.16
TCGA-IB-7651	TCGA-IB-7651-01	PER2	Missense_Mutation	p.P959T	0.24
TCGA-IB-7651	TCGA-IB-7651-01	PER3	Silent	p.L311L	0.11
TCGA-IB-7651	TCGA-IB-7651-01	RORA	Missense_Mutation	p.N235D	0.08
TCGA-IB-7651	TCGA-IB-7651-01	RORB	Silent	p.G14G	0.16
TCGA-IB-7651	TCGA-IB-7651-01	RORC	Silent	p.F103F	0.15
TCGA-IB-7651	TCGA-IB-7651-01	RORC	Silent	p.Y382Y	0.04
TCGA-IB-7651	TCGA-IB-7651-01	TIMELESS	Missense_Mutation	p.R1130Q	0.17
TCGA-IB-7651	TCGA-IB-7651-01	TIMELESS	Missense_Mutation	p.V132F	0.19
TCGA-IB-A7M4	TCGA-IB-A7M4-01	PER1	Frame_Shift_Ins	p.S622Kfs*27	0.16
TCGA-IC-A6RE	TCGA-IC-A6RE-01	RORB	3'UTR		0.25
TCGA-IE-A4EI	TCGA-IE-A4EI-01	CRY2	Missense_Mutation	p.M22T	0.50
TCGA-IE-A4EJ	TCGA-IE-A4EJ-01	CSNK1D	Intron		0.23
TCGA-IG-A5B8	TCGA-IG-A5B8-01	PER1	Missense_Mutation	p.M1152I	0.32
TCGA-IG-A625	TCGA-IG-A625-01	CRY2	Missense_Mutation	p.I383V	0.34
TCGA-IH-A3EA	TCGA-IH-A3EA-01	NPAS2	Nonsense_Mutation	p.Q538*	0.29
TCGA-IN-A6RL	TCGA-IN-A6RL-01	RORB	Missense_Mutation	p.E136K	0.34
TCGA-IR-A3LA	TCGA-IR-A3LA-01	PER1	Missense_Mutation	p.M1142I	0.40
TCGA-IR-A3LA	TCGA-IR-A3LA-01	PER2	3'UTR		0.25
TCGA-IR-A3LA	TCGA-IR-A3LA-01	PER3	Silent	p.L318L	0.43
TCGA-IR-A3LH	TCGA-IR-A3LH-01	CSNK1E	Intron		0.35
TCGA-IR-A3LI	TCGA-IR-A3LI-01	RORA	Silent	p.L226L	0.11
TCGA-IR-A3LK	TCGA-IR-A3LK-01	NR1D2	Missense_Mutation	p.R128W	0.35
TCGA-IR-A3LK	TCGA-IR-A3LK-01	TIMELESS	Silent	p.L736L	0.32
TCGA-IR-A3LL	TCGA-IR-A3LL-01	ARNTL	Silent	p.I502I	0.21
TCGA-IR-A3LL	TCGA-IR-A3LL-01	NPAS2	Missense_Mutation	p.P430A	0.24
TCGA-IZ-A6M8	TCGA-IZ-A6M8-01	PER2	Silent	p.P72P	0.12
TCGA-J4-A67K	TCGA-J4-A67K-01	CSNK1E	Intron		0.36
TCGA-J4-A67K	TCGA-J4-A67K-01	PER2	Nonsense_Mutation	p.E1063*	0.06
TCGA-J9-A8CP	TCGA-J9-A8CP-01	CLOCK	Silent	p.P781P	0.36
TCGA-JV-A5VE	TCGA-JV-A5VE-01	TIMELESS	Missense_Mutation	p.K121R	0.81
TCGA-JW-A5VK	TCGA-JW-A5VK-01	PER3	Frame_Shift_Del	p.K1152Rfs*46	0.31
TCGA-JW-A5VL	TCGA-JW-A5VL-01	CSNK1D	Missense_Mutation	p.R365T	0.71
TCGA-JW-A5VL	TCGA-JW-A5VL-01	NR1D1	Missense_Mutation	p.S84L	0.22
TCGA-JW-A5VL	TCGA-JW-A5VL-01	RORC	Silent	p.L489L	0.35
TCGA-JX-A3Q0	TCGA-JX-A3Q0-01	CRY2	Missense_Mutation	p.G67R	0.43
TCGA-JX-A3Q0	TCGA-JX-A3Q0-01	PER2	Silent	p.L991L	0.51
TCGA-JY-A6FB	TCGA-JY-A6FB-01	CSNK1D	3'UTR		0.25
TCGA-JY-A6FB	TCGA-JY-A6FB-01	TIMELESS	Silent	p.S815S	0.57
TCGA-JY-A6FG	TCGA-JY-A6FG-01	CSNK1E	Missense_Mutation	p.E373D	0.38
TCGA-JY-A938	TCGA-JY-A938-01	CSNK1D	3'UTR		0.25
TCGA-JY-A93E	TCGA-JY-A93E-01	PER3	3'UTR		0.36
TCGA-JY-A93E	TCGA-JY-A93E-01	RORA	Missense_Mutation	p.V251I	0.21
TCGA-K4-A3WS	TCGA-K4-A3WS-01	CRY1	Nonsense_Mutation	p.Y287*	0.27
TCGA-K4-A54R	TCGA-K4-A54R-01	ARNTL	Intron		0.32
TCGA-K4-A54R	TCGA-K4-A54R-01	PER3	Missense_Mutation	p.S731L	0.23
TCGA-K4-A54R	TCGA-K4-A54R-01	RORA	Missense_Mutation	p.R400T	0.37
TCGA-K4-A6FZ	TCGA-K4-A6FZ-01	ARNTL	Silent	p.N103N	0.24
TCGA-K4-A83P	TCGA-K4-A83P-01	PER1	Nonsense_Mutation	p.S1221*	0.07
TCGA-K4-AAQO	TCGA-K4-AAQO-01	CSNK1E	Silent	p.F273F	0.35
TCGA-K4-AAQO	TCGA-K4-AAQO-01	CSNK1E	Silent	p.R274R	0.36
TCGA-KB-A93J	TCGA-KB-A93J-01	NR1D2	Frame_Shift_Del	p.S371Rfs*17	0.54
TCGA-KK-A59V	TCGA-KK-A59V-01	CRY2	Missense_Mutation	p.K597E	0.26
TCGA-KK-A6E6	TCGA-KK-A6E6-01	PER3	Missense_Mutation	p.D169H	0.20
TCGA-KK-A6E6	TCGA-KK-A6E6-01	PER3	Missense_Mutation	p.D175H	0.13
TCGA-KK-A6E6	TCGA-KK-A6E6-01	PER3	Missense_Mutation	p.R185T	0.09
TCGA-KL-8336	TCGA-KL-8336-01	PER3	Missense_Mutation	p.D749E	0.65
TCGA-KL-8339	TCGA-KL-8339-01	CLOCK	Nonsense_Mutation	p.E380*	0.22
TCGA-KN-8428	TCGA-KN-8428-01	PER1	Silent	p.G1256G	0.74
TCGA-KQ-A41R	TCGA-KQ-A41R-01	TIMELESS	Silent	p.V405V	0.32
TCGA-KQ-A41S	TCGA-KQ-A41S-01	RORA	Missense_Mutation	p.D406N	0.13
TCGA-KR-A7K2	TCGA-KR-A7K2-01	PER2	Missense_Mutation	p.A923T	0.09
TCGA-KR-A7K7	TCGA-KR-A7K7-01	TIMELESS	Missense_Mutation	p.M421L	0.42
TCGA-KU-A66S	TCGA-KU-A66S-01	NR1D2	Missense_Mutation	p.L511V	0.08
TCGA-L5-A43E	TCGA-L5-A43E-01	PER1	Missense_Mutation	p.D666N	0.25
TCGA-L5-A43J	TCGA-L5-A43J-01	ARNTL	Missense_Mutation	p.P473T	0.78
TCGA-L5-A43J	TCGA-L5-A43J-01	NPAS2	Missense_Mutation	p.V542I	0.44
TCGA-L5-A43J	TCGA-L5-A43J-01	PER1	Silent	p.P150P	0.11
TCGA-L5-A43J	TCGA-L5-A43J-01	PER3	Silent	p.N93N	0.22
TCGA-L5-A4OI	TCGA-L5-A4OI-01	PER1	Missense_Mutation	p.A938T	0.43
TCGA-L5-A4OI	TCGA-L5-A4OI-01	PER1	Missense_Mutation	p.R246Q	0.39
TCGA-L5-A4OI	TCGA-L5-A4OI-01	PER3	3'UTR		0.38
TCGA-L5-A4OI	TCGA-L5-A4OI-01	PER3	Missense_Mutation	p.P747L	0.50
TCGA-L5-A4OP	TCGA-L5-A4OP-01	CRY2	Silent	p.I510I	0.68
TCGA-L5-A88V	TCGA-L5-A88V-01	CSNK1E	Missense_Mutation	p.R342C	0.91
TCGA-L5-A88V	TCGA-L5-A88V-01	RORA	3'UTR		0.35
TCGA-L5-A88V	TCGA-L5-A88V-01	RORC	3'UTR		0.06
TCGA-L5-A8NM	TCGA-L5-A8NM-01	PER3	Missense_Mutation	p.S862L	0.29
TCGA-L5-A8NS	TCGA-L5-A8NS-01	PER2	Splice_Site	p.X323_splice	0.09
TCGA-L5-A8NT	TCGA-L5-A8NT-01	NR1D2	Missense_Mutation	p.E458Q	0.34
TCGA-L5-A8NW	TCGA-L5-A8NW-01	RORB	5'UTR		0.28
TCGA-L7-A6VZ	TCGA-L7-A6VZ-01	RORB	3'UTR		0.15
TCGA-L9-A7SV	TCGA-L9-A7SV-01	CLOCK	Silent	p.V134V	0.24
TCGA-L9-A8F4	TCGA-L9-A8F4-01	RORB	Silent	p.A216A	0.24
TCGA-LA-A7SW	TCGA-LA-A7SW-01	ARNTL	Intron		0.21
TCGA-LK-A4O5	TCGA-LK-A4O5-01	RORC	Nonsense_Mutation	p.R228*	0.27
TCGA-LN-A49V	TCGA-LN-A49V-01	CRY1	Missense_Mutation	p.C414R	0.15
TCGA-LN-A49V	TCGA-LN-A49V-01	NPAS2	Missense_Mutation	p.K76R	0.62
TCGA-LN-A49W	TCGA-LN-A49W-01	NPAS2	Missense_Mutation	p.R195C	0.17
TCGA-LN-A4A8	TCGA-LN-A4A8-01	RORC	5'UTR		0.09
TCGA-LN-A4A9	TCGA-LN-A4A9-01	TIMELESS	Missense_Mutation	p.M6I	0.41
TCGA-LT-A5Z6	TCGA-LT-A5Z6-01	CLOCK	Missense_Mutation	p.E397Q	0.22
TCGA-MA-AA3X	TCGA-MA-AA3X-01	CRY1	Missense_Mutation	p.R256Q	0.66
TCGA-MA-AA3Z	TCGA-MA-AA3Z-01	RORB	Missense_Mutation	p.R309C	0.40
TCGA-MA-AA42	TCGA-MA-AA42-01	NR1D1	Missense_Mutation	p.N352S	0.32
TCGA-MA-AA42	TCGA-MA-AA42-01	PER3	Missense_Mutation	p.R493H	0.27
TCGA-MH-A55W	TCGA-MH-A55W-01	CSNK1E	Missense_Mutation	p.R401Q	0.26
TCGA-MH-A855	TCGA-MH-A855-01	NPAS2	Missense_Mutation	p.C242R	0.11
TCGA-MH-A856	TCGA-MH-A856-01	PER2	Silent	p.P1222P	0.39
TCGA-MH-A857	TCGA-MH-A857-01	CRY2	In_Frame_Del	p.H513del	0.21
TCGA-MH-A857	TCGA-MH-A857-01	TIMELESS	Silent	p.E670E	0.07
TCGA-MM-A564	TCGA-MM-A564-01	NPAS2	Splice_Site	p.X91_splice	0.25
TCGA-MN-A4N4	TCGA-MN-A4N4-01	RORA	Missense_Mutation	p.Q408H	0.23
TCGA-MN-A4N5	TCGA-MN-A4N5-01	CLOCK	Splice_Site	p.X86_splice	0.18
TCGA-MN-A4N5	TCGA-MN-A4N5-01	CRY2	Silent	p.G351G	0.28
TCGA-MN-A4N5	TCGA-MN-A4N5-01	RORC	3'UTR		0.39
TCGA-MP-A4TK	TCGA-MP-A4TK-01	PER2	Missense_Mutation	p.S1042L	0.07
TCGA-MP-A4TK	TCGA-MP-A4TK-01	PER3	Missense_Mutation	p.V161I	0.30
TCGA-MT-A67F	TCGA-MT-A67F-01	CSNK1E	Silent	p.V79V	0.08
TCGA-MV-A51V	TCGA-MV-A51V-01	CLOCK	Missense_Mutation	p.E27K	0.15
TCGA-MX-A5UJ	TCGA-MX-A5UJ-01	NR1D1	Missense_Mutation	p.S40N	0.32
TCGA-MY-A913	TCGA-MY-A913-01	PER3	Missense_Mutation	p.R712S	0.40
TCGA-N5-A4RO	TCGA-N5-A4RO-01	RORC	Silent	p.I75I	0.57
TCGA-N8-A4PL	TCGA-N8-A4PL-01	ARNTL	Silent	p.D300D	0.95
TCGA-N9-A4PZ	TCGA-N9-A4PZ-01	TIMELESS	Missense_Mutation	p.A740G	0.25
TCGA-N9-A4Q7	TCGA-N9-A4Q7-01	CRY1	Missense_Mutation	p.E123Q	0.12
TCGA-N9-A4Q7	TCGA-N9-A4Q7-01	TIMELESS	Missense_Mutation	p.Q244E	0.11
TCGA-NC-A5HE	TCGA-NC-A5HE-01	CRY1	Frame_Shift_Del	p.E570Kfs*39	0.09
TCGA-NC-A5HH	TCGA-NC-A5HH-01	PER2	Missense_Mutation	p.E305D	0.46
TCGA-NC-A5HH	TCGA-NC-A5HH-01	TIMELESS	Nonsense_Mutation	p.E504*	0.28
TCGA-NC-A5HL	TCGA-NC-A5HL-01	CLOCK	Silent	p.S164S	0.45
TCGA-NC-A5HP	TCGA-NC-A5HP-01	RORA	Silent	p.D422D	0.19
TCGA-NC-A5HQ	TCGA-NC-A5HQ-01	PER3	Missense_Mutation	p.L555F	0.04
TCGA-ND-A4WC	TCGA-ND-A4WC-01	CRY2	Missense_Mutation	p.R199H	0.34
TCGA-ND-A4WC	TCGA-ND-A4WC-01	NPAS2	3'UTR		0.42
TCGA-ND-A4WC	TCGA-ND-A4WC-01	NR1D2	Silent	p.A535A	0.31
TCGA-ND-A4WC	TCGA-ND-A4WC-01	PER2	Missense_Mutation	p.R331I	0.32
TCGA-ND-A4WC	TCGA-ND-A4WC-01	RORB	Silent	p.I219I	0.35
TCGA-NH-A50T	TCGA-NH-A50T-01	CRY2	Missense_Mutation	p.R460H	0.39
TCGA-NH-A5IV	TCGA-NH-A5IV-01	CSNK1E	Frame_Shift_Del	p.T250Hfs*44	0.21
TCGA-NH-A5IV	TCGA-NH-A5IV-01	NR1D1	3'UTR		0.28
TCGA-NH-A5IV	TCGA-NH-A5IV-01	PER2	Frame_Shift_Del	p.P894Hfs*125	0.27
TCGA-NH-A5IV	TCGA-NH-A5IV-01	PER2	Missense_Mutation	p.H934N	0.39
TCGA-NH-A5IV	TCGA-NH-A5IV-01	PER3	Missense_Mutation	p.R214C	0.39
TCGA-NH-A5IV	TCGA-NH-A5IV-01	RORA	Missense_Mutation	p.N156S	0.39
TCGA-O2-A52Q	TCGA-O2-A52Q-01	RORA	Missense_Mutation	p.D555N	0.71
TCGA-OD-A75X	TCGA-OD-A75X-06	RORC	Missense_Mutation	p.R80Q	0.50
TCGA-OL-A5D6	TCGA-OL-A5D6-01	CLOCK	3'UTR		0.19
TCGA-OR-A5J5	TCGA-OR-A5J5-01	CRY2	Missense_Mutation	p.R518W	0.15
TCGA-OR-A5J5	TCGA-OR-A5J5-01	PER3	Missense_Mutation	p.G826V	0.84
TCGA-OR-A5JA	TCGA-OR-A5JA-01	RORC	Missense_Mutation	p.Q157K	0.18
TCGA-OR-A5K5	TCGA-OR-A5K5-01	RORA	Silent	p.S316S	0.30
TCGA-OR-A5KB	TCGA-OR-A5KB-01	PER1	Missense_Mutation	p.E152Q	0.28
TCGA-OR-A5KB	TCGA-OR-A5KB-01	PER3	Nonsense_Mutation	p.Y423*	0.48
TCGA-OR-A5KB	TCGA-OR-A5KB-01	RORB	Splice_Site	p.X32_splice	0.22
TCGA-OR-A5LO	TCGA-OR-A5LO-01	CSNK1D	Intron		0.94
TCGA-P3-A5Q5	TCGA-P3-A5Q5-01	NPAS2	Splice_Site	p.X239_splice	0.16
TCGA-P3-A5QF	TCGA-P3-A5QF-01	NPAS2	Silent	p.Q734Q	0.50
TCGA-P3-A6T5	TCGA-P3-A6T5-01	TIMELESS	Missense_Mutation	p.E452K	0.12
TCGA-P6-A5OH	TCGA-P6-A5OH-01	CSNK1D	Silent	p.R375R	0.11
TCGA-PC-A5DM	TCGA-PC-A5DM-01	PER1	Missense_Mutation	p.C171Y	0.13
TCGA-PE-A5DC	TCGA-PE-A5DC-01	NR1D1	Silent	p.L44L	0.39
TCGA-PG-A6IB	TCGA-PG-A6IB-01	ARNTL	3'UTR		0.28
TCGA-PG-A6IB	TCGA-PG-A6IB-01	PER1	Missense_Mutation	p.P935S	0.18
TCGA-PG-A917	TCGA-PG-A917-01	PER1	Missense_Mutation	p.P931L	0.37
TCGA-PK-A5HB	TCGA-PK-A5HB-01	NPAS2	3'UTR		0.75
TCGA-PK-A5HB	TCGA-PK-A5HB-01	PER3	Missense_Mutation	p.A732V	0.53
TCGA-PK-A5HB	TCGA-PK-A5HB-01	RORA	Frame_Shift_Del	p.D187Qfs*26	0.31
TCGA-PK-A5HB	TCGA-PK-A5HB-01	RORC	Missense_Mutation	p.S222R	0.47
TCGA-PK-A5HB	TCGA-PK-A5HB-01	RORC	Silent	p.C83C	0.52
TCGA-Q1-A6DT	TCGA-Q1-A6DT-01	PER2	Missense_Mutation	p.P233S	0.42
TCGA-Q1-A73O	TCGA-Q1-A73O-01	ARNTL	3'UTR		0.15
TCGA-Q1-A73P	TCGA-Q1-A73P-01	RORB	3'UTR		0.33
TCGA-QB-A6FS	TCGA-QB-A6FS-06	NPAS2	Missense_Mutation	p.P611L	0.19
TCGA-QB-AA9O	TCGA-QB-AA9O-06	CSNK1E	Missense_Mutation	p.G175D	0.81
TCGA-QB-AA9O	TCGA-QB-AA9O-06	PER1	Missense_Mutation	p.S19L	0.16
TCGA-QB-AA9O	TCGA-QB-AA9O-06	PER3	Missense_Mutation	p.M319R	0.17
TCGA-QC-A7B5	TCGA-QC-A7B5-01	CLOCK	3'UTR		0.11
TCGA-QC-A7B5	TCGA-QC-A7B5-01	NR1D1	5'UTR		0.29
TCGA-QC-A7B5	TCGA-QC-A7B5-01	PER1	Missense_Mutation	p.P902S	0.41
TCGA-QC-A7B5	TCGA-QC-A7B5-01	PER3	Missense_Mutation	p.G970D	0.41
TCGA-QC-A7B5	TCGA-QC-A7B5-01	PER3	Missense_Mutation	p.G970S	0.40
TCGA-QC-A7B5	TCGA-QC-A7B5-01	RORB	3'UTR		0.55
TCGA-QC-A7B5	TCGA-QC-A7B5-01	RORC	3'UTR		0.10
TCGA-QC-A7B5	TCGA-QC-A7B5-01	RORC	Silent	p.I492I	0.15
TCGA-QC-AA9N	TCGA-QC-AA9N-01	PER2	Missense_Mutation	p.E1242K	0.56
TCGA-QG-A5Z1	TCGA-QG-A5Z1-01	TIMELESS	Missense_Mutation	p.V1042I	0.42
TCGA-QG-A5Z2	TCGA-QG-A5Z2-01	CSNK1E	Silent	p.I237I	0.21
TCGA-QG-A5Z2	TCGA-QG-A5Z2-01	NPAS2	Missense_Mutation	p.T66M	0.25
TCGA-QK-A64Z	TCGA-QK-A64Z-01	PER2	Silent	p.H873H	0.23
TCGA-QK-A6IF	TCGA-QK-A6IF-01	NPAS2	Missense_Mutation	p.S424L	0.84
TCGA-QK-A6IH	TCGA-QK-A6IH-01	CSNK1E	Missense_Mutation	p.R10C	0.52
TCGA-QK-A6VB	TCGA-QK-A6VB-01	ARNTL	Missense_Mutation	p.G29D	0.11
TCGA-QK-A6VB	TCGA-QK-A6VB-01	CSNK1D	Missense_Mutation	p.R115H	0.18
TCGA-QQ-A5VD	TCGA-QQ-A5VD-01	CRY1	Missense_Mutation	p.P282S	0.15
TCGA-QQ-A5VD	TCGA-QQ-A5VD-01	PER3	Missense_Mutation	p.P663L	0.19
TCGA-QQ-A8VF	TCGA-QQ-A8VF-01	PER3	Silent	p.S1065S	0.80
TCGA-QQ-A8VG	TCGA-QQ-A8VG-01	CRY2	3'UTR		0.28
TCGA-QR-A70G	TCGA-QR-A70G-01	PER2	Missense_Mutation	p.V19L	0.09
TCGA-QR-A70O	TCGA-QR-A70O-01	TIMELESS	Missense_Mutation	p.G397V	0.52
TCGA-QS-A5YQ	TCGA-QS-A5YQ-01	ARNTL	3'UTR		0.47
TCGA-R5-A7ZF	TCGA-R5-A7ZF-01	NR1D2	Missense_Mutation	p.A514G	0.07
TCGA-R5-A7ZF	TCGA-R5-A7ZF-01	NR1D2	Missense_Mutation	p.A514T	0.07
TCGA-R6-A6KZ	TCGA-R6-A6KZ-01	NPAS2	Missense_Mutation	p.L80F	0.18
TCGA-R6-A6L4	TCGA-R6-A6L4-01	NR1D1	Silent	p.H456H	0.16
TCGA-R6-A8W8	TCGA-R6-A8W8-01	PER2	Missense_Mutation	p.T114I	0.26
TCGA-R6-A8W8	TCGA-R6-A8W8-01	PER3	Missense_Mutation	p.L1116V	0.33
TCGA-R6-A8WC	TCGA-R6-A8WC-01	RORB	Missense_Mutation	p.K151R	0.92
TCGA-RC-A6M3	TCGA-RC-A6M3-01	PER3	Missense_Mutation	p.G823D	0.36
TCGA-RC-A7SB	TCGA-RC-A7SB-01	ARNTL	Intron		0.24
TCGA-RN-AAAQ	TCGA-RN-AAAQ-01	CRY2	5'Flank		0.28
TCGA-RN-AAAQ	TCGA-RN-AAAQ-01	PER1	Missense_Mutation	p.Y773C	0.19
TCGA-RP-A693	TCGA-RP-A693-06	CRY2	Missense_Mutation	p.P480S	0.14
TCGA-RP-A693	TCGA-RP-A693-06	CRY2	Silent	p.F479F	0.14
TCGA-RP-A693	TCGA-RP-A693-06	RORA	Missense_Mutation	p.L503V	0.11
TCGA-RQ-A68N	TCGA-RQ-A68N-01	PER2	Missense_Mutation	p.A880V	0.43
TCGA-RQ-AAAT	TCGA-RQ-AAAT-01	PER1	Missense_Mutation	p.R68Q	0.57
TCGA-RW-A685	TCGA-RW-A685-01	RORC	Missense_Mutation	p.G340D	0.28
TCGA-RY-A83Z	TCGA-RY-A83Z-01	TIMELESS	Missense_Mutation	p.G1190R	0.44
TCGA-S6-A8JY	TCGA-S6-A8JY-01	PER3	Missense_Mutation	p.E479Q	0.32
TCGA-S9-A6U1	TCGA-S9-A6U1-01	TIMELESS	Silent	p.V937V	0.05
TCGA-S9-A6UA	TCGA-S9-A6UA-01	PER1	Missense_Mutation	p.G825V	0.24
TCGA-SC-A6LQ	TCGA-SC-A6LQ-01	PER3	Missense_Mutation	p.P856L	0.15
TCGA-SJ-A6ZI	TCGA-SJ-A6ZI-01	ARNTL	Intron		0.24
TCGA-SJ-A6ZI	TCGA-SJ-A6ZI-01	CRY2	3'UTR		0.17
TCGA-SJ-A6ZI	TCGA-SJ-A6ZI-01	PER1	Missense_Mutation	p.K1096T	0.22
TCGA-SJ-A6ZI	TCGA-SJ-A6ZI-01	PER2	Nonsense_Mutation	p.Q743*	0.19
TCGA-SL-A6JA	TCGA-SL-A6JA-01	CLOCK	In_Frame_Del	p.I369del	0.35
TCGA-SR-A6MV	TCGA-SR-A6MV-01	ARNTL	Splice_Site	p.X538_splice	0.07
TCGA-SX-A71S	TCGA-SX-A71S-01	PER2	Missense_Mutation	p.A867T	0.09
TCGA-SX-A7SN	TCGA-SX-A7SN-01	RORA	Missense_Mutation	p.L256P	0.35
TCGA-SX-A7SQ	TCGA-SX-A7SQ-01	RORA	Missense_Mutation	p.Q329R	0.43
TCGA-T2-A6WX	TCGA-T2-A6WX-01	CRY2	Missense_Mutation	p.S532L	0.24
TCGA-UB-A7MB	TCGA-UB-A7MB-01	NPAS2	Missense_Mutation	p.K380M	0.38
TCGA-UB-A7MB	TCGA-UB-A7MB-01	NPAS2	Missense_Mutation	p.P466A	0.25
TCGA-UB-A7MB	TCGA-UB-A7MB-01	TIMELESS	Silent	p.G22G	0.39
TCGA-UC-A7PF	TCGA-UC-A7PF-01	PER1	Silent	p.F471F	0.28
TCGA-UC-A7PF	TCGA-UC-A7PF-01	PER1	Silent	p.I425I	0.33
TCGA-UE-A6QT	TCGA-UE-A6QT-01	CRY2	Missense_Mutation	p.E221D	0.38
TCGA-UF-A7JJ	TCGA-UF-A7JJ-01	CRY2	Silent	p.K155K	0.07
TCGA-UN-AAZ9	TCGA-UN-AAZ9-01	PER1	Nonsense_Mutation	p.Q1169*	0.43
TCGA-UU-A93S	TCGA-UU-A93S-01	PER2	3'UTR		0.20
TCGA-UY-A78K	TCGA-UY-A78K-01	ARNTL	Missense_Mutation	p.G510E	0.11
TCGA-UY-A78P	TCGA-UY-A78P-01	RORB	Missense_Mutation	p.V366F	0.17
TCGA-UY-A9PA	TCGA-UY-A9PA-01	CSNK1D	Missense_Mutation	p.G21A	0.18
TCGA-UY-A9PB	TCGA-UY-A9PB-01	CSNK1D	Missense_Mutation	p.E226K	0.22
TCGA-UY-A9PB	TCGA-UY-A9PB-01	RORB	5'UTR		0.22
TCGA-UY-A9PD	TCGA-UY-A9PD-01	ARNTL	Missense_Mutation	p.Y375S	0.35
TCGA-UY-A9PD	TCGA-UY-A9PD-01	CSNK1E	Intron		0.14
TCGA-UY-A9PE	TCGA-UY-A9PE-01	RORC	Missense_Mutation	p.E212K	0.16
TCGA-UY-A9PF	TCGA-UY-A9PF-01	CLOCK	Nonsense_Mutation	p.S364*	0.23
TCGA-UY-A9PF	TCGA-UY-A9PF-01	CSNK1E	Silent	p.K232K	0.16
TCGA-UY-A9PF	TCGA-UY-A9PF-01	PER2	Missense_Mutation	p.G405R	0.26
TCGA-UY-A9PH	TCGA-UY-A9PH-01	CSNK1E	Silent	p.K231K	0.19
TCGA-UZ-A9PO	TCGA-UZ-A9PO-01	RORB	3'UTR		0.26
TCGA-UZ-A9PS	TCGA-UZ-A9PS-01	PER2	Missense_Mutation	p.S562T	0.46
TCGA-UZ-A9Q1	TCGA-UZ-A9Q1-01	RORB	Missense_Mutation	p.I410K	0.42
TCGA-V1-A9OH	TCGA-V1-A9OH-01	RORA	Missense_Mutation	p.R132K	0.21
TCGA-V1-A9OY	TCGA-V1-A9OY-01	PER2	Missense_Mutation	p.E162D	0.08
TCGA-V4-A9EI	TCGA-V4-A9EI-01	PER1	Missense_Mutation	p.E1252K	0.82
TCGA-V5-A7RE	TCGA-V5-A7RE-01	CSNK1D	Missense_Mutation	p.E74K	0.31
TCGA-V5-AASW	TCGA-V5-AASW-01	NR1D1	3'UTR		0.25
TCGA-V5-AASW	TCGA-V5-AASW-01	NR1D2	Missense_Mutation	p.R175W	0.38
TCGA-VM-A8CA	TCGA-VM-A8CA-01	RORB	Silent	p.K331K	0.08
TCGA-VP-A875	TCGA-VP-A875-01	PER1	Missense_Mutation	p.T1153I	0.11
TCGA-VQ-A8DU	TCGA-VQ-A8DU-01	NR1D2	Silent	p.V105V	0.07
TCGA-VQ-A8P2	TCGA-VQ-A8P2-01	ARNTL	Nonsense_Mutation	p.E302*	0.41
TCGA-VQ-A8P2	TCGA-VQ-A8P2-01	CLOCK	Missense_Mutation	p.A34V	0.28
TCGA-VQ-A8P2	TCGA-VQ-A8P2-01	CSNK1D	Missense_Mutation	p.G243D	0.14
TCGA-VQ-A8P2	TCGA-VQ-A8P2-01	NPAS2	Missense_Mutation	p.P453H	0.32
TCGA-VQ-A8P2	TCGA-VQ-A8P2-01	NPAS2	Nonsense_Mutation	p.R824*	0.20
TCGA-VQ-A8P2	TCGA-VQ-A8P2-01	NR1D1	Missense_Mutation	p.R330H	0.31
TCGA-VQ-A8P2	TCGA-VQ-A8P2-01	NR1D2	Nonsense_Mutation	p.E571*	0.26
TCGA-VQ-A8P2	TCGA-VQ-A8P2-01	PER2	Missense_Mutation	p.V817M	0.48
TCGA-VQ-A8P2	TCGA-VQ-A8P2-01	PER3	Silent	p.P937P	0.41
TCGA-VQ-A8P2	TCGA-VQ-A8P2-01	PER3	Silent	p.S773S	0.42
TCGA-VQ-A8P2	TCGA-VQ-A8P2-01	RORA	Missense_Mutation	p.S141F	0.25
TCGA-VQ-A8P2	TCGA-VQ-A8P2-01	RORB	Silent	p.H268H	0.37
TCGA-VQ-A8P2	TCGA-VQ-A8P2-01	TIMELESS	Missense_Mutation	p.R356Q	0.33
TCGA-VQ-A8P2	TCGA-VQ-A8P2-01	TIMELESS	Missense_Mutation	p.R406C	0.44
TCGA-VQ-A8PH	TCGA-VQ-A8PH-01	RORA	Silent	p.F67F	0.27
TCGA-VQ-A8PH	TCGA-VQ-A8PH-01	RORC	Intron		0.33
TCGA-VQ-A8PO	TCGA-VQ-A8PO-01	CRY1	Nonsense_Mutation	p.R53*	0.30
TCGA-VQ-A8PO	TCGA-VQ-A8PO-01	NPAS2	Missense_Mutation	p.A497T	0.33
TCGA-VQ-A8PO	TCGA-VQ-A8PO-01	NR1D1	Missense_Mutation	p.M220I	0.07
TCGA-VQ-A8PO	TCGA-VQ-A8PO-01	PER2	Silent	p.T1052T	0.09
TCGA-VQ-A8PP	TCGA-VQ-A8PP-01	CLOCK	Missense_Mutation	p.H442Y	0.19
TCGA-VQ-A8PP	TCGA-VQ-A8PP-01	CSNK1D	Silent	p.F150F	0.30
TCGA-VQ-A8PP	TCGA-VQ-A8PP-01	PER1	Missense_Mutation	p.R832Q	0.27
TCGA-VQ-A8PP	TCGA-VQ-A8PP-01	PER2	Missense_Mutation	p.S585G	0.20
TCGA-VQ-A8PP	TCGA-VQ-A8PP-01	TIMELESS	Missense_Mutation	p.R596Q	0.25
TCGA-VQ-A8PT	TCGA-VQ-A8PT-01	CRY1	Missense_Mutation	p.R77H	0.42
TCGA-VQ-A8PT	TCGA-VQ-A8PT-01	NR1D1	Missense_Mutation	p.V178I	0.35
TCGA-VQ-A8PT	TCGA-VQ-A8PT-01	RORC	Intron		0.51
TCGA-VQ-A8PY	TCGA-VQ-A8PY-01	PER3	Silent	p.E286E	0.09
TCGA-VQ-A91D	TCGA-VQ-A91D-01	CRY1	Nonsense_Mutation	p.R367*	0.32
TCGA-VQ-A91D	TCGA-VQ-A91D-01	NPAS2	Missense_Mutation	p.T229S	0.24
TCGA-VQ-A91D	TCGA-VQ-A91D-01	PER3	Silent	p.Y180Y	0.34
TCGA-VQ-A91D	TCGA-VQ-A91D-01	TIMELESS	Silent	p.D1154D	0.37
TCGA-VQ-A91E	TCGA-VQ-A91E-01	NR1D1	Frame_Shift_Ins	p.G101Wfs*33	0.14
TCGA-VQ-A91E	TCGA-VQ-A91E-01	NR1D1	Silent	p.R66R	0.20
TCGA-VQ-A91K	TCGA-VQ-A91K-01	CSNK1D	Missense_Mutation	p.I165T	0.29
TCGA-VQ-A91K	TCGA-VQ-A91K-01	NR1D1	Missense_Mutation	p.R350C	0.43
TCGA-VQ-A91K	TCGA-VQ-A91K-01	PER1	Missense_Mutation	p.R843H	0.48
TCGA-VQ-A924	TCGA-VQ-A924-01	CLOCK	Missense_Mutation	p.R46C	0.08
TCGA-VQ-A924	TCGA-VQ-A924-01	CRY2	Silent	p.C442C	0.23
TCGA-VQ-A924	TCGA-VQ-A924-01	NPAS2	Frame_Shift_Del	p.L317*	0.19
TCGA-VQ-AA69	TCGA-VQ-AA69-01	NR1D1	Missense_Mutation	p.V393M	0.49
TCGA-VQ-AA6A	TCGA-VQ-AA6A-01	TIMELESS	Missense_Mutation	p.Q1201H	0.07
TCGA-VQ-AA6B	TCGA-VQ-AA6B-01	PER2	Missense_Mutation	p.A819T	0.21
TCGA-VQ-AA6D	TCGA-VQ-AA6D-01	CSNK1E	Nonstop_Mutation	p.*417Rext*29	0.20
TCGA-VQ-AA6K	TCGA-VQ-AA6K-01	ARNTL	Intron		0.35
TCGA-VR-A8EQ	TCGA-VR-A8EQ-01	PER2	Missense_Mutation	p.V802I	0.29
TCGA-VS-A8EK	TCGA-VS-A8EK-01	RORC	Silent	p.L425L	0.44
TCGA-VS-A8EL	TCGA-VS-A8EL-01	PER2	Missense_Mutation	p.P473S	0.11
TCGA-VS-A8Q8	TCGA-VS-A8Q8-01	NPAS2	Missense_Mutation	p.A99T	0.19
TCGA-VS-A94Z	TCGA-VS-A94Z-01	PER2	Silent	p.A232A	0.30
TCGA-VS-A952	TCGA-VS-A952-01	PER1	5'UTR		0.32
TCGA-VS-A953	TCGA-VS-A953-01	ARNTL	Missense_Mutation	p.A104T	0.49
TCGA-VS-A954	TCGA-VS-A954-01	CSNK1D	Intron		0.19
TCGA-VS-A958	TCGA-VS-A958-01	CSNK1D	Missense_Mutation	p.R127W	0.24
TCGA-VS-A958	TCGA-VS-A958-01	TIMELESS	Nonstop_Mutation	p.*1209Lext*48	0.25
TCGA-VS-A959	TCGA-VS-A959-01	PER2	3'UTR		0.09
TCGA-VS-A9U6	TCGA-VS-A9U6-01	CRY2	Nonsense_Mutation	p.E167*	0.24
TCGA-VS-A9U6	TCGA-VS-A9U6-01	PER1	Missense_Mutation	p.G777W	0.61
TCGA-VS-A9UJ	TCGA-VS-A9UJ-01	CSNK1D	Missense_Mutation	p.G362D	0.43
TCGA-VS-A9UJ	TCGA-VS-A9UJ-01	TIMELESS	Silent	p.E670E	0.42
TCGA-VS-A9UZ	TCGA-VS-A9UZ-01	NR1D1	Missense_Mutation	p.S140L	0.18
TCGA-VS-A9V4	TCGA-VS-A9V4-01	RORB	3'UTR		0.14
TCGA-W3-A824	TCGA-W3-A824-06	CRY1	Silent	p.I481I	0.29
TCGA-W3-A824	TCGA-W3-A824-06	PER2	Silent	p.S818S	0.50
TCGA-W3-A828	TCGA-W3-A828-06	PER1	Silent	p.L338L	0.32
TCGA-W3-AA1O	TCGA-W3-AA1O-06	PER2	Missense_Mutation	p.P978S	0.34
TCGA-W3-AA1O	TCGA-W3-AA1O-06	PER2	Silent	p.S977S	0.33
TCGA-W3-AA1Q	TCGA-W3-AA1Q-06	NR1D1	Missense_Mutation	p.V559M	0.26
TCGA-W3-AA1Q	TCGA-W3-AA1Q-06	PER3	Silent	p.T618T	0.39
TCGA-W3-AA1R	TCGA-W3-AA1R-06	CSNK1D	Nonsense_Mutation	p.K43*	0.39
TCGA-W3-AA1R	TCGA-W3-AA1R-06	RORB	Missense_Mutation	p.N41K	0.58
TCGA-W3-AA1V	TCGA-W3-AA1V-06	PER2	Missense_Mutation	p.F567V	0.62
TCGA-W3-AA1V	TCGA-W3-AA1V-06	PER3	Missense_Mutation	p.R316C	0.24
TCGA-W3-AA1V	TCGA-W3-AA1V-06	RORB	Missense_Mutation	p.A79V	0.34
TCGA-W3-AA1V	TCGA-W3-AA1V-06	RORB	Silent	p.E358E	0.25
TCGA-W3-AA1W	TCGA-W3-AA1W-06	ARNTL	Missense_Mutation	p.P57H	0.14
TCGA-W3-AA21	TCGA-W3-AA21-06	RORB	Silent	p.T194T	0.86
TCGA-W5-AA39	TCGA-W5-AA39-01	ARNTL	3'UTR		0.50
TCGA-W5-AA39	TCGA-W5-AA39-01	PER1	Missense_Mutation	p.D356G	0.36
TCGA-W5-AA39	TCGA-W5-AA39-01	PER1	Missense_Mutation	p.S367R	0.50
TCGA-W5-AA39	TCGA-W5-AA39-01	TIMELESS	Missense_Mutation	p.R434C	0.29
TCGA-WA-A7H4	TCGA-WA-A7H4-01	TIMELESS	Missense_Mutation	p.L971V	0.09
TCGA-WB-A821	TCGA-WB-A821-01	PER3	Silent	p.A681A	0.07
TCGA-WE-A8K1	TCGA-WE-A8K1-06	CRY2	Missense_Mutation	p.G536E	0.32
TCGA-WE-A8K1	TCGA-WE-A8K1-06	RORB	Silent	p.A360A	0.32
TCGA-WE-A8K6	TCGA-WE-A8K6-06	NR1D1	Missense_Mutation	p.P258S	0.41
TCGA-WQ-A9G7	TCGA-WQ-A9G7-01	PER3	Silent	p.N766N	0.20
TCGA-WS-AB45	TCGA-WS-AB45-01	CLOCK	Missense_Mutation	p.Q98R	0.13
TCGA-WS-AB45	TCGA-WS-AB45-01	PER1	Missense_Mutation	p.D1102N	0.17
TCGA-WS-AB45	TCGA-WS-AB45-01	PER2	Missense_Mutation	p.T292M	0.11
TCGA-WS-AB45	TCGA-WS-AB45-01	RORB	Missense_Mutation	p.A117V	0.15
TCGA-WX-AA44	TCGA-WX-AA44-01	TIMELESS	Silent	p.E670E	0.06
TCGA-XE-A8H5	TCGA-XE-A8H5-01	RORC	Silent	p.L446L	0.19
TCGA-XF-A8HC	TCGA-XF-A8HC-01	RORA	Missense_Mutation	p.R373H	0.30
TCGA-XF-A9SV	TCGA-XF-A9SV-01	NPAS2	Silent	p.S782S	0.49
TCGA-XF-A9T0	TCGA-XF-A9T0-01	CRY2	Silent	p.F430F	0.44
TCGA-XF-A9T5	TCGA-XF-A9T5-01	CRY2	Missense_Mutation	p.R192H	0.33
TCGA-XF-AAMG	TCGA-XF-AAMG-01	PER3	Missense_Mutation	p.E256Q	0.30
TCGA-XF-AAMG	TCGA-XF-AAMG-01	RORB	Missense_Mutation	p.I12M	0.16
TCGA-XF-AAML	TCGA-XF-AAML-01	TIMELESS	Missense_Mutation	p.E825K	0.23
TCGA-XF-AAMZ	TCGA-XF-AAMZ-01	PER3	Missense_Mutation	p.D47H	0.07
TCGA-XF-AAN0	TCGA-XF-AAN0-01	CSNK1E	Missense_Mutation	p.D110N	0.21
TCGA-XF-AAN0	TCGA-XF-AAN0-01	PER2	Silent	p.L937L	0.18
TCGA-XF-AAN2	TCGA-XF-AAN2-01	NPAS2	Silent	p.F666F	0.36
TCGA-XF-AAN4	TCGA-XF-AAN4-01	TIMELESS	Missense_Mutation	p.E565Q	0.06
TCGA-XF-AAN5	TCGA-XF-AAN5-01	PER2	Silent	p.T1196T	0.28
TCGA-XK-AAIW	TCGA-XK-AAIW-01	CLOCK	Missense_Mutation	p.A124T	0.28
TCGA-XK-AAIW	TCGA-XK-AAIW-01	CRY2	Missense_Mutation	p.R267W	0.26
TCGA-XK-AAIW	TCGA-XK-AAIW-01	CRY2	Missense_Mutation	p.R508W	0.21
TCGA-XK-AAIW	TCGA-XK-AAIW-01	CSNK1E	Missense_Mutation	p.A109T	0.46
TCGA-XK-AAIW	TCGA-XK-AAIW-01	NPAS2	Silent	p.L448L	0.10
TCGA-XK-AAIW	TCGA-XK-AAIW-01	PER1	Missense_Mutation	p.P540S	0.38
TCGA-XK-AAIW	TCGA-XK-AAIW-01	PER1	Missense_Mutation	p.V248M	0.39
TCGA-XK-AAIW	TCGA-XK-AAIW-01	PER1	Silent	p.G700G	0.38
TCGA-XK-AAIW	TCGA-XK-AAIW-01	PER2	Missense_Mutation	p.R299W	0.38
TCGA-XK-AAIW	TCGA-XK-AAIW-01	PER2	Silent	p.S589S	0.41
TCGA-XK-AAIW	TCGA-XK-AAIW-01	RORA	3'UTR		0.35
TCGA-XK-AAIW	TCGA-XK-AAIW-01	RORA	Missense_Mutation	p.A523V	0.17
TCGA-XQ-A8TA	TCGA-XQ-A8TA-01	NR1D2	Missense_Mutation	p.T442N	0.05
TCGA-XU-A936	TCGA-XU-A936-01	PER3	3'UTR		0.09
TCGA-XV-A9W2	TCGA-XV-A9W2-01	NPAS2	Missense_Mutation	p.Q301K	0.30
TCGA-XV-AAZW	TCGA-XV-AAZW-01	RORC	Silent	p.S266S	0.52
TCGA-XV-AAZY	TCGA-XV-AAZY-01	RORC	Missense_Mutation	p.R232C	0.41
TCGA-XY-A89B	TCGA-XY-A89B-01	RORA	Missense_Mutation	p.N79I	0.09
TCGA-XY-A89B	TCGA-XY-A89B-01	RORA	Silent	p.Q78Q	0.10
TCGA-Y8-A896	TCGA-Y8-A896-01	PER1	Missense_Mutation	p.L608I	0.22
TCGA-Y8-A896	TCGA-Y8-A896-01	RORA	Missense_Mutation	p.S314F	0.41
TCGA-YC-A89H	TCGA-YC-A89H-01	CLOCK	Missense_Mutation	p.E192K	0.28
TCGA-YC-A89H	TCGA-YC-A89H-01	CRY2	Missense_Mutation	p.S559L	0.32
TCGA-YC-A89H	TCGA-YC-A89H-01	NR1D2	Silent	p.K142K	0.31
TCGA-YC-A89H	TCGA-YC-A89H-01	PER3	Silent	p.Q1110Q	0.26
TCGA-YC-A89H	TCGA-YC-A89H-01	TIMELESS	Intron		0.68
TCGA-YD-A89C	TCGA-YD-A89C-06	NPAS2	Missense_Mutation	p.P715L	0.41
TCGA-YD-A89C	TCGA-YD-A89C-06	RORA	Intron		0.28
TCGA-YD-A9TA	TCGA-YD-A9TA-06	CSNK1D	3'UTR		0.71
TCGA-YD-A9TA	TCGA-YD-A9TA-06	NPAS2	Missense_Mutation	p.A581E	0.23
TCGA-YD-A9TA	TCGA-YD-A9TA-06	NPAS2	Missense_Mutation	p.R195C	0.39
TCGA-YD-A9TA	TCGA-YD-A9TA-06	PER3	Missense_Mutation	p.H1020Y	0.15
TCGA-YD-A9TA	TCGA-YD-A9TA-06	RORB	3'UTR		0.80
TCGA-YD-A9TA	TCGA-YD-A9TA-06	RORC	Missense_Mutation	p.G44R	0.26
TCGA-YG-AA3N	TCGA-YG-AA3N-01	TIMELESS	Missense_Mutation	p.A1136V	0.25
TCGA-YL-A8HM	TCGA-YL-A8HM-01	PER2	Silent	p.S1074S	0.47
TCGA-YL-A9WI	TCGA-YL-A9WI-01	CSNK1E	Intron		0.64
TCGA-YZ-A985	TCGA-YZ-A985-01	NPAS2	Missense_Mutation	p.T40M	0.07
TCGA-Z2-A8RT	TCGA-Z2-A8RT-06	NPAS2	Missense_Mutation	p.P468L	0.23
TCGA-Z2-A8RT	TCGA-Z2-A8RT-06	PER1	Missense_Mutation	p.P935S	0.38
TCGA-Z2-A8RT	TCGA-Z2-A8RT-06	PER3	Missense_Mutation	p.P803S	0.42
TCGA-Z2-AA3V	TCGA-Z2-AA3V-06	RORC	Silent	p.L387L	0.24
TCGA-Z6-A8JE	TCGA-Z6-A8JE-01	TIMELESS	Silent	p.L1047L	0.19
TCGA-Z6-AAPN	TCGA-Z6-AAPN-01	CRY1	3'UTR		0.08
TCGA-Z6-AAPN	TCGA-Z6-AAPN-01	TIMELESS	Missense_Mutation	p.H194N	0.26
TCGA-ZB-A963	TCGA-ZB-A963-01	ARNTL	Silent	p.L196L	0.17
TCGA-ZB-A966	TCGA-ZB-A966-01	CLOCK	Frame_Shift_Del	p.L123*	0.32
TCGA-ZF-A9R1	TCGA-ZF-A9R1-01	RORA	Missense_Mutation	p.R186T	0.34
TCGA-ZF-A9R4	TCGA-ZF-A9R4-01	NR1D2	Missense_Mutation	p.K576Q	0.52
TCGA-ZF-A9R7	TCGA-ZF-A9R7-01	NR1D2	Nonsense_Mutation	p.R562*	0.27
TCGA-ZF-A9R9	TCGA-ZF-A9R9-01	PER3	Missense_Mutation	p.L1044M	0.46
TCGA-ZF-A9RL	TCGA-ZF-A9RL-01	TIMELESS	Silent	p.L650L	0.18
TCGA-ZF-AA4N	TCGA-ZF-AA4N-01	NPAS2	Missense_Mutation	p.M1_?2	0.35
TCGA-ZF-AA4X	TCGA-ZF-AA4X-01	NPAS2	Missense_Mutation	p.E510Q	0.12
TCGA-ZF-AA56	TCGA-ZF-AA56-01	NPAS2	Missense_Mutation	p.K310N	0.07
TCGA-ZF-AA58	TCGA-ZF-AA58-01	RORC	Intron		0.09
TCGA-ZG-A9KY	TCGA-ZG-A9KY-01	NR1D1	Missense_Mutation	p.S253L	0.26
TCGA-ZG-A9N3	TCGA-ZG-A9N3-01	NR1D1	Missense_Mutation	p.A613T	0.13
TCGA-ZJ-AAX8	TCGA-ZJ-AAX8-01	CLOCK	Missense_Mutation	p.D48N	0.11
TCGA-ZJ-AAXU	TCGA-ZJ-AAXU-01	CLOCK	Missense_Mutation	p.E392K	0.11
TCGA-ZN-A9VW	TCGA-ZN-A9VW-01	TIMELESS	Missense_Mutation	p.V995L	0.25
TCGA-ZP-A9CV	TCGA-ZP-A9CV-01	TIMELESS	Missense_Mutation	p.G1120D	0.34
TCGA-ZP-A9D1	TCGA-ZP-A9D1-01	RORC	3'Flank		0.19
TCGA-ZP-A9D2	TCGA-ZP-A9D2-01	NR1D2	3'UTR		0.50
TCGA-ZS-A9CF	TCGA-ZS-A9CF-01	RORA	Splice_Site	p.X99_splice	0.46
TCGA-ZT-A8OM	TCGA-ZT-A8OM-01	NR1D2	Silent	p.V522V	0.09
