patient_id	cancer_type	CLOCK16_mutated	MC3_total_mutations	MC3_CLOCK16_mutations	non_CLOCK16_mutations	log1p_non_CLOCK16_burden
TCGA-ND-A4WA	uterine carcinosarcoma	False	66	0	66	4.204692619390966
TCGA-NF-A5CP	uterine carcinosarcoma	False	82	0	82	4.418840607796598
TCGA-N8-A4PP	uterine carcinosarcoma	False	130	0	130	4.875197323201151
TCGA-N7-A4Y5	uterine carcinosarcoma	False	76	0	76	4.343805421853684
TCGA-N6-A4VE	uterine carcinosarcoma	False	84	0	84	4.442651256490317
TCGA-N6-A4VC	uterine carcinosarcoma	False	57	0	57	4.060443010546419
TCGA-ND-A4WC	uterine carcinosarcoma	True	5103	5	5098	8.536799721055155
TCGA-N8-A4PL	uterine carcinosarcoma	True	62	1	61	4.127134385045092
TCGA-N6-A4VD	uterine carcinosarcoma	False	122	0	122	4.812184355372417
TCGA-NA-A4R0	uterine carcinosarcoma	False	69	0	69	4.248495242049359
TCGA-NA-A5I1	uterine carcinosarcoma	False	56	0	56	4.04305126783455
TCGA-N6-A4VG	uterine carcinosarcoma	False	59	0	59	4.0943445622221
TCGA-N9-A4PZ	uterine carcinosarcoma	True	65	1	64	4.174387269895637
TCGA-ND-A4WF	uterine carcinosarcoma	False	84	0	84	4.442651256490317
TCGA-N8-A4PQ	uterine carcinosarcoma	False	72	0	72	4.290459441148391
TCGA-N8-A56S	uterine carcinosarcoma	False	65	0	65	4.189654742026425
TCGA-NA-A4R1	uterine carcinosarcoma	False	157	0	157	5.062595033026967
TCGA-NG-A4VW	uterine carcinosarcoma	False	61	0	61	4.127134385045092
TCGA-N8-A4PM	uterine carcinosarcoma	False	65	0	65	4.189654742026425
TCGA-N7-A4Y8	uterine carcinosarcoma	False	60	0	60	4.110873864173311
TCGA-NA-A4QV	uterine carcinosarcoma	False	57	0	57	4.060443010546419
TCGA-N5-A4RN	uterine carcinosarcoma	False	96	0	96	4.574710978503383
TCGA-N8-A4PI	uterine carcinosarcoma	False	63	0	63	4.1588830833596715
TCGA-N9-A4Q1	uterine carcinosarcoma	False	51	0	51	3.9512437185814275
TCGA-N5-A4RD	uterine carcinosarcoma	False	73	0	73	4.30406509320417
TCGA-N5-A4RT	uterine carcinosarcoma	False	118	0	118	4.77912349311153
TCGA-N7-A59B	uterine carcinosarcoma	False	51	0	51	3.9512437185814275
TCGA-N9-A4Q7	uterine carcinosarcoma	True	335	2	333	5.811140992976701
TCGA-N5-A4RF	uterine carcinosarcoma	False	99	0	99	4.605170185988092
TCGA-N8-A4PN	uterine carcinosarcoma	False	60	0	60	4.110873864173311
TCGA-N9-A4Q8	uterine carcinosarcoma	False	62	0	62	4.143134726391533
TCGA-N5-A4RO	uterine carcinosarcoma	True	69	1	68	4.23410650459726
TCGA-ND-A4W6	uterine carcinosarcoma	False	106	0	106	4.672828834461906
TCGA-QM-A5NM	uterine carcinosarcoma	False	67	0	67	4.219507705176107
TCGA-N8-A4PO	uterine carcinosarcoma	False	82	0	82	4.418840607796598
TCGA-N5-A4R8	uterine carcinosarcoma	False	68	0	68	4.23410650459726
TCGA-N5-A4RS	uterine carcinosarcoma	False	39	0	39	3.6888794541139363
TCGA-N5-A59F	uterine carcinosarcoma	False	62	0	62	4.143134726391533
TCGA-N7-A4Y0	uterine carcinosarcoma	False	1030	0	1030	6.93828448401696
TCGA-N9-A4Q3	uterine carcinosarcoma	False	51	0	51	3.9512437185814275
TCGA-N5-A4RA	uterine carcinosarcoma	False	57	0	57	4.060443010546419
TCGA-NG-A4VU	uterine carcinosarcoma	False	47	0	47	3.871201010907891
TCGA-N5-A4RM	uterine carcinosarcoma	False	64	0	64	4.174387269895637
TCGA-N5-A4RV	uterine carcinosarcoma	False	68	0	68	4.23410650459726
TCGA-N5-A59E	uterine carcinosarcoma	False	78	0	78	4.3694478524670215
TCGA-NA-A4QY	uterine carcinosarcoma	False	54	0	54	4.007333185232471
TCGA-N5-A4RJ	uterine carcinosarcoma	False	60	0	60	4.110873864173311
TCGA-N9-A4Q4	uterine carcinosarcoma	False	56	0	56	4.04305126783455
TCGA-NA-A4QW	uterine carcinosarcoma	False	67	0	67	4.219507705176107
TCGA-NF-A4WX	uterine carcinosarcoma	False	47	0	47	3.871201010907891
TCGA-NA-A4QX	uterine carcinosarcoma	False	42	0	42	3.7612001156935624
TCGA-N6-A4V9	uterine carcinosarcoma	False	49	0	49	3.912023005428146
TCGA-NF-A4WU	uterine carcinosarcoma	False	43	0	43	3.784189633918261
TCGA-NF-A4X2	uterine carcinosarcoma	False	121	0	121	4.804021044733257
TCGA-QN-A5NN	uterine carcinosarcoma	False	82	0	82	4.418840607796598
TCGA-N5-A4RU	uterine carcinosarcoma	False	84	0	84	4.442651256490317
TCGA-N6-A4VF	uterine carcinosarcoma	False	57	0	57	4.060443010546419
TCGA-EL-A3CO	thyroid carcinoma	False	9	0	9	2.302585092994046
TCGA-DJ-A13L	thyroid carcinoma	False	43	0	43	3.784189633918261
TCGA-J8-A3YF	thyroid carcinoma	False	30	0	30	3.4339872044851463
TCGA-FE-A239	thyroid carcinoma	False	0	0	0	0.0
TCGA-EL-A3MY	thyroid carcinoma	False	22	0	22	3.1354942159291497
TCGA-BJ-A0ZG	thyroid carcinoma	False	13	0	13	2.6390573296152584
TCGA-BJ-A28S	thyroid carcinoma	False	25	0	25	3.258096538021482
TCGA-BJ-A45C	thyroid carcinoma	False	0	0	0	0.0
TCGA-BJ-A2NA	thyroid carcinoma	False	51	0	51	3.9512437185814275
TCGA-EM-A1CT	thyroid carcinoma	False	27	0	27	3.332204510175204
TCGA-FY-A4B0	thyroid carcinoma	False	0	0	0	0.0
TCGA-EL-A4K6	thyroid carcinoma	False	32	0	32	3.4965075614664802
TCGA-EM-A22O	thyroid carcinoma	False	38	0	38	3.6635616461296463
TCGA-EL-A4K7	thyroid carcinoma	False	53	0	53	3.9889840465642745
TCGA-MK-A84Z	thyroid carcinoma	False	22	0	22	3.1354942159291497
TCGA-EM-A4FO	thyroid carcinoma	False	18	0	18	2.9444389791664403
TCGA-DE-A4MD	thyroid carcinoma	False	35	0	35	3.58351893845611
TCGA-BJ-A290	thyroid carcinoma	False	36	0	36	3.6109179126442243
TCGA-DJ-A1QL	thyroid carcinoma	False	19	0	19	2.995732273553991
TCGA-EL-A3GP	thyroid carcinoma	False	26	0	26	3.295836866004329
TCGA-FE-A231	thyroid carcinoma	False	19	0	19	2.995732273553991
TCGA-DJ-A1QO	thyroid carcinoma	False	19	0	19	2.995732273553991
TCGA-EM-A4FH	thyroid carcinoma	False	11	0	11	2.4849066497880004
TCGA-FY-A3NP	thyroid carcinoma	False	13	0	13	2.6390573296152584
TCGA-EL-A4K9	thyroid carcinoma	False	21	0	21	3.091042453358316
TCGA-BJ-A0ZB	thyroid carcinoma	False	48	0	48	3.8918202981106265
TCGA-EL-A3MZ	thyroid carcinoma	False	32	0	32	3.4965075614664802
TCGA-EM-A2OZ	thyroid carcinoma	False	31	0	31	3.4657359027997265
TCGA-BJ-A0YZ	thyroid carcinoma	False	23	0	23	3.1780538303479458
TCGA-DJ-A2PW	thyroid carcinoma	False	20	0	20	3.044522437723423
TCGA-EM-A22P	thyroid carcinoma	False	19	0	19	2.995732273553991
TCGA-ET-A3DW	thyroid carcinoma	False	23	0	23	3.1780538303479458
TCGA-DJ-A2PZ	thyroid carcinoma	False	18	0	18	2.9444389791664403
TCGA-DJ-A3UO	thyroid carcinoma	False	14	0	14	2.70805020110221
TCGA-DJ-A3VK	thyroid carcinoma	False	20	0	20	3.044522437723423
TCGA-EL-A3T3	thyroid carcinoma	False	22	0	22	3.1354942159291497
TCGA-EL-A4KI	thyroid carcinoma	False	22	0	22	3.1354942159291497
TCGA-DJ-A1QG	thyroid carcinoma	False	20	0	20	3.044522437723423
TCGA-EL-A3D4	thyroid carcinoma	False	10	0	10	2.3978952727983707
TCGA-EM-A2CN	thyroid carcinoma	False	21	0	21	3.091042453358316
TCGA-ET-A40S	thyroid carcinoma	False	18	0	18	2.9444389791664403
TCGA-EL-A3D0	thyroid carcinoma	False	24	0	24	3.2188758248682006
TCGA-EM-A3AO	thyroid carcinoma	False	10	0	10	2.3978952727983707
TCGA-DJ-A13U	thyroid carcinoma	False	17	0	17	2.8903717578961645
TCGA-DJ-A4UQ	thyroid carcinoma	False	18	0	18	2.9444389791664403
TCGA-EL-A3ZM	thyroid carcinoma	False	0	0	0	0.0
TCGA-BJ-A0Z5	thyroid carcinoma	False	0	0	0	0.0
TCGA-BJ-A18Z	thyroid carcinoma	False	24	0	24	3.2188758248682006
TCGA-EL-A3H2	thyroid carcinoma	False	12	0	12	2.5649493574615367
TCGA-BJ-A0Z2	thyroid carcinoma	False	25	0	25	3.258096538021482
TCGA-E3-A3E5	thyroid carcinoma	False	15	0	15	2.772588722239781
TCGA-EM-A3FM	thyroid carcinoma	False	20	0	20	3.044522437723423
TCGA-DJ-A13O	thyroid carcinoma	False	5	0	5	1.791759469228055
TCGA-DJ-A3V0	thyroid carcinoma	False	25	0	25	3.258096538021482
TCGA-BJ-A0Z0	thyroid carcinoma	False	36	0	36	3.6109179126442243
TCGA-BJ-A0ZC	thyroid carcinoma	False	11	0	11	2.4849066497880004
TCGA-BJ-A190	thyroid carcinoma	False	0	0	0	0.0
TCGA-DJ-A4V5	thyroid carcinoma	False	7	0	7	2.0794415416798357
TCGA-DJ-A2PO	thyroid carcinoma	False	7	0	7	2.0794415416798357
TCGA-DJ-A3V6	thyroid carcinoma	False	23	0	23	3.1780538303479458
TCGA-FY-A76V	thyroid carcinoma	False	16	0	16	2.833213344056216
TCGA-DJ-A2Q4	thyroid carcinoma	False	14	0	14	2.70805020110221
TCGA-BJ-A3PU	thyroid carcinoma	False	21	0	21	3.091042453358316
TCGA-DJ-A3VB	thyroid carcinoma	False	18	0	18	2.9444389791664403
TCGA-EM-A22M	thyroid carcinoma	False	17	0	17	2.8903717578961645
TCGA-BJ-A3EZ	thyroid carcinoma	False	25	0	25	3.258096538021482
TCGA-DJ-A2Q5	thyroid carcinoma	False	7	0	7	2.0794415416798357
TCGA-FK-A4UB	thyroid carcinoma	False	7	0	7	2.0794415416798357
TCGA-FY-A4B3	thyroid carcinoma	False	14	0	14	2.70805020110221
TCGA-DJ-A13R	thyroid carcinoma	False	14	0	14	2.70805020110221
TCGA-DJ-A3VE	thyroid carcinoma	False	13	0	13	2.6390573296152584
TCGA-DO-A2HM	thyroid carcinoma	False	97	0	97	4.584967478670572
TCGA-BJ-A4O8	thyroid carcinoma	False	8	0	8	2.1972245773362196
TCGA-DJ-A2PP	thyroid carcinoma	False	22	0	22	3.1354942159291497
TCGA-L6-A4EQ	thyroid carcinoma	False	20	0	20	3.044522437723423
TCGA-EM-A2OX	thyroid carcinoma	False	11	0	11	2.4849066497880004
TCGA-EM-A2P2	thyroid carcinoma	False	22	0	22	3.1354942159291497
TCGA-BJ-A45H	thyroid carcinoma	True	12	1	11	2.4849066497880004
TCGA-J8-A42S	thyroid carcinoma	False	14	0	14	2.70805020110221
TCGA-DJ-A1QQ	thyroid carcinoma	False	18	0	18	2.9444389791664403
TCGA-DJ-A1QM	thyroid carcinoma	False	15	0	15	2.772588722239781
TCGA-EL-A3TA	thyroid carcinoma	False	6	0	6	1.9459101490553132
TCGA-ET-A3BS	thyroid carcinoma	True	9	1	8	2.1972245773362196
TCGA-EL-A4KD	thyroid carcinoma	False	21	0	21	3.091042453358316
TCGA-EM-A3AR	thyroid carcinoma	False	6	0	6	1.9459101490553132
TCGA-KS-A4I3	thyroid carcinoma	False	13	0	13	2.6390573296152584
TCGA-DJ-A3VG	thyroid carcinoma	False	20	0	20	3.044522437723423
TCGA-EL-A3CV	thyroid carcinoma	False	8	0	8	2.1972245773362196
TCGA-EM-A3FO	thyroid carcinoma	False	8	0	8	2.1972245773362196
TCGA-EM-A3O9	thyroid carcinoma	False	12	0	12	2.5649493574615367
TCGA-EL-A3D1	thyroid carcinoma	False	8	0	8	2.1972245773362196
TCGA-EM-A3AJ	thyroid carcinoma	False	6	0	6	1.9459101490553132
TCGA-ET-A2MZ	thyroid carcinoma	False	6	0	6	1.9459101490553132
TCGA-ET-A39O	thyroid carcinoma	False	12	0	12	2.5649493574615367
TCGA-J8-A3O2	thyroid carcinoma	False	13	0	13	2.6390573296152584
TCGA-J8-A3YH	thyroid carcinoma	False	9	0	9	2.302585092994046
TCGA-DJ-A3VL	thyroid carcinoma	False	14	0	14	2.70805020110221
TCGA-ET-A40Q	thyroid carcinoma	False	16	0	16	2.833213344056216
TCGA-J8-A3O0	thyroid carcinoma	False	15	0	15	2.772588722239781
TCGA-E3-A3DY	thyroid carcinoma	True	11	1	10	2.3978952727983707
TCGA-IM-A4EB	thyroid carcinoma	False	16	0	16	2.833213344056216
TCGA-BJ-A0ZJ	thyroid carcinoma	False	4	0	4	1.6094379124341003
TCGA-BJ-A45D	thyroid carcinoma	False	15	0	15	2.772588722239781
TCGA-EL-A3T8	thyroid carcinoma	False	10	0	10	2.3978952727983707
TCGA-EM-A22Q	thyroid carcinoma	False	12	0	12	2.5649493574615367
TCGA-EM-A3SY	thyroid carcinoma	False	15	0	15	2.772588722239781
TCGA-EL-A3ZT	thyroid carcinoma	False	15	0	15	2.772588722239781
TCGA-EM-A4FU	thyroid carcinoma	False	8	0	8	2.1972245773362196
TCGA-MK-A4N6	thyroid carcinoma	False	13	0	13	2.6390573296152584
TCGA-ET-A39M	thyroid carcinoma	False	13	0	13	2.6390573296152584
TCGA-BJ-A45K	thyroid carcinoma	False	12	0	12	2.5649493574615367
TCGA-EM-A2P0	thyroid carcinoma	False	5	0	5	1.791759469228055
TCGA-EM-A2P1	thyroid carcinoma	False	8	0	8	2.1972245773362196
TCGA-ET-A25M	thyroid carcinoma	False	0	0	0	0.0
TCGA-FE-A236	thyroid carcinoma	False	15	0	15	2.772588722239781
TCGA-CE-A485	thyroid carcinoma	False	4	0	4	1.6094379124341003
TCGA-CE-A3MD	thyroid carcinoma	False	10	0	10	2.3978952727983707
TCGA-EM-A1CU	thyroid carcinoma	False	17	0	17	2.8903717578961645
TCGA-EM-A2CL	thyroid carcinoma	False	7	0	7	2.0794415416798357
TCGA-BJ-A18Y	thyroid carcinoma	False	10	0	10	2.3978952727983707
TCGA-FY-A3BL	thyroid carcinoma	False	9	0	9	2.302585092994046
TCGA-DE-A4M9	thyroid carcinoma	False	13	0	13	2.6390573296152584
TCGA-EL-A3CY	thyroid carcinoma	False	4	0	4	1.6094379124341003
TCGA-EM-A2CK	thyroid carcinoma	False	11	0	11	2.4849066497880004
TCGA-EM-A4FR	thyroid carcinoma	False	6	0	6	1.9459101490553132
TCGA-ET-A3BU	thyroid carcinoma	False	6	0	6	1.9459101490553132
TCGA-DJ-A2PR	thyroid carcinoma	False	9	0	9	2.302585092994046
TCGA-ET-A2MX	thyroid carcinoma	False	15	0	15	2.772588722239781
TCGA-DJ-A2PQ	thyroid carcinoma	False	8	0	8	2.1972245773362196
TCGA-H2-A2K9	thyroid carcinoma	False	12	0	12	2.5649493574615367
TCGA-ET-A3BX	thyroid carcinoma	False	11	0	11	2.4849066497880004
TCGA-DJ-A3VJ	thyroid carcinoma	False	9	0	9	2.302585092994046
TCGA-FY-A3ON	thyroid carcinoma	False	6	0	6	1.9459101490553132
TCGA-EL-A3ZP	thyroid carcinoma	False	7	0	7	2.0794415416798357
TCGA-FE-A3PA	thyroid carcinoma	False	4	0	4	1.6094379124341003
TCGA-EL-A3ZG	thyroid carcinoma	False	8	0	8	2.1972245773362196
TCGA-IM-A3U2	thyroid carcinoma	False	51	0	51	3.9512437185814275
TCGA-EL-A3CW	thyroid carcinoma	False	8	0	8	2.1972245773362196
TCGA-EM-A3AQ	thyroid carcinoma	False	13	0	13	2.6390573296152584
TCGA-EM-A3O3	thyroid carcinoma	False	45	0	45	3.828641396489095
TCGA-ET-A39I	thyroid carcinoma	False	14	0	14	2.70805020110221
TCGA-BJ-A28V	thyroid carcinoma	False	30	0	30	3.4339872044851463
TCGA-DE-A4MB	thyroid carcinoma	False	34	0	34	3.5553480614894135
TCGA-EL-A3ZO	thyroid carcinoma	False	116	0	116	4.762173934797756
TCGA-EL-A3CR	thyroid carcinoma	False	38	0	38	3.6635616461296463
TCGA-EL-A3CT	thyroid carcinoma	False	104	0	104	4.653960350157523
TCGA-EL-A3ZQ	thyroid carcinoma	False	13	0	13	2.6390573296152584
TCGA-EM-A2CO	thyroid carcinoma	False	16	0	16	2.833213344056216
TCGA-DJ-A3V5	thyroid carcinoma	True	22	1	21	3.091042453358316
TCGA-E8-A418	thyroid carcinoma	False	42	0	42	3.7612001156935624
TCGA-4C-A93U	thyroid carcinoma	False	73	0	73	4.30406509320417
TCGA-EM-A1YA	thyroid carcinoma	False	16	0	16	2.833213344056216
TCGA-EM-A1YB	thyroid carcinoma	False	65	0	65	4.189654742026425
TCGA-ET-A39P	thyroid carcinoma	False	23	0	23	3.1780538303479458
TCGA-EL-A3GQ	thyroid carcinoma	False	16	0	16	2.833213344056216
TCGA-EL-A3GU	thyroid carcinoma	False	27	0	27	3.332204510175204
TCGA-ET-A2MY	thyroid carcinoma	False	70	0	70	4.2626798770413155
TCGA-EM-A1YC	thyroid carcinoma	False	19	0	19	2.995732273553991
TCGA-EM-A3FP	thyroid carcinoma	False	15	0	15	2.772588722239781
TCGA-DJ-A2PN	thyroid carcinoma	False	8	0	8	2.1972245773362196
TCGA-DJ-A2PT	thyroid carcinoma	False	13	0	13	2.6390573296152584
TCGA-DJ-A2QC	thyroid carcinoma	False	15	0	15	2.772588722239781
TCGA-DJ-A3UZ	thyroid carcinoma	False	3	0	3	1.3862943611198906
TCGA-EL-A3CL	thyroid carcinoma	False	10	0	10	2.3978952727983707
TCGA-EL-A3CU	thyroid carcinoma	False	23	0	23	3.1780538303479458
TCGA-BJ-A3PR	thyroid carcinoma	False	12	0	12	2.5649493574615367
TCGA-EL-A3T9	thyroid carcinoma	False	29	0	29	3.4011973816621555
TCGA-DJ-A3VM	thyroid carcinoma	False	20	0	20	3.044522437723423
TCGA-DJ-A4UL	thyroid carcinoma	False	10	0	10	2.3978952727983707
TCGA-EL-A4K1	thyroid carcinoma	False	13	0	13	2.6390573296152584
TCGA-EM-A22N	thyroid carcinoma	False	11	0	11	2.4849066497880004
TCGA-ET-A3DV	thyroid carcinoma	False	11	0	11	2.4849066497880004
TCGA-J8-A4HY	thyroid carcinoma	False	49	0	49	3.912023005428146
TCGA-BJ-A0ZA	thyroid carcinoma	False	12	0	12	2.5649493574615367
TCGA-EM-A3AI	thyroid carcinoma	False	14	0	14	2.70805020110221
TCGA-EL-A3H1	thyroid carcinoma	False	29	0	29	3.4011973816621555
TCGA-EL-A3MX	thyroid carcinoma	False	40	0	40	3.713572066704308
TCGA-FY-A3R9	thyroid carcinoma	False	28	0	28	3.367295829986474
TCGA-FY-A3W9	thyroid carcinoma	False	20	0	20	3.044522437723423
TCGA-DE-A0XZ	thyroid carcinoma	False	26	0	26	3.295836866004329
TCGA-DJ-A2Q9	thyroid carcinoma	False	18	0	18	2.9444389791664403
TCGA-EL-A3GV	thyroid carcinoma	False	23	0	23	3.1780538303479458
TCGA-BJ-A3F0	thyroid carcinoma	True	16	2	14	2.70805020110221
TCGA-EL-A3CM	thyroid carcinoma	False	15	0	15	2.772588722239781
TCGA-EM-A2OV	thyroid carcinoma	False	16	0	16	2.833213344056216
TCGA-EM-A4FV	thyroid carcinoma	False	31	0	31	3.4657359027997265
TCGA-FY-A3I5	thyroid carcinoma	False	18	0	18	2.9444389791664403
TCGA-FY-A3YR	thyroid carcinoma	False	20	0	20	3.044522437723423
TCGA-BJ-A0ZE	thyroid carcinoma	False	21	0	21	3.091042453358316
TCGA-DJ-A1QI	thyroid carcinoma	False	13	0	13	2.6390573296152584
TCGA-EM-A3FL	thyroid carcinoma	False	13	0	13	2.6390573296152584
TCGA-DJ-A1QE	thyroid carcinoma	False	21	0	21	3.091042453358316
TCGA-EL-A3CS	thyroid carcinoma	False	24	0	24	3.2188758248682006
TCGA-EM-A2CM	thyroid carcinoma	True	31	1	30	3.4339872044851463
TCGA-EM-A3AK	thyroid carcinoma	False	14	0	14	2.70805020110221
TCGA-EM-A3ST	thyroid carcinoma	False	26	0	26	3.295836866004329
TCGA-FY-A3R8	thyroid carcinoma	False	20	0	20	3.044522437723423
TCGA-FY-A4B4	thyroid carcinoma	False	16	0	16	2.833213344056216
TCGA-DE-A4M8	thyroid carcinoma	False	13	0	13	2.6390573296152584
TCGA-DJ-A1QF	thyroid carcinoma	False	14	0	14	2.70805020110221
TCGA-DJ-A2Q3	thyroid carcinoma	False	21	0	21	3.091042453358316
TCGA-FE-A22Z	thyroid carcinoma	False	27	0	27	3.332204510175204
TCGA-FK-A3SD	thyroid carcinoma	False	21	0	21	3.091042453358316
TCGA-FY-A2QD	thyroid carcinoma	False	10	0	10	2.3978952727983707
TCGA-FY-A3TY	thyroid carcinoma	False	7	0	7	2.0794415416798357
TCGA-KS-A4I7	thyroid carcinoma	False	10	0	10	2.3978952727983707
TCGA-DE-A0Y3	thyroid carcinoma	False	18	0	18	2.9444389791664403
TCGA-DJ-A3V4	thyroid carcinoma	False	16	0	16	2.833213344056216
TCGA-DJ-A3VF	thyroid carcinoma	False	9	0	9	2.302585092994046
TCGA-ET-A3BT	thyroid carcinoma	False	28	0	28	3.367295829986474
TCGA-BJ-A45F	thyroid carcinoma	False	11	0	11	2.4849066497880004
TCGA-EM-A4FM	thyroid carcinoma	False	30	0	30	3.4339872044851463
TCGA-J8-A4HW	thyroid carcinoma	False	15	0	15	2.772588722239781
TCGA-DE-A69K	thyroid carcinoma	False	20	0	20	3.044522437723423
TCGA-DJ-A1QH	thyroid carcinoma	False	26	0	26	3.295836866004329
TCGA-IM-A3ED	thyroid carcinoma	False	11	0	11	2.4849066497880004
TCGA-L6-A4EU	thyroid carcinoma	False	83	0	83	4.430816798843313
TCGA-BJ-A0Z9	thyroid carcinoma	False	21	0	21	3.091042453358316
TCGA-DJ-A2Q0	thyroid carcinoma	False	34	0	34	3.5553480614894135
TCGA-DJ-A2Q2	thyroid carcinoma	False	12	0	12	2.5649493574615367
TCGA-DJ-A3V3	thyroid carcinoma	False	9	0	9	2.302585092994046
TCGA-E8-A3X7	thyroid carcinoma	False	10	0	10	2.3978952727983707
TCGA-E8-A432	thyroid carcinoma	False	27	0	27	3.332204510175204
TCGA-E8-A437	thyroid carcinoma	False	20	0	20	3.044522437723423
TCGA-EL-A3H5	thyroid carcinoma	False	29	0	29	3.4011973816621555
TCGA-FY-A3R6	thyroid carcinoma	False	11	0	11	2.4849066497880004
TCGA-BJ-A291	thyroid carcinoma	False	0	0	0	0.0
TCGA-DJ-A2QA	thyroid carcinoma	False	15	0	15	2.772588722239781
TCGA-E8-A242	thyroid carcinoma	False	17	0	17	2.8903717578961645
TCGA-E8-A434	thyroid carcinoma	False	7	0	7	2.0794415416798357
TCGA-EM-A22J	thyroid carcinoma	False	20	0	20	3.044522437723423
TCGA-ET-A25G	thyroid carcinoma	False	17	0	17	2.8903717578961645
TCGA-DJ-A2PX	thyroid carcinoma	False	4	0	4	1.6094379124341003
TCGA-E3-A3DZ	thyroid carcinoma	False	27	0	27	3.332204510175204
TCGA-EL-A3MW	thyroid carcinoma	False	10	0	10	2.3978952727983707
TCGA-EL-A3T2	thyroid carcinoma	False	23	0	23	3.1780538303479458
TCGA-EL-A4JZ	thyroid carcinoma	False	14	0	14	2.70805020110221
TCGA-EM-A1CS	thyroid carcinoma	False	11	0	11	2.4849066497880004
TCGA-EM-A3FR	thyroid carcinoma	False	19	0	19	2.995732273553991
TCGA-EM-A3OA	thyroid carcinoma	False	22	0	22	3.1354942159291497
TCGA-ET-A39T	thyroid carcinoma	False	13	0	13	2.6390573296152584
TCGA-FY-A40L	thyroid carcinoma	False	21	0	21	3.091042453358316
TCGA-FY-A40N	thyroid carcinoma	False	4	0	4	1.6094379124341003
TCGA-IM-A3U3	thyroid carcinoma	False	25	0	25	3.258096538021482
TCGA-KS-A4ID	thyroid carcinoma	False	16	0	16	2.833213344056216
TCGA-BJ-A0ZF	thyroid carcinoma	False	28	0	28	3.367295829986474
TCGA-BJ-A192	thyroid carcinoma	False	10	0	10	2.3978952727983707
TCGA-EL-A4K0	thyroid carcinoma	False	12	0	12	2.5649493574615367
TCGA-EM-A3O6	thyroid carcinoma	False	16	0	16	2.833213344056216
TCGA-H2-A26U	thyroid carcinoma	False	6	0	6	1.9459101490553132
TCGA-J8-A3YG	thyroid carcinoma	False	7	0	7	2.0794415416798357
TCGA-DJ-A2PV	thyroid carcinoma	False	11	0	11	2.4849066497880004
TCGA-DJ-A2QB	thyroid carcinoma	False	13	0	13	2.6390573296152584
TCGA-E8-A436	thyroid carcinoma	False	18	0	18	2.9444389791664403
TCGA-EL-A3N3	thyroid carcinoma	False	17	0	17	2.8903717578961645
TCGA-EM-A1YD	thyroid carcinoma	False	8	0	8	2.1972245773362196
TCGA-ET-A2N4	thyroid carcinoma	False	21	0	21	3.091042453358316
TCGA-BJ-A0ZH	thyroid carcinoma	False	27	0	27	3.332204510175204
TCGA-DE-A4MA	thyroid carcinoma	False	11	0	11	2.4849066497880004
TCGA-DJ-A13P	thyroid carcinoma	False	10	0	10	2.3978952727983707
TCGA-DJ-A2PU	thyroid carcinoma	False	10	0	10	2.3978952727983707
TCGA-DJ-A2Q7	thyroid carcinoma	False	20	0	20	3.044522437723423
TCGA-DJ-A3VI	thyroid carcinoma	False	23	0	23	3.1780538303479458
TCGA-E8-A2EA	thyroid carcinoma	False	19	0	19	2.995732273553991
TCGA-EM-A22I	thyroid carcinoma	False	11	0	11	2.4849066497880004
TCGA-ET-A25L	thyroid carcinoma	False	0	0	0	0.0
TCGA-FY-A3WA	thyroid carcinoma	False	9	0	9	2.302585092994046
TCGA-J8-A3NZ	thyroid carcinoma	False	12	0	12	2.5649493574615367
TCGA-BJ-A3PT	thyroid carcinoma	False	17	0	17	2.8903717578961645
TCGA-BJ-A45I	thyroid carcinoma	False	14	0	14	2.70805020110221
TCGA-BJ-A4O9	thyroid carcinoma	False	26	0	26	3.295836866004329
TCGA-CE-A3ME	thyroid carcinoma	False	16	0	16	2.833213344056216
TCGA-DJ-A13X	thyroid carcinoma	False	13	0	13	2.6390573296152584
TCGA-DJ-A3UN	thyroid carcinoma	False	19	0	19	2.995732273553991
TCGA-DJ-A3UR	thyroid carcinoma	False	9	0	9	2.302585092994046
TCGA-E8-A416	thyroid carcinoma	False	1	0	1	0.6931471805599453
TCGA-EL-A3D6	thyroid carcinoma	False	32	0	32	3.4965075614664802
TCGA-EM-A2CS	thyroid carcinoma	False	15	0	15	2.772588722239781
TCGA-ET-A25R	thyroid carcinoma	False	14	0	14	2.70805020110221
TCGA-ET-A2N0	thyroid carcinoma	False	13	0	13	2.6390573296152584
TCGA-ET-A4KN	thyroid carcinoma	False	12	0	12	2.5649493574615367
TCGA-FY-A40M	thyroid carcinoma	False	17	0	17	2.8903717578961645
TCGA-DJ-A3UW	thyroid carcinoma	False	8	0	8	2.1972245773362196
TCGA-DJ-A3V9	thyroid carcinoma	False	6	0	6	1.9459101490553132
TCGA-E8-A44K	thyroid carcinoma	False	13	0	13	2.6390573296152584
TCGA-EL-A3CP	thyroid carcinoma	False	11	0	11	2.4849066497880004
TCGA-FK-A3SH	thyroid carcinoma	False	19	0	19	2.995732273553991
TCGA-FY-A3R7	thyroid carcinoma	False	11	0	11	2.4849066497880004
TCGA-QD-A8IV	thyroid carcinoma	False	12	0	12	2.5649493574615367
TCGA-BJ-A191	thyroid carcinoma	False	27	0	27	3.332204510175204
TCGA-DE-A3KN	thyroid carcinoma	False	12	0	12	2.5649493574615367
TCGA-DJ-A3UU	thyroid carcinoma	False	9	0	9	2.302585092994046
TCGA-E3-A3E3	thyroid carcinoma	False	16	0	16	2.833213344056216
TCGA-EM-A2CJ	thyroid carcinoma	False	13	0	13	2.6390573296152584
TCGA-EM-A4FN	thyroid carcinoma	False	16	0	16	2.833213344056216
TCGA-KS-A4I5	thyroid carcinoma	False	15	0	15	2.772588722239781
TCGA-L6-A4ET	thyroid carcinoma	False	11	0	11	2.4849066497880004
TCGA-BJ-A45G	thyroid carcinoma	False	14	0	14	2.70805020110221
TCGA-DJ-A4V4	thyroid carcinoma	False	26	0	26	3.295836866004329
TCGA-ET-A39K	thyroid carcinoma	False	8	0	8	2.1972245773362196
TCGA-FY-A3NM	thyroid carcinoma	False	16	0	16	2.833213344056216
TCGA-FY-A3NN	thyroid carcinoma	False	14	0	14	2.70805020110221
TCGA-DJ-A2Q8	thyroid carcinoma	False	10	0	10	2.3978952727983707
TCGA-EL-A3CN	thyroid carcinoma	False	20	0	20	3.044522437723423
TCGA-EL-A3T7	thyroid carcinoma	False	12	0	12	2.5649493574615367
TCGA-EL-A3TB	thyroid carcinoma	False	19	0	19	2.995732273553991
TCGA-EM-A1YE	thyroid carcinoma	False	14	0	14	2.70805020110221
TCGA-EM-A2CU	thyroid carcinoma	False	8	0	8	2.1972245773362196
TCGA-EM-A2P3	thyroid carcinoma	False	14	0	14	2.70805020110221
TCGA-ET-A2N1	thyroid carcinoma	False	10	0	10	2.3978952727983707
TCGA-ET-A3BV	thyroid carcinoma	False	30	0	30	3.4339872044851463
TCGA-J8-A3YD	thyroid carcinoma	False	14	0	14	2.70805020110221
TCGA-KS-A41I	thyroid carcinoma	False	12	0	12	2.5649493574615367
TCGA-BJ-A28Z	thyroid carcinoma	False	29	0	29	3.4011973816621555
TCGA-BJ-A45E	thyroid carcinoma	False	6	0	6	1.9459101490553132
TCGA-DJ-A2PY	thyroid carcinoma	False	15	0	15	2.772588722239781
TCGA-DJ-A3UX	thyroid carcinoma	False	9	0	9	2.302585092994046
TCGA-E3-A3E1	thyroid carcinoma	False	14	0	14	2.70805020110221
TCGA-EL-A3H4	thyroid carcinoma	False	13	0	13	2.6390573296152584
TCGA-EL-A3ZR	thyroid carcinoma	False	21	0	21	3.091042453358316
TCGA-EM-A22K	thyroid carcinoma	False	13	0	13	2.6390573296152584
TCGA-EM-A2CR	thyroid carcinoma	False	12	0	12	2.5649493574615367
TCGA-EM-A2OY	thyroid carcinoma	False	19	0	19	2.995732273553991
TCGA-EM-A3O7	thyroid carcinoma	False	15	0	15	2.772588722239781
TCGA-ET-A2N5	thyroid carcinoma	False	10	0	10	2.3978952727983707
TCGA-FY-A40K	thyroid carcinoma	False	6	0	6	1.9459101490553132
TCGA-KS-A4I9	thyroid carcinoma	False	11	0	11	2.4849066497880004
TCGA-DJ-A13W	thyroid carcinoma	False	14	0	14	2.70805020110221
TCGA-DJ-A3UM	thyroid carcinoma	False	5	0	5	1.791759469228055
TCGA-DJ-A3UQ	thyroid carcinoma	False	11	0	11	2.4849066497880004
TCGA-E8-A414	thyroid carcinoma	False	8	0	8	2.1972245773362196
TCGA-EL-A3T0	thyroid carcinoma	False	19	0	19	2.995732273553991
TCGA-EM-A3AL	thyroid carcinoma	False	17	0	17	2.8903717578961645
TCGA-ET-A4KQ	thyroid carcinoma	False	11	0	11	2.4849066497880004
TCGA-KS-A4IC	thyroid carcinoma	False	5	0	5	1.791759469228055
TCGA-DE-A2OL	thyroid carcinoma	False	9	0	9	2.302585092994046
TCGA-DJ-A2Q1	thyroid carcinoma	False	12	0	12	2.5649493574615367
TCGA-DJ-A3V2	thyroid carcinoma	False	5	0	5	1.791759469228055
TCGA-DJ-A3V7	thyroid carcinoma	False	35	0	35	3.58351893845611
TCGA-EL-A3D5	thyroid carcinoma	False	12	0	12	2.5649493574615367
TCGA-ET-A3BO	thyroid carcinoma	False	9	0	9	2.302585092994046
TCGA-FE-A232	thyroid carcinoma	False	10	0	10	2.3978952727983707
TCGA-DE-A4MC	thyroid carcinoma	False	20	0	20	3.044522437723423
TCGA-DJ-A3UT	thyroid carcinoma	False	13	0	13	2.6390573296152584
TCGA-EL-A4K2	thyroid carcinoma	False	14	0	14	2.70805020110221
TCGA-EM-A3SU	thyroid carcinoma	False	14	0	14	2.70805020110221
TCGA-ET-A3DP	thyroid carcinoma	False	19	0	19	2.995732273553991
TCGA-ET-A3DQ	thyroid carcinoma	False	6	0	6	1.9459101490553132
TCGA-FK-A3S3	thyroid carcinoma	False	12	0	12	2.5649493574615367
TCGA-BJ-A2N9	thyroid carcinoma	False	11	0	11	2.4849066497880004
TCGA-DJ-A1QN	thyroid carcinoma	False	7	0	7	2.0794415416798357
TCGA-EL-A3ZH	thyroid carcinoma	False	11	0	11	2.4849066497880004
TCGA-EM-A3FN	thyroid carcinoma	False	23	0	23	3.1780538303479458
TCGA-EM-A3SZ	thyroid carcinoma	False	24	0	24	3.2188758248682006
TCGA-EM-A4FQ	thyroid carcinoma	False	10	0	10	2.3978952727983707
TCGA-ET-A3DR	thyroid carcinoma	False	18	0	18	2.9444389791664403
TCGA-IM-A41Y	thyroid carcinoma	False	36	0	36	3.6109179126442243
TCGA-CE-A481	thyroid carcinoma	False	16	0	16	2.833213344056216
TCGA-EL-A3GX	thyroid carcinoma	False	13	0	13	2.6390573296152584
TCGA-EL-A3ZK	thyroid carcinoma	False	15	0	15	2.772588722239781
TCGA-EL-A4JV	thyroid carcinoma	False	12	0	12	2.5649493574615367
TCGA-H2-A3RH	thyroid carcinoma	False	19	0	19	2.995732273553991
TCGA-KS-A4IB	thyroid carcinoma	False	18	0	18	2.9444389791664403
TCGA-L6-A4EP	thyroid carcinoma	False	15	0	15	2.772588722239781
TCGA-MK-A4N9	thyroid carcinoma	False	10	0	10	2.3978952727983707
TCGA-DJ-A2PS	thyroid carcinoma	False	7	0	7	2.0794415416798357
TCGA-EL-A3GY	thyroid carcinoma	False	14	0	14	2.70805020110221
TCGA-EM-A2CQ	thyroid carcinoma	False	9	0	9	2.302585092994046
TCGA-EM-A4FF	thyroid carcinoma	False	13	0	13	2.6390573296152584
TCGA-ET-A25J	thyroid carcinoma	False	11	0	11	2.4849066497880004
TCGA-H2-A422	thyroid carcinoma	False	17	0	17	2.8903717578961645
TCGA-BJ-A45J	thyroid carcinoma	False	18	0	18	2.9444389791664403
TCGA-DJ-A3VA	thyroid carcinoma	False	15	0	15	2.772588722239781
TCGA-E8-A415	thyroid carcinoma	False	12	0	12	2.5649493574615367
TCGA-EM-A1CW	thyroid carcinoma	False	9	0	9	2.302585092994046
TCGA-IM-A420	thyroid carcinoma	False	8	0	8	2.1972245773362196
TCGA-KS-A41L	thyroid carcinoma	False	12	0	12	2.5649493574615367
TCGA-BJ-A28R	thyroid carcinoma	False	9	0	9	2.302585092994046
TCGA-DJ-A2Q6	thyroid carcinoma	False	7	0	7	2.0794415416798357
TCGA-DJ-A3UP	thyroid carcinoma	False	14	0	14	2.70805020110221
TCGA-DJ-A4V2	thyroid carcinoma	False	12	0	12	2.5649493574615367
TCGA-E8-A413	thyroid carcinoma	False	6	0	6	1.9459101490553132
TCGA-E8-A417	thyroid carcinoma	False	30	0	30	3.4339872044851463
TCGA-EL-A3T1	thyroid carcinoma	False	17	0	17	2.8903717578961645
TCGA-EL-A4JW	thyroid carcinoma	False	11	0	11	2.4849066497880004
TCGA-CE-A484	thyroid carcinoma	False	19	0	19	2.995732273553991
TCGA-DJ-A13T	thyroid carcinoma	False	9	0	9	2.302585092994046
TCGA-DJ-A3US	thyroid carcinoma	False	8	0	8	2.1972245773362196
TCGA-EL-A3CZ	thyroid carcinoma	False	8	0	8	2.1972245773362196
TCGA-EL-A3GS	thyroid carcinoma	False	14	0	14	2.70805020110221
TCGA-EL-A3GW	thyroid carcinoma	False	14	0	14	2.70805020110221
TCGA-EM-A2OW	thyroid carcinoma	False	19	0	19	2.995732273553991
TCGA-ET-A25I	thyroid carcinoma	False	18	0	18	2.9444389791664403
TCGA-FE-A3PC	thyroid carcinoma	False	25	0	25	3.258096538021482
TCGA-IM-A41Z	thyroid carcinoma	False	0	0	0	0.0
TCGA-KS-A41F	thyroid carcinoma	False	15	0	15	2.772588722239781
TCGA-KS-A4I1	thyroid carcinoma	False	11	0	11	2.4849066497880004
TCGA-DE-A7U5	thyroid carcinoma	False	6	0	6	1.9459101490553132
TCGA-DJ-A4UR	thyroid carcinoma	False	20	0	20	3.044522437723423
TCGA-DJ-A4V0	thyroid carcinoma	False	6	0	6	1.9459101490553132
TCGA-EL-A3H7	thyroid carcinoma	False	25	0	25	3.258096538021482
TCGA-EL-A4KH	thyroid carcinoma	False	5	0	5	1.791759469228055
TCGA-EM-A3AN	thyroid carcinoma	False	8	0	8	2.1972245773362196
TCGA-ET-A25K	thyroid carcinoma	False	11	0	11	2.4849066497880004
TCGA-FE-A238	thyroid carcinoma	False	0	0	0	0.0
TCGA-DJ-A3UK	thyroid carcinoma	False	8	0	8	2.1972245773362196
TCGA-EL-A3H8	thyroid carcinoma	False	12	0	12	2.5649493574615367
TCGA-EL-A4KG	thyroid carcinoma	False	60	0	60	4.110873864173311
TCGA-ET-A25O	thyroid carcinoma	False	10	0	10	2.3978952727983707
TCGA-ET-A39N	thyroid carcinoma	False	13	0	13	2.6390573296152584
TCGA-BJ-A28T	thyroid carcinoma	False	1	0	1	0.6931471805599453
TCGA-CE-A483	thyroid carcinoma	False	7	0	7	2.0794415416798357
TCGA-DE-A69J	thyroid carcinoma	False	11	0	11	2.4849066497880004
TCGA-DJ-A4UW	thyroid carcinoma	False	11	0	11	2.4849066497880004
TCGA-E3-A3E0	thyroid carcinoma	False	11	0	11	2.4849066497880004
TCGA-E3-A3E2	thyroid carcinoma	False	3	0	3	1.3862943611198906
TCGA-EL-A3GZ	thyroid carcinoma	False	10	0	10	2.3978952727983707
TCGA-EL-A3T6	thyroid carcinoma	False	10	0	10	2.3978952727983707
TCGA-EL-A3ZL	thyroid carcinoma	False	17	0	17	2.8903717578961645
TCGA-ET-A2N3	thyroid carcinoma	False	12	0	12	2.5649493574615367
TCGA-ET-A3BP	thyroid carcinoma	False	5	0	5	1.791759469228055
TCGA-FY-A3I4	thyroid carcinoma	False	7	0	7	2.0794415416798357
TCGA-H2-A421	thyroid carcinoma	False	31	0	31	3.4657359027997265
TCGA-BJ-A0Z3	thyroid carcinoma	False	8	0	8	2.1972245773362196
TCGA-EL-A4K4	thyroid carcinoma	False	10	0	10	2.3978952727983707
TCGA-EM-A22L	thyroid carcinoma	False	10	0	10	2.3978952727983707
TCGA-EM-A3O8	thyroid carcinoma	False	12	0	12	2.5649493574615367
TCGA-EM-A3OB	thyroid carcinoma	False	10	0	10	2.3978952727983707
TCGA-EM-A4FK	thyroid carcinoma	False	11	0	11	2.4849066497880004
TCGA-ET-A3BN	thyroid carcinoma	False	12	0	12	2.5649493574615367
TCGA-ET-A3DO	thyroid carcinoma	False	17	0	17	2.8903717578961645
TCGA-ET-A3DS	thyroid carcinoma	False	11	0	11	2.4849066497880004
TCGA-FE-A3PB	thyroid carcinoma	False	4	0	4	1.6094379124341003
TCGA-GE-A2C6	thyroid carcinoma	False	4	0	4	1.6094379124341003
TCGA-J8-A3O1	thyroid carcinoma	False	22	0	22	3.1354942159291497
TCGA-BJ-A28W	thyroid carcinoma	False	0	0	0	0.0
TCGA-BJ-A28X	thyroid carcinoma	False	7	0	7	2.0794415416798357
TCGA-DJ-A3UY	thyroid carcinoma	False	3	0	3	1.3862943611198906
TCGA-DJ-A3VD	thyroid carcinoma	False	8	0	8	2.1972245773362196
TCGA-DJ-A4UT	thyroid carcinoma	False	44	0	44	3.8066624897703196
TCGA-EM-A1CV	thyroid carcinoma	False	14	0	14	2.70805020110221
TCGA-ET-A40P	thyroid carcinoma	False	12	0	12	2.5649493574615367
TCGA-IM-A3EB	thyroid carcinoma	False	8	0	8	2.1972245773362196
TCGA-EL-A3GO	thyroid carcinoma	False	8	0	8	2.1972245773362196
TCGA-EL-A3GR	thyroid carcinoma	False	15	0	15	2.772588722239781
TCGA-EL-A4JX	thyroid carcinoma	False	12	0	12	2.5649493574615367
TCGA-EM-A3AP	thyroid carcinoma	False	13	0	13	2.6390573296152584
TCGA-FK-A3SE	thyroid carcinoma	False	7	0	7	2.0794415416798357
TCGA-J8-A3YE	thyroid carcinoma	False	9	0	9	2.302585092994046
TCGA-BJ-A2N7	thyroid carcinoma	False	5	0	5	1.791759469228055
TCGA-BJ-A2N8	thyroid carcinoma	False	13	0	13	2.6390573296152584
TCGA-CE-A13K	thyroid carcinoma	False	16	0	16	2.833213344056216
TCGA-DE-A0Y2	thyroid carcinoma	False	27	0	27	3.332204510175204
TCGA-DO-A1K0	thyroid carcinoma	False	11	0	11	2.4849066497880004
TCGA-E8-A419	thyroid carcinoma	False	11	0	11	2.4849066497880004
TCGA-EM-A3FK	thyroid carcinoma	False	12	0	12	2.5649493574615367
TCGA-ET-A3BW	thyroid carcinoma	False	13	0	13	2.6390573296152584
TCGA-FE-A230	thyroid carcinoma	False	6	0	6	1.9459101490553132
TCGA-BJ-A2P4	thyroid carcinoma	False	19	0	19	2.995732273553991
TCGA-H2-A3RI	thyroid carcinoma	False	4	0	4	1.6094379124341003
TCGA-CE-A27D	thyroid carcinoma	False	7	0	7	2.0794415416798357
TCGA-DJ-A13M	thyroid carcinoma	False	9	0	9	2.302585092994046
TCGA-DJ-A3V8	thyroid carcinoma	False	13	0	13	2.6390573296152584
TCGA-EL-A3ZN	thyroid carcinoma	False	6	0	6	1.9459101490553132
TCGA-EM-A3SX	thyroid carcinoma	False	34	0	34	3.5553480614894135
TCGA-ET-A25N	thyroid carcinoma	False	0	0	0	0.0
TCGA-FK-A3SB	thyroid carcinoma	False	7	0	7	2.0794415416798357
TCGA-KS-A41J	thyroid carcinoma	False	13	0	13	2.6390573296152584
TCGA-CE-A482	thyroid carcinoma	False	10	0	10	2.3978952727983707
TCGA-ET-A39S	thyroid carcinoma	False	6	0	6	1.9459101490553132
TCGA-ET-A3BQ	thyroid carcinoma	False	15	0	15	2.772588722239781
TCGA-FE-A23A	thyroid carcinoma	False	10	0	10	2.3978952727983707
TCGA-EM-A2CP	thyroid carcinoma	False	3	0	3	1.3862943611198906
TCGA-EM-A4G1	thyroid carcinoma	False	5	0	5	1.791759469228055
TCGA-ET-A40T	thyroid carcinoma	False	23	0	23	3.1780538303479458
TCGA-FE-A234	thyroid carcinoma	False	9	0	9	2.302585092994046
TCGA-FE-A235	thyroid carcinoma	False	13	0	13	2.6390573296152584
TCGA-E8-A433	thyroid carcinoma	False	13	0	13	2.6390573296152584
TCGA-EL-A3N2	thyroid carcinoma	False	11	0	11	2.4849066497880004
TCGA-EM-A3FJ	thyroid carcinoma	False	5	0	5	1.791759469228055
TCGA-ET-A25P	thyroid carcinoma	False	0	0	0	0.0
TCGA-ET-A39R	thyroid carcinoma	False	5	0	5	1.791759469228055
TCGA-ET-A40R	thyroid carcinoma	False	0	0	0	0.0
TCGA-DO-A1JZ	thyroid carcinoma	False	5	0	5	1.791759469228055
TCGA-E8-A438	thyroid carcinoma	False	9	0	9	2.302585092994046
TCGA-E8-A44M	thyroid carcinoma	False	8	0	8	2.1972245773362196
TCGA-ET-A39J	thyroid carcinoma	False	10	0	10	2.3978952727983707
TCGA-ET-A3DT	thyroid carcinoma	False	4	0	4	1.6094379124341003
TCGA-EL-A3CX	thyroid carcinoma	False	10	0	10	2.3978952727983707
TCGA-EL-A3ZS	thyroid carcinoma	False	6	0	6	1.9459101490553132
TCGA-DJ-A13V	thyroid carcinoma	False	11	0	11	2.4849066497880004
TCGA-ET-A3DU	thyroid carcinoma	False	20	0	20	3.044522437723423
TCGA-FK-A3SG	thyroid carcinoma	False	12	0	12	2.5649493574615367
TCGA-FY-A3RA	thyroid carcinoma	False	6	0	6	1.9459101490553132
TCGA-DJ-A1QD	thyroid carcinoma	False	9	0	9	2.302585092994046
TCGA-EM-A2CT	thyroid carcinoma	False	7	0	7	2.0794415416798357
TCGA-ET-A39L	thyroid carcinoma	False	4	0	4	1.6094379124341003
TCGA-MK-A4N7	thyroid carcinoma	False	22	0	22	3.1354942159291497
TCGA-DJ-A13S	thyroid carcinoma	False	17	0	17	2.8903717578961645
TCGA-EL-A3H3	thyroid carcinoma	False	6	0	6	1.9459101490553132
TCGA-EM-A3FQ	thyroid carcinoma	False	4	0	4	1.6094379124341003
TCGA-FE-A237	thyroid carcinoma	False	7	0	7	2.0794415416798357
TCGA-DJ-A3UV	thyroid carcinoma	False	11	0	11	2.4849066497880004
TCGA-E8-A2JQ	thyroid carcinoma	False	22	0	22	3.1354942159291497
TCGA-FE-A233	thyroid carcinoma	False	15	0	15	2.772588722239781
TCGA-FE-A3PD	thyroid carcinoma	False	11	0	11	2.4849066497880004
TCGA-DJ-A4UP	thyroid carcinoma	False	8	0	8	2.1972245773362196
TCGA-XM-A8RI	thymoma	False	29	0	29	3.4011973816621555
TCGA-XU-A92Z	thymoma	False	39	0	39	3.6888794541139363
TCGA-XM-AAZ2	thymoma	False	28	0	28	3.367295829986474
TCGA-ZB-A96H	thymoma	False	28	0	28	3.367295829986474
TCGA-ZB-A96P	thymoma	False	11	0	11	2.4849066497880004
TCGA-3Q-A9WF	thymoma	False	14	0	14	2.70805020110221
TCGA-ZB-A964	thymoma	False	26	0	26	3.295836866004329
TCGA-YT-A95H	thymoma	False	21	0	21	3.091042453358316
TCGA-ZB-A961	thymoma	False	40	0	40	3.713572066704308
TCGA-ZB-A96K	thymoma	False	27	0	27	3.332204510175204
TCGA-4V-A9QI	thymoma	False	15	0	15	2.772588722239781
TCGA-X7-A8DC	thymoma	False	25	0	25	3.258096538021482
TCGA-X7-A8DJ	thymoma	False	15	0	15	2.772588722239781
TCGA-5V-A9RR	thymoma	False	26	0	26	3.295836866004329
TCGA-XH-A853	thymoma	False	19	0	19	2.995732273553991
TCGA-XM-A8RC	thymoma	False	37	0	37	3.6375861597263857
TCGA-XM-A8RG	thymoma	False	34	0	34	3.5553480614894135
TCGA-XU-A92U	thymoma	False	30	0	30	3.4339872044851463
TCGA-3G-AB0Q	thymoma	False	29	0	29	3.4011973816621555
TCGA-4V-A9QJ	thymoma	False	38	0	38	3.6635616461296463
TCGA-XM-AAZ3	thymoma	False	35	0	35	3.58351893845611
TCGA-ZB-A962	thymoma	False	36	0	36	3.6109179126442243
TCGA-3S-A8YW	thymoma	False	56	0	56	4.04305126783455
TCGA-XU-A92O	thymoma	False	43	0	43	3.784189633918261
TCGA-XU-AAXZ	thymoma	False	13	0	13	2.6390573296152584
TCGA-ZC-AAA7	thymoma	False	102	0	102	4.634728988229636
TCGA-4V-A9QW	thymoma	False	16	0	16	2.833213344056216
TCGA-5U-AB0E	thymoma	False	33	0	33	3.5263605246161616
TCGA-XU-A92W	thymoma	False	21	0	21	3.091042453358316
TCGA-ZL-A9V6	thymoma	False	31	0	31	3.4657359027997265
TCGA-ZB-A96E	thymoma	False	41	0	41	3.7376696182833684
TCGA-ZB-A96G	thymoma	False	11	0	11	2.4849066497880004
TCGA-5K-AAAP	thymoma	False	29	0	29	3.4011973816621555
TCGA-X7-A8D8	thymoma	False	28	0	28	3.367295829986474
TCGA-ZB-A96A	thymoma	False	27	0	27	3.332204510175204
TCGA-4X-A9FA	thymoma	False	20	0	20	3.044522437723423
TCGA-YT-A95E	thymoma	False	18	0	18	2.9444389791664403
TCGA-ZC-AAAH	thymoma	False	14	0	14	2.70805020110221
TCGA-3G-AB14	thymoma	False	27	0	27	3.332204510175204
TCGA-X7-A8M1	thymoma	False	24	0	24	3.2188758248682006
TCGA-ZB-A96B	thymoma	False	8	0	8	2.1972245773362196
TCGA-XU-A92Q	thymoma	False	32	0	32	3.4965075614664802
TCGA-ZB-A96Q	thymoma	False	25	0	25	3.258096538021482
TCGA-3G-AB0O	thymoma	False	11	0	11	2.4849066497880004
TCGA-X7-A8DG	thymoma	False	5	0	5	1.791759469228055
TCGA-ZB-A963	thymoma	True	24	1	23	3.1780538303479458
TCGA-3G-AB0T	thymoma	False	25	0	25	3.258096538021482
TCGA-X7-A8M8	thymoma	False	9	0	9	2.302585092994046
TCGA-4X-A9FB	thymoma	False	11	0	11	2.4849066497880004
TCGA-XM-A8RL	thymoma	False	7	0	7	2.0794415416798357
TCGA-ZB-A96V	thymoma	False	95	0	95	4.564348191467836
TCGA-X7-A8M6	thymoma	False	12	0	12	2.5649493574615367
TCGA-XU-A930	thymoma	False	44	0	44	3.8066624897703196
TCGA-XU-AAXY	thymoma	False	7	0	7	2.0794415416798357
TCGA-XM-AAZ1	thymoma	False	20	0	20	3.044522437723423
TCGA-X7-A8M4	thymoma	False	10	0	10	2.3978952727983707
TCGA-X7-A8DF	thymoma	False	9	0	9	2.302585092994046
TCGA-4V-A9QM	thymoma	False	22	0	22	3.1354942159291497
TCGA-ZB-A96F	thymoma	False	26	0	26	3.295836866004329
TCGA-ZC-AAAA	thymoma	False	18	0	18	2.9444389791664403
TCGA-ZB-A96R	thymoma	False	10	0	10	2.3978952727983707
TCGA-XU-A932	thymoma	False	22	0	22	3.1354942159291497
TCGA-X7-A8M7	thymoma	False	0	0	0	0.0
TCGA-XU-A92X	thymoma	False	16	0	16	2.833213344056216
TCGA-XM-A8RF	thymoma	False	52	0	52	3.970291913552122
TCGA-XU-A92T	thymoma	False	43	0	43	3.784189633918261
TCGA-4V-A9QT	thymoma	False	10	0	10	2.3978952727983707
TCGA-ZB-A966	thymoma	True	1074	1	1073	6.97914527506881
TCGA-4V-A9QX	thymoma	False	34	0	34	3.5553480614894135
TCGA-ZB-A96C	thymoma	False	43	0	43	3.784189633918261
TCGA-3G-AB19	thymoma	False	41	0	41	3.7376696182833684
TCGA-4V-A9QU	thymoma	True	17	1	16	2.833213344056216
TCGA-XU-A92R	thymoma	False	32	0	32	3.4965075614664802
TCGA-ZB-A965	thymoma	False	54	0	54	4.007333185232471
TCGA-ZC-AAAF	thymoma	False	38	0	38	3.6635616461296463
TCGA-ZT-A8OM	thymoma	True	32	1	31	3.4657359027997265
TCGA-XU-A92V	thymoma	False	51	0	51	3.9512437185814275
TCGA-ZB-A969	thymoma	False	50	0	50	3.9318256327243257
TCGA-5U-AB0D	thymoma	False	101	0	101	4.624972813284271
TCGA-X7-A8DB	thymoma	False	9	0	9	2.302585092994046
TCGA-XM-A8R9	thymoma	False	20	0	20	3.044522437723423
TCGA-XU-A92Y	thymoma	False	19	0	19	2.995732273553991
TCGA-ZB-A96I	thymoma	False	48	0	48	3.8918202981106265
TCGA-ZB-A96L	thymoma	False	48	0	48	3.8918202981106265
TCGA-XM-A8RD	thymoma	False	14	0	14	2.70805020110221
TCGA-XM-A8RB	thymoma	False	9	0	9	2.302585092994046
TCGA-XM-A8R8	thymoma	False	15	0	15	2.772588722239781
TCGA-4V-A9QQ	thymoma	False	27	0	27	3.332204510175204
TCGA-X7-A8M5	thymoma	False	45	0	45	3.828641396489095
TCGA-XU-A936	thymoma	True	43	1	42	3.7612001156935624
TCGA-X7-A8M3	thymoma	False	55	0	55	4.02535169073515
TCGA-XU-AAY0	thymoma	False	24	0	24	3.2188758248682006
TCGA-X7-A8M0	thymoma	False	25	0	25	3.258096538021482
TCGA-XU-A931	thymoma	False	26	0	26	3.295836866004329
TCGA-YT-A95G	thymoma	False	19	0	19	2.995732273553991
TCGA-XM-A8RH	thymoma	False	11	0	11	2.4849066497880004
TCGA-4V-A9QL	thymoma	False	23	0	23	3.1780538303479458
TCGA-5U-AB0F	thymoma	False	28	0	28	3.367295829986474
TCGA-4X-A9F9	thymoma	False	7	0	7	2.0794415416798357
TCGA-X7-A8DI	thymoma	False	17	0	17	2.8903717578961645
TCGA-ZB-A96M	thymoma	False	35	0	35	3.58351893845611
TCGA-3S-AAYX	thymoma	False	20	0	20	3.044522437723423
TCGA-YT-A95F	thymoma	False	33	0	33	3.5263605246161616
TCGA-X7-A8DD	thymoma	False	20	0	20	3.044522437723423
TCGA-XM-A8RE	thymoma	False	14	0	14	2.70805020110221
TCGA-ZB-A96O	thymoma	False	7	0	7	2.0794415416798357
TCGA-4V-A9QS	thymoma	False	18	0	18	2.9444389791664403
TCGA-5G-A9ZZ	thymoma	False	21	0	21	3.091042453358316
TCGA-XU-A933	thymoma	False	64	0	64	4.174387269895637
TCGA-ZB-A96D	thymoma	False	24	0	24	3.2188758248682006
TCGA-4V-A9QR	thymoma	False	28	0	28	3.367295829986474
TCGA-XU-AAY1	thymoma	False	13	0	13	2.6390573296152584
TCGA-4X-A9FC	thymoma	False	22	0	22	3.1354942159291497
TCGA-YT-A95D	thymoma	False	29	0	29	3.4011973816621555
TCGA-X7-A8D6	thymoma	False	14	0	14	2.70805020110221
TCGA-X7-A8D7	thymoma	False	9	0	9	2.302585092994046
TCGA-XU-AAXV	thymoma	False	0	0	0	0.0
TCGA-XU-AAXX	thymoma	False	13	0	13	2.6390573296152584
TCGA-4X-A9FD	thymoma	False	42	0	42	3.7612001156935624
TCGA-4V-A9QN	thymoma	False	22	0	22	3.1354942159291497
TCGA-XU-AAXW	thymoma	False	9	0	9	2.302585092994046
TCGA-X7-A8DE	thymoma	False	24	0	24	3.2188758248682006
TCGA-3T-AA9L	thymoma	False	10	0	10	2.3978952727983707
TCGA-X7-A8D9	thymoma	False	25	0	25	3.258096538021482
TCGA-XY-A8S2	testicular germ cell tumor	False	77	0	77	4.356708826689592
TCGA-YU-A94I	testicular germ cell tumor	False	61	0	61	4.127134385045092
TCGA-2G-AAG3	testicular germ cell tumor	False	21	0	21	3.091042453358316
TCGA-XE-AANV	testicular germ cell tumor	False	16	0	16	2.833213344056216
TCGA-2G-AAGM	testicular germ cell tumor	False	31	0	31	3.4657359027997265
TCGA-VF-A8AA	testicular germ cell tumor	False	0	0	0	0.0
TCGA-XE-AAOF	testicular germ cell tumor	False	25	0	25	3.258096538021482
TCGA-ZM-AA0H	testicular germ cell tumor	False	52	0	52	3.970291913552122
TCGA-2X-A9D5	testicular germ cell tumor	False	19	0	19	2.995732273553991
TCGA-2G-AAHA	testicular germ cell tumor	False	23	0	23	3.1780538303479458
TCGA-XE-AAO6	testicular germ cell tumor	False	29	0	29	3.4011973816621555
TCGA-2G-AAH8	testicular germ cell tumor	False	27	0	27	3.332204510175204
TCGA-YU-A90W	testicular germ cell tumor	False	33	0	33	3.5263605246161616
TCGA-ZM-AA06	testicular germ cell tumor	False	27	0	27	3.332204510175204
TCGA-ZM-AA0N	testicular germ cell tumor	False	23	0	23	3.1780538303479458
TCGA-2G-AALP	testicular germ cell tumor	False	60	0	60	4.110873864173311
TCGA-2X-A9D6	testicular germ cell tumor	False	16	0	16	2.833213344056216
TCGA-2G-AAFI	testicular germ cell tumor	False	14	0	14	2.70805020110221
TCGA-2G-AAGN	testicular germ cell tumor	False	7	0	7	2.0794415416798357
TCGA-2G-AAGO	testicular germ cell tumor	False	30	0	30	3.4339872044851463
TCGA-XE-AAO4	testicular germ cell tumor	False	47	0	47	3.871201010907891
TCGA-2G-AAGS	testicular germ cell tumor	False	13	0	13	2.6390573296152584
TCGA-VF-A8AE	testicular germ cell tumor	False	20	0	20	3.044522437723423
TCGA-XE-AANJ	testicular germ cell tumor	False	21	0	21	3.091042453358316
TCGA-XE-AAOD	testicular germ cell tumor	False	14	0	14	2.70805020110221
TCGA-ZM-AA0E	testicular germ cell tumor	False	11	0	11	2.4849066497880004
TCGA-2G-AAEX	testicular germ cell tumor	False	28	0	28	3.367295829986474
TCGA-2G-AAFH	testicular germ cell tumor	False	29	0	29	3.4011973816621555
TCGA-2G-AAGA	testicular germ cell tumor	False	37	0	37	3.6375861597263857
TCGA-2G-AAGW	testicular germ cell tumor	False	34	0	34	3.5553480614894135
TCGA-SB-A76C	testicular germ cell tumor	False	15	0	15	2.772588722239781
TCGA-WZ-A8D5	testicular germ cell tumor	False	15	0	15	2.772588722239781
TCGA-XE-AAOL	testicular germ cell tumor	False	22	0	22	3.1354942159291497
TCGA-2G-AAFE	testicular germ cell tumor	False	65	0	65	4.189654742026425
TCGA-S6-A8JW	testicular germ cell tumor	False	11	0	11	2.4849066497880004
TCGA-XE-AANI	testicular germ cell tumor	False	36	0	36	3.6109179126442243
TCGA-XY-A9T9	testicular germ cell tumor	False	13	0	13	2.6390573296152584
TCGA-2G-AAG5	testicular germ cell tumor	False	25	0	25	3.258096538021482
TCGA-VF-A8AD	testicular germ cell tumor	False	25	0	25	3.258096538021482
TCGA-ZM-AA05	testicular germ cell tumor	False	35	0	35	3.58351893845611
TCGA-2G-AAFL	testicular germ cell tumor	False	28	0	28	3.367295829986474
TCGA-XE-A9SE	testicular germ cell tumor	False	24	0	24	3.2188758248682006
TCGA-XY-A89B	testicular germ cell tumor	True	38	2	36	3.6109179126442243
TCGA-ZM-AA0F	testicular germ cell tumor	False	8	0	8	2.1972245773362196
TCGA-2G-AAH4	testicular germ cell tumor	False	24	0	24	3.2188758248682006
TCGA-4K-AA1G	testicular germ cell tumor	False	19	0	19	2.995732273553991
TCGA-YU-A912	testicular germ cell tumor	False	19	0	19	2.995732273553991
TCGA-ZM-AA0D	testicular germ cell tumor	False	11	0	11	2.4849066497880004
TCGA-2G-AAF8	testicular germ cell tumor	False	20	0	20	3.044522437723423
TCGA-2G-AAFO	testicular germ cell tumor	False	16	0	16	2.833213344056216
TCGA-2G-AAG7	testicular germ cell tumor	False	28	0	28	3.367295829986474
TCGA-2G-AAGI	testicular germ cell tumor	False	15	0	15	2.772588722239781
TCGA-2G-AAGP	testicular germ cell tumor	False	35	0	35	3.58351893845611
TCGA-2G-AAHC	testicular germ cell tumor	False	17	0	17	2.8903717578961645
TCGA-X3-A8G4	testicular germ cell tumor	False	39	0	39	3.6888794541139363
TCGA-XE-AAO3	testicular germ cell tumor	False	18	0	18	2.9444389791664403
TCGA-2G-AAFZ	testicular germ cell tumor	False	37	0	37	3.6375861597263857
TCGA-2G-AAHN	testicular germ cell tumor	False	21	0	21	3.091042453358316
TCGA-2G-AAHT	testicular germ cell tumor	False	20	0	20	3.044522437723423
TCGA-2G-AAL7	testicular germ cell tumor	False	29	0	29	3.4011973816621555
TCGA-ZM-AA0B	testicular germ cell tumor	False	22	0	22	3.1354942159291497
TCGA-2G-AAEW	testicular germ cell tumor	False	16	0	16	2.833213344056216
TCGA-2G-AAFM	testicular germ cell tumor	False	27	0	27	3.332204510175204
TCGA-2G-AAFV	testicular germ cell tumor	False	29	0	29	3.4011973816621555
TCGA-2G-AAHP	testicular germ cell tumor	False	12	0	12	2.5649493574615367
TCGA-2G-AAL5	testicular germ cell tumor	False	36	0	36	3.6109179126442243
TCGA-4K-AAAL	testicular germ cell tumor	False	23	0	23	3.1780538303479458
TCGA-VF-A8A9	testicular germ cell tumor	False	0	0	0	0.0
TCGA-VF-A8AB	testicular germ cell tumor	False	18	0	18	2.9444389791664403
TCGA-XE-AAOC	testicular germ cell tumor	False	27	0	27	3.332204510175204
TCGA-2G-AAF4	testicular germ cell tumor	False	13	0	13	2.6390573296152584
TCGA-2G-AAFG	testicular germ cell tumor	False	23	0	23	3.1780538303479458
TCGA-2G-AAGT	testicular germ cell tumor	False	24	0	24	3.2188758248682006
TCGA-2G-AAH0	testicular germ cell tumor	False	15	0	15	2.772588722239781
TCGA-SN-A84W	testicular germ cell tumor	False	25	0	25	3.258096538021482
TCGA-SO-A8JP	testicular germ cell tumor	False	29	0	29	3.4011973816621555
TCGA-VF-A8AC	testicular germ cell tumor	False	16	0	16	2.833213344056216
TCGA-XE-A8H5	testicular germ cell tumor	True	38	1	37	3.6375861597263857
TCGA-YU-AA61	testicular germ cell tumor	False	15	0	15	2.772588722239781
TCGA-2G-AAF1	testicular germ cell tumor	False	12	0	12	2.5649493574615367
TCGA-2G-AAF6	testicular germ cell tumor	False	24	0	24	3.2188758248682006
TCGA-2G-AAGC	testicular germ cell tumor	False	24	0	24	3.2188758248682006
TCGA-2G-AAGF	testicular germ cell tumor	False	18	0	18	2.9444389791664403
TCGA-2G-AAGJ	testicular germ cell tumor	False	33	0	33	3.5263605246161616
TCGA-2G-AAGY	testicular germ cell tumor	False	19	0	19	2.995732273553991
TCGA-WZ-A7V4	testicular germ cell tumor	False	0	0	0	0.0
TCGA-YU-A94D	testicular germ cell tumor	False	30	0	30	3.4339872044851463
TCGA-2G-AAGZ	testicular germ cell tumor	False	23	0	23	3.1780538303479458
TCGA-S6-A8JX	testicular germ cell tumor	False	9	0	9	2.302585092994046
TCGA-S6-A8JY	testicular germ cell tumor	True	18	1	17	2.8903717578961645
TCGA-WZ-A7V5	testicular germ cell tumor	False	50	0	50	3.9318256327243257
TCGA-XE-AAOB	testicular germ cell tumor	False	16	0	16	2.833213344056216
TCGA-YU-AA4L	testicular germ cell tumor	False	24	0	24	3.2188758248682006
TCGA-2G-AAFN	testicular germ cell tumor	False	19	0	19	2.995732273553991
TCGA-2G-AAHL	testicular germ cell tumor	False	22	0	22	3.1354942159291497
TCGA-2G-AAKL	testicular germ cell tumor	False	27	0	27	3.332204510175204
TCGA-4K-AA1H	testicular germ cell tumor	False	9	0	9	2.302585092994046
TCGA-4K-AA1I	testicular germ cell tumor	False	15	0	15	2.772588722239781
TCGA-SN-A6IS	testicular germ cell tumor	False	19	0	19	2.995732273553991
TCGA-W4-A7U2	testicular germ cell tumor	False	0	0	0	0.0
TCGA-W4-A7U3	testicular germ cell tumor	False	0	0	0	0.0
TCGA-YU-A90S	testicular germ cell tumor	False	1	0	1	0.6931471805599453
TCGA-2G-AAG9	testicular germ cell tumor	False	26	0	26	3.295836866004329
TCGA-2G-AAHG	testicular germ cell tumor	False	15	0	15	2.772588722239781
TCGA-YU-A90P	testicular germ cell tumor	False	15	0	15	2.772588722239781
TCGA-2G-AAFY	testicular germ cell tumor	False	14	0	14	2.70805020110221
TCGA-2G-AAG6	testicular germ cell tumor	False	16	0	16	2.833213344056216
TCGA-XE-A8H1	testicular germ cell tumor	False	12	0	12	2.5649493574615367
TCGA-XE-AAOJ	testicular germ cell tumor	False	26	0	26	3.295836866004329
TCGA-XY-A8S3	testicular germ cell tumor	False	14	0	14	2.70805020110221
TCGA-2G-AAFJ	testicular germ cell tumor	False	29	0	29	3.4011973816621555
TCGA-2G-AAG0	testicular germ cell tumor	True	30	1	29	3.4011973816621555
TCGA-2G-AAGV	testicular germ cell tumor	False	8	0	8	2.1972245773362196
TCGA-W4-A7U4	testicular germ cell tumor	False	8	0	8	2.1972245773362196
TCGA-XE-A8H4	testicular germ cell tumor	False	14	0	14	2.70805020110221
TCGA-XE-AANR	testicular germ cell tumor	False	19	0	19	2.995732273553991
TCGA-YU-A90Y	testicular germ cell tumor	False	18	0	18	2.9444389791664403
TCGA-2G-AAGX	testicular germ cell tumor	False	12	0	12	2.5649493574615367
TCGA-2G-AAKG	testicular germ cell tumor	False	26	0	26	3.295836866004329
TCGA-SB-A6J6	testicular germ cell tumor	False	23	0	23	3.1780538303479458
TCGA-2G-AAG8	testicular germ cell tumor	False	25	0	25	3.258096538021482
TCGA-2G-AAGE	testicular germ cell tumor	False	27	0	27	3.332204510175204
TCGA-SN-A84X	testicular germ cell tumor	False	26	0	26	3.295836866004329
TCGA-YU-A90Q	testicular germ cell tumor	False	9	0	9	2.302585092994046
TCGA-2G-AAGG	testicular germ cell tumor	False	52	0	52	3.970291913552122
TCGA-2G-AAGK	testicular germ cell tumor	False	9	0	9	2.302585092994046
TCGA-2G-AAH2	testicular germ cell tumor	False	12	0	12	2.5649493574615367
TCGA-2G-AAH3	testicular germ cell tumor	False	42	0	42	3.7612001156935624
TCGA-WZ-A7V3	testicular germ cell tumor	False	24	0	24	3.2188758248682006
TCGA-2G-AAKH	testicular germ cell tumor	False	66	0	66	4.204692619390966
TCGA-2G-AAKD	testicular germ cell tumor	False	20	0	20	3.044522437723423
TCGA-SN-A84Y	testicular germ cell tumor	False	21	0	21	3.091042453358316
TCGA-VF-A8A8	testicular germ cell tumor	False	54	0	54	4.007333185232471
TCGA-2G-AAKM	testicular germ cell tumor	False	10	0	10	2.3978952727983707
TCGA-2G-AAKO	testicular germ cell tumor	True	10	1	9	2.302585092994046
TCGA-2G-AALF	testicular germ cell tumor	False	25	0	25	3.258096538021482
TCGA-2G-AALG	testicular germ cell tumor	False	15	0	15	2.772588722239781
TCGA-2G-AALN	testicular germ cell tumor	False	18	0	18	2.9444389791664403
TCGA-2G-AALO	testicular germ cell tumor	False	16	0	16	2.833213344056216
TCGA-2G-AALQ	testicular germ cell tumor	False	18	0	18	2.9444389791664403
TCGA-2G-AALR	testicular germ cell tumor	False	59	0	59	4.0943445622221
TCGA-2G-AALS	testicular germ cell tumor	False	14	0	14	2.70805020110221
TCGA-2G-AALT	testicular germ cell tumor	False	13	0	13	2.6390573296152584
TCGA-2G-AALW	testicular germ cell tumor	True	35	1	34	3.5553480614894135
TCGA-2G-AALX	testicular germ cell tumor	False	10	0	10	2.3978952727983707
TCGA-2G-AALY	testicular germ cell tumor	False	16	0	16	2.833213344056216
TCGA-2G-AALZ	testicular germ cell tumor	False	12	0	12	2.5649493574615367
TCGA-2G-AAM2	testicular germ cell tumor	False	21	0	21	3.091042453358316
TCGA-2G-AAM3	testicular germ cell tumor	False	29	0	29	3.4011973816621555
TCGA-2G-AAM4	testicular germ cell tumor	False	29	0	29	3.4011973816621555
TCGA-CD-5804	stomach adenocarcinoma	False	96	0	96	4.574710978503383
TCGA-CG-4306	stomach adenocarcinoma	True	1499	2	1497	7.311886164077165
TCGA-F1-6177	stomach adenocarcinoma	False	1777	0	1777	7.48324441607385
TCGA-VQ-A923	stomach adenocarcinoma	False	135	0	135	4.912654885736052
TCGA-BR-4366	stomach adenocarcinoma	False	183	0	183	5.214935757608986
TCGA-CG-5716	stomach adenocarcinoma	False	24	0	24	3.2188758248682006
TCGA-CG-4442	stomach adenocarcinoma	True	2021	4	2017	7.609862200913554
TCGA-CG-4304	stomach adenocarcinoma	False	90	0	90	4.51085950651685
TCGA-IN-A6RL	stomach adenocarcinoma	True	583	1	582	6.368187186350492
TCGA-IN-A6RR	stomach adenocarcinoma	False	206	0	206	5.332718793265369
TCGA-CG-4437	stomach adenocarcinoma	True	684	1	683	6.52795791762255
TCGA-CG-4441	stomach adenocarcinoma	True	140	1	139	4.941642422609304
TCGA-CG-5723	stomach adenocarcinoma	True	2351	1	2350	7.762596048540069
TCGA-CD-5798	stomach adenocarcinoma	False	124	0	124	4.8283137373023015
TCGA-RD-A7C1	stomach adenocarcinoma	False	347	0	347	5.8522024797744745
TCGA-BR-7703	stomach adenocarcinoma	True	913	1	912	6.816735880594968
TCGA-CG-4449	stomach adenocarcinoma	False	120	0	120	4.795790545596741
TCGA-VQ-A927	stomach adenocarcinoma	False	69	0	69	4.248495242049359
TCGA-BR-4256	stomach adenocarcinoma	True	1361	5	1356	7.213031659834869
TCGA-D7-5578	stomach adenocarcinoma	True	298	1	297	5.697093486505405
TCGA-IN-8462	stomach adenocarcinoma	False	151	0	151	5.0238805208462765
TCGA-BR-8591	stomach adenocarcinoma	False	2002	0	2002	7.602401335665818
TCGA-CG-4300	stomach adenocarcinoma	False	170	0	170	5.14166355650266
TCGA-F1-6874	stomach adenocarcinoma	False	1238	0	1238	7.122059881629142
TCGA-F1-6875	stomach adenocarcinoma	False	116	0	116	4.762173934797756
TCGA-FP-8099	stomach adenocarcinoma	False	177	0	177	5.181783550292085
TCGA-VQ-A8E3	stomach adenocarcinoma	False	967	0	967	6.875232087276577
TCGA-BR-4367	stomach adenocarcinoma	False	0	0	0	0.0
TCGA-KB-A93J	stomach adenocarcinoma	True	157	1	156	5.056245805348308
TCGA-MX-A5UG	stomach adenocarcinoma	False	56	0	56	4.04305126783455
TCGA-RD-A8N5	stomach adenocarcinoma	False	44	0	44	3.8066624897703196
TCGA-VQ-A8PE	stomach adenocarcinoma	False	159	0	159	5.075173815233827
TCGA-VQ-A91U	stomach adenocarcinoma	False	196	0	196	5.2832037287379885
TCGA-BR-A4CS	stomach adenocarcinoma	False	205	0	205	5.327876168789581
TCGA-D7-6822	stomach adenocarcinoma	False	317	0	317	5.762051382780177
TCGA-FP-7735	stomach adenocarcinoma	False	73	0	73	4.30406509320417
TCGA-FP-7916	stomach adenocarcinoma	False	129	0	129	4.867534450455582
TCGA-FP-7998	stomach adenocarcinoma	False	82	0	82	4.418840607796598
TCGA-FP-A9TM	stomach adenocarcinoma	False	213	0	213	5.365976015021851
TCGA-HU-A4H8	stomach adenocarcinoma	True	1570	1	1569	7.358830898342354
TCGA-BR-8678	stomach adenocarcinoma	False	144	0	144	4.976733742420574
TCGA-CD-A4MG	stomach adenocarcinoma	True	3138	1	3137	8.051340933292979
TCGA-CG-4444	stomach adenocarcinoma	True	233	1	232	5.4510384535657
TCGA-CG-4475	stomach adenocarcinoma	False	77	0	77	4.356708826689592
TCGA-D7-A6ET	stomach adenocarcinoma	False	34	0	34	3.5553480614894135
TCGA-HU-8249	stomach adenocarcinoma	False	181	0	181	5.204006687076795
TCGA-IN-A6RS	stomach adenocarcinoma	False	135	0	135	4.912654885736052
TCGA-VQ-A8PF	stomach adenocarcinoma	False	139	0	139	4.941642422609304
TCGA-VQ-A8PP	stomach adenocarcinoma	True	1926	5	1921	7.561121589530238
TCGA-VQ-A8PS	stomach adenocarcinoma	False	62	0	62	4.143134726391533
TCGA-BR-4369	stomach adenocarcinoma	False	236	0	236	5.4680601411351315
TCGA-BR-6707	stomach adenocarcinoma	True	92	2	90	4.51085950651685
TCGA-BR-8683	stomach adenocarcinoma	False	195	0	195	5.278114659230517
TCGA-D7-6518	stomach adenocarcinoma	False	111	0	111	4.718498871295094
TCGA-D7-8575	stomach adenocarcinoma	False	64	0	64	4.174387269895637
TCGA-HU-8610	stomach adenocarcinoma	False	71	0	71	4.276666119016055
TCGA-HU-A4GH	stomach adenocarcinoma	True	968	1	967	6.875232087276577
TCGA-VQ-AA6J	stomach adenocarcinoma	False	182	0	182	5.209486152841421
TCGA-B7-A5TJ	stomach adenocarcinoma	False	332	0	332	5.808142489980444
TCGA-BR-7851	stomach adenocarcinoma	True	1845	1	1844	7.520234556474628
TCGA-BR-7901	stomach adenocarcinoma	True	233	1	232	5.4510384535657
TCGA-CD-8536	stomach adenocarcinoma	False	1170	0	1170	7.065613363597717
TCGA-D7-5579	stomach adenocarcinoma	False	180	0	180	5.198497031265826
TCGA-HU-A4G6	stomach adenocarcinoma	False	104	0	104	4.653960350157523
TCGA-HU-A4GC	stomach adenocarcinoma	False	173	0	173	5.159055299214529
TCGA-IP-7968	stomach adenocarcinoma	False	136	0	136	4.919980925828125
TCGA-VQ-A8PO	stomach adenocarcinoma	True	1119	4	1115	7.017506142941256
TCGA-VQ-A91X	stomach adenocarcinoma	False	265	0	265	5.583496308781699
TCGA-VQ-A94O	stomach adenocarcinoma	False	82	0	82	4.418840607796598
TCGA-CG-5726	stomach adenocarcinoma	True	1843	1	1842	7.519149957669823
TCGA-D7-A4YU	stomach adenocarcinoma	False	290	0	290	5.673323267171493
TCGA-HU-A4GU	stomach adenocarcinoma	True	1951	2	1949	7.575584651557793
TCGA-HU-A4HD	stomach adenocarcinoma	False	233	0	233	5.455321115357702
TCGA-KB-A6F5	stomach adenocarcinoma	False	87	0	87	4.477336814478207
TCGA-VQ-A94T	stomach adenocarcinoma	False	105	0	105	4.663439094112067
TCGA-BR-4191	stomach adenocarcinoma	False	268	0	268	5.594711379601839
TCGA-BR-8059	stomach adenocarcinoma	True	939	1	938	6.844815479208263
TCGA-BR-A4PF	stomach adenocarcinoma	False	125	0	125	4.836281906951478
TCGA-CG-4455	stomach adenocarcinoma	False	58	0	58	4.07753744390572
TCGA-CG-5725	stomach adenocarcinoma	False	121	0	121	4.804021044733257
TCGA-D7-8574	stomach adenocarcinoma	False	49	0	49	3.912023005428146
TCGA-D7-8578	stomach adenocarcinoma	False	69	0	69	4.248495242049359
TCGA-HU-8245	stomach adenocarcinoma	False	84	0	84	4.442651256490317
TCGA-HU-A4H0	stomach adenocarcinoma	False	222	0	222	5.407171771460119
TCGA-RD-A8MW	stomach adenocarcinoma	False	99	0	99	4.605170185988092
TCGA-VQ-A8P3	stomach adenocarcinoma	False	371	0	371	5.918893854273146
TCGA-CG-5720	stomach adenocarcinoma	False	106	0	106	4.672828834461906
TCGA-HU-A4GQ	stomach adenocarcinoma	True	2418	3	2415	7.789868559054706
TCGA-HU-A4H5	stomach adenocarcinoma	True	346	1	345	5.846438775057725
TCGA-R5-A805	stomach adenocarcinoma	False	160	0	160	5.081404364984463
TCGA-ZA-A8F6	stomach adenocarcinoma	False	60	0	60	4.110873864173311
TCGA-3M-AB46	stomach adenocarcinoma	True	231	2	229	5.438079308923196
TCGA-BR-4184	stomach adenocarcinoma	True	4556	3	4553	8.423761246623686
TCGA-BR-6801	stomach adenocarcinoma	False	64	0	64	4.174387269895637
TCGA-BR-A44U	stomach adenocarcinoma	False	116	0	116	4.762173934797756
TCGA-BR-A4J2	stomach adenocarcinoma	False	70	0	70	4.2626798770413155
TCGA-CG-4469	stomach adenocarcinoma	True	397	2	395	5.981414211254481
TCGA-EQ-A4SO	stomach adenocarcinoma	False	228	0	228	5.43372200355424
TCGA-F1-A448	stomach adenocarcinoma	False	778	0	778	6.658011045870748
TCGA-HU-8608	stomach adenocarcinoma	False	110	0	110	4.709530201312334
TCGA-IN-A6RO	stomach adenocarcinoma	False	377	0	377	5.934894195619588
TCGA-RD-A8N1	stomach adenocarcinoma	False	133	0	133	4.897839799950911
TCGA-VQ-A8DZ	stomach adenocarcinoma	False	110	0	110	4.709530201312334
TCGA-VQ-A91D	stomach adenocarcinoma	True	3118	4	3114	8.043984431221553
TCGA-VQ-A922	stomach adenocarcinoma	False	211	0	211	5.356586274672012
TCGA-VQ-A94U	stomach adenocarcinoma	False	202	0	202	5.313205979041787
TCGA-BR-6457	stomach adenocarcinoma	False	143	0	143	4.969813299576001
TCGA-BR-7197	stomach adenocarcinoma	False	228	0	228	5.43372200355424
TCGA-BR-8384	stomach adenocarcinoma	False	62	0	62	4.143134726391533
TCGA-BR-8686	stomach adenocarcinoma	True	141	1	140	4.948759890378168
TCGA-CD-5801	stomach adenocarcinoma	False	553	0	553	6.317164686747284
TCGA-CG-4305	stomach adenocarcinoma	True	1587	2	1585	7.368970402194793
TCGA-CG-4476	stomach adenocarcinoma	False	152	0	152	5.030437921392435
TCGA-FP-7829	stomach adenocarcinoma	False	315	0	315	5.755742213586912
TCGA-HU-A4GF	stomach adenocarcinoma	False	181	0	181	5.204006687076795
TCGA-IN-A7NU	stomach adenocarcinoma	False	121	0	121	4.804021044733257
TCGA-VQ-A8PD	stomach adenocarcinoma	False	104	0	104	4.653960350157523
TCGA-VQ-A91K	stomach adenocarcinoma	True	1792	3	1789	7.489970898834801
TCGA-VQ-A924	stomach adenocarcinoma	True	1717	3	1714	7.44716835960004
TCGA-CD-A486	stomach adenocarcinoma	False	119	0	119	4.787491742782046
TCGA-CG-4443	stomach adenocarcinoma	False	124	0	124	4.8283137373023015
TCGA-CG-5734	stomach adenocarcinoma	False	115	0	115	4.7535901911063645
TCGA-F1-A72C	stomach adenocarcinoma	False	67	0	67	4.219507705176107
TCGA-FP-8631	stomach adenocarcinoma	False	128	0	128	4.859812404361672
TCGA-FP-A4BF	stomach adenocarcinoma	False	127	0	127	4.852030263919617
TCGA-HU-A4HB	stomach adenocarcinoma	False	13	0	13	2.6390573296152584
TCGA-IN-8663	stomach adenocarcinoma	False	233	0	233	5.455321115357702
TCGA-KB-A93G	stomach adenocarcinoma	False	129	0	129	4.867534450455582
TCGA-VQ-A8E0	stomach adenocarcinoma	False	127	0	127	4.852030263919617
TCGA-VQ-A8P2	stomach adenocarcinoma	True	9409	14	9395	9.148039345778804
TCGA-VQ-AA64	stomach adenocarcinoma	False	337	0	337	5.823045895483019
TCGA-VQ-AA6G	stomach adenocarcinoma	False	172	0	172	5.153291594497779
TCGA-VQ-AA6I	stomach adenocarcinoma	False	137	0	137	4.927253685157205
TCGA-BR-6565	stomach adenocarcinoma	False	177	0	177	5.181783550292085
TCGA-VQ-A8P5	stomach adenocarcinoma	False	269	0	269	5.598421958998375
TCGA-VQ-A91A	stomach adenocarcinoma	False	169	0	169	5.135798437050262
TCGA-VQ-A91Y	stomach adenocarcinoma	False	57	0	57	4.060443010546419
TCGA-VQ-A92D	stomach adenocarcinoma	False	173	0	173	5.159055299214529
TCGA-BR-8360	stomach adenocarcinoma	True	1208	2	1206	7.095893221097532
TCGA-CG-5727	stomach adenocarcinoma	False	206	0	206	5.332718793265369
TCGA-CG-5732	stomach adenocarcinoma	False	82	0	82	4.418840607796598
TCGA-D7-A6EZ	stomach adenocarcinoma	False	337	0	337	5.823045895483019
TCGA-HU-8243	stomach adenocarcinoma	False	168	0	168	5.1298987149230735
TCGA-MX-A663	stomach adenocarcinoma	False	108	0	108	4.6913478822291435
TCGA-RD-A7BT	stomach adenocarcinoma	False	289	0	289	5.66988092298052
TCGA-VQ-A925	stomach adenocarcinoma	False	160	0	160	5.081404364984463
TCGA-BR-4294	stomach adenocarcinoma	False	40	0	40	3.713572066704308
TCGA-BR-6802	stomach adenocarcinoma	True	605	2	603	6.403574197934815
TCGA-BR-7715	stomach adenocarcinoma	False	172	0	172	5.153291594497779
TCGA-BR-8362	stomach adenocarcinoma	False	0	0	0	0.0
TCGA-BR-A4QM	stomach adenocarcinoma	False	126	0	126	4.844187086458591
TCGA-CD-8529	stomach adenocarcinoma	False	523	0	523	6.261491684321042
TCGA-D7-6521	stomach adenocarcinoma	False	90	0	90	4.51085950651685
TCGA-VQ-A8PC	stomach adenocarcinoma	False	163	0	163	5.099866427824199
TCGA-VQ-A8PT	stomach adenocarcinoma	True	1822	3	1819	7.506591780070841
TCGA-BR-7196	stomach adenocarcinoma	False	88	0	88	4.48863636973214
TCGA-BR-8370	stomach adenocarcinoma	False	149	0	149	5.0106352940962555
TCGA-D7-6820	stomach adenocarcinoma	False	123	0	123	4.820281565605037
TCGA-IN-A6RJ	stomach adenocarcinoma	False	169	0	169	5.135798437050262
TCGA-BR-6706	stomach adenocarcinoma	True	249	1	248	5.517452896464707
TCGA-BR-7717	stomach adenocarcinoma	False	183	0	183	5.214935757608986
TCGA-BR-8372	stomach adenocarcinoma	True	1736	3	1733	7.458186157340487
TCGA-BR-A4J1	stomach adenocarcinoma	False	90	0	90	4.51085950651685
TCGA-D7-6817	stomach adenocarcinoma	False	107	0	107	4.68213122712422
TCGA-D7-A4YX	stomach adenocarcinoma	False	104	0	104	4.653960350157523
TCGA-IN-A6RP	stomach adenocarcinoma	False	212	0	212	5.3612921657094255
TCGA-IN-AB1V	stomach adenocarcinoma	False	77	0	77	4.356708826689592
TCGA-VQ-A8DU	stomach adenocarcinoma	True	177	1	176	5.176149732573829
TCGA-VQ-A91S	stomach adenocarcinoma	False	328	0	328	5.796057750765372
TCGA-VQ-A94R	stomach adenocarcinoma	False	384	0	384	5.953243334287785
TCGA-B7-5818	stomach adenocarcinoma	True	508	2	506	6.2285110035911835
TCGA-BR-7722	stomach adenocarcinoma	False	60	0	60	4.110873864173311
TCGA-BR-8371	stomach adenocarcinoma	False	25	0	25	3.258096538021482
TCGA-BR-8590	stomach adenocarcinoma	False	159	0	159	5.075173815233827
TCGA-CD-A4MI	stomach adenocarcinoma	False	1306	0	1306	7.175489713624222
TCGA-D7-6527	stomach adenocarcinoma	True	275	2	273	5.6131281063880705
TCGA-D7-A6F2	stomach adenocarcinoma	False	90	0	90	4.51085950651685
TCGA-FP-8211	stomach adenocarcinoma	True	125	1	124	4.8283137373023015
TCGA-VQ-A8PH	stomach adenocarcinoma	True	253	2	251	5.529429087511423
TCGA-BR-8291	stomach adenocarcinoma	False	32	0	32	3.4965075614664802
TCGA-BR-8484	stomach adenocarcinoma	False	100	0	100	4.61512051684126
TCGA-D7-A4YY	stomach adenocarcinoma	True	670	1	669	6.507277712385012
TCGA-HU-A4GN	stomach adenocarcinoma	True	1536	1	1535	7.336936913707618
TCGA-MX-A666	stomach adenocarcinoma	False	150	0	150	5.017279836814924
TCGA-VQ-A91Q	stomach adenocarcinoma	False	140	0	140	4.948759890378168
TCGA-B7-A5TN	stomach adenocarcinoma	False	107	0	107	4.68213122712422
TCGA-BR-6563	stomach adenocarcinoma	False	87	0	87	4.477336814478207
TCGA-BR-7958	stomach adenocarcinoma	False	214	0	214	5.3706380281276624
TCGA-CD-5813	stomach adenocarcinoma	False	232	0	232	5.4510384535657
TCGA-CD-A4MJ	stomach adenocarcinoma	True	902	3	899	6.802394763324311
TCGA-FP-A8CX	stomach adenocarcinoma	False	119	0	119	4.787491742782046
TCGA-BR-6455	stomach adenocarcinoma	False	116	0	116	4.762173934797756
TCGA-BR-7723	stomach adenocarcinoma	False	213	0	213	5.365976015021851
TCGA-BR-7959	stomach adenocarcinoma	False	128	0	128	4.859812404361672
TCGA-BR-8483	stomach adenocarcinoma	False	163	0	163	5.099866427824199
TCGA-BR-8676	stomach adenocarcinoma	False	104	0	104	4.653960350157523
TCGA-CD-8535	stomach adenocarcinoma	True	346	1	345	5.846438775057725
TCGA-CG-5724	stomach adenocarcinoma	False	151	0	151	5.0238805208462765
TCGA-IN-7808	stomach adenocarcinoma	False	136	0	136	4.919980925828125
TCGA-VQ-A8E7	stomach adenocarcinoma	False	142	0	142	4.962844630259907
TCGA-VQ-AA6K	stomach adenocarcinoma	True	98	1	97	4.584967478670572
TCGA-BR-4357	stomach adenocarcinoma	True	329	2	327	5.793013608384144
TCGA-BR-6454	stomach adenocarcinoma	False	184	0	184	5.220355825078324
TCGA-BR-8297	stomach adenocarcinoma	True	298	1	297	5.697093486505405
TCGA-BR-A4CQ	stomach adenocarcinoma	True	228	1	227	5.429345628954441
TCGA-BR-A4IY	stomach adenocarcinoma	True	197	2	195	5.278114659230517
TCGA-CD-5802	stomach adenocarcinoma	False	71	0	71	4.276666119016055
TCGA-CD-A489	stomach adenocarcinoma	False	98	0	98	4.59511985013459
TCGA-CG-5717	stomach adenocarcinoma	True	168	1	167	5.123963979403259
TCGA-CG-5721	stomach adenocarcinoma	True	5523	6	5517	8.615770754777232
TCGA-D7-6522	stomach adenocarcinoma	False	67	0	67	4.219507705176107
TCGA-D7-6525	stomach adenocarcinoma	False	211	0	211	5.356586274672012
TCGA-VQ-A8PK	stomach adenocarcinoma	False	118	0	118	4.77912349311153
TCGA-VQ-A91V	stomach adenocarcinoma	False	302	0	302	5.713732805509369
TCGA-BR-8289	stomach adenocarcinoma	False	246	0	246	5.5093883366279774
TCGA-BR-A452	stomach adenocarcinoma	True	140	1	139	4.941642422609304
TCGA-CD-A48A	stomach adenocarcinoma	False	296	0	296	5.6937321388027
TCGA-CG-4436	stomach adenocarcinoma	False	226	0	226	5.424950017481403
TCGA-D7-8572	stomach adenocarcinoma	False	225	0	225	5.420534999272286
TCGA-D7-8573	stomach adenocarcinoma	False	108	0	108	4.6913478822291435
TCGA-D7-A747	stomach adenocarcinoma	False	131	0	131	4.882801922586371
TCGA-VQ-A8E2	stomach adenocarcinoma	False	151	0	151	5.0238805208462765
TCGA-VQ-A94P	stomach adenocarcinoma	False	100	0	100	4.61512051684126
TCGA-VQ-AA6F	stomach adenocarcinoma	False	64	0	64	4.174387269895637
TCGA-BR-4187	stomach adenocarcinoma	False	41	0	41	3.7376696182833684
TCGA-BR-8589	stomach adenocarcinoma	True	1399	1	1398	7.243512974665482
TCGA-BR-A4J5	stomach adenocarcinoma	False	118	0	118	4.77912349311153
TCGA-CG-4438	stomach adenocarcinoma	False	175	0	175	5.170483995038151
TCGA-D7-A4YT	stomach adenocarcinoma	False	385	0	385	5.955837369464831
TCGA-HU-8238	stomach adenocarcinoma	False	208	0	208	5.342334251964811
TCGA-HU-A4GD	stomach adenocarcinoma	False	111	0	111	4.718498871295094
TCGA-RD-A8MV	stomach adenocarcinoma	False	92	0	92	4.532599493153256
TCGA-VQ-A8PM	stomach adenocarcinoma	False	67	0	67	4.219507705176107
TCGA-VQ-AA6A	stomach adenocarcinoma	True	126	1	125	4.836281906951478
TCGA-BR-8367	stomach adenocarcinoma	False	79	0	79	4.382026634673881
TCGA-BR-8380	stomach adenocarcinoma	True	95	1	94	4.553876891600541
TCGA-BR-A4J9	stomach adenocarcinoma	False	51	0	51	3.9512437185814275
TCGA-FP-A4BE	stomach adenocarcinoma	True	1938	4	1934	7.5678626054638825
TCGA-BR-6453	stomach adenocarcinoma	True	227	1	226	5.424950017481403
TCGA-HU-A4G3	stomach adenocarcinoma	False	136	0	136	4.919980925828125
TCGA-R5-A804	stomach adenocarcinoma	False	97	0	97	4.584967478670572
TCGA-D7-6520	stomach adenocarcinoma	False	79	0	79	4.382026634673881
TCGA-D7-6524	stomach adenocarcinoma	False	127	0	127	4.852030263919617
TCGA-D7-6818	stomach adenocarcinoma	False	197	0	197	5.288267030694535
TCGA-VQ-A8PJ	stomach adenocarcinoma	False	189	0	189	5.247024072160486
TCGA-B7-A5TI	stomach adenocarcinoma	True	815	5	810	6.698268054115413
TCGA-BR-8682	stomach adenocarcinoma	False	90	0	90	4.51085950651685
TCGA-CD-8532	stomach adenocarcinoma	False	53	0	53	3.9889840465642745
TCGA-3M-AB47	stomach adenocarcinoma	False	146	0	146	4.990432586778736
TCGA-B7-A5TK	stomach adenocarcinoma	False	74	0	74	4.31748811353631
TCGA-BR-4267	stomach adenocarcinoma	False	109	0	109	4.700480365792417
TCGA-BR-8381	stomach adenocarcinoma	False	164	0	164	5.10594547390058
TCGA-BR-A453	stomach adenocarcinoma	False	86	0	86	4.465908118654584
TCGA-CD-8530	stomach adenocarcinoma	False	117	0	117	4.770684624465665
TCGA-CD-A487	stomach adenocarcinoma	False	218	0	218	5.389071729816501
TCGA-R5-A7O7	stomach adenocarcinoma	False	154	0	154	5.043425116919247
TCGA-VQ-A8PX	stomach adenocarcinoma	False	814	0	814	6.703188113240863
TCGA-IN-7806	stomach adenocarcinoma	False	92	0	92	4.532599493153256
TCGA-BR-8286	stomach adenocarcinoma	False	173	0	173	5.159055299214529
TCGA-BR-A4J7	stomach adenocarcinoma	False	68	0	68	4.23410650459726
TCGA-CG-4472	stomach adenocarcinoma	False	0	0	0	0.0
TCGA-FP-8209	stomach adenocarcinoma	False	1	0	1	0.6931471805599453
TCGA-VQ-A928	stomach adenocarcinoma	False	77	0	77	4.356708826689592
TCGA-CD-8533	stomach adenocarcinoma	True	162	1	161	5.087596335232384
TCGA-FP-8210	stomach adenocarcinoma	False	5	0	5	1.791759469228055
TCGA-VQ-A8DV	stomach adenocarcinoma	False	86	0	86	4.465908118654584
TCGA-VQ-AA6B	stomach adenocarcinoma	True	109	1	108	4.6913478822291435
TCGA-BR-A4IV	stomach adenocarcinoma	False	40	0	40	3.713572066704308
TCGA-RD-A7BS	stomach adenocarcinoma	False	71	0	71	4.276666119016055
TCGA-BR-8680	stomach adenocarcinoma	True	7838	11	7827	8.965462328515967
TCGA-CD-5799	stomach adenocarcinoma	False	58	0	58	4.07753744390572
TCGA-HU-A4G2	stomach adenocarcinoma	False	65	0	65	4.189654742026425
TCGA-IN-A6RI	stomach adenocarcinoma	False	131	0	131	4.882801922586371
TCGA-SW-A7EB	stomach adenocarcinoma	False	182	0	182	5.209486152841421
TCGA-D7-8570	stomach adenocarcinoma	False	161	0	161	5.087596335232384
TCGA-BR-4279	stomach adenocarcinoma	False	66	0	66	4.204692619390966
TCGA-VQ-A8DT	stomach adenocarcinoma	False	238	0	238	5.476463551931511
TCGA-BR-6710	stomach adenocarcinoma	False	0	0	0	0.0
TCGA-CD-8534	stomach adenocarcinoma	False	73	0	73	4.30406509320417
TCGA-BR-A4J4	stomach adenocarcinoma	False	102	0	102	4.634728988229636
TCGA-VQ-AA69	stomach adenocarcinoma	True	85	1	84	4.442651256490317
TCGA-VQ-A91W	stomach adenocarcinoma	False	52	0	52	3.970291913552122
TCGA-HF-7132	stomach adenocarcinoma	True	1637	3	1634	7.399398083331354
TCGA-HF-7134	stomach adenocarcinoma	True	358	1	357	5.8805329864007
TCGA-HF-7136	stomach adenocarcinoma	False	105	0	105	4.663439094112067
TCGA-BR-8486	stomach adenocarcinoma	False	72	0	72	4.290459441148391
TCGA-CG-5728	stomach adenocarcinoma	True	1907	3	1904	7.552237287560802
TCGA-CD-A4MH	stomach adenocarcinoma	False	105	0	105	4.663439094112067
TCGA-EQ-5647	stomach adenocarcinoma	False	110	0	110	4.709530201312334
TCGA-MX-A5UJ	stomach adenocarcinoma	True	1879	1	1878	7.538494999413465
TCGA-BR-8368	stomach adenocarcinoma	True	1345	3	1342	7.202661196523238
TCGA-CG-5733	stomach adenocarcinoma	True	1526	1	1525	7.330405211844402
TCGA-CD-8525	stomach adenocarcinoma	False	105	0	105	4.663439094112067
TCGA-HU-8604	stomach adenocarcinoma	False	264	0	264	5.579729825986222
TCGA-CG-4466	stomach adenocarcinoma	True	257	1	256	5.54907608489522
TCGA-BR-4253	stomach adenocarcinoma	False	108	0	108	4.6913478822291435
TCGA-BR-8366	stomach adenocarcinoma	False	213	0	213	5.365976015021851
TCGA-CG-5730	stomach adenocarcinoma	False	210	0	210	5.351858133476067
TCGA-RD-A8NB	stomach adenocarcinoma	False	830	0	830	6.7226297948554485
TCGA-BR-4257	stomach adenocarcinoma	False	1464	0	1464	7.289610521451167
TCGA-CD-A48C	stomach adenocarcinoma	False	276	0	276	5.6240175061873385
TCGA-D7-A6F0	stomach adenocarcinoma	False	161	0	161	5.087596335232384
TCGA-KB-A93H	stomach adenocarcinoma	False	291	0	291	5.676753802268282
TCGA-ZQ-A9CR	stomach adenocarcinoma	False	147	0	147	4.997212273764115
TCGA-BR-4280	stomach adenocarcinoma	True	981	3	978	6.88653164253051
TCGA-BR-4368	stomach adenocarcinoma	False	1708	0	1708	7.443663683115591
TCGA-BR-6452	stomach adenocarcinoma	True	6918	9	6909	8.840724916761715
TCGA-CD-5803	stomach adenocarcinoma	False	46	0	46	3.8501476017100584
TCGA-CG-5718	stomach adenocarcinoma	False	112	0	112	4.727387818712341
TCGA-IN-AB1X	stomach adenocarcinoma	False	144	0	144	4.976733742420574
TCGA-RD-A8N6	stomach adenocarcinoma	False	208	0	208	5.342334251964811
TCGA-HU-8244	stomach adenocarcinoma	False	169	0	169	5.135798437050262
TCGA-BR-4255	stomach adenocarcinoma	False	78	0	78	4.3694478524670215
TCGA-BR-8369	stomach adenocarcinoma	True	265	2	263	5.575949103146316
TCGA-HU-A4GY	stomach adenocarcinoma	False	80	0	80	4.394449154672439
TCGA-BR-8060	stomach adenocarcinoma	False	288	0	288	5.666426688112432
TCGA-BR-A4QL	stomach adenocarcinoma	True	2471	2	2469	7.8119734296220225
TCGA-CG-4301	stomach adenocarcinoma	False	65	0	65	4.189654742026425
TCGA-HF-A5NB	stomach adenocarcinoma	True	1954	2	1952	7.577121930876679
TCGA-BR-4362	stomach adenocarcinoma	True	2088	3	2085	7.643003635560718
TCGA-BR-4370	stomach adenocarcinoma	False	1462	0	1462	7.288244401020124
TCGA-BR-6456	stomach adenocarcinoma	False	49	0	49	3.912023005428146
TCGA-BR-8677	stomach adenocarcinoma	False	86	0	86	4.465908118654584
TCGA-BR-4292	stomach adenocarcinoma	True	1895	1	1894	7.546974117516527
TCGA-BR-8363	stomach adenocarcinoma	True	1621	1	1620	7.390798521735676
TCGA-CD-8526	stomach adenocarcinoma	False	61	0	61	4.127134385045092
TCGA-IN-A7NT	stomach adenocarcinoma	False	140	0	140	4.948759890378168
TCGA-BR-8080	stomach adenocarcinoma	False	225	0	225	5.420534999272286
TCGA-BR-8284	stomach adenocarcinoma	False	427	0	427	6.059123195581797
TCGA-BR-A4PD	stomach adenocarcinoma	False	200	0	200	5.303304908059076
TCGA-CD-8527	stomach adenocarcinoma	True	325	1	324	5.783825182329737
TCGA-CG-4462	stomach adenocarcinoma	False	101	0	101	4.624972813284271
TCGA-D7-A6EX	stomach adenocarcinoma	False	155	0	155	5.049856007249537
TCGA-D7-A6EY	stomach adenocarcinoma	True	1837	1	1836	7.515889085215125
TCGA-HU-A4H6	stomach adenocarcinoma	False	150	0	150	5.017279836814924
TCGA-IN-A6RN	stomach adenocarcinoma	False	157	0	157	5.062595033026967
TCGA-VQ-A8P8	stomach adenocarcinoma	False	133	0	133	4.897839799950911
TCGA-VQ-A8PU	stomach adenocarcinoma	False	163	0	163	5.099866427824199
TCGA-BR-4371	stomach adenocarcinoma	False	207	0	207	5.337538079701318
TCGA-BR-8081	stomach adenocarcinoma	False	1191	0	1191	7.083387847625295
TCGA-BR-8361	stomach adenocarcinoma	True	2121	3	2118	7.6586995582682995
TCGA-BR-A4J8	stomach adenocarcinoma	False	117	0	117	4.770684624465665
TCGA-D7-A6EV	stomach adenocarcinoma	False	214	0	214	5.3706380281276624
TCGA-EQ-8122	stomach adenocarcinoma	False	236	0	236	5.4680601411351315
TCGA-HJ-7597	stomach adenocarcinoma	False	1030	0	1030	6.93828448401696
TCGA-HU-A4G8	stomach adenocarcinoma	True	1979	4	1975	7.588829878307813
TCGA-HU-A4GT	stomach adenocarcinoma	False	1850	0	1850	7.523481312573497
TCGA-BR-8078	stomach adenocarcinoma	True	2096	4	2092	7.646353722445999
TCGA-BR-8365	stomach adenocarcinoma	False	30	0	30	3.4339872044851463
TCGA-BR-A4CR	stomach adenocarcinoma	False	91	0	91	4.5217885770490405
TCGA-BR-A4QI	stomach adenocarcinoma	False	155	0	155	5.049856007249537
TCGA-D7-6528	stomach adenocarcinoma	True	435	1	434	6.075346031088684
TCGA-D7-6815	stomach adenocarcinoma	False	184	0	184	5.220355825078324
TCGA-HU-A4GX	stomach adenocarcinoma	True	1626	1	1625	7.3938782901077555
TCGA-R5-A7ZR	stomach adenocarcinoma	False	93	0	93	4.543294782270004
TCGA-BR-7704	stomach adenocarcinoma	False	461	0	461	6.135564891081739
TCGA-BR-7707	stomach adenocarcinoma	True	1781	1	1780	7.484930283289661
TCGA-BR-A4J6	stomach adenocarcinoma	False	41	0	41	3.7376696182833684
TCGA-CG-4465	stomach adenocarcinoma	False	847	0	847	6.742880635791903
TCGA-D7-A4YV	stomach adenocarcinoma	False	1192	0	1192	7.084226422097916
TCGA-VQ-A8DL	stomach adenocarcinoma	False	180	0	180	5.198497031265826
TCGA-BR-6705	stomach adenocarcinoma	False	116	0	116	4.762173934797756
TCGA-BR-8485	stomach adenocarcinoma	False	394	0	394	5.978885764901122
TCGA-BR-A4PE	stomach adenocarcinoma	False	266	0	266	5.58724865840025
TCGA-CG-4440	stomach adenocarcinoma	False	160	0	160	5.081404364984463
TCGA-RD-A7BW	stomach adenocarcinoma	False	92	0	92	4.532599493153256
TCGA-BR-8382	stomach adenocarcinoma	True	1213	2	1211	7.10002716662926
TCGA-BR-8687	stomach adenocarcinoma	True	237	1	236	5.4680601411351315
TCGA-CG-4474	stomach adenocarcinoma	False	117	0	117	4.770684624465665
TCGA-CG-5722	stomach adenocarcinoma	False	109	0	109	4.700480365792417
TCGA-D7-6526	stomach adenocarcinoma	True	281	1	280	5.638354669333745
TCGA-HU-A4G9	stomach adenocarcinoma	False	1066	0	1066	6.9726062513017535
TCGA-VQ-A91E	stomach adenocarcinoma	True	1028	2	1026	6.934397209928558
TCGA-VQ-A91Z	stomach adenocarcinoma	False	178	0	178	5.187385805840755
TCGA-BR-4201	stomach adenocarcinoma	True	1874	2	1872	7.5352967024440884
TCGA-BR-4361	stomach adenocarcinoma	True	3389	4	3385	8.12740456269308
TCGA-CD-8531	stomach adenocarcinoma	False	339	0	339	5.8289456176102075
TCGA-CG-4460	stomach adenocarcinoma	True	2550	1	2549	7.843848638152472
TCGA-D7-8579	stomach adenocarcinoma	False	145	0	145	4.983606621708336
TCGA-R5-A7ZE	stomach adenocarcinoma	False	207	0	207	5.337538079701318
TCGA-BR-8373	stomach adenocarcinoma	False	121	0	121	4.804021044733257
TCGA-R5-A7ZF	stomach adenocarcinoma	True	88	2	86	4.465908118654584
TCGA-VQ-A8PB	stomach adenocarcinoma	False	1091	0	1091	6.9957661563048505
TCGA-BR-6566	stomach adenocarcinoma	False	1229	0	1229	7.114769448366463
TCGA-BR-6852	stomach adenocarcinoma	True	1364	3	1361	7.216709486709457
TCGA-BR-8487	stomach adenocarcinoma	True	3845	6	3839	8.253227645581772
TCGA-D7-6519	stomach adenocarcinoma	False	71	0	71	4.276666119016055
TCGA-IN-A7NR	stomach adenocarcinoma	False	115	0	115	4.7535901911063645
TCGA-BR-8592	stomach adenocarcinoma	False	44	0	44	3.8066624897703196
TCGA-BR-8679	stomach adenocarcinoma	False	206	0	206	5.332718793265369
TCGA-RD-A8N9	stomach adenocarcinoma	False	163	0	163	5.099866427824199
TCGA-BR-7716	stomach adenocarcinoma	False	196	0	196	5.2832037287379885
TCGA-HU-A4GP	stomach adenocarcinoma	False	270	0	270	5.602118820879701
TCGA-CD-8524	stomach adenocarcinoma	True	197	1	196	5.2832037287379885
TCGA-D7-A74A	stomach adenocarcinoma	False	199	0	199	5.298317366548036
TCGA-SW-A7EA	stomach adenocarcinoma	False	838	0	838	6.732210706467206
TCGA-BR-4363	stomach adenocarcinoma	False	785	0	785	6.666956792429207
TCGA-BR-8295	stomach adenocarcinoma	False	63	0	63	4.1588830833596715
TCGA-D7-A4Z0	stomach adenocarcinoma	False	371	0	371	5.918893854273146
TCGA-HU-A4GJ	stomach adenocarcinoma	False	6	0	6	1.9459101490553132
TCGA-RD-A8N2	stomach adenocarcinoma	False	2	0	2	1.0986122886681098
TCGA-VQ-A91N	stomach adenocarcinoma	False	159	0	159	5.075173815233827
TCGA-BR-8077	stomach adenocarcinoma	False	146	0	146	4.990432586778736
TCGA-BR-8296	stomach adenocarcinoma	False	93	0	93	4.543294782270004
TCGA-CG-4477	stomach adenocarcinoma	False	168	0	168	5.1298987149230735
TCGA-HU-8602	stomach adenocarcinoma	True	2173	1	2172	7.6838639802564295
TCGA-HU-A4H2	stomach adenocarcinoma	False	232	0	232	5.4510384535657
TCGA-RD-A8N4	stomach adenocarcinoma	False	9	0	9	2.302585092994046
TCGA-BR-6458	stomach adenocarcinoma	False	384	0	384	5.953243334287785
TCGA-BR-6709	stomach adenocarcinoma	False	54	0	54	4.007333185232471
TCGA-BR-8285	stomach adenocarcinoma	False	123	0	123	4.820281565605037
TCGA-HU-A4H3	stomach adenocarcinoma	False	1228	0	1228	7.113956109566034
TCGA-VQ-A8PZ	stomach adenocarcinoma	False	108	0	108	4.6913478822291435
TCGA-BR-4183	stomach adenocarcinoma	False	73	0	73	4.30406509320417
TCGA-BR-8588	stomach adenocarcinoma	False	157	0	157	5.062595033026967
TCGA-BR-6803	stomach adenocarcinoma	False	19	0	19	2.995732273553991
TCGA-BR-8690	stomach adenocarcinoma	False	200	0	200	5.303304908059076
TCGA-CG-5719	stomach adenocarcinoma	True	93	1	92	4.532599493153256
TCGA-D7-8576	stomach adenocarcinoma	False	76	0	76	4.343805421853684
TCGA-KB-A6F7	stomach adenocarcinoma	False	133	0	133	4.897839799950911
TCGA-BR-4188	stomach adenocarcinoma	False	104	0	104	4.653960350157523
TCGA-BR-8058	stomach adenocarcinoma	False	60	0	60	4.110873864173311
TCGA-BR-A44T	stomach adenocarcinoma	False	24	0	24	3.2188758248682006
TCGA-D7-5577	stomach adenocarcinoma	False	151	0	151	5.0238805208462765
TCGA-HU-A4H4	stomach adenocarcinoma	True	847	1	846	6.741700694652055
TCGA-RD-A8N0	stomach adenocarcinoma	False	2	0	2	1.0986122886681098
TCGA-D7-A74B	stomach adenocarcinoma	False	44	0	44	3.8066624897703196
TCGA-VQ-AA68	stomach adenocarcinoma	False	213	0	213	5.365976015021851
TCGA-VQ-AA6D	stomach adenocarcinoma	True	986	1	985	6.893656354602635
TCGA-B7-5816	stomach adenocarcinoma	True	1695	3	1692	7.4342573821331355
TCGA-CD-5800	stomach adenocarcinoma	False	209	0	209	5.3471075307174685
TCGA-BR-7957	stomach adenocarcinoma	False	63	0	63	4.1588830833596715
TCGA-VQ-A8PQ	stomach adenocarcinoma	False	17	0	17	2.8903717578961645
TCGA-VQ-A8PY	stomach adenocarcinoma	True	119	1	118	4.77912349311153
TCGA-BR-6564	stomach adenocarcinoma	False	46	0	46	3.8501476017100584
TCGA-BR-A4IZ	stomach adenocarcinoma	False	20	0	20	3.044522437723423
TCGA-R5-A7ZI	stomach adenocarcinoma	False	1098	0	1098	7.002155954403621
TCGA-CD-8528	stomach adenocarcinoma	False	136	0	136	4.919980925828125
TCGA-BR-8364	stomach adenocarcinoma	False	25	0	25	3.258096538021482
TCGA-D7-A748	stomach adenocarcinoma	False	51	0	51	3.9512437185814275
TCGA-BR-A4IU	stomach adenocarcinoma	False	29	0	29	3.4011973816621555
TCGA-HF-7131	stomach adenocarcinoma	False	118	0	118	4.77912349311153
TCGA-HF-7133	stomach adenocarcinoma	False	93	0	93	4.543294782270004
TCGA-BR-4186	stomach adenocarcinoma	False	0	0	0	0.0
TCGA-BR-4190	stomach adenocarcinoma	False	0	0	0	0.0
TCGA-BR-4194	stomach adenocarcinoma	False	0	0	0	0.0
TCGA-BR-4195	stomach adenocarcinoma	False	0	0	0	0.0
TCGA-BR-4196	stomach adenocarcinoma	False	0	0	0	0.0
TCGA-BR-4197	stomach adenocarcinoma	False	0	0	0	0.0
TCGA-BR-4199	stomach adenocarcinoma	False	0	0	0	0.0
TCGA-BR-4200	stomach adenocarcinoma	False	0	0	0	0.0
TCGA-BR-4205	stomach adenocarcinoma	False	0	0	0	0.0
TCGA-BR-4259	stomach adenocarcinoma	False	0	0	0	0.0
TCGA-BR-4260	stomach adenocarcinoma	False	0	0	0	0.0
TCGA-BR-4261	stomach adenocarcinoma	False	0	0	0	0.0
TCGA-BR-4263	stomach adenocarcinoma	False	0	0	0	0.0
TCGA-BR-4264	stomach adenocarcinoma	False	0	0	0	0.0
TCGA-BR-4265	stomach adenocarcinoma	False	0	0	0	0.0
TCGA-BR-4266	stomach adenocarcinoma	False	0	0	0	0.0
TCGA-BR-4270	stomach adenocarcinoma	False	0	0	0	0.0
TCGA-BR-4271	stomach adenocarcinoma	False	0	0	0	0.0
TCGA-BR-4272	stomach adenocarcinoma	False	0	0	0	0.0
TCGA-BR-4273	stomach adenocarcinoma	False	0	0	0	0.0
TCGA-BR-4274	stomach adenocarcinoma	False	0	0	0	0.0
TCGA-BR-4276	stomach adenocarcinoma	False	0	0	0	0.0
TCGA-BR-4277	stomach adenocarcinoma	False	0	0	0	0.0
TCGA-BR-4278	stomach adenocarcinoma	False	0	0	0	0.0
TCGA-BR-4281	stomach adenocarcinoma	False	0	0	0	0.0
TCGA-BR-4282	stomach adenocarcinoma	False	0	0	0	0.0
TCGA-BR-4283	stomach adenocarcinoma	False	0	0	0	0.0
TCGA-BR-4284	stomach adenocarcinoma	False	0	0	0	0.0
TCGA-BR-4285	stomach adenocarcinoma	False	0	0	0	0.0
TCGA-BR-4286	stomach adenocarcinoma	False	0	0	0	0.0
TCGA-BR-4288	stomach adenocarcinoma	False	0	0	0	0.0
TCGA-BR-4291	stomach adenocarcinoma	False	0	0	0	0.0
TCGA-BR-4298	stomach adenocarcinoma	False	0	0	0	0.0
TCGA-BR-4375	stomach adenocarcinoma	False	0	0	0	0.0
TCGA-BR-4376	stomach adenocarcinoma	False	0	0	0	0.0
TCGA-MB-A5Y9	sarcoma	False	44	0	44	3.8066624897703196
TCGA-X6-A7W8	sarcoma	False	99	0	99	4.605170185988092
TCGA-FX-A3TO	sarcoma	False	110	0	110	4.709530201312334
TCGA-DX-A8BH	sarcoma	False	93	0	93	4.543294782270004
TCGA-DX-AB36	sarcoma	False	39	0	39	3.6888794541139363
TCGA-DX-A8BP	sarcoma	True	1170	2	1168	7.063903961472068
TCGA-DX-A3U9	sarcoma	False	99	0	99	4.605170185988092
TCGA-DX-A1KU	sarcoma	False	68	0	68	4.23410650459726
TCGA-DX-A23U	sarcoma	False	0	0	0	0.0
TCGA-DX-AB2V	sarcoma	False	136	0	136	4.919980925828125
TCGA-DX-A23Y	sarcoma	False	60	0	60	4.110873864173311
TCGA-DX-A6B8	sarcoma	False	78	0	78	4.3694478524670215
TCGA-DX-AB3A	sarcoma	False	52	0	52	3.970291913552122
TCGA-IF-A4AJ	sarcoma	False	71	0	71	4.276666119016055
TCGA-DX-A3M1	sarcoma	True	97	1	96	4.574710978503383
TCGA-DX-AB2P	sarcoma	False	63	0	63	4.1588830833596715
TCGA-DX-A1L2	sarcoma	False	208	0	208	5.342334251964811
TCGA-DX-A48V	sarcoma	False	69	0	69	4.248495242049359
TCGA-SG-A849	sarcoma	False	81	0	81	4.406719247264253
TCGA-DX-A6BE	sarcoma	False	39	0	39	3.6888794541139363
TCGA-DX-A8BJ	sarcoma	False	94	0	94	4.553876891600541
TCGA-QQ-A5V9	sarcoma	False	96	0	96	4.574710978503383
TCGA-3B-A9HO	sarcoma	False	83	0	83	4.430816798843313
TCGA-DX-A6YR	sarcoma	False	117	0	117	4.770684624465665
TCGA-HB-A3YV	sarcoma	False	76	0	76	4.343805421853684
TCGA-QC-A7B5	sarcoma	True	3525	8	3517	8.165647925297504
TCGA-DX-A23Z	sarcoma	False	0	0	0	0.0
TCGA-DX-A6BB	sarcoma	False	61	0	61	4.127134385045092
TCGA-DX-A6YV	sarcoma	False	109	0	109	4.700480365792417
TCGA-X6-A7WC	sarcoma	False	131	0	131	4.882801922586371
TCGA-PC-A5DM	sarcoma	True	61	1	60	4.110873864173311
TCGA-DX-A7EQ	sarcoma	False	56	0	56	4.04305126783455
TCGA-DX-AATS	sarcoma	False	130	0	130	4.875197323201151
TCGA-DX-A7ET	sarcoma	False	60	0	60	4.110873864173311
TCGA-VT-AB3D	sarcoma	False	76	0	76	4.343805421853684
TCGA-QQ-A8VF	sarcoma	True	1313	1	1312	7.180069874302796
TCGA-WK-A8XX	sarcoma	False	74	0	74	4.31748811353631
TCGA-DX-A7ER	sarcoma	False	42	0	42	3.7612001156935624
TCGA-3B-A9HI	sarcoma	False	55	0	55	4.02535169073515
TCGA-3B-A9HJ	sarcoma	False	29	0	29	3.4011973816621555
TCGA-QC-A6FX	sarcoma	False	76	0	76	4.343805421853684
TCGA-3B-A9HL	sarcoma	False	64	0	64	4.174387269895637
TCGA-DX-A1KW	sarcoma	False	57	0	57	4.060443010546419
TCGA-DX-A3U7	sarcoma	False	57	0	57	4.060443010546419
TCGA-K1-A6RV	sarcoma	False	106	0	106	4.672828834461906
TCGA-PC-A5DL	sarcoma	False	0	0	0	0.0
TCGA-3B-A9HZ	sarcoma	True	60	1	59	4.0943445622221
TCGA-3R-A8YX	sarcoma	False	100	0	100	4.61512051684126
TCGA-DX-A1KY	sarcoma	False	0	0	0	0.0
TCGA-DX-A1KZ	sarcoma	False	0	0	0	0.0
TCGA-DX-A3LY	sarcoma	False	78	0	78	4.3694478524670215
TCGA-VT-A80G	sarcoma	False	123	0	123	4.820281565605037
TCGA-DX-A48K	sarcoma	False	34	0	34	3.5553480614894135
TCGA-DX-AB35	sarcoma	False	55	0	55	4.02535169073515
TCGA-DX-A8BQ	sarcoma	False	0	0	0	0.0
TCGA-MB-A5YA	sarcoma	False	51	0	51	3.9512437185814275
TCGA-PC-A5DK	sarcoma	False	21	0	21	3.091042453358316
TCGA-3B-A9I3	sarcoma	False	72	0	72	4.290459441148391
TCGA-DX-A3LT	sarcoma	False	0	0	0	0.0
TCGA-DX-A2J0	sarcoma	False	59	0	59	4.0943445622221
TCGA-DX-A6YS	sarcoma	False	116	0	116	4.762173934797756
TCGA-DX-A7EM	sarcoma	False	87	0	87	4.477336814478207
TCGA-3B-A9HS	sarcoma	False	89	0	89	4.499809670330265
TCGA-DX-A1L1	sarcoma	False	0	0	0	0.0
TCGA-DX-A1L4	sarcoma	False	0	0	0	0.0
TCGA-DX-A2IZ	sarcoma	False	68	0	68	4.23410650459726
TCGA-DX-A2J4	sarcoma	False	38	0	38	3.6635616461296463
TCGA-DX-A3LU	sarcoma	False	47	0	47	3.871201010907891
TCGA-DX-A8BM	sarcoma	False	99	0	99	4.605170185988092
TCGA-DX-AB2E	sarcoma	True	1595	2	1593	7.374001859350161
TCGA-DX-A3M2	sarcoma	False	146	0	146	4.990432586778736
TCGA-DX-A6YZ	sarcoma	False	117	0	117	4.770684624465665
TCGA-DX-A8BL	sarcoma	False	136	0	136	4.919980925828125
TCGA-DX-A1L0	sarcoma	False	127	0	127	4.852030263919617
TCGA-DX-A8BU	sarcoma	False	128	0	128	4.859812404361672
TCGA-DX-A48U	sarcoma	False	44	0	44	3.8066624897703196
TCGA-DX-A8BV	sarcoma	False	106	0	106	4.672828834461906
TCGA-WK-A8XQ	sarcoma	False	40	0	40	3.713572066704308
TCGA-DX-A3UD	sarcoma	False	49	0	49	3.912023005428146
TCGA-QQ-A8VD	sarcoma	False	25	0	25	3.258096538021482
TCGA-X6-A8C2	sarcoma	False	120	0	120	4.795790545596741
TCGA-DX-A6B7	sarcoma	False	55	0	55	4.02535169073515
TCGA-X6-A8C6	sarcoma	False	107	0	107	4.68213122712422
TCGA-X9-A973	sarcoma	False	55	0	55	4.02535169073515
TCGA-DX-A3UB	sarcoma	False	22	0	22	3.1354942159291497
TCGA-FX-A3NJ	sarcoma	True	30	1	29	3.4011973816621555
TCGA-IE-A4EK	sarcoma	False	0	0	0	0.0
TCGA-3B-A9HT	sarcoma	False	487	0	487	6.1903154058531475
TCGA-DX-A2J1	sarcoma	False	39	0	39	3.6888794541139363
TCGA-FX-A3NK	sarcoma	False	47	0	47	3.871201010907891
TCGA-DX-A3U5	sarcoma	False	40	0	40	3.713572066704308
TCGA-DX-A8BX	sarcoma	False	109	0	109	4.700480365792417
TCGA-QQ-A5VD	sarcoma	True	648	2	646	6.472346294500901
TCGA-QQ-A8VG	sarcoma	True	685	1	684	6.529418838262226
TCGA-RN-AAAQ	sarcoma	True	69	2	67	4.219507705176107
TCGA-DX-A240	sarcoma	False	32	0	32	3.4965075614664802
TCGA-DX-A6BG	sarcoma	False	27	0	27	3.332204510175204
TCGA-DX-AB32	sarcoma	False	458	0	458	6.129050210060545
TCGA-SI-A71P	sarcoma	False	48	0	48	3.8918202981106265
TCGA-3B-A9HY	sarcoma	False	79	0	79	4.382026634673881
TCGA-MB-A8JK	sarcoma	False	63	0	63	4.1588830833596715
TCGA-K1-A6RT	sarcoma	False	101	0	101	4.624972813284271
TCGA-DX-A48N	sarcoma	False	57	0	57	4.060443010546419
TCGA-SG-A6Z4	sarcoma	False	68	0	68	4.23410650459726
TCGA-DX-A48J	sarcoma	False	25	0	25	3.258096538021482
TCGA-DX-A3LW	sarcoma	False	37	0	37	3.6375861597263857
TCGA-DX-A3U8	sarcoma	False	59	0	59	4.0943445622221
TCGA-IE-A3OV	sarcoma	False	59	0	59	4.0943445622221
TCGA-K1-A3PO	sarcoma	False	0	0	0	0.0
TCGA-QQ-A5V2	sarcoma	False	25	0	25	3.258096538021482
TCGA-DX-A48R	sarcoma	False	74	0	74	4.31748811353631
TCGA-Z4-A9VC	sarcoma	False	43	0	43	3.784189633918261
TCGA-DX-AB2G	sarcoma	False	45	0	45	3.828641396489095
TCGA-DX-AB2L	sarcoma	False	9	0	9	2.302585092994046
TCGA-DX-A6BH	sarcoma	False	22	0	22	3.1354942159291497
TCGA-3B-A9I0	sarcoma	False	42	0	42	3.7612001156935624
TCGA-SI-A71O	sarcoma	False	54	0	54	4.007333185232471
TCGA-MJ-A850	sarcoma	False	31	0	31	3.4657359027997265
TCGA-DX-AB3C	sarcoma	False	33	0	33	3.5263605246161616
TCGA-UE-A6QU	sarcoma	False	93	0	93	4.543294782270004
TCGA-X6-A7WA	sarcoma	False	82	0	82	4.418840607796598
TCGA-DX-A7EF	sarcoma	False	75	0	75	4.330733340286331
TCGA-DX-AB2Z	sarcoma	True	107	1	106	4.672828834461906
TCGA-DX-A6YQ	sarcoma	False	123	0	123	4.820281565605037
TCGA-DX-A6BK	sarcoma	False	86	0	86	4.465908118654584
TCGA-IE-A4EJ	sarcoma	True	86	1	85	4.454347296253507
TCGA-DX-A8BG	sarcoma	False	129	0	129	4.867534450455582
TCGA-DX-A6BF	sarcoma	False	120	0	120	4.795790545596741
TCGA-DX-A6Z2	sarcoma	False	91	0	91	4.5217885770490405
TCGA-IF-A4AK	sarcoma	False	37	0	37	3.6375861597263857
TCGA-DX-AB2H	sarcoma	False	65	0	65	4.189654742026425
TCGA-SI-AA8B	sarcoma	False	72	0	72	4.290459441148391
TCGA-DX-A7EU	sarcoma	False	102	0	102	4.634728988229636
TCGA-DX-A3LS	sarcoma	False	66	0	66	4.204692619390966
TCGA-DX-A6Z0	sarcoma	False	73	0	73	4.30406509320417
TCGA-DX-A7EI	sarcoma	False	55	0	55	4.02535169073515
TCGA-DX-A8BN	sarcoma	False	57	0	57	4.060443010546419
TCGA-DX-A8BZ	sarcoma	True	70	1	69	4.248495242049359
TCGA-DX-AB2O	sarcoma	False	101	0	101	4.624972813284271
TCGA-HB-A2OT	sarcoma	False	101	0	101	4.624972813284271
TCGA-PC-A5DN	sarcoma	False	73	0	73	4.30406509320417
TCGA-DX-AB2F	sarcoma	False	55	0	55	4.02535169073515
TCGA-IW-A3M5	sarcoma	False	69	0	69	4.248495242049359
TCGA-LI-A67I	sarcoma	False	68	0	68	4.23410650459726
TCGA-MO-A47R	sarcoma	False	51	0	51	3.9512437185814275
TCGA-DX-AB2X	sarcoma	False	70	0	70	4.2626798770413155
TCGA-DX-AB37	sarcoma	False	92	0	92	4.532599493153256
TCGA-IS-A3KA	sarcoma	False	93	0	93	4.543294782270004
TCGA-LI-A9QH	sarcoma	False	148	0	148	5.003946305945459
TCGA-PC-A5DP	sarcoma	False	0	0	0	0.0
TCGA-DX-AB2J	sarcoma	False	55	0	55	4.02535169073515
TCGA-KF-A41W	sarcoma	False	80	0	80	4.394449154672439
TCGA-3B-A9HX	sarcoma	False	65	0	65	4.189654742026425
TCGA-IF-A3RQ	sarcoma	False	0	0	0	0.0
TCGA-X6-A8C4	sarcoma	False	109	0	109	4.700480365792417
TCGA-HS-A5N8	sarcoma	False	0	0	0	0.0
TCGA-JV-A5VF	sarcoma	False	46	0	46	3.8501476017100584
TCGA-KD-A5QT	sarcoma	False	46	0	46	3.8501476017100584
TCGA-DX-A6YX	sarcoma	False	79	0	79	4.382026634673881
TCGA-DX-A8BS	sarcoma	False	0	0	0	0.0
TCGA-QQ-A8VB	sarcoma	False	100	0	100	4.61512051684126
TCGA-DX-A1KX	sarcoma	False	117	0	117	4.770684624465665
TCGA-DX-A8BO	sarcoma	True	50	1	49	3.912023005428146
TCGA-HS-A5N7	sarcoma	False	0	0	0	0.0
TCGA-IE-A4EI	sarcoma	True	41	1	40	3.713572066704308
TCGA-3B-A9HQ	sarcoma	False	89	0	89	4.499809670330265
TCGA-DX-A3UE	sarcoma	False	102	0	102	4.634728988229636
TCGA-K1-A6RU	sarcoma	False	49	0	49	3.912023005428146
TCGA-WK-A8XO	sarcoma	False	58	0	58	4.07753744390572
TCGA-DX-A3UF	sarcoma	False	77	0	77	4.356708826689592
TCGA-DX-AB2Q	sarcoma	False	130	0	130	4.875197323201151
TCGA-FX-A3RE	sarcoma	False	184	0	184	5.220355825078324
TCGA-HS-A5NA	sarcoma	False	0	0	0	0.0
TCGA-IE-A6BZ	sarcoma	False	73	0	73	4.30406509320417
TCGA-K1-A42W	sarcoma	False	0	0	0	0.0
TCGA-K1-A3PN	sarcoma	False	60	0	60	4.110873864173311
TCGA-Z4-AAPG	sarcoma	False	64	0	64	4.174387269895637
TCGA-DX-A3U6	sarcoma	False	4	0	4	1.6094379124341003
TCGA-DX-A48O	sarcoma	False	95	0	95	4.564348191467836
TCGA-DX-A8BR	sarcoma	False	60	0	60	4.110873864173311
TCGA-DX-A8BT	sarcoma	False	131	0	131	4.882801922586371
TCGA-IS-A3K7	sarcoma	False	160	0	160	5.081404364984463
TCGA-QQ-A5VC	sarcoma	False	94	0	94	4.553876891600541
TCGA-X6-A7WD	sarcoma	False	74	0	74	4.31748811353631
TCGA-X6-A8C5	sarcoma	False	96	0	96	4.574710978503383
TCGA-DX-AB2W	sarcoma	False	199	0	199	5.298317366548036
TCGA-K1-A42X	sarcoma	False	0	0	0	0.0
TCGA-RN-A68Q	sarcoma	False	28	0	28	3.367295829986474
TCGA-DX-A8BK	sarcoma	False	37	0	37	3.6375861597263857
TCGA-FX-A2QS	sarcoma	False	93	0	93	4.543294782270004
TCGA-DX-A1L3	sarcoma	False	0	0	0	0.0
TCGA-JV-A5VE	sarcoma	True	76	1	75	4.330733340286331
TCGA-MB-A5Y8	sarcoma	False	31	0	31	3.4657359027997265
TCGA-QQ-A5VA	sarcoma	False	80	0	80	4.394449154672439
TCGA-IW-A3M6	sarcoma	False	93	0	93	4.543294782270004
TCGA-PC-A5DO	sarcoma	False	0	0	0	0.0
TCGA-WP-A9GB	sarcoma	False	213	0	213	5.365976015021851
TCGA-X6-A8C3	sarcoma	False	94	0	94	4.553876891600541
TCGA-HB-A43Z	sarcoma	False	99	0	99	4.605170185988092
TCGA-HB-A5W3	sarcoma	False	45	0	45	3.828641396489095
TCGA-HS-A5N9	sarcoma	False	0	0	0	0.0
TCGA-WK-A8XS	sarcoma	False	73	0	73	4.30406509320417
TCGA-X6-A7WB	sarcoma	False	92	0	92	4.532599493153256
TCGA-3B-A9HP	sarcoma	False	65	0	65	4.189654742026425
TCGA-DX-A23V	sarcoma	False	22	0	22	3.1354942159291497
TCGA-MJ-A68H	sarcoma	False	69	0	69	4.248495242049359
TCGA-PT-A8TR	sarcoma	False	0	0	0	0.0
TCGA-3B-A9I1	sarcoma	False	51	0	51	3.9512437185814275
TCGA-DX-A7EL	sarcoma	False	66	0	66	4.204692619390966
TCGA-FX-A48G	sarcoma	False	54	0	54	4.007333185232471
TCGA-WK-A8XZ	sarcoma	False	59	0	59	4.0943445622221
TCGA-DX-A23R	sarcoma	False	0	0	0	0.0
TCGA-IS-A3K6	sarcoma	False	50	0	50	3.9318256327243257
TCGA-KD-A5QS	sarcoma	False	116	0	116	4.762173934797756
TCGA-MJ-A68J	sarcoma	False	19	0	19	2.995732273553991
TCGA-DX-A48P	sarcoma	False	80	0	80	4.394449154672439
TCGA-DX-AB2T	sarcoma	False	86	0	86	4.465908118654584
TCGA-3B-A9HU	sarcoma	False	52	0	52	3.970291913552122
TCGA-DX-A6BA	sarcoma	False	73	0	73	4.30406509320417
TCGA-DX-A7EN	sarcoma	False	40	0	40	3.713572066704308
TCGA-DX-AB2S	sarcoma	False	29	0	29	3.4011973816621555
TCGA-DX-AB30	sarcoma	False	28	0	28	3.367295829986474
TCGA-MB-A8JL	sarcoma	False	52	0	52	3.970291913552122
TCGA-QC-AA9N	sarcoma	True	62	1	61	4.127134385045092
TCGA-QQ-A5VB	sarcoma	False	95	0	95	4.564348191467836
TCGA-WK-A8XY	sarcoma	False	84	0	84	4.442651256490317
TCGA-X9-A971	sarcoma	False	72	0	72	4.290459441148391
TCGA-DX-A6YU	sarcoma	False	57	0	57	4.060443010546419
TCGA-DX-A7ES	sarcoma	False	54	0	54	4.007333185232471
TCGA-UE-A6QT	sarcoma	True	21	1	20	3.044522437723423
TCGA-DX-A48L	sarcoma	False	66	0	66	4.204692619390966
TCGA-FX-A76Y	sarcoma	False	37	0	37	3.6375861597263857
TCGA-VT-A80J	sarcoma	False	81	0	81	4.406719247264253
TCGA-WK-A8Y0	sarcoma	False	72	0	72	4.290459441148391
TCGA-X2-A95T	sarcoma	False	85	0	85	4.454347296253507
TCGA-3B-A9HV	sarcoma	False	73	0	73	4.30406509320417
TCGA-IW-A3M4	sarcoma	False	32	0	32	3.4965075614664802
TCGA-DX-A3UA	sarcoma	False	45	0	45	3.828641396489095
TCGA-HB-A3L4	sarcoma	False	52	0	52	3.970291913552122
TCGA-DX-A6B9	sarcoma	False	21	0	21	3.091042453358316
TCGA-IS-A3K8	sarcoma	False	18	0	18	2.9444389791664403
TCGA-SG-A6Z7	sarcoma	False	86	0	86	4.465908118654584
TCGA-JV-A75J	sarcoma	False	47	0	47	3.871201010907891
TCGA-KD-A5QU	sarcoma	False	91	0	91	4.5217885770490405
TCGA-N1-A6IA	sarcoma	False	56	0	56	4.04305126783455
TCGA-DX-A23T	sarcoma	False	0	0	0	0.0
TCGA-WK-A8XT	sarcoma	False	77	0	77	4.356708826689592
TCGA-3B-A9HR	sarcoma	False	46	0	46	3.8501476017100584
TCGA-DX-A3UC	sarcoma	False	53	0	53	3.9889840465642745
TCGA-MO-A47P	sarcoma	False	15	0	15	2.772588722239781
TCGA-IE-A4EH	sarcoma	False	41	0	41	3.7376696182833684
TCGA-Z4-AAPF	sarcoma	False	25	0	25	3.258096538021482
TCGA-SI-A71Q	sarcoma	False	48	0	48	3.8918202981106265
TCGA-DX-A6YT	sarcoma	False	58	0	58	4.07753744390572
TCGA-FX-A8OO	sarcoma	False	42	0	42	3.7612001156935624
TCGA-QQ-A8VH	sarcoma	False	80	0	80	4.394449154672439
TCGA-DX-AB3B	sarcoma	False	44	0	44	3.8066624897703196
TCGA-X6-A8C7	sarcoma	False	29	0	29	3.4011973816621555
TCGA-Z4-A8JB	sarcoma	False	28	0	28	3.367295829986474
TCGA-DX-A7EO	sarcoma	False	39	0	39	3.6888794541139363
TCGA-SI-AA8C	sarcoma	False	23	0	23	3.1780538303479458
TCGA-EB-A41A	skin cutaneous melanoma	True	2634	3	2631	7.875499292445208
TCGA-FR-A726	skin cutaneous melanoma	True	10167	5	10162	9.226508953137767
TCGA-BF-AAP1	skin cutaneous melanoma	False	1223	0	1223	7.1098794630722715
TCGA-WE-A8K4	skin cutaneous melanoma	False	1165	0	1165	7.061334366910438
TCGA-BF-AAOX	skin cutaneous melanoma	True	1726	1	1725	7.453561871643373
TCGA-EB-A430	skin cutaneous melanoma	True	536	1	535	6.284134161070802
TCGA-EB-A4P0	skin cutaneous melanoma	True	259	1	258	5.556828061699537
TCGA-XV-A9W2	skin cutaneous melanoma	True	57	1	56	4.04305126783455
TCGA-BF-A1Q0	skin cutaneous melanoma	True	960	2	958	6.8658910748834385
TCGA-BF-A9VF	skin cutaneous melanoma	False	127	0	127	4.852030263919617
TCGA-EB-A4IS	skin cutaneous melanoma	False	775	0	775	6.654152520183219
TCGA-ER-A194	skin cutaneous melanoma	True	1871	1	1870	7.534228326274089
TCGA-GN-A26C	skin cutaneous melanoma	True	2517	3	2514	7.83002808253384
TCGA-ER-A42H	skin cutaneous melanoma	False	85	0	85	4.454347296253507
TCGA-EB-A3XC	skin cutaneous melanoma	True	572	1	571	6.349138991379798
TCGA-DA-A960	skin cutaneous melanoma	True	1196	2	1194	7.085901464365611
TCGA-EB-A5SE	skin cutaneous melanoma	True	398	3	395	5.981414211254481
TCGA-EB-A24D	skin cutaneous melanoma	False	818	0	818	6.70808408385307
TCGA-EB-A6QY	skin cutaneous melanoma	True	875	1	874	6.774223886357614
TCGA-FW-A5DX	skin cutaneous melanoma	True	270	1	269	5.598421958998375
TCGA-GN-A269	skin cutaneous melanoma	True	999	1	998	6.906754778648554
TCGA-EB-A44O	skin cutaneous melanoma	False	695	0	695	6.54534966033442
TCGA-FR-A3R1	skin cutaneous melanoma	True	595	1	594	6.38856140554563
TCGA-D9-A4Z5	skin cutaneous melanoma	False	90	0	90	4.51085950651685
TCGA-GN-A8LN	skin cutaneous melanoma	False	361	0	361	5.8916442118257715
TCGA-YG-AA3N	skin cutaneous melanoma	True	2799	1	2798	7.937017489515454
TCGA-EB-A85I	skin cutaneous melanoma	False	309	0	309	5.736572297479192
TCGA-EB-A97M	skin cutaneous melanoma	False	431	0	431	6.068425588244111
TCGA-BF-A5EO	skin cutaneous melanoma	False	863	0	863	6.761572768804055
TCGA-BF-A3DM	skin cutaneous melanoma	False	653	0	653	6.483107351457199
TCGA-BF-A5EQ	skin cutaneous melanoma	False	812	0	812	6.70073110954781
TCGA-BF-A5ER	skin cutaneous melanoma	False	283	0	283	5.648974238161206
TCGA-EB-A299	skin cutaneous melanoma	True	208	1	207	5.337538079701318
TCGA-EB-A3XB	skin cutaneous melanoma	True	698	1	697	6.548219102762372
TCGA-BF-AAP2	skin cutaneous melanoma	False	1837	0	1837	7.516433302915632
TCGA-EB-A553	skin cutaneous melanoma	False	438	0	438	6.0844994130751715
TCGA-BF-AAP4	skin cutaneous melanoma	True	1128	1	1127	7.028201432058005
TCGA-IH-A3EA	skin cutaneous melanoma	True	2023	1	2022	7.612336837167746
TCGA-EB-A44N	skin cutaneous melanoma	False	211	0	211	5.356586274672012
TCGA-BF-AAP8	skin cutaneous melanoma	False	16	0	16	2.833213344056216
TCGA-EB-A3XF	skin cutaneous melanoma	True	539	1	538	6.289715570908998
TCGA-ER-A2NB	skin cutaneous melanoma	False	88	0	88	4.48863636973214
TCGA-BF-A1PX	skin cutaneous melanoma	False	457	0	457	6.126869184114185
TCGA-EB-A24C	skin cutaneous melanoma	False	36	0	36	3.6109179126442243
TCGA-EB-A57M	skin cutaneous melanoma	False	62	0	62	4.143134726391533
TCGA-EB-A5VU	skin cutaneous melanoma	False	65	0	65	4.189654742026425
TCGA-BF-AAP6	skin cutaneous melanoma	False	92	0	92	4.532599493153256
TCGA-D9-A3Z4	skin cutaneous melanoma	False	210	0	210	5.351858133476067
TCGA-EB-A51B	skin cutaneous melanoma	False	570	0	570	6.3473892096560105
TCGA-ER-A2NF	skin cutaneous melanoma	False	42	0	42	3.7612001156935624
TCGA-ER-A19T	skin cutaneous melanoma	False	70	0	70	4.2626798770413155
TCGA-XV-A9W5	skin cutaneous melanoma	False	136	0	136	4.919980925828125
TCGA-D9-A4Z2	skin cutaneous melanoma	False	31	0	31	3.4657359027997265
TCGA-EB-A42Z	skin cutaneous melanoma	False	159	0	159	5.075173815233827
TCGA-EB-A1NK	skin cutaneous melanoma	False	201	0	201	5.308267697401205
TCGA-GF-A2C7	skin cutaneous melanoma	False	107	0	107	4.68213122712422
TCGA-D3-A5GT	skin cutaneous melanoma	False	29	0	29	3.4011973816621555
TCGA-FS-A1ZN	skin cutaneous melanoma	True	138	1	137	4.927253685157205
TCGA-GF-A769	skin cutaneous melanoma	True	217	1	216	5.37989735354046
TCGA-EB-A3HV	skin cutaneous melanoma	False	63	0	63	4.1588830833596715
TCGA-EB-A431	skin cutaneous melanoma	True	2400	3	2397	7.7823903355874595
TCGA-GN-A263	skin cutaneous melanoma	True	606	3	603	6.403574197934815
TCGA-HR-A5NC	skin cutaneous melanoma	False	93	0	93	4.543294782270004
TCGA-XV-A9VZ	skin cutaneous melanoma	False	19	0	19	2.995732273553991
TCGA-EB-A3Y7	skin cutaneous melanoma	True	1523	1	1522	7.328437352895162
TCGA-BF-A3DL	skin cutaneous melanoma	False	614	0	614	6.421622267806518
TCGA-BF-A3DN	skin cutaneous melanoma	False	110	0	110	4.709530201312334
TCGA-ER-A19K	skin cutaneous melanoma	False	505	0	505	6.226536669287466
TCGA-EB-A551	skin cutaneous melanoma	False	476	0	476	6.1675164908883415
TCGA-EB-A5SF	skin cutaneous melanoma	False	44	0	44	3.8066624897703196
TCGA-EB-A3XE	skin cutaneous melanoma	False	23	0	23	3.1780538303479458
TCGA-BF-A5ES	skin cutaneous melanoma	True	718	1	717	6.576469569048224
TCGA-BF-AAP7	skin cutaneous melanoma	True	623	1	622	6.434546518787453
TCGA-EB-A41B	skin cutaneous melanoma	False	562	0	562	6.333279628139691
TCGA-EB-A6QZ	skin cutaneous melanoma	False	391	0	391	5.971261839790462
TCGA-XV-AAZY	skin cutaneous melanoma	True	241	1	240	5.484796933490655
TCGA-BF-A5EP	skin cutaneous melanoma	False	225	0	225	5.420534999272286
TCGA-EB-A550	skin cutaneous melanoma	False	208	0	208	5.342334251964811
TCGA-BF-A1PV	skin cutaneous melanoma	False	393	0	393	5.976350909297934
TCGA-BF-AAOU	skin cutaneous melanoma	False	454	0	454	6.12029741895095
TCGA-D9-A4Z3	skin cutaneous melanoma	False	1085	0	1085	6.990256500493881
TCGA-EB-A42Y	skin cutaneous melanoma	False	83	0	83	4.430816798843313
TCGA-BF-A1PZ	skin cutaneous melanoma	False	338	0	338	5.82600010738045
TCGA-EB-A82C	skin cutaneous melanoma	False	49	0	49	3.912023005428146
TCGA-EB-A85J	skin cutaneous melanoma	False	565	0	565	6.338594078203183
TCGA-EB-A4OY	skin cutaneous melanoma	False	72	0	72	4.290459441148391
TCGA-EB-A5FP	skin cutaneous melanoma	False	559	0	559	6.327936783729195
TCGA-ER-A196	skin cutaneous melanoma	False	29	0	29	3.4011973816621555
TCGA-XV-AAZW	skin cutaneous melanoma	True	216	1	215	5.375278407684165
TCGA-GN-A4U5	skin cutaneous melanoma	False	457	0	457	6.126869184114185
TCGA-EB-A44P	skin cutaneous melanoma	False	480	0	480	6.175867270105761
TCGA-EB-A6R0	skin cutaneous melanoma	True	532	2	530	6.274762021241939
TCGA-EB-A82B	skin cutaneous melanoma	False	70	0	70	4.2626798770413155
TCGA-EB-A3Y6	skin cutaneous melanoma	False	845	0	845	6.740519359606223
TCGA-EB-A4XL	skin cutaneous melanoma	False	667	0	667	6.504288173536645
TCGA-XV-AAZV	skin cutaneous melanoma	False	159	0	159	5.075173815233827
TCGA-FR-A728	skin cutaneous melanoma	False	543	0	543	6.298949246855942
TCGA-EB-A3XD	skin cutaneous melanoma	True	522	2	520	6.255750041753367
TCGA-FR-A2OS	skin cutaneous melanoma	False	16	0	16	2.833213344056216
TCGA-EB-A5UM	skin cutaneous melanoma	False	757	0	757	6.630683385642372
TCGA-BF-A1PU	skin cutaneous melanoma	False	112	0	112	4.727387818712341
TCGA-EB-A4IQ	skin cutaneous melanoma	False	22	0	22	3.1354942159291497
TCGA-EB-A4OZ	skin cutaneous melanoma	False	16	0	16	2.833213344056216
TCGA-BF-A3DJ	skin cutaneous melanoma	False	199	0	199	5.298317366548036
TCGA-AG-4007	rectum adenocarcinoma	False	0	0	0	0.0
TCGA-AG-A014	rectum adenocarcinoma	False	0	0	0	0.0
TCGA-AG-A011	rectum adenocarcinoma	False	0	0	0	0.0
TCGA-AF-4110	rectum adenocarcinoma	False	130	0	130	4.875197323201151
TCGA-AG-3594	rectum adenocarcinoma	False	0	0	0	0.0
TCGA-AG-A02X	rectum adenocarcinoma	False	0	0	0	0.0
TCGA-AF-2693	rectum adenocarcinoma	False	136	0	136	4.919980925828125
TCGA-AG-3582	rectum adenocarcinoma	False	0	0	0	0.0
TCGA-AG-A00H	rectum adenocarcinoma	False	0	0	0	0.0
TCGA-DY-A1DG	rectum adenocarcinoma	False	238	0	238	5.476463551931511
TCGA-AG-3893	rectum adenocarcinoma	False	0	0	0	0.0
TCGA-CI-6622	rectum adenocarcinoma	False	154	0	154	5.043425116919247
TCGA-G5-6233	rectum adenocarcinoma	False	218	0	218	5.389071729816501
TCGA-AG-3728	rectum adenocarcinoma	False	0	0	0	0.0
TCGA-AH-6644	rectum adenocarcinoma	False	163	0	163	5.099866427824199
TCGA-BM-6198	rectum adenocarcinoma	False	184	0	184	5.220355825078324
TCGA-AG-3611	rectum adenocarcinoma	False	0	0	0	0.0
TCGA-EF-5831	rectum adenocarcinoma	False	0	0	0	0.0
TCGA-G5-6235	rectum adenocarcinoma	False	168	0	168	5.1298987149230735
TCGA-AG-A036	rectum adenocarcinoma	False	0	0	0	0.0
TCGA-EI-6884	rectum adenocarcinoma	True	154	1	153	5.0369526024136295
TCGA-F5-6702	rectum adenocarcinoma	False	97	0	97	4.584967478670572
TCGA-AG-3599	rectum adenocarcinoma	False	0	0	0	0.0
TCGA-DC-6158	rectum adenocarcinoma	False	142	0	142	4.962844630259907
TCGA-F5-6813	rectum adenocarcinoma	False	177	0	177	5.181783550292085
TCGA-AG-3598	rectum adenocarcinoma	False	0	0	0	0.0
TCGA-AG-3883	rectum adenocarcinoma	False	0	0	0	0.0
TCGA-DC-5337	rectum adenocarcinoma	False	145	0	145	4.983606621708336
TCGA-AG-3592	rectum adenocarcinoma	False	370	0	370	5.916202062607435
TCGA-AG-3601	rectum adenocarcinoma	False	0	0	0	0.0
TCGA-AG-3887	rectum adenocarcinoma	False	0	0	0	0.0
TCGA-AG-A00Y	rectum adenocarcinoma	False	0	0	0	0.0
TCGA-AG-A032	rectum adenocarcinoma	False	0	0	0	0.0
TCGA-DC-6160	rectum adenocarcinoma	False	114	0	114	4.74493212836325
TCGA-AG-3580	rectum adenocarcinoma	False	0	0	0	0.0
TCGA-AG-A02N	rectum adenocarcinoma	False	0	0	0	0.0
TCGA-F5-6812	rectum adenocarcinoma	False	118	0	118	4.77912349311153
TCGA-G5-6641	rectum adenocarcinoma	False	134	0	134	4.90527477843843
TCGA-AF-6655	rectum adenocarcinoma	False	97	0	97	4.584967478670572
TCGA-AG-3583	rectum adenocarcinoma	False	0	0	0	0.0
TCGA-AG-A026	rectum adenocarcinoma	False	0	0	0	0.0
TCGA-AG-A02G	rectum adenocarcinoma	False	0	0	0	0.0
TCGA-AH-6549	rectum adenocarcinoma	False	130	0	130	4.875197323201151
TCGA-AG-3587	rectum adenocarcinoma	False	0	0	0	0.0
TCGA-AG-3731	rectum adenocarcinoma	False	200	0	200	5.303304908059076
TCGA-AG-3894	rectum adenocarcinoma	False	0	0	0	0.0
TCGA-AG-3878	rectum adenocarcinoma	False	0	0	0	0.0
TCGA-AG-4005	rectum adenocarcinoma	False	0	0	0	0.0
TCGA-AG-3581	rectum adenocarcinoma	False	0	0	0	0.0
TCGA-AG-4008	rectum adenocarcinoma	False	0	0	0	0.0
TCGA-CI-6621	rectum adenocarcinoma	False	163	0	163	5.099866427824199
TCGA-EI-6883	rectum adenocarcinoma	False	125	0	125	4.836281906951478
TCGA-AG-3600	rectum adenocarcinoma	False	0	0	0	0.0
TCGA-AG-3890	rectum adenocarcinoma	False	0	0	0	0.0
TCGA-DC-6156	rectum adenocarcinoma	False	0	0	0	0.0
TCGA-AG-3898	rectum adenocarcinoma	False	0	0	0	0.0
TCGA-AG-3902	rectum adenocarcinoma	False	0	0	0	0.0
TCGA-AF-3913	rectum adenocarcinoma	False	0	0	0	0.0
TCGA-AG-3584	rectum adenocarcinoma	False	0	0	0	0.0
TCGA-AH-6544	rectum adenocarcinoma	False	195	0	195	5.278114659230517
TCGA-EI-6507	rectum adenocarcinoma	True	1411	1	1410	7.252053951852814
TCGA-EI-6881	rectum adenocarcinoma	False	147	0	147	4.997212273764115
TCGA-EI-6513	rectum adenocarcinoma	False	202	0	202	5.313205979041787
TCGA-EI-6882	rectum adenocarcinoma	True	1835	4	1831	7.513163545234075
TCGA-AG-A01L	rectum adenocarcinoma	False	0	0	0	0.0
TCGA-EI-7002	rectum adenocarcinoma	False	224	0	224	5.41610040220442
TCGA-AF-2687	rectum adenocarcinoma	False	139	0	139	4.941642422609304
TCGA-DC-4749	rectum adenocarcinoma	False	105	0	105	4.663439094112067
TCGA-DC-6682	rectum adenocarcinoma	False	194	0	194	5.272999558563747
TCGA-F5-6814	rectum adenocarcinoma	True	12926	3	12923	9.466841326944389
TCGA-AF-A56K	rectum adenocarcinoma	False	132	0	132	4.890349128221754
TCGA-G5-6572	rectum adenocarcinoma	False	106	0	106	4.672828834461906
TCGA-AG-A016	rectum adenocarcinoma	False	0	0	0	0.0
TCGA-AF-3400	rectum adenocarcinoma	False	0	0	0	0.0
TCGA-EF-5830	rectum adenocarcinoma	False	96	0	96	4.574710978503383
TCGA-EI-6509	rectum adenocarcinoma	False	79	0	79	4.382026634673881
TCGA-EI-6511	rectum adenocarcinoma	False	110	0	110	4.709530201312334
TCGA-AG-3575	rectum adenocarcinoma	False	0	0	0	0.0
TCGA-DT-5265	rectum adenocarcinoma	False	122	0	122	4.812184355372417
TCGA-AH-6643	rectum adenocarcinoma	True	157	1	156	5.056245805348308
TCGA-AF-3911	rectum adenocarcinoma	False	127	0	127	4.852030263919617
TCGA-AH-6897	rectum adenocarcinoma	False	149	0	149	5.0106352940962555
TCGA-DC-6157	rectum adenocarcinoma	True	133	1	132	4.890349128221754
TCGA-AH-6903	rectum adenocarcinoma	False	104	0	104	4.653960350157523
TCGA-CI-6623	rectum adenocarcinoma	False	109	0	109	4.700480365792417
TCGA-AF-6672	rectum adenocarcinoma	False	118	0	118	4.77912349311153
TCGA-DC-6683	rectum adenocarcinoma	False	97	0	97	4.584967478670572
TCGA-CI-6619	rectum adenocarcinoma	False	111	0	111	4.718498871295094
TCGA-AG-A002	rectum adenocarcinoma	False	0	0	0	0.0
TCGA-EI-6917	rectum adenocarcinoma	True	7240	8	7232	8.886409166849282
TCGA-AG-3725	rectum adenocarcinoma	False	127	0	127	4.852030263919617
TCGA-CL-5918	rectum adenocarcinoma	False	187	0	187	5.236441962829949
TCGA-AG-3574	rectum adenocarcinoma	False	0	0	0	0.0
TCGA-AG-3605	rectum adenocarcinoma	False	0	0	0	0.0
TCGA-AG-3742	rectum adenocarcinoma	False	196	0	196	5.2832037287379885
TCGA-AG-3896	rectum adenocarcinoma	False	0	0	0	0.0
TCGA-AG-4015	rectum adenocarcinoma	False	0	0	0	0.0
TCGA-AG-4021	rectum adenocarcinoma	False	198	0	198	5.293304824724492
TCGA-AG-3881	rectum adenocarcinoma	False	0	0	0	0.0
TCGA-AG-3608	rectum adenocarcinoma	False	0	0	0	0.0
TCGA-AH-6547	rectum adenocarcinoma	False	13	0	13	2.6390573296152584
TCGA-CL-4957	rectum adenocarcinoma	False	132	0	132	4.890349128221754
TCGA-AG-3727	rectum adenocarcinoma	False	0	0	0	0.0
TCGA-AG-3732	rectum adenocarcinoma	False	114	0	114	4.74493212836325
TCGA-EI-6506	rectum adenocarcinoma	False	180	0	180	5.198497031265826
TCGA-DY-A1DD	rectum adenocarcinoma	False	180	0	180	5.198497031265826
TCGA-DY-A1H8	rectum adenocarcinoma	False	128	0	128	4.859812404361672
TCGA-EI-6510	rectum adenocarcinoma	False	159	0	159	5.075173815233827
TCGA-F5-6464	rectum adenocarcinoma	False	129	0	129	4.867534450455582
TCGA-AF-2690	rectum adenocarcinoma	False	105	0	105	4.663439094112067
TCGA-AG-3578	rectum adenocarcinoma	False	0	0	0	0.0
TCGA-AG-4001	rectum adenocarcinoma	False	0	0	0	0.0
TCGA-F5-6864	rectum adenocarcinoma	False	194	0	194	5.272999558563747
TCGA-AF-5654	rectum adenocarcinoma	False	180	0	180	5.198497031265826
TCGA-DY-A1DF	rectum adenocarcinoma	True	184	1	183	5.214935757608986
TCGA-AF-6136	rectum adenocarcinoma	True	170	1	169	5.135798437050262
TCGA-AG-3586	rectum adenocarcinoma	False	0	0	0	0.0
TCGA-AG-3593	rectum adenocarcinoma	False	0	0	0	0.0
TCGA-DY-A1DC	rectum adenocarcinoma	False	191	0	191	5.2574953720277815
TCGA-F5-6811	rectum adenocarcinoma	False	129	0	129	4.867534450455582
TCGA-AG-3885	rectum adenocarcinoma	False	0	0	0	0.0
TCGA-CL-5917	rectum adenocarcinoma	False	109	0	109	4.700480365792417
TCGA-F5-6863	rectum adenocarcinoma	False	100	0	100	4.61512051684126
TCGA-DC-6681	rectum adenocarcinoma	False	104	0	104	4.653960350157523
TCGA-AG-3909	rectum adenocarcinoma	False	0	0	0	0.0
TCGA-AG-A01N	rectum adenocarcinoma	False	0	0	0	0.0
TCGA-AG-3901	rectum adenocarcinoma	False	0	0	0	0.0
TCGA-AG-A01W	rectum adenocarcinoma	False	0	0	0	0.0
TCGA-AG-3591	rectum adenocarcinoma	False	114	0	114	4.74493212836325
TCGA-AG-3602	rectum adenocarcinoma	False	0	0	0	0.0
TCGA-AG-3882	rectum adenocarcinoma	False	0	0	0	0.0
TCGA-AG-3609	rectum adenocarcinoma	False	0	0	0	0.0
TCGA-AG-A015	rectum adenocarcinoma	False	0	0	0	0.0
TCGA-EI-6512	rectum adenocarcinoma	False	181	0	181	5.204006687076795
TCGA-F5-6465	rectum adenocarcinoma	False	135	0	135	4.912654885736052
TCGA-AG-3726	rectum adenocarcinoma	False	0	0	0	0.0
TCGA-AG-A023	rectum adenocarcinoma	False	0	0	0	0.0
TCGA-AG-A025	rectum adenocarcinoma	False	0	0	0	0.0
TCGA-DC-5869	rectum adenocarcinoma	False	115	0	115	4.7535901911063645
TCGA-F5-6571	rectum adenocarcinoma	False	111	0	111	4.718498871295094
TCGA-AG-3999	rectum adenocarcinoma	False	0	0	0	0.0
TCGA-F5-6861	rectum adenocarcinoma	False	129	0	129	4.867534450455582
TCGA-AG-4022	rectum adenocarcinoma	False	122	0	122	4.812184355372417
TCGA-AG-A01J	rectum adenocarcinoma	False	0	0	0	0.0
TCGA-EI-6514	rectum adenocarcinoma	False	154	0	154	5.043425116919247
TCGA-AG-3892	rectum adenocarcinoma	False	0	0	0	0.0
TCGA-AG-A020	rectum adenocarcinoma	False	0	0	0	0.0
TCGA-DC-6154	rectum adenocarcinoma	False	130	0	130	4.875197323201151
TCGA-DY-A0XA	rectum adenocarcinoma	False	178	0	178	5.187385805840755
TCGA-EI-6885	rectum adenocarcinoma	False	140	0	140	4.948759890378168
TCGA-DY-A1DE	rectum adenocarcinoma	False	0	0	0	0.0
TCGA-AG-3612	rectum adenocarcinoma	False	0	0	0	0.0
TCGA-AF-2692	rectum adenocarcinoma	False	0	0	0	0.0
TCGA-CI-6624	rectum adenocarcinoma	False	373	0	373	5.924255797414532
TCGA-AG-A008	rectum adenocarcinoma	False	0	0	0	0.0
TCGA-AG-A00C	rectum adenocarcinoma	False	0	0	0	0.0
TCGA-AG-A01Y	rectum adenocarcinoma	False	0	0	0	0.0
TCGA-DC-4745	rectum adenocarcinoma	False	97	0	97	4.584967478670572
TCGA-AF-2691	rectum adenocarcinoma	False	0	0	0	0.0
TCGA-AF-A56L	rectum adenocarcinoma	False	184	0	184	5.220355825078324
TCGA-EI-6508	rectum adenocarcinoma	False	147	0	147	4.997212273764115
TCGA-AF-A56N	rectum adenocarcinoma	False	218	0	218	5.389071729816501
TCGA-AF-2689	rectum adenocarcinoma	False	0	0	0	0.0
TCGA-CI-6620	rectum adenocarcinoma	False	96	0	96	4.574710978503383
TCGA-EI-7004	rectum adenocarcinoma	False	139	0	139	4.941642422609304
TCGA-DC-6155	rectum adenocarcinoma	False	82	0	82	4.418840607796598
TCGA-F5-6810	rectum adenocarcinoma	False	169	0	169	5.135798437050262
TCGA-XK-AAIW	prostate adenocarcinoma	True	9491	12	9479	9.156939595249067
TCGA-FC-A6HD	prostate adenocarcinoma	False	42	0	42	3.7612001156935624
TCGA-J4-A67Q	prostate adenocarcinoma	False	26	0	26	3.295836866004329
TCGA-VP-A87H	prostate adenocarcinoma	False	36	0	36	3.6109179126442243
TCGA-KC-A4BR	prostate adenocarcinoma	False	9	0	9	2.302585092994046
TCGA-XK-AAIR	prostate adenocarcinoma	False	35	0	35	3.58351893845611
TCGA-XK-AAJT	prostate adenocarcinoma	False	35	0	35	3.58351893845611
TCGA-FC-A66V	prostate adenocarcinoma	False	2	0	2	1.0986122886681098
TCGA-HC-7210	prostate adenocarcinoma	False	44	0	44	3.8066624897703196
TCGA-YL-A8SL	prostate adenocarcinoma	False	51	0	51	3.9512437185814275
TCGA-CH-5737	prostate adenocarcinoma	False	70	0	70	4.2626798770413155
TCGA-HC-7233	prostate adenocarcinoma	False	43	0	43	3.784189633918261
TCGA-HC-A76W	prostate adenocarcinoma	False	48	0	48	3.8918202981106265
TCGA-TK-A8OK	prostate adenocarcinoma	False	52	0	52	3.970291913552122
TCGA-ZG-A9KY	prostate adenocarcinoma	True	79	1	78	4.3694478524670215
TCGA-ZG-A9N3	prostate adenocarcinoma	True	75	1	74	4.31748811353631
TCGA-ZG-A9NI	prostate adenocarcinoma	False	103	0	103	4.6443908991413725
TCGA-CH-5738	prostate adenocarcinoma	False	25	0	25	3.258096538021482
TCGA-CH-5750	prostate adenocarcinoma	False	54	0	54	4.007333185232471
TCGA-CH-5768	prostate adenocarcinoma	False	60	0	60	4.110873864173311
TCGA-CH-5791	prostate adenocarcinoma	False	50	0	50	3.9318256327243257
TCGA-G9-6364	prostate adenocarcinoma	False	31	0	31	3.4657359027997265
TCGA-HC-7820	prostate adenocarcinoma	False	38	0	38	3.6635616461296463
TCGA-KK-A5A1	prostate adenocarcinoma	False	128	0	128	4.859812404361672
TCGA-Y6-A9XI	prostate adenocarcinoma	False	55	0	55	4.02535169073515
TCGA-ZG-A8QW	prostate adenocarcinoma	False	46	0	46	3.8501476017100584
TCGA-ZG-A9LB	prostate adenocarcinoma	False	66	0	66	4.204692619390966
TCGA-ZG-A9LM	prostate adenocarcinoma	False	40	0	40	3.713572066704308
TCGA-EJ-7218	prostate adenocarcinoma	False	35	0	35	3.58351893845611
TCGA-EJ-7317	prostate adenocarcinoma	False	46	0	46	3.8501476017100584
TCGA-EJ-7782	prostate adenocarcinoma	True	522	1	521	6.257667587882639
TCGA-EJ-A46G	prostate adenocarcinoma	False	69	0	69	4.248495242049359
TCGA-G9-6365	prostate adenocarcinoma	False	31	0	31	3.4657359027997265
TCGA-J4-AATV	prostate adenocarcinoma	False	6	0	6	1.9459101490553132
TCGA-J9-A52D	prostate adenocarcinoma	False	49	0	49	3.912023005428146
TCGA-VN-A943	prostate adenocarcinoma	False	33	0	33	3.5263605246161616
TCGA-ZG-A9L0	prostate adenocarcinoma	False	49	0	49	3.912023005428146
TCGA-2A-A8VX	prostate adenocarcinoma	False	37	0	37	3.6375861597263857
TCGA-CH-5753	prostate adenocarcinoma	False	58	0	58	4.07753744390572
TCGA-EJ-7328	prostate adenocarcinoma	False	40	0	40	3.713572066704308
TCGA-EJ-7783	prostate adenocarcinoma	False	47	0	47	3.871201010907891
TCGA-EJ-A6RA	prostate adenocarcinoma	False	15	0	15	2.772588722239781
TCGA-FC-A4JI	prostate adenocarcinoma	False	43	0	43	3.784189633918261
TCGA-HC-7749	prostate adenocarcinoma	False	59	0	59	4.0943445622221
TCGA-HC-8257	prostate adenocarcinoma	False	59	0	59	4.0943445622221
TCGA-HC-A6AS	prostate adenocarcinoma	False	30	0	30	3.4339872044851463
TCGA-KK-A8ID	prostate adenocarcinoma	False	74	0	74	4.31748811353631
TCGA-M7-A721	prostate adenocarcinoma	False	44	0	44	3.8066624897703196
TCGA-VP-A879	prostate adenocarcinoma	False	54	0	54	4.007333185232471
TCGA-VP-AA1N	prostate adenocarcinoma	False	42	0	42	3.7612001156935624
TCGA-WW-A8ZI	prostate adenocarcinoma	False	38	0	38	3.6635616461296463
TCGA-ZG-A9L2	prostate adenocarcinoma	False	31	0	31	3.4657359027997265
TCGA-2A-A8W3	prostate adenocarcinoma	False	52	0	52	3.970291913552122
TCGA-CH-5788	prostate adenocarcinoma	False	53	0	53	3.9889840465642745
TCGA-EJ-5527	prostate adenocarcinoma	False	44	0	44	3.8066624897703196
TCGA-EJ-8474	prostate adenocarcinoma	False	65	0	65	4.189654742026425
TCGA-HC-7078	prostate adenocarcinoma	False	40	0	40	3.713572066704308
TCGA-KK-A6E4	prostate adenocarcinoma	False	47	0	47	3.871201010907891
TCGA-KK-A6E6	prostate adenocarcinoma	True	56	3	53	3.9889840465642745
TCGA-KK-A8I8	prostate adenocarcinoma	False	29	0	29	3.4011973816621555
TCGA-KK-A8IA	prostate adenocarcinoma	False	42	0	42	3.7612001156935624
TCGA-YL-A8SA	prostate adenocarcinoma	False	37	0	37	3.6375861597263857
TCGA-YL-A8SH	prostate adenocarcinoma	False	39	0	39	3.6888794541139363
TCGA-YL-A8SI	prostate adenocarcinoma	False	26	0	26	3.295836866004329
TCGA-ZG-A9MC	prostate adenocarcinoma	False	34	0	34	3.5553480614894135
TCGA-CH-5745	prostate adenocarcinoma	False	34	0	34	3.5553480614894135
TCGA-CH-5751	prostate adenocarcinoma	False	42	0	42	3.7612001156935624
TCGA-EJ-5495	prostate adenocarcinoma	False	102	0	102	4.634728988229636
TCGA-EJ-7315	prostate adenocarcinoma	False	32	0	32	3.4965075614664802
TCGA-EJ-7330	prostate adenocarcinoma	False	51	0	51	3.9512437185814275
TCGA-FC-A8O0	prostate adenocarcinoma	False	18	0	18	2.9444389791664403
TCGA-G9-6348	prostate adenocarcinoma	False	51	0	51	3.9512437185814275
TCGA-G9-6373	prostate adenocarcinoma	False	31	0	31	3.4657359027997265
TCGA-G9-6379	prostate adenocarcinoma	False	34	0	34	3.5553480614894135
TCGA-H9-7775	prostate adenocarcinoma	False	42	0	42	3.7612001156935624
TCGA-HC-A632	prostate adenocarcinoma	False	44	0	44	3.8066624897703196
TCGA-HC-A8D1	prostate adenocarcinoma	False	30	0	30	3.4339872044851463
TCGA-J4-A67K	prostate adenocarcinoma	True	34	2	32	3.4965075614664802
TCGA-J4-A6G1	prostate adenocarcinoma	False	19	0	19	2.995732273553991
TCGA-J4-A83J	prostate adenocarcinoma	False	63	0	63	4.1588830833596715
TCGA-KK-A6E8	prostate adenocarcinoma	False	50	0	50	3.9318256327243257
TCGA-KK-A7B2	prostate adenocarcinoma	False	22	0	22	3.1354942159291497
TCGA-V1-A9ZI	prostate adenocarcinoma	False	38	0	38	3.6635616461296463
TCGA-V1-A9ZK	prostate adenocarcinoma	False	27	0	27	3.332204510175204
TCGA-V1-A9ZR	prostate adenocarcinoma	False	50	0	50	3.9318256327243257
TCGA-XA-A8JR	prostate adenocarcinoma	False	28	0	28	3.367295829986474
TCGA-YL-A8S8	prostate adenocarcinoma	False	52	0	52	3.970291913552122
TCGA-YL-A9WX	prostate adenocarcinoma	False	13	0	13	2.6390573296152584
TCGA-EJ-5506	prostate adenocarcinoma	False	13	0	13	2.6390573296152584
TCGA-EJ-5525	prostate adenocarcinoma	True	85	1	84	4.442651256490317
TCGA-EJ-7791	prostate adenocarcinoma	False	23	0	23	3.1780538303479458
TCGA-EJ-7794	prostate adenocarcinoma	False	17	0	17	2.8903717578961645
TCGA-EJ-A65E	prostate adenocarcinoma	False	48	0	48	3.8918202981106265
TCGA-G9-6329	prostate adenocarcinoma	False	33	0	33	3.5263605246161616
TCGA-HC-A631	prostate adenocarcinoma	False	52	0	52	3.970291913552122
TCGA-HC-A6AN	prostate adenocarcinoma	False	43	0	43	3.784189633918261
TCGA-KC-A7F3	prostate adenocarcinoma	False	37	0	37	3.6375861597263857
TCGA-KK-A7B0	prostate adenocarcinoma	False	40	0	40	3.713572066704308
TCGA-V1-A9OQ	prostate adenocarcinoma	False	58	0	58	4.07753744390572
TCGA-VP-A875	prostate adenocarcinoma	True	50	1	49	3.912023005428146
TCGA-VP-A87C	prostate adenocarcinoma	False	27	0	27	3.332204510175204
TCGA-XJ-A83F	prostate adenocarcinoma	False	37	0	37	3.6375861597263857
TCGA-XQ-A8TB	prostate adenocarcinoma	False	36	0	36	3.6109179126442243
TCGA-YJ-A8SW	prostate adenocarcinoma	False	77	0	77	4.356708826689592
TCGA-YL-A8HO	prostate adenocarcinoma	False	45	0	45	3.828641396489095
TCGA-YL-A8SK	prostate adenocarcinoma	False	45	0	45	3.828641396489095
TCGA-YL-A9WH	prostate adenocarcinoma	False	72	0	72	4.290459441148391
TCGA-ZG-A8QY	prostate adenocarcinoma	False	76	0	76	4.343805421853684
TCGA-ZG-A9LU	prostate adenocarcinoma	False	31	0	31	3.4657359027997265
TCGA-CH-5743	prostate adenocarcinoma	False	0	0	0	0.0
TCGA-CH-5752	prostate adenocarcinoma	False	60	0	60	4.110873864173311
TCGA-CH-5763	prostate adenocarcinoma	False	24	0	24	3.2188758248682006
TCGA-CH-5764	prostate adenocarcinoma	False	40	0	40	3.713572066704308
TCGA-CH-5767	prostate adenocarcinoma	False	45	0	45	3.828641396489095
TCGA-EJ-5514	prostate adenocarcinoma	False	44	0	44	3.8066624897703196
TCGA-EJ-5518	prostate adenocarcinoma	False	50	0	50	3.9318256327243257
TCGA-EJ-7789	prostate adenocarcinoma	False	38	0	38	3.6635616461296463
TCGA-EJ-A46B	prostate adenocarcinoma	False	2	0	2	1.0986122886681098
TCGA-EJ-A65D	prostate adenocarcinoma	False	49	0	49	3.912023005428146
TCGA-EJ-A8FS	prostate adenocarcinoma	False	41	0	41	3.7376696182833684
TCGA-G9-6333	prostate adenocarcinoma	False	38	0	38	3.6635616461296463
TCGA-G9-6385	prostate adenocarcinoma	False	15	0	15	2.772588722239781
TCGA-G9-6494	prostate adenocarcinoma	False	39	0	39	3.6888794541139363
TCGA-G9-6499	prostate adenocarcinoma	False	48	0	48	3.8918202981106265
TCGA-G9-7510	prostate adenocarcinoma	False	46	0	46	3.8501476017100584
TCGA-HC-7080	prostate adenocarcinoma	False	38	0	38	3.6635616461296463
TCGA-HC-7231	prostate adenocarcinoma	False	50	0	50	3.9318256327243257
TCGA-HC-7232	prostate adenocarcinoma	False	41	0	41	3.7376696182833684
TCGA-HC-7818	prostate adenocarcinoma	False	31	0	31	3.4657359027997265
TCGA-HC-8265	prostate adenocarcinoma	False	77	0	77	4.356708826689592
TCGA-J4-AATZ	prostate adenocarcinoma	False	47	0	47	3.871201010907891
TCGA-J9-A8CK	prostate adenocarcinoma	False	28	0	28	3.367295829986474
TCGA-J9-A8CL	prostate adenocarcinoma	False	69	0	69	4.248495242049359
TCGA-J9-A8CM	prostate adenocarcinoma	False	97	0	97	4.584967478670572
TCGA-J9-A8CP	prostate adenocarcinoma	True	38	1	37	3.6375861597263857
TCGA-KC-A4BV	prostate adenocarcinoma	False	40	0	40	3.713572066704308
TCGA-KK-A59Z	prostate adenocarcinoma	False	64	0	64	4.174387269895637
TCGA-QU-A6IP	prostate adenocarcinoma	False	20	0	20	3.044522437723423
TCGA-XK-AAJP	prostate adenocarcinoma	False	49	0	49	3.912023005428146
TCGA-YL-A8HM	prostate adenocarcinoma	True	52	1	51	3.9512437185814275
TCGA-YL-A8SC	prostate adenocarcinoma	False	51	0	51	3.9512437185814275
TCGA-ZG-A9L1	prostate adenocarcinoma	False	39	0	39	3.6888794541139363
TCGA-ZG-A9LZ	prostate adenocarcinoma	False	38	0	38	3.6635616461296463
TCGA-CH-5739	prostate adenocarcinoma	False	38	0	38	3.6635616461296463
TCGA-CH-5754	prostate adenocarcinoma	False	122	0	122	4.812184355372417
TCGA-CH-5794	prostate adenocarcinoma	False	41	0	41	3.7376696182833684
TCGA-EJ-5504	prostate adenocarcinoma	False	58	0	58	4.07753744390572
TCGA-EJ-5508	prostate adenocarcinoma	False	33	0	33	3.5263605246161616
TCGA-EJ-7115	prostate adenocarcinoma	False	55	0	55	4.02535169073515
TCGA-EJ-7781	prostate adenocarcinoma	False	73	0	73	4.30406509320417
TCGA-EJ-A65M	prostate adenocarcinoma	False	44	0	44	3.8066624897703196
TCGA-HC-7745	prostate adenocarcinoma	False	36	0	36	3.6109179126442243
TCGA-J4-A67R	prostate adenocarcinoma	False	21	0	21	3.091042453358316
TCGA-J9-A52E	prostate adenocarcinoma	False	33	0	33	3.5263605246161616
TCGA-KC-A4BL	prostate adenocarcinoma	False	25	0	25	3.258096538021482
TCGA-KK-A7B1	prostate adenocarcinoma	False	22	0	22	3.1354942159291497
TCGA-KK-A8IB	prostate adenocarcinoma	False	56	0	56	4.04305126783455
TCGA-KK-A8IL	prostate adenocarcinoma	False	49	0	49	3.912023005428146
TCGA-M7-A722	prostate adenocarcinoma	False	35	0	35	3.58351893845611
TCGA-V1-A8MF	prostate adenocarcinoma	False	35	0	35	3.58351893845611
TCGA-V1-A9OL	prostate adenocarcinoma	False	45	0	45	3.828641396489095
TCGA-X4-A8KQ	prostate adenocarcinoma	False	54	0	54	4.007333185232471
TCGA-XK-AAJU	prostate adenocarcinoma	False	0	0	0	0.0
TCGA-Y6-A8TL	prostate adenocarcinoma	False	34	0	34	3.5553480614894135
TCGA-ZG-A8QZ	prostate adenocarcinoma	False	35	0	35	3.58351893845611
TCGA-ZG-A9M4	prostate adenocarcinoma	False	43	0	43	3.784189633918261
TCGA-4L-AA1F	prostate adenocarcinoma	False	35	0	35	3.58351893845611
TCGA-CH-5744	prostate adenocarcinoma	False	37	0	37	3.6375861597263857
TCGA-CH-5748	prostate adenocarcinoma	False	51	0	51	3.9512437185814275
TCGA-CH-5790	prostate adenocarcinoma	False	30	0	30	3.4339872044851463
TCGA-EJ-5519	prostate adenocarcinoma	False	108	0	108	4.6913478822291435
TCGA-EJ-7331	prostate adenocarcinoma	False	33	0	33	3.5263605246161616
TCGA-EJ-A6RC	prostate adenocarcinoma	False	28	0	28	3.367295829986474
TCGA-EJ-A7NG	prostate adenocarcinoma	False	4	0	4	1.6094379124341003
TCGA-EJ-A7NM	prostate adenocarcinoma	False	66	0	66	4.204692619390966
TCGA-EJ-A8FU	prostate adenocarcinoma	False	12	0	12	2.5649493574615367
TCGA-G9-6363	prostate adenocarcinoma	False	50	0	50	3.9318256327243257
TCGA-G9-7525	prostate adenocarcinoma	False	43	0	43	3.784189633918261
TCGA-HC-7077	prostate adenocarcinoma	False	66	0	66	4.204692619390966
TCGA-HC-A6AL	prostate adenocarcinoma	False	63	0	63	4.1588830833596715
TCGA-HC-A9TE	prostate adenocarcinoma	False	64	0	64	4.174387269895637
TCGA-J4-A83M	prostate adenocarcinoma	False	41	0	41	3.7376696182833684
TCGA-KK-A59V	prostate adenocarcinoma	True	1093	1	1092	6.996681488176539
TCGA-KK-A7B4	prostate adenocarcinoma	False	46	0	46	3.8501476017100584
TCGA-KK-A8I4	prostate adenocarcinoma	False	33	0	33	3.5263605246161616
TCGA-M7-A724	prostate adenocarcinoma	False	35	0	35	3.58351893845611
TCGA-QU-A6IL	prostate adenocarcinoma	False	40	0	40	3.713572066704308
TCGA-TP-A8TT	prostate adenocarcinoma	False	34	0	34	3.5553480614894135
TCGA-V1-A8WL	prostate adenocarcinoma	False	32	0	32	3.4965075614664802
TCGA-V1-A9O5	prostate adenocarcinoma	False	47	0	47	3.871201010907891
TCGA-V1-A9ZG	prostate adenocarcinoma	False	33	0	33	3.5263605246161616
TCGA-YL-A8SO	prostate adenocarcinoma	False	48	0	48	3.8918202981106265
TCGA-YL-A8SR	prostate adenocarcinoma	False	31	0	31	3.4657359027997265
TCGA-ZG-A9L6	prostate adenocarcinoma	False	44	0	44	3.8066624897703196
TCGA-ZG-A9LS	prostate adenocarcinoma	False	28	0	28	3.367295829986474
TCGA-CH-5771	prostate adenocarcinoma	False	34	0	34	3.5553480614894135
TCGA-CH-5772	prostate adenocarcinoma	False	74	0	74	4.31748811353631
TCGA-EJ-5509	prostate adenocarcinoma	False	30	0	30	3.4339872044851463
TCGA-EJ-5521	prostate adenocarcinoma	True	66	1	65	4.189654742026425
TCGA-EJ-7325	prostate adenocarcinoma	False	29	0	29	3.4011973816621555
TCGA-EJ-7784	prostate adenocarcinoma	True	48	1	47	3.871201010907891
TCGA-EJ-8468	prostate adenocarcinoma	False	33	0	33	3.5263605246161616
TCGA-EJ-8472	prostate adenocarcinoma	False	56	0	56	4.04305126783455
TCGA-H9-A6BY	prostate adenocarcinoma	False	33	0	33	3.5263605246161616
TCGA-HC-7075	prostate adenocarcinoma	False	33	0	33	3.5263605246161616
TCGA-HC-A8CY	prostate adenocarcinoma	False	41	0	41	3.7376696182833684
TCGA-J4-A67S	prostate adenocarcinoma	False	21	0	21	3.091042453358316
TCGA-J4-A67T	prostate adenocarcinoma	False	26	0	26	3.295836866004329
TCGA-J4-A83I	prostate adenocarcinoma	False	37	0	37	3.6375861597263857
TCGA-KC-A7F6	prostate adenocarcinoma	False	29	0	29	3.4011973816621555
TCGA-KC-A7FA	prostate adenocarcinoma	False	50	0	50	3.9318256327243257
TCGA-KK-A6E5	prostate adenocarcinoma	False	25	0	25	3.258096538021482
TCGA-KK-A7AU	prostate adenocarcinoma	False	25	0	25	3.258096538021482
TCGA-V1-A8ML	prostate adenocarcinoma	False	15	0	15	2.772588722239781
TCGA-V1-A9OH	prostate adenocarcinoma	True	68	1	67	4.219507705176107
TCGA-V1-A9Z9	prostate adenocarcinoma	False	37	0	37	3.6375861597263857
TCGA-VP-A87B	prostate adenocarcinoma	False	42	0	42	3.7612001156935624
TCGA-VP-A87K	prostate adenocarcinoma	False	37	0	37	3.6375861597263857
TCGA-XJ-A9DK	prostate adenocarcinoma	False	5	0	5	1.791759469228055
TCGA-XK-AAIV	prostate adenocarcinoma	False	57	0	57	4.060443010546419
TCGA-YL-A8S9	prostate adenocarcinoma	False	42	0	42	3.7612001156935624
TCGA-YL-A9WI	prostate adenocarcinoma	True	52	1	51	3.9512437185814275
TCGA-YL-A9WK	prostate adenocarcinoma	False	36	0	36	3.6109179126442243
TCGA-EJ-5531	prostate adenocarcinoma	False	39	0	39	3.6888794541139363
TCGA-EJ-7314	prostate adenocarcinoma	False	47	0	47	3.871201010907891
TCGA-EJ-7786	prostate adenocarcinoma	False	39	0	39	3.6888794541139363
TCGA-EJ-A65J	prostate adenocarcinoma	False	48	0	48	3.8918202981106265
TCGA-FC-7961	prostate adenocarcinoma	False	65	0	65	4.189654742026425
TCGA-G9-6343	prostate adenocarcinoma	False	36	0	36	3.6109179126442243
TCGA-G9-A9S4	prostate adenocarcinoma	False	45	0	45	3.828641396489095
TCGA-HC-7081	prostate adenocarcinoma	False	34	0	34	3.5553480614894135
TCGA-HC-7211	prostate adenocarcinoma	False	28	0	28	3.367295829986474
TCGA-HC-A76X	prostate adenocarcinoma	False	36	0	36	3.6109179126442243
TCGA-HI-7168	prostate adenocarcinoma	False	65	0	65	4.189654742026425
TCGA-J9-A52B	prostate adenocarcinoma	False	44	0	44	3.8066624897703196
TCGA-KC-A7FD	prostate adenocarcinoma	False	56	0	56	4.04305126783455
TCGA-KC-A7FE	prostate adenocarcinoma	False	9	0	9	2.302585092994046
TCGA-KK-A7AQ	prostate adenocarcinoma	False	38	0	38	3.6635616461296463
TCGA-KK-A7B3	prostate adenocarcinoma	False	42	0	42	3.7612001156935624
TCGA-M7-A71Z	prostate adenocarcinoma	False	34	0	34	3.5553480614894135
TCGA-TP-A8TV	prostate adenocarcinoma	False	50	0	50	3.9318256327243257
TCGA-VN-A88N	prostate adenocarcinoma	False	27	0	27	3.332204510175204
TCGA-XJ-A9DI	prostate adenocarcinoma	False	24	0	24	3.2188758248682006
TCGA-XK-AAJA	prostate adenocarcinoma	False	59	0	59	4.0943445622221
TCGA-XK-AAK1	prostate adenocarcinoma	False	48	0	48	3.8918202981106265
TCGA-YL-A8SB	prostate adenocarcinoma	False	35	0	35	3.58351893845611
TCGA-YL-A8SF	prostate adenocarcinoma	False	20	0	20	3.044522437723423
TCGA-CH-5761	prostate adenocarcinoma	False	67	0	67	4.219507705176107
TCGA-CH-5789	prostate adenocarcinoma	False	9	0	9	2.302585092994046
TCGA-EJ-5499	prostate adenocarcinoma	False	48	0	48	3.8918202981106265
TCGA-EJ-5530	prostate adenocarcinoma	False	66	0	66	4.204692619390966
TCGA-EJ-7327	prostate adenocarcinoma	False	32	0	32	3.4965075614664802
TCGA-EJ-A7NN	prostate adenocarcinoma	False	46	0	46	3.8501476017100584
TCGA-EJ-AB20	prostate adenocarcinoma	False	16	0	16	2.833213344056216
TCGA-G9-6338	prostate adenocarcinoma	False	36	0	36	3.6109179126442243
TCGA-G9-6342	prostate adenocarcinoma	False	26	0	26	3.295836866004329
TCGA-G9-6361	prostate adenocarcinoma	False	41	0	41	3.7376696182833684
TCGA-G9-6366	prostate adenocarcinoma	False	38	0	38	3.6635616461296463
TCGA-G9-6377	prostate adenocarcinoma	False	34	0	34	3.5553480614894135
TCGA-G9-6496	prostate adenocarcinoma	False	49	0	49	3.912023005428146
TCGA-HC-7752	prostate adenocarcinoma	False	41	0	41	3.7376696182833684
TCGA-HC-A6AP	prostate adenocarcinoma	False	33	0	33	3.5263605246161616
TCGA-HC-A8D0	prostate adenocarcinoma	True	37	1	36	3.6109179126442243
TCGA-J4-A67N	prostate adenocarcinoma	False	32	0	32	3.4965075614664802
TCGA-J4-A83L	prostate adenocarcinoma	False	25	0	25	3.258096538021482
TCGA-KK-A8I9	prostate adenocarcinoma	False	51	0	51	3.9512437185814275
TCGA-KK-A8II	prostate adenocarcinoma	False	46	0	46	3.8501476017100584
TCGA-QU-A6IN	prostate adenocarcinoma	False	34	0	34	3.5553480614894135
TCGA-V1-A9OA	prostate adenocarcinoma	False	22	0	22	3.1354942159291497
TCGA-V1-A9OT	prostate adenocarcinoma	False	37	0	37	3.6375861597263857
TCGA-X4-A8KS	prostate adenocarcinoma	False	29	0	29	3.4011973816621555
TCGA-XK-AAJR	prostate adenocarcinoma	False	38	0	38	3.6635616461296463
TCGA-YL-A8SQ	prostate adenocarcinoma	False	47	0	47	3.871201010907891
TCGA-ZG-A9L4	prostate adenocarcinoma	False	31	0	31	3.4657359027997265
TCGA-CH-5762	prostate adenocarcinoma	True	87	1	86	4.465908118654584
TCGA-EJ-5515	prostate adenocarcinoma	False	16	0	16	2.833213344056216
TCGA-EJ-5542	prostate adenocarcinoma	False	38	0	38	3.6635616461296463
TCGA-EJ-A46H	prostate adenocarcinoma	False	3	0	3	1.3862943611198906
TCGA-G9-6356	prostate adenocarcinoma	False	29	0	29	3.4011973816621555
TCGA-G9-6367	prostate adenocarcinoma	False	3	0	3	1.3862943611198906
TCGA-H9-A6BX	prostate adenocarcinoma	False	7	0	7	2.0794415416798357
TCGA-HC-7209	prostate adenocarcinoma	False	27	0	27	3.332204510175204
TCGA-HC-7748	prostate adenocarcinoma	False	32	0	32	3.4965075614664802
TCGA-HC-8264	prostate adenocarcinoma	False	51	0	51	3.9512437185814275
TCGA-HC-A6AQ	prostate adenocarcinoma	False	32	0	32	3.4965075614664802
TCGA-KK-A7AY	prostate adenocarcinoma	False	53	0	53	3.9889840465642745
TCGA-SU-A7E7	prostate adenocarcinoma	False	29	0	29	3.4011973816621555
TCGA-V1-A8MM	prostate adenocarcinoma	False	27	0	27	3.332204510175204
TCGA-V1-A9O7	prostate adenocarcinoma	False	38	0	38	3.6635616461296463
TCGA-VN-A88P	prostate adenocarcinoma	False	52	0	52	3.970291913552122
TCGA-VN-A88Q	prostate adenocarcinoma	False	47	0	47	3.871201010907891
TCGA-VP-A872	prostate adenocarcinoma	False	32	0	32	3.4965075614664802
TCGA-YL-A8SJ	prostate adenocarcinoma	False	36	0	36	3.6109179126442243
TCGA-ZG-A9L9	prostate adenocarcinoma	False	49	0	49	3.912023005428146
TCGA-ZG-A9LY	prostate adenocarcinoma	False	44	0	44	3.8066624897703196
TCGA-EJ-5496	prostate adenocarcinoma	False	41	0	41	3.7376696182833684
TCGA-EJ-7123	prostate adenocarcinoma	False	49	0	49	3.912023005428146
TCGA-EJ-A65F	prostate adenocarcinoma	False	94	0	94	4.553876891600541
TCGA-EJ-A7NJ	prostate adenocarcinoma	False	9	0	9	2.302585092994046
TCGA-EJ-A8FP	prostate adenocarcinoma	False	9	0	9	2.302585092994046
TCGA-G9-6347	prostate adenocarcinoma	False	27	0	27	3.332204510175204
TCGA-HC-7736	prostate adenocarcinoma	False	25	0	25	3.258096538021482
TCGA-HC-7740	prostate adenocarcinoma	False	26	0	26	3.295836866004329
TCGA-J4-A67O	prostate adenocarcinoma	False	26	0	26	3.295836866004329
TCGA-J4-AAU2	prostate adenocarcinoma	False	33	0	33	3.5263605246161616
TCGA-KK-A6E0	prostate adenocarcinoma	False	36	0	36	3.6109179126442243
TCGA-KK-A8IJ	prostate adenocarcinoma	False	36	0	36	3.6109179126442243
TCGA-MG-AAMC	prostate adenocarcinoma	False	27	0	27	3.332204510175204
TCGA-QU-A6IM	prostate adenocarcinoma	False	80	0	80	4.394449154672439
TCGA-V1-A8WW	prostate adenocarcinoma	False	43	0	43	3.784189633918261
TCGA-V1-A9Z8	prostate adenocarcinoma	False	36	0	36	3.6109179126442243
TCGA-VN-A88I	prostate adenocarcinoma	False	17	0	17	2.8903717578961645
TCGA-VP-A87E	prostate adenocarcinoma	False	29	0	29	3.4011973816621555
TCGA-XQ-A8TA	prostate adenocarcinoma	True	142	1	141	4.955827057601261
TCGA-YL-A8HK	prostate adenocarcinoma	False	25	0	25	3.258096538021482
TCGA-YL-A9WL	prostate adenocarcinoma	False	35	0	35	3.58351893845611
TCGA-EJ-7312	prostate adenocarcinoma	False	34	0	34	3.5553480614894135
TCGA-EJ-8470	prostate adenocarcinoma	False	28	0	28	3.367295829986474
TCGA-EJ-A7NK	prostate adenocarcinoma	False	6	0	6	1.9459101490553132
TCGA-EJ-A8FN	prostate adenocarcinoma	False	46	0	46	3.8501476017100584
TCGA-G9-6339	prostate adenocarcinoma	False	53	0	53	3.9889840465642745
TCGA-G9-6353	prostate adenocarcinoma	False	6	0	6	1.9459101490553132
TCGA-G9-6371	prostate adenocarcinoma	False	39	0	39	3.6888794541139363
TCGA-G9-7519	prostate adenocarcinoma	False	40	0	40	3.713572066704308
TCGA-HC-7738	prostate adenocarcinoma	False	42	0	42	3.7612001156935624
TCGA-HC-7742	prostate adenocarcinoma	False	42	0	42	3.7612001156935624
TCGA-HC-8216	prostate adenocarcinoma	False	137	0	137	4.927253685157205
TCGA-HC-A9TH	prostate adenocarcinoma	False	62	0	62	4.143134726391533
TCGA-HI-7170	prostate adenocarcinoma	False	34	0	34	3.5553480614894135
TCGA-KK-A7AV	prostate adenocarcinoma	False	25	0	25	3.258096538021482
TCGA-KK-A8I6	prostate adenocarcinoma	False	37	0	37	3.6375861597263857
TCGA-V1-A8MJ	prostate adenocarcinoma	False	20	0	20	3.044522437723423
TCGA-VN-A88K	prostate adenocarcinoma	False	27	0	27	3.332204510175204
TCGA-VP-A878	prostate adenocarcinoma	False	37	0	37	3.6375861597263857
TCGA-YL-A8HJ	prostate adenocarcinoma	False	39	0	39	3.6888794541139363
TCGA-YL-A8HL	prostate adenocarcinoma	False	26	0	26	3.295836866004329
TCGA-YL-A8SP	prostate adenocarcinoma	False	32	0	32	3.4965075614664802
TCGA-ZG-A9L5	prostate adenocarcinoma	False	59	0	59	4.0943445622221
TCGA-2A-A8VO	prostate adenocarcinoma	False	40	0	40	3.713572066704308
TCGA-2A-AAYF	prostate adenocarcinoma	False	24	0	24	3.2188758248682006
TCGA-2A-AAYO	prostate adenocarcinoma	False	24	0	24	3.2188758248682006
TCGA-CH-5740	prostate adenocarcinoma	False	28	0	28	3.367295829986474
TCGA-CH-5746	prostate adenocarcinoma	False	13	0	13	2.6390573296152584
TCGA-CH-5792	prostate adenocarcinoma	False	48	0	48	3.8918202981106265
TCGA-EJ-5505	prostate adenocarcinoma	True	39	1	38	3.6635616461296463
TCGA-EJ-5524	prostate adenocarcinoma	False	49	0	49	3.912023005428146
TCGA-EJ-5532	prostate adenocarcinoma	False	35	0	35	3.58351893845611
TCGA-EJ-7321	prostate adenocarcinoma	False	41	0	41	3.7376696182833684
TCGA-EJ-A46E	prostate adenocarcinoma	False	4	0	4	1.6094379124341003
TCGA-EJ-A46F	prostate adenocarcinoma	False	45	0	45	3.828641396489095
TCGA-EJ-A46I	prostate adenocarcinoma	False	9	0	9	2.302585092994046
TCGA-EJ-A65G	prostate adenocarcinoma	False	22	0	22	3.1354942159291497
TCGA-G9-6336	prostate adenocarcinoma	False	22	0	22	3.1354942159291497
TCGA-G9-6362	prostate adenocarcinoma	False	50	0	50	3.9318256327243257
TCGA-HC-8262	prostate adenocarcinoma	False	45	0	45	3.828641396489095
TCGA-J4-A6G3	prostate adenocarcinoma	False	31	0	31	3.4657359027997265
TCGA-J4-A83N	prostate adenocarcinoma	False	25	0	25	3.258096538021482
TCGA-J9-A52C	prostate adenocarcinoma	False	740	0	740	6.608000625296087
TCGA-KK-A6E1	prostate adenocarcinoma	False	30	0	30	3.4339872044851463
TCGA-KK-A7AW	prostate adenocarcinoma	False	39	0	39	3.6888794541139363
TCGA-KK-A8IF	prostate adenocarcinoma	False	38	0	38	3.6635616461296463
TCGA-V1-A9OY	prostate adenocarcinoma	True	24	1	23	3.1780538303479458
TCGA-XJ-A83H	prostate adenocarcinoma	False	45	0	45	3.828641396489095
TCGA-YL-A9WY	prostate adenocarcinoma	False	41	0	41	3.7376696182833684
TCGA-ZG-A9LN	prostate adenocarcinoma	False	47	0	47	3.871201010907891
TCGA-2A-AAYU	prostate adenocarcinoma	False	30	0	30	3.4339872044851463
TCGA-CH-5741	prostate adenocarcinoma	False	34	0	34	3.5553480614894135
TCGA-EJ-5498	prostate adenocarcinoma	False	48	0	48	3.8918202981106265
TCGA-EJ-5526	prostate adenocarcinoma	True	37	1	36	3.6109179126442243
TCGA-EJ-A7NF	prostate adenocarcinoma	False	26	0	26	3.295836866004329
TCGA-EJ-A7NH	prostate adenocarcinoma	False	24	0	24	3.2188758248682006
TCGA-HC-7212	prostate adenocarcinoma	False	38	0	38	3.6635616461296463
TCGA-HC-8258	prostate adenocarcinoma	False	20	0	20	3.044522437723423
TCGA-HC-A4ZV	prostate adenocarcinoma	False	150	0	150	5.017279836814924
TCGA-HI-7171	prostate adenocarcinoma	False	44	0	44	3.8066624897703196
TCGA-KK-A59Y	prostate adenocarcinoma	False	31	0	31	3.4657359027997265
TCGA-KK-A6E3	prostate adenocarcinoma	False	48	0	48	3.8918202981106265
TCGA-KK-A7AZ	prostate adenocarcinoma	False	41	0	41	3.7376696182833684
TCGA-KK-A8IK	prostate adenocarcinoma	False	41	0	41	3.7376696182833684
TCGA-M7-A725	prostate adenocarcinoma	False	38	0	38	3.6635616461296463
TCGA-V1-A8MU	prostate adenocarcinoma	False	38	0	38	3.6635616461296463
TCGA-V1-A8WS	prostate adenocarcinoma	False	31	0	31	3.4657359027997265
TCGA-V1-A9O9	prostate adenocarcinoma	False	39	0	39	3.6888794541139363
TCGA-V1-A9OX	prostate adenocarcinoma	False	31	0	31	3.4657359027997265
TCGA-VP-A87J	prostate adenocarcinoma	False	42	0	42	3.7612001156935624
TCGA-XK-AAJ3	prostate adenocarcinoma	False	68	0	68	4.23410650459726
TCGA-ZG-A8QX	prostate adenocarcinoma	False	35	0	35	3.58351893845611
TCGA-CH-5765	prostate adenocarcinoma	False	43	0	43	3.784189633918261
TCGA-CH-5766	prostate adenocarcinoma	False	41	0	41	3.7376696182833684
TCGA-EJ-5501	prostate adenocarcinoma	False	26	0	26	3.295836866004329
TCGA-EJ-5511	prostate adenocarcinoma	False	57	0	57	4.060443010546419
TCGA-EJ-5517	prostate adenocarcinoma	False	34	0	34	3.5553480614894135
TCGA-EJ-A65B	prostate adenocarcinoma	False	39	0	39	3.6888794541139363
TCGA-G9-6332	prostate adenocarcinoma	False	32	0	32	3.4965075614664802
TCGA-G9-6354	prostate adenocarcinoma	False	35	0	35	3.58351893845611
TCGA-G9-6369	prostate adenocarcinoma	False	38	0	38	3.6635616461296463
TCGA-G9-A9S7	prostate adenocarcinoma	False	31	0	31	3.4657359027997265
TCGA-HC-7737	prostate adenocarcinoma	False	21	0	21	3.091042453358316
TCGA-HC-8266	prostate adenocarcinoma	False	31	0	31	3.4657359027997265
TCGA-HC-A6HX	prostate adenocarcinoma	False	27	0	27	3.332204510175204
TCGA-HI-7169	prostate adenocarcinoma	False	45	0	45	3.828641396489095
TCGA-J4-A67M	prostate adenocarcinoma	False	46	0	46	3.8501476017100584
TCGA-KC-A4BN	prostate adenocarcinoma	False	24	0	24	3.2188758248682006
TCGA-KC-A4BO	prostate adenocarcinoma	False	2	0	2	1.0986122886681098
TCGA-KK-A59X	prostate adenocarcinoma	False	61	0	61	4.127134385045092
TCGA-KK-A7AP	prostate adenocarcinoma	False	43	0	43	3.784189633918261
TCGA-KK-A8I5	prostate adenocarcinoma	False	48	0	48	3.8918202981106265
TCGA-KK-A8I7	prostate adenocarcinoma	False	24	0	24	3.2188758248682006
TCGA-KK-A8IG	prostate adenocarcinoma	False	45	0	45	3.828641396489095
TCGA-KK-A8IM	prostate adenocarcinoma	False	31	0	31	3.4657359027997265
TCGA-M7-A71Y	prostate adenocarcinoma	False	23	0	23	3.1780538303479458
TCGA-VN-A88M	prostate adenocarcinoma	False	26	0	26	3.295836866004329
TCGA-ZG-A9ND	prostate adenocarcinoma	False	32	0	32	3.4965075614664802
TCGA-2A-A8W1	prostate adenocarcinoma	False	29	0	29	3.4011973816621555
TCGA-EJ-5507	prostate adenocarcinoma	False	39	0	39	3.6888794541139363
TCGA-EJ-7785	prostate adenocarcinoma	False	23	0	23	3.1780538303479458
TCGA-G9-6378	prostate adenocarcinoma	False	39	0	39	3.6888794541139363
TCGA-HC-7821	prostate adenocarcinoma	False	36	0	36	3.6109179126442243
TCGA-J4-A67L	prostate adenocarcinoma	False	37	0	37	3.6375861597263857
TCGA-KC-A7F5	prostate adenocarcinoma	False	36	0	36	3.6109179126442243
TCGA-KK-A6E2	prostate adenocarcinoma	False	50	0	50	3.9318256327243257
TCGA-KK-A8IC	prostate adenocarcinoma	False	19	0	19	2.995732273553991
TCGA-M7-A723	prostate adenocarcinoma	False	6	0	6	1.9459101490553132
TCGA-V1-A9Z7	prostate adenocarcinoma	False	37	0	37	3.6375861597263857
TCGA-VN-A88L	prostate adenocarcinoma	False	29	0	29	3.4011973816621555
TCGA-VP-A87D	prostate adenocarcinoma	False	67	0	67	4.219507705176107
TCGA-EJ-7788	prostate adenocarcinoma	False	47	0	47	3.871201010907891
TCGA-EJ-7792	prostate adenocarcinoma	False	20	0	20	3.044522437723423
TCGA-EJ-7797	prostate adenocarcinoma	False	32	0	32	3.4965075614664802
TCGA-EJ-A46D	prostate adenocarcinoma	False	16	0	16	2.833213344056216
TCGA-FC-A5OB	prostate adenocarcinoma	False	37	0	37	3.6375861597263857
TCGA-G9-6384	prostate adenocarcinoma	False	28	0	28	3.367295829986474
TCGA-G9-6498	prostate adenocarcinoma	False	29	0	29	3.4011973816621555
TCGA-G9-A9S0	prostate adenocarcinoma	False	29	0	29	3.4011973816621555
TCGA-HC-7213	prostate adenocarcinoma	False	51	0	51	3.9512437185814275
TCGA-HC-7819	prostate adenocarcinoma	False	29	0	29	3.4011973816621555
TCGA-HC-8256	prostate adenocarcinoma	False	36	0	36	3.6109179126442243
TCGA-J4-A6M7	prostate adenocarcinoma	False	22	0	22	3.1354942159291497
TCGA-J9-A8CN	prostate adenocarcinoma	False	26	0	26	3.295836866004329
TCGA-M7-A720	prostate adenocarcinoma	False	10	0	10	2.3978952727983707
TCGA-QU-A6IO	prostate adenocarcinoma	False	47	0	47	3.871201010907891
TCGA-V1-A8MG	prostate adenocarcinoma	False	30	0	30	3.4339872044851463
TCGA-VN-A88R	prostate adenocarcinoma	False	29	0	29	3.4011973816621555
TCGA-2A-A8VV	prostate adenocarcinoma	False	31	0	31	3.4657359027997265
TCGA-FC-7708	prostate adenocarcinoma	False	39	0	39	3.6888794541139363
TCGA-G9-6370	prostate adenocarcinoma	False	1	0	1	0.6931471805599453
TCGA-G9-7521	prostate adenocarcinoma	False	33	0	33	3.5263605246161616
TCGA-HC-7747	prostate adenocarcinoma	False	41	0	41	3.7376696182833684
TCGA-HC-7817	prostate adenocarcinoma	False	27	0	27	3.332204510175204
TCGA-HC-A6AO	prostate adenocarcinoma	True	49	1	48	3.8918202981106265
TCGA-J4-A83K	prostate adenocarcinoma	False	33	0	33	3.5263605246161616
TCGA-V1-A8WV	prostate adenocarcinoma	False	52	0	52	3.970291913552122
TCGA-2A-A8VL	prostate adenocarcinoma	False	36	0	36	3.6109179126442243
TCGA-EJ-5522	prostate adenocarcinoma	False	33	0	33	3.5263605246161616
TCGA-EJ-7318	prostate adenocarcinoma	False	39	0	39	3.6888794541139363
TCGA-EJ-A8FO	prostate adenocarcinoma	False	20	0	20	3.044522437723423
TCGA-EJ-AB27	prostate adenocarcinoma	False	30	0	30	3.4339872044851463
TCGA-G9-6351	prostate adenocarcinoma	False	23	0	23	3.1780538303479458
TCGA-HC-7079	prostate adenocarcinoma	False	0	0	0	0.0
TCGA-HC-A6HY	prostate adenocarcinoma	False	29	0	29	3.4011973816621555
TCGA-V1-A8X3	prostate adenocarcinoma	False	33	0	33	3.5263605246161616
TCGA-XJ-A83G	prostate adenocarcinoma	False	32	0	32	3.4965075614664802
TCGA-XJ-A9DX	prostate adenocarcinoma	False	80	0	80	4.394449154672439
TCGA-EJ-5494	prostate adenocarcinoma	False	39	0	39	3.6888794541139363
TCGA-EJ-5502	prostate adenocarcinoma	False	13	0	13	2.6390573296152584
TCGA-EJ-5503	prostate adenocarcinoma	False	8	0	8	2.1972245773362196
TCGA-HC-7230	prostate adenocarcinoma	False	32	0	32	3.4965075614664802
TCGA-HC-7750	prostate adenocarcinoma	False	21	0	21	3.091042453358316
TCGA-HC-8259	prostate adenocarcinoma	False	61	0	61	4.127134385045092
TCGA-KK-A6DY	prostate adenocarcinoma	False	35	0	35	3.58351893845611
TCGA-KK-A8IH	prostate adenocarcinoma	False	30	0	30	3.4339872044851463
TCGA-EJ-5516	prostate adenocarcinoma	True	31	1	30	3.4339872044851463
TCGA-EJ-7793	prostate adenocarcinoma	False	13	0	13	2.6390573296152584
TCGA-G9-7522	prostate adenocarcinoma	False	10	0	10	2.3978952727983707
TCGA-J4-8198	prostate adenocarcinoma	False	34	0	34	3.5553480614894135
TCGA-V1-A9OF	prostate adenocarcinoma	False	17	0	17	2.8903717578961645
TCGA-VN-A88O	prostate adenocarcinoma	False	44	0	44	3.8066624897703196
TCGA-CH-5769	prostate adenocarcinoma	False	151	0	151	5.0238805208462765
TCGA-EJ-5510	prostate adenocarcinoma	False	27	0	27	3.332204510175204
TCGA-G9-7509	prostate adenocarcinoma	False	26	0	26	3.295836866004329
TCGA-HC-8213	prostate adenocarcinoma	False	21	0	21	3.091042453358316
TCGA-HC-8261	prostate adenocarcinoma	False	34	0	34	3.5553480614894135
TCGA-XJ-A9DQ	prostate adenocarcinoma	False	11	0	11	2.4849066497880004
TCGA-2A-A8VT	prostate adenocarcinoma	False	55	0	55	4.02535169073515
TCGA-EJ-5497	prostate adenocarcinoma	False	27	0	27	3.332204510175204
TCGA-HC-A48F	prostate adenocarcinoma	False	30	0	30	3.4339872044851463
TCGA-J4-8200	prostate adenocarcinoma	False	21	0	21	3.091042453358316
TCGA-V1-A8WN	prostate adenocarcinoma	False	20	0	20	3.044522437723423
TCGA-YL-A9WJ	prostate adenocarcinoma	False	27	0	27	3.332204510175204
TCGA-EJ-5512	prostate adenocarcinoma	False	20	0	20	3.044522437723423
TCGA-EJ-8469	prostate adenocarcinoma	False	34	0	34	3.5553480614894135
TCGA-HC-7744	prostate adenocarcinoma	False	36	0	36	3.6109179126442243
TCGA-KK-A6E7	prostate adenocarcinoma	False	36	0	36	3.6109179126442243
TCGA-VP-A876	prostate adenocarcinoma	False	28	0	28	3.367295829986474
TCGA-EJ-7125	prostate adenocarcinoma	False	27	0	27	3.332204510175204
TCGA-G9-7523	prostate adenocarcinoma	False	20	0	20	3.044522437723423
TCGA-HC-8260	prostate adenocarcinoma	False	13	0	13	2.6390573296152584
TCGA-V1-A8MK	prostate adenocarcinoma	False	10	0	10	2.3978952727983707
TCGA-W2-A7HE	pheochromocytoma & paraganglioma	False	5	0	5	1.791759469228055
TCGA-S7-A7WM	pheochromocytoma & paraganglioma	False	19	0	19	2.995732273553991
TCGA-S7-A7WT	pheochromocytoma & paraganglioma	False	22	0	22	3.1354942159291497
TCGA-QR-A700	pheochromocytoma & paraganglioma	False	46	0	46	3.8501476017100584
TCGA-W2-A7HC	pheochromocytoma & paraganglioma	False	22	0	22	3.1354942159291497
TCGA-RW-A8AZ	pheochromocytoma & paraganglioma	False	32	0	32	3.4965075614664802
TCGA-P8-A6RX	pheochromocytoma & paraganglioma	False	22	0	22	3.1354942159291497
TCGA-WB-A81I	pheochromocytoma & paraganglioma	False	14	0	14	2.70805020110221
TCGA-WB-A80M	pheochromocytoma & paraganglioma	False	11	0	11	2.4849066497880004
TCGA-RW-A686	pheochromocytoma & paraganglioma	False	11	0	11	2.4849066497880004
TCGA-QR-A70K	pheochromocytoma & paraganglioma	False	33	0	33	3.5263605246161616
TCGA-TT-A6YK	pheochromocytoma & paraganglioma	False	16	0	16	2.833213344056216
TCGA-S7-A7WL	pheochromocytoma & paraganglioma	False	18	0	18	2.9444389791664403
TCGA-W2-A7H7	pheochromocytoma & paraganglioma	False	15	0	15	2.772588722239781
TCGA-RW-A689	pheochromocytoma & paraganglioma	False	16	0	16	2.833213344056216
TCGA-WB-A81V	pheochromocytoma & paraganglioma	False	18	0	18	2.9444389791664403
TCGA-QT-A7U0	pheochromocytoma & paraganglioma	False	7	0	7	2.0794415416798357
TCGA-RW-A681	pheochromocytoma & paraganglioma	False	26	0	26	3.295836866004329
TCGA-P8-A6RY	pheochromocytoma & paraganglioma	False	9	0	9	2.302585092994046
TCGA-QR-A6H1	pheochromocytoma & paraganglioma	False	18	0	18	2.9444389791664403
TCGA-SR-A6MX	pheochromocytoma & paraganglioma	False	31	0	31	3.4657359027997265
TCGA-QR-A70G	pheochromocytoma & paraganglioma	True	20	1	19	2.995732273553991
TCGA-WB-A80N	pheochromocytoma & paraganglioma	False	14	0	14	2.70805020110221
TCGA-QR-A6H0	pheochromocytoma & paraganglioma	False	8	0	8	2.1972245773362196
TCGA-SQ-A6I4	pheochromocytoma & paraganglioma	False	6	0	6	1.9459101490553132
TCGA-S7-A7WX	pheochromocytoma & paraganglioma	False	9	0	9	2.302585092994046
TCGA-RW-A68G	pheochromocytoma & paraganglioma	False	4	0	4	1.6094379124341003
TCGA-WB-A80K	pheochromocytoma & paraganglioma	False	17	0	17	2.8903717578961645
TCGA-P8-A5KC	pheochromocytoma & paraganglioma	False	16	0	16	2.833213344056216
TCGA-SP-A6QF	pheochromocytoma & paraganglioma	False	19	0	19	2.995732273553991
TCGA-PR-A5PH	pheochromocytoma & paraganglioma	False	13	0	13	2.6390573296152584
TCGA-RW-A67X	pheochromocytoma & paraganglioma	False	15	0	15	2.772588722239781
TCGA-SP-A6QI	pheochromocytoma & paraganglioma	False	7	0	7	2.0794415416798357
TCGA-RM-A68T	pheochromocytoma & paraganglioma	False	13	0	13	2.6390573296152584
TCGA-SP-A6QC	pheochromocytoma & paraganglioma	False	13	0	13	2.6390573296152584
TCGA-WB-A81K	pheochromocytoma & paraganglioma	False	11	0	11	2.4849066497880004
TCGA-WB-A81T	pheochromocytoma & paraganglioma	False	22	0	22	3.1354942159291497
TCGA-RX-A8JQ	pheochromocytoma & paraganglioma	False	11	0	11	2.4849066497880004
TCGA-WB-A81Q	pheochromocytoma & paraganglioma	False	26	0	26	3.295836866004329
TCGA-QR-A6GO	pheochromocytoma & paraganglioma	False	13	0	13	2.6390573296152584
TCGA-QR-A70R	pheochromocytoma & paraganglioma	False	14	0	14	2.70805020110221
TCGA-QT-A5XM	pheochromocytoma & paraganglioma	False	10	0	10	2.3978952727983707
TCGA-RW-A68C	pheochromocytoma & paraganglioma	False	13	0	13	2.6390573296152584
TCGA-QR-A6H3	pheochromocytoma & paraganglioma	False	7	0	7	2.0794415416798357
TCGA-SR-A6MR	pheochromocytoma & paraganglioma	False	9	0	9	2.302585092994046
TCGA-WB-A81W	pheochromocytoma & paraganglioma	False	22	0	22	3.1354942159291497
TCGA-QR-A70W	pheochromocytoma & paraganglioma	False	6	0	6	1.9459101490553132
TCGA-QT-A69Q	pheochromocytoma & paraganglioma	False	13	0	13	2.6390573296152584
TCGA-S7-A7WN	pheochromocytoma & paraganglioma	False	8	0	8	2.1972245773362196
TCGA-WB-A81F	pheochromocytoma & paraganglioma	False	6	0	6	1.9459101490553132
TCGA-WB-A81J	pheochromocytoma & paraganglioma	False	11	0	11	2.4849066497880004
TCGA-WB-A820	pheochromocytoma & paraganglioma	False	17	0	17	2.8903717578961645
TCGA-SQ-A6I6	pheochromocytoma & paraganglioma	False	18	0	18	2.9444389791664403
TCGA-QR-A70M	pheochromocytoma & paraganglioma	False	11	0	11	2.4849066497880004
TCGA-WB-A818	pheochromocytoma & paraganglioma	False	10	0	10	2.3978952727983707
TCGA-QR-A70H	pheochromocytoma & paraganglioma	False	13	0	13	2.6390573296152584
TCGA-WB-A819	pheochromocytoma & paraganglioma	False	9	0	9	2.302585092994046
TCGA-S7-A7WW	pheochromocytoma & paraganglioma	False	11	0	11	2.4849066497880004
TCGA-QR-A6H2	pheochromocytoma & paraganglioma	False	12	0	12	2.5649493574615367
TCGA-QR-A70Q	pheochromocytoma & paraganglioma	False	11	0	11	2.4849066497880004
TCGA-QR-A70N	pheochromocytoma & paraganglioma	False	18	0	18	2.9444389791664403
TCGA-QR-A6GU	pheochromocytoma & paraganglioma	False	22	0	22	3.1354942159291497
TCGA-QR-A6GZ	pheochromocytoma & paraganglioma	False	7	0	7	2.0794415416798357
TCGA-RT-A6YC	pheochromocytoma & paraganglioma	False	5	0	5	1.791759469228055
TCGA-RW-A68B	pheochromocytoma & paraganglioma	False	7	0	7	2.0794415416798357
TCGA-QR-A7IP	pheochromocytoma & paraganglioma	False	14	0	14	2.70805020110221
TCGA-QR-A6H6	pheochromocytoma & paraganglioma	False	10	0	10	2.3978952727983707
TCGA-QT-A5XL	pheochromocytoma & paraganglioma	False	8	0	8	2.1972245773362196
TCGA-WB-A817	pheochromocytoma & paraganglioma	False	11	0	11	2.4849066497880004
TCGA-SP-A6QD	pheochromocytoma & paraganglioma	False	7	0	7	2.0794415416798357
TCGA-WB-A81G	pheochromocytoma & paraganglioma	False	14	0	14	2.70805020110221
TCGA-QR-A70I	pheochromocytoma & paraganglioma	False	6	0	6	1.9459101490553132
TCGA-W2-A7HB	pheochromocytoma & paraganglioma	False	12	0	12	2.5649493574615367
TCGA-QR-A703	pheochromocytoma & paraganglioma	False	5	0	5	1.791759469228055
TCGA-S7-A7X1	pheochromocytoma & paraganglioma	False	8	0	8	2.1972245773362196
TCGA-WB-A822	pheochromocytoma & paraganglioma	False	8	0	8	2.1972245773362196
TCGA-WB-A80P	pheochromocytoma & paraganglioma	False	6	0	6	1.9459101490553132
TCGA-S7-A7WQ	pheochromocytoma & paraganglioma	False	14	0	14	2.70805020110221
TCGA-WB-A80O	pheochromocytoma & paraganglioma	False	12	0	12	2.5649493574615367
TCGA-WB-A81D	pheochromocytoma & paraganglioma	False	19	0	19	2.995732273553991
TCGA-P7-A5NX	pheochromocytoma & paraganglioma	False	20	0	20	3.044522437723423
TCGA-S7-A7WO	pheochromocytoma & paraganglioma	False	5	0	5	1.791759469228055
TCGA-W2-A7HD	pheochromocytoma & paraganglioma	False	19	0	19	2.995732273553991
TCGA-QR-A702	pheochromocytoma & paraganglioma	False	12	0	12	2.5649493574615367
TCGA-S7-A7X0	pheochromocytoma & paraganglioma	False	21	0	21	3.091042453358316
TCGA-WB-A81P	pheochromocytoma & paraganglioma	False	25	0	25	3.258096538021482
TCGA-WB-A821	pheochromocytoma & paraganglioma	True	32	1	31	3.4657359027997265
TCGA-RW-A7CZ	pheochromocytoma & paraganglioma	False	18	0	18	2.9444389791664403
TCGA-RT-A6YA	pheochromocytoma & paraganglioma	False	24	0	24	3.2188758248682006
TCGA-RW-A685	pheochromocytoma & paraganglioma	True	13	1	12	2.5649493574615367
TCGA-RW-A688	pheochromocytoma & paraganglioma	False	17	0	17	2.8903717578961645
TCGA-W2-A7HH	pheochromocytoma & paraganglioma	False	13	0	13	2.6390573296152584
TCGA-WB-A815	pheochromocytoma & paraganglioma	False	23	0	23	3.1780538303479458
TCGA-QR-A70V	pheochromocytoma & paraganglioma	False	17	0	17	2.8903717578961645
TCGA-WB-A81A	pheochromocytoma & paraganglioma	False	10	0	10	2.3978952727983707
TCGA-RW-A684	pheochromocytoma & paraganglioma	False	20	0	20	3.044522437723423
TCGA-SP-A6QJ	pheochromocytoma & paraganglioma	False	13	0	13	2.6390573296152584
TCGA-TT-A6YO	pheochromocytoma & paraganglioma	False	1	0	1	0.6931471805599453
TCGA-WB-A80Q	pheochromocytoma & paraganglioma	False	18	0	18	2.9444389791664403
TCGA-QR-A6GT	pheochromocytoma & paraganglioma	False	35	0	35	3.58351893845611
TCGA-QR-A705	pheochromocytoma & paraganglioma	False	14	0	14	2.70805020110221
TCGA-QT-A5XO	pheochromocytoma & paraganglioma	False	28	0	28	3.367295829986474
TCGA-S7-A7WU	pheochromocytoma & paraganglioma	False	5	0	5	1.791759469228055
TCGA-W2-A7HA	pheochromocytoma & paraganglioma	False	28	0	28	3.367295829986474
TCGA-WB-A80V	pheochromocytoma & paraganglioma	False	21	0	21	3.091042453358316
TCGA-PR-A5PF	pheochromocytoma & paraganglioma	False	26	0	26	3.295836866004329
TCGA-SR-A6MQ	pheochromocytoma & paraganglioma	False	14	0	14	2.70805020110221
TCGA-WB-A80Y	pheochromocytoma & paraganglioma	False	9	0	9	2.302585092994046
TCGA-WB-A81S	pheochromocytoma & paraganglioma	False	15	0	15	2.772588722239781
TCGA-QT-A5XP	pheochromocytoma & paraganglioma	False	22	0	22	3.1354942159291497
TCGA-RW-A680	pheochromocytoma & paraganglioma	False	35	0	35	3.58351893845611
TCGA-S7-A7X2	pheochromocytoma & paraganglioma	False	19	0	19	2.995732273553991
TCGA-SR-A6MT	pheochromocytoma & paraganglioma	False	11	0	11	2.4849066497880004
TCGA-QR-A6H4	pheochromocytoma & paraganglioma	False	19	0	19	2.995732273553991
TCGA-QT-A5XK	pheochromocytoma & paraganglioma	False	12	0	12	2.5649493574615367
TCGA-WB-A81R	pheochromocytoma & paraganglioma	False	16	0	16	2.833213344056216
TCGA-QR-A70A	pheochromocytoma & paraganglioma	False	13	0	13	2.6390573296152584
TCGA-SR-A6MY	pheochromocytoma & paraganglioma	False	8	0	8	2.1972245773362196
TCGA-QR-A6GW	pheochromocytoma & paraganglioma	False	21	0	21	3.091042453358316
TCGA-QR-A7IN	pheochromocytoma & paraganglioma	False	14	0	14	2.70805020110221
TCGA-QR-A6GS	pheochromocytoma & paraganglioma	False	13	0	13	2.6390573296152584
TCGA-QR-A70C	pheochromocytoma & paraganglioma	False	15	0	15	2.772588722239781
TCGA-QT-A5XN	pheochromocytoma & paraganglioma	False	17	0	17	2.8903717578961645
TCGA-RW-A68F	pheochromocytoma & paraganglioma	False	17	0	17	2.8903717578961645
TCGA-QR-A706	pheochromocytoma & paraganglioma	False	11	0	11	2.4849066497880004
TCGA-RT-A6Y9	pheochromocytoma & paraganglioma	False	6	0	6	1.9459101490553132
TCGA-SR-A6MU	pheochromocytoma & paraganglioma	False	14	0	14	2.70805020110221
TCGA-RW-A7D0	pheochromocytoma & paraganglioma	False	12	0	12	2.5649493574615367
TCGA-WB-A81E	pheochromocytoma & paraganglioma	False	20	0	20	3.044522437723423
TCGA-QR-A70U	pheochromocytoma & paraganglioma	False	22	0	22	3.1354942159291497
TCGA-QR-A70X	pheochromocytoma & paraganglioma	False	10	0	10	2.3978952727983707
TCGA-RW-A67W	pheochromocytoma & paraganglioma	False	11	0	11	2.4849066497880004
TCGA-SA-A6C2	pheochromocytoma & paraganglioma	False	29	0	29	3.4011973816621555
TCGA-SP-A6QK	pheochromocytoma & paraganglioma	False	12	0	12	2.5649493574615367
TCGA-SR-A6MZ	pheochromocytoma & paraganglioma	False	7	0	7	2.0794415416798357
TCGA-QR-A70P	pheochromocytoma & paraganglioma	False	34	0	34	3.5553480614894135
TCGA-SR-A6N0	pheochromocytoma & paraganglioma	False	10	0	10	2.3978952727983707
TCGA-TT-A6YJ	pheochromocytoma & paraganglioma	False	10	0	10	2.3978952727983707
TCGA-QR-A708	pheochromocytoma & paraganglioma	False	22	0	22	3.1354942159291497
TCGA-RW-A67V	pheochromocytoma & paraganglioma	False	15	0	15	2.772588722239781
TCGA-W2-A7UY	pheochromocytoma & paraganglioma	False	25	0	25	3.258096538021482
TCGA-WB-A81H	pheochromocytoma & paraganglioma	False	17	0	17	2.8903717578961645
TCGA-QR-A707	pheochromocytoma & paraganglioma	False	13	0	13	2.6390573296152584
TCGA-RW-A67Y	pheochromocytoma & paraganglioma	False	16	0	16	2.833213344056216
TCGA-PR-A5PG	pheochromocytoma & paraganglioma	False	22	0	22	3.1354942159291497
TCGA-QR-A70J	pheochromocytoma & paraganglioma	False	19	0	19	2.995732273553991
TCGA-QT-A5XJ	pheochromocytoma & paraganglioma	False	34	0	34	3.5553480614894135
TCGA-WB-A816	pheochromocytoma & paraganglioma	False	12	0	12	2.5649493574615367
TCGA-WB-A81M	pheochromocytoma & paraganglioma	False	15	0	15	2.772588722239781
TCGA-RM-A68W	pheochromocytoma & paraganglioma	False	9	0	9	2.302585092994046
TCGA-QR-A70T	pheochromocytoma & paraganglioma	False	16	0	16	2.833213344056216
TCGA-QR-A70D	pheochromocytoma & paraganglioma	False	12	0	12	2.5649493574615367
TCGA-QR-A6GY	pheochromocytoma & paraganglioma	False	23	0	23	3.1780538303479458
TCGA-TT-A6YN	pheochromocytoma & paraganglioma	False	6	0	6	1.9459101490553132
TCGA-P8-A5KD	pheochromocytoma & paraganglioma	False	11	0	11	2.4849066497880004
TCGA-QR-A70O	pheochromocytoma & paraganglioma	True	18	1	17	2.8903717578961645
TCGA-S7-A7WV	pheochromocytoma & paraganglioma	False	6	0	6	1.9459101490553132
TCGA-SP-A6QG	pheochromocytoma & paraganglioma	False	8	0	8	2.1972245773362196
TCGA-SP-A6QH	pheochromocytoma & paraganglioma	False	13	0	13	2.6390573296152584
TCGA-SR-A6MS	pheochromocytoma & paraganglioma	False	9	0	9	2.302585092994046
TCGA-SR-A6MV	pheochromocytoma & paraganglioma	True	11	1	10	2.3978952727983707
TCGA-WB-A814	pheochromocytoma & paraganglioma	False	9	0	9	2.302585092994046
TCGA-S7-A7WR	pheochromocytoma & paraganglioma	False	4	0	4	1.6094379124341003
TCGA-QR-A70E	pheochromocytoma & paraganglioma	False	11	0	11	2.4849066497880004
TCGA-RW-A68D	pheochromocytoma & paraganglioma	False	15	0	15	2.772588722239781
TCGA-QR-A6GR	pheochromocytoma & paraganglioma	False	17	0	17	2.8903717578961645
TCGA-QR-A6H5	pheochromocytoma & paraganglioma	False	8	0	8	2.1972245773362196
TCGA-QR-A6ZZ	pheochromocytoma & paraganglioma	False	15	0	15	2.772588722239781
TCGA-SR-A6MP	pheochromocytoma & paraganglioma	False	26	0	26	3.295836866004329
TCGA-WB-A80L	pheochromocytoma & paraganglioma	False	2	0	2	1.0986122886681098
TCGA-QR-A6GX	pheochromocytoma & paraganglioma	False	15	0	15	2.772588722239781
TCGA-W2-A7HF	pheochromocytoma & paraganglioma	False	6	0	6	1.9459101490553132
TCGA-WB-A81N	pheochromocytoma & paraganglioma	False	8	0	8	2.1972245773362196
TCGA-S7-A7WP	pheochromocytoma & paraganglioma	False	4	0	4	1.6094379124341003
TCGA-W2-A7H5	pheochromocytoma & paraganglioma	False	7	0	7	2.0794415416798357
TCGA-XG-A823	pheochromocytoma & paraganglioma	False	12	0	12	2.5649493574615367
TCGA-P7-A5NY	pheochromocytoma & paraganglioma	False	6	0	6	1.9459101490553132
TCGA-RW-A68A	pheochromocytoma & paraganglioma	False	9	0	9	2.302585092994046
TCGA-TT-A6YP	pheochromocytoma & paraganglioma	False	11	0	11	2.4849066497880004
TCGA-FB-AAQ6	pancreatic adenocarcinoma	False	86	0	86	4.465908118654584
TCGA-FZ-5924	pancreatic adenocarcinoma	False	52	0	52	3.970291913552122
TCGA-2L-AAQL	pancreatic adenocarcinoma	False	74	0	74	4.31748811353631
TCGA-FZ-5922	pancreatic adenocarcinoma	False	52	0	52	3.970291913552122
TCGA-HZ-8005	pancreatic adenocarcinoma	False	80	0	80	4.394449154672439
TCGA-HZ-A8P1	pancreatic adenocarcinoma	False	77	0	77	4.356708826689592
TCGA-IB-A7M4	pancreatic adenocarcinoma	True	82	1	81	4.406719247264253
TCGA-IB-7654	pancreatic adenocarcinoma	False	55	0	55	4.02535169073515
TCGA-IB-7886	pancreatic adenocarcinoma	False	60	0	60	4.110873864173311
TCGA-F2-A7TX	pancreatic adenocarcinoma	False	59	0	59	4.0943445622221
TCGA-HZ-7289	pancreatic adenocarcinoma	False	100	0	100	4.61512051684126
TCGA-HZ-A49I	pancreatic adenocarcinoma	False	64	0	64	4.174387269895637
TCGA-HZ-A77P	pancreatic adenocarcinoma	True	62	1	61	4.127134385045092
TCGA-IB-A5SP	pancreatic adenocarcinoma	False	58	0	58	4.07753744390572
TCGA-2L-AAQA	pancreatic adenocarcinoma	False	82	0	82	4.418840607796598
TCGA-F2-A8YN	pancreatic adenocarcinoma	False	79	0	79	4.382026634673881
TCGA-HZ-A8P0	pancreatic adenocarcinoma	False	51	0	51	3.9512437185814275
TCGA-IB-AAUM	pancreatic adenocarcinoma	False	26	0	26	3.295836866004329
TCGA-2J-AAB6	pancreatic adenocarcinoma	False	79	0	79	4.382026634673881
TCGA-3A-A9J0	pancreatic adenocarcinoma	False	113	0	113	4.736198448394496
TCGA-HZ-A4BH	pancreatic adenocarcinoma	False	81	0	81	4.406719247264253
TCGA-OE-A75W	pancreatic adenocarcinoma	False	106	0	106	4.672828834461906
TCGA-2J-AABV	pancreatic adenocarcinoma	False	16	0	16	2.833213344056216
TCGA-FB-A5VM	pancreatic adenocarcinoma	False	70	0	70	4.2626798770413155
TCGA-2J-AABE	pancreatic adenocarcinoma	True	49	1	48	3.8918202981106265
TCGA-2J-AABF	pancreatic adenocarcinoma	False	67	0	67	4.219507705176107
TCGA-HZ-8519	pancreatic adenocarcinoma	False	0	0	0	0.0
TCGA-IB-7890	pancreatic adenocarcinoma	False	79	0	79	4.382026634673881
TCGA-US-A77E	pancreatic adenocarcinoma	False	96	0	96	4.574710978503383
TCGA-HV-A7OP	pancreatic adenocarcinoma	False	119	0	119	4.787491742782046
TCGA-HZ-7918	pancreatic adenocarcinoma	False	170	0	170	5.14166355650266
TCGA-HZ-A4BK	pancreatic adenocarcinoma	True	69	1	68	4.23410650459726
TCGA-2J-AAB8	pancreatic adenocarcinoma	False	65	0	65	4.189654742026425
TCGA-2J-AABK	pancreatic adenocarcinoma	False	58	0	58	4.07753744390572
TCGA-3E-AAAZ	pancreatic adenocarcinoma	False	66	0	66	4.204692619390966
TCGA-FB-AAPP	pancreatic adenocarcinoma	False	158	0	158	5.0689042022202315
TCGA-FB-AAPY	pancreatic adenocarcinoma	False	39	0	39	3.6888794541139363
TCGA-FZ-5923	pancreatic adenocarcinoma	False	90	0	90	4.51085950651685
TCGA-HZ-7920	pancreatic adenocarcinoma	False	3	0	3	1.3862943611198906
TCGA-IB-A5SO	pancreatic adenocarcinoma	False	41	0	41	3.7376696182833684
TCGA-F2-6880	pancreatic adenocarcinoma	False	0	0	0	0.0
TCGA-HV-A7OL	pancreatic adenocarcinoma	False	65	0	65	4.189654742026425
TCGA-HZ-A9TJ	pancreatic adenocarcinoma	False	113	0	113	4.736198448394496
TCGA-HZ-8001	pancreatic adenocarcinoma	False	59	0	59	4.0943445622221
TCGA-FB-AAQ0	pancreatic adenocarcinoma	False	62	0	62	4.143134726391533
TCGA-IB-AAUP	pancreatic adenocarcinoma	False	52	0	52	3.970291913552122
TCGA-3A-A9I9	pancreatic adenocarcinoma	False	138	0	138	4.9344739331306915
TCGA-3A-A9IS	pancreatic adenocarcinoma	False	51	0	51	3.9512437185814275
TCGA-3E-AAAY	pancreatic adenocarcinoma	False	38	0	38	3.6635616461296463
TCGA-IB-AAUR	pancreatic adenocarcinoma	False	9	0	9	2.302585092994046
TCGA-S4-A8RM	pancreatic adenocarcinoma	False	53	0	53	3.9889840465642745
TCGA-XN-A8T3	pancreatic adenocarcinoma	False	55	0	55	4.02535169073515
TCGA-2L-AAQI	pancreatic adenocarcinoma	False	46	0	46	3.8501476017100584
TCGA-HZ-7925	pancreatic adenocarcinoma	False	35	0	35	3.58351893845611
TCGA-2J-AAB1	pancreatic adenocarcinoma	False	79	0	79	4.382026634673881
TCGA-3A-A9IJ	pancreatic adenocarcinoma	False	19	0	19	2.995732273553991
TCGA-3A-A9IU	pancreatic adenocarcinoma	True	43	1	42	3.7612001156935624
TCGA-F2-A44H	pancreatic adenocarcinoma	False	27	0	27	3.332204510175204
TCGA-FB-AAPQ	pancreatic adenocarcinoma	False	58	0	58	4.07753744390572
TCGA-HZ-7923	pancreatic adenocarcinoma	False	0	0	0	0.0
TCGA-IB-A6UG	pancreatic adenocarcinoma	False	92	0	92	4.532599493153256
TCGA-IB-AAUT	pancreatic adenocarcinoma	False	0	0	0	0.0
TCGA-F2-7276	pancreatic adenocarcinoma	False	0	0	0	0.0
TCGA-IB-7893	pancreatic adenocarcinoma	False	46	0	46	3.8501476017100584
TCGA-US-A77G	pancreatic adenocarcinoma	False	42	0	42	3.7612001156935624
TCGA-IB-A6UF	pancreatic adenocarcinoma	False	69	0	69	4.248495242049359
TCGA-2J-AABH	pancreatic adenocarcinoma	False	55	0	55	4.02535169073515
TCGA-HZ-8002	pancreatic adenocarcinoma	True	21	1	20	3.044522437723423
TCGA-US-A776	pancreatic adenocarcinoma	False	113	0	113	4.736198448394496
TCGA-IB-7646	pancreatic adenocarcinoma	False	72	0	72	4.290459441148391
TCGA-IB-8127	pancreatic adenocarcinoma	False	58	0	58	4.07753744390572
TCGA-YB-A89D	pancreatic adenocarcinoma	False	36	0	36	3.6109179126442243
TCGA-Q3-A5QY	pancreatic adenocarcinoma	False	1	0	1	0.6931471805599453
TCGA-3A-A9I5	pancreatic adenocarcinoma	False	45	0	45	3.828641396489095
TCGA-F2-6879	pancreatic adenocarcinoma	False	46	0	46	3.8501476017100584
TCGA-HZ-7926	pancreatic adenocarcinoma	False	53	0	53	3.9889840465642745
TCGA-IB-A7LX	pancreatic adenocarcinoma	False	54	0	54	4.007333185232471
TCGA-2J-AABU	pancreatic adenocarcinoma	False	41	0	41	3.7376696182833684
TCGA-2L-AAQE	pancreatic adenocarcinoma	False	50	0	50	3.9318256327243257
TCGA-XD-AAUL	pancreatic adenocarcinoma	False	43	0	43	3.784189633918261
TCGA-2J-AABA	pancreatic adenocarcinoma	False	41	0	41	3.7376696182833684
TCGA-3A-A9IO	pancreatic adenocarcinoma	False	13	0	13	2.6390573296152584
TCGA-F2-7273	pancreatic adenocarcinoma	False	4	0	4	1.6094379124341003
TCGA-FB-A4P6	pancreatic adenocarcinoma	False	1	0	1	0.6931471805599453
TCGA-FB-AAPZ	pancreatic adenocarcinoma	False	47	0	47	3.871201010907891
TCGA-H8-A6C1	pancreatic adenocarcinoma	False	31	0	31	3.4657359027997265
TCGA-2L-AAQM	pancreatic adenocarcinoma	False	50	0	50	3.9318256327243257
TCGA-FZ-5920	pancreatic adenocarcinoma	False	70	0	70	4.2626798770413155
TCGA-HV-A5A3	pancreatic adenocarcinoma	False	46	0	46	3.8501476017100584
TCGA-HV-AA8V	pancreatic adenocarcinoma	False	42	0	42	3.7612001156935624
TCGA-IB-AAUQ	pancreatic adenocarcinoma	False	72	0	72	4.290459441148391
TCGA-FB-AAQ1	pancreatic adenocarcinoma	False	52	0	52	3.970291913552122
TCGA-IB-AAUV	pancreatic adenocarcinoma	False	2	0	2	1.0986122886681098
TCGA-2J-AAB4	pancreatic adenocarcinoma	False	42	0	42	3.7612001156935624
TCGA-FB-A7DR	pancreatic adenocarcinoma	False	58	0	58	4.07753744390572
TCGA-3A-A9IZ	pancreatic adenocarcinoma	False	75	0	75	4.330733340286331
TCGA-3A-A9I7	pancreatic adenocarcinoma	False	23	0	23	3.1780538303479458
TCGA-2J-AABO	pancreatic adenocarcinoma	False	84	0	84	4.442651256490317
TCGA-RB-AA9M	pancreatic adenocarcinoma	False	29	0	29	3.4011973816621555
TCGA-IB-7647	pancreatic adenocarcinoma	False	70	0	70	4.2626798770413155
TCGA-3A-A9IX	pancreatic adenocarcinoma	False	24	0	24	3.2188758248682006
TCGA-IB-AAUU	pancreatic adenocarcinoma	False	65	0	65	4.189654742026425
TCGA-H6-A45N	pancreatic adenocarcinoma	False	28	0	28	3.367295829986474
TCGA-FZ-5921	pancreatic adenocarcinoma	False	100	0	100	4.61512051684126
TCGA-IB-7889	pancreatic adenocarcinoma	False	59	0	59	4.0943445622221
TCGA-HZ-8638	pancreatic adenocarcinoma	False	1	0	1	0.6931471805599453
TCGA-IB-AAUS	pancreatic adenocarcinoma	False	6	0	6	1.9459101490553132
TCGA-FB-AAQ2	pancreatic adenocarcinoma	False	48	0	48	3.8918202981106265
TCGA-RB-A7B8	pancreatic adenocarcinoma	False	61	0	61	4.127134385045092
TCGA-US-A77J	pancreatic adenocarcinoma	False	0	0	0	0.0
TCGA-F2-A44G	pancreatic adenocarcinoma	False	55	0	55	4.02535169073515
TCGA-IB-8126	pancreatic adenocarcinoma	False	16	0	16	2.833213344056216
TCGA-IB-7885	pancreatic adenocarcinoma	False	53	0	53	3.9889840465642745
TCGA-HZ-A77O	pancreatic adenocarcinoma	False	33	0	33	3.5263605246161616
TCGA-S4-A8RP	pancreatic adenocarcinoma	False	41	0	41	3.7376696182833684
TCGA-HZ-8637	pancreatic adenocarcinoma	False	48	0	48	3.8918202981106265
TCGA-US-A774	pancreatic adenocarcinoma	False	26	0	26	3.295836866004329
TCGA-HV-AA8X	pancreatic adenocarcinoma	False	71	0	71	4.276666119016055
TCGA-S4-A8RO	pancreatic adenocarcinoma	False	79	0	79	4.382026634673881
TCGA-IB-AAUN	pancreatic adenocarcinoma	False	42	0	42	3.7612001156935624
TCGA-LB-A7SX	pancreatic adenocarcinoma	False	145	0	145	4.983606621708336
TCGA-Z5-AAPL	pancreatic adenocarcinoma	False	9	0	9	2.302585092994046
TCGA-FZ-5926	pancreatic adenocarcinoma	False	56	0	56	4.04305126783455
TCGA-IB-7649	pancreatic adenocarcinoma	False	47	0	47	3.871201010907891
TCGA-YH-A8SY	pancreatic adenocarcinoma	False	72	0	72	4.290459441148391
TCGA-2J-AABT	pancreatic adenocarcinoma	False	42	0	42	3.7612001156935624
TCGA-FB-A545	pancreatic adenocarcinoma	False	46	0	46	3.8501476017100584
TCGA-HV-A5A4	pancreatic adenocarcinoma	False	50	0	50	3.9318256327243257
TCGA-FB-A78T	pancreatic adenocarcinoma	False	60	0	60	4.110873864173311
TCGA-2J-AAB9	pancreatic adenocarcinoma	False	26	0	26	3.295836866004329
TCGA-3A-A9IB	pancreatic adenocarcinoma	False	49	0	49	3.912023005428146
TCGA-FB-A4P5	pancreatic adenocarcinoma	False	11	0	11	2.4849066497880004
TCGA-HZ-8317	pancreatic adenocarcinoma	False	14	0	14	2.70805020110221
TCGA-HZ-A49H	pancreatic adenocarcinoma	False	12	0	12	2.5649493574615367
TCGA-3A-A9IH	pancreatic adenocarcinoma	False	65	0	65	4.189654742026425
TCGA-IB-7888	pancreatic adenocarcinoma	False	44	0	44	3.8066624897703196
TCGA-XD-AAUG	pancreatic adenocarcinoma	False	26	0	26	3.295836866004329
TCGA-FB-AAQ3	pancreatic adenocarcinoma	False	48	0	48	3.8918202981106265
TCGA-HV-A5A6	pancreatic adenocarcinoma	False	62	0	62	4.143134726391533
TCGA-HZ-8003	pancreatic adenocarcinoma	False	21	0	21	3.091042453358316
TCGA-IB-7644	pancreatic adenocarcinoma	False	36	0	36	3.6109179126442243
TCGA-3A-A9IR	pancreatic adenocarcinoma	False	25	0	25	3.258096538021482
TCGA-IB-7651	pancreatic adenocarcinoma	True	21500	22	21478	9.974830992604263
TCGA-IB-A5SS	pancreatic adenocarcinoma	False	50	0	50	3.9318256327243257
TCGA-IB-A5ST	pancreatic adenocarcinoma	False	11	0	11	2.4849066497880004
TCGA-IB-AAUO	pancreatic adenocarcinoma	False	63	0	63	4.1588830833596715
TCGA-LB-A8F3	pancreatic adenocarcinoma	False	54	0	54	4.007333185232471
TCGA-Q3-AA2A	pancreatic adenocarcinoma	False	28	0	28	3.367295829986474
TCGA-IB-AAUW	pancreatic adenocarcinoma	False	4	0	4	1.6094379124341003
TCGA-LB-A9Q5	pancreatic adenocarcinoma	False	27	0	27	3.332204510175204
TCGA-3A-A9IN	pancreatic adenocarcinoma	False	40	0	40	3.713572066704308
TCGA-FB-AAPS	pancreatic adenocarcinoma	False	39	0	39	3.6888794541139363
TCGA-IB-7887	pancreatic adenocarcinoma	False	34	0	34	3.5553480614894135
TCGA-3A-A9IC	pancreatic adenocarcinoma	False	49	0	49	3.912023005428146
TCGA-HV-A5A5	pancreatic adenocarcinoma	False	27	0	27	3.332204510175204
TCGA-HZ-7922	pancreatic adenocarcinoma	False	51	0	51	3.9512437185814275
TCGA-YY-A8LH	pancreatic adenocarcinoma	False	88	0	88	4.48863636973214
TCGA-2J-AABR	pancreatic adenocarcinoma	False	11	0	11	2.4849066497880004
TCGA-HZ-7924	pancreatic adenocarcinoma	False	1	0	1	0.6931471805599453
TCGA-RL-AAAS	pancreatic adenocarcinoma	False	0	0	0	0.0
TCGA-3A-A9IV	pancreatic adenocarcinoma	False	57	0	57	4.060443010546419
TCGA-FZ-5919	pancreatic adenocarcinoma	False	56	0	56	4.04305126783455
TCGA-2J-AABP	pancreatic adenocarcinoma	False	129	0	129	4.867534450455582
TCGA-HZ-8636	pancreatic adenocarcinoma	False	67	0	67	4.219507705176107
TCGA-HZ-A49G	pancreatic adenocarcinoma	False	47	0	47	3.871201010907891
TCGA-XD-AAUH	pancreatic adenocarcinoma	False	22	0	22	3.1354942159291497
TCGA-H6-8124	pancreatic adenocarcinoma	False	49	0	49	3.912023005428146
TCGA-IB-A5SQ	pancreatic adenocarcinoma	False	51	0	51	3.9512437185814275
TCGA-2J-AABI	pancreatic adenocarcinoma	False	39	0	39	3.6888794541139363
TCGA-HZ-A77Q	pancreatic adenocarcinoma	False	67	0	67	4.219507705176107
TCGA-HZ-8315	pancreatic adenocarcinoma	False	82	0	82	4.418840607796598
TCGA-US-A779	pancreatic adenocarcinoma	False	40	0	40	3.713572066704308
TCGA-IB-7897	pancreatic adenocarcinoma	False	7	0	7	2.0794415416798357
TCGA-XN-A8T5	pancreatic adenocarcinoma	False	21	0	21	3.091042453358316
TCGA-HZ-7919	pancreatic adenocarcinoma	False	73	0	73	4.30406509320417
TCGA-XD-AAUI	pancreatic adenocarcinoma	False	52	0	52	3.970291913552122
TCGA-2L-AAQJ	pancreatic adenocarcinoma	False	114	0	114	4.74493212836325
TCGA-IB-7652	pancreatic adenocarcinoma	False	120	0	120	4.795790545596741
TCGA-IB-7891	pancreatic adenocarcinoma	False	52	0	52	3.970291913552122
TCGA-L1-A7W4	pancreatic adenocarcinoma	False	0	0	0	0.0
TCGA-M8-A5N4	pancreatic adenocarcinoma	False	55	0	55	4.02535169073515
TCGA-IB-7645	pancreatic adenocarcinoma	False	50	0	50	3.9318256327243257
TCGA-PZ-A5RE	pancreatic adenocarcinoma	False	35	0	35	3.58351893845611
TCGA-FB-AAPU	pancreatic adenocarcinoma	False	108	0	108	4.6913478822291435
TCGA-3A-A9IL	pancreatic adenocarcinoma	False	11	0	11	2.4849066497880004
TCGA-61-1722	ovarian serous cystadenocarcinoma	False	0	0	0	0.0
TCGA-04-1365	ovarian serous cystadenocarcinoma	False	0	0	0	0.0
TCGA-24-2030	ovarian serous cystadenocarcinoma	False	0	0	0	0.0
TCGA-24-2033	ovarian serous cystadenocarcinoma	False	0	0	0	0.0
TCGA-04-1341	ovarian serous cystadenocarcinoma	False	0	0	0	0.0
TCGA-23-2641	ovarian serous cystadenocarcinoma	False	124	0	124	4.8283137373023015
TCGA-36-2543	ovarian serous cystadenocarcinoma	False	93	0	93	4.543294782270004
TCGA-29-1702	ovarian serous cystadenocarcinoma	False	0	0	0	0.0
TCGA-23-1116	ovarian serous cystadenocarcinoma	False	0	0	0	0.0
TCGA-36-1575	ovarian serous cystadenocarcinoma	False	0	0	0	0.0
TCGA-24-1422	ovarian serous cystadenocarcinoma	False	0	0	0	0.0
TCGA-29-1774	ovarian serous cystadenocarcinoma	False	0	0	0	0.0
TCGA-36-1580	ovarian serous cystadenocarcinoma	False	0	0	0	0.0
TCGA-04-1347	ovarian serous cystadenocarcinoma	False	0	0	0	0.0
TCGA-13-0803	ovarian serous cystadenocarcinoma	False	0	0	0	0.0
TCGA-13-1411	ovarian serous cystadenocarcinoma	False	0	0	0	0.0
TCGA-25-1877	ovarian serous cystadenocarcinoma	False	0	0	0	0.0
TCGA-25-2393	ovarian serous cystadenocarcinoma	False	0	0	0	0.0
TCGA-61-1899	ovarian serous cystadenocarcinoma	False	0	0	0	0.0
TCGA-61-2012	ovarian serous cystadenocarcinoma	False	0	0	0	0.0
TCGA-04-1342	ovarian serous cystadenocarcinoma	False	0	0	0	0.0
TCGA-09-0364	ovarian serous cystadenocarcinoma	False	0	0	0	0.0
TCGA-10-0938	ovarian serous cystadenocarcinoma	False	0	0	0	0.0
TCGA-24-1849	ovarian serous cystadenocarcinoma	False	0	0	0	0.0
TCGA-25-2390	ovarian serous cystadenocarcinoma	False	0	0	0	0.0
TCGA-25-2399	ovarian serous cystadenocarcinoma	False	0	0	0	0.0
TCGA-29-1761	ovarian serous cystadenocarcinoma	False	0	0	0	0.0
TCGA-04-1517	ovarian serous cystadenocarcinoma	False	0	0	0	0.0
TCGA-09-1674	ovarian serous cystadenocarcinoma	False	0	0	0	0.0
TCGA-13-0802	ovarian serous cystadenocarcinoma	False	0	0	0	0.0
TCGA-24-2026	ovarian serous cystadenocarcinoma	False	0	0	0	0.0
TCGA-29-2429	ovarian serous cystadenocarcinoma	False	112	0	112	4.727387818712341
TCGA-04-1331	ovarian serous cystadenocarcinoma	False	0	0	0	0.0
TCGA-04-1337	ovarian serous cystadenocarcinoma	False	0	0	0	0.0
TCGA-04-1338	ovarian serous cystadenocarcinoma	False	0	0	0	0.0
TCGA-09-1672	ovarian serous cystadenocarcinoma	False	0	0	0	0.0
TCGA-13-0888	ovarian serous cystadenocarcinoma	False	0	0	0	0.0
TCGA-20-0991	ovarian serous cystadenocarcinoma	True	326	1	325	5.786897381366708
TCGA-24-0966	ovarian serous cystadenocarcinoma	False	0	0	0	0.0
TCGA-59-2352	ovarian serous cystadenocarcinoma	False	0	0	0	0.0
TCGA-61-1730	ovarian serous cystadenocarcinoma	False	0	0	0	0.0
TCGA-OY-A56Q	ovarian serous cystadenocarcinoma	False	87	0	87	4.477336814478207
TCGA-09-2044	ovarian serous cystadenocarcinoma	True	188	1	187	5.236441962829949
TCGA-10-0933	ovarian serous cystadenocarcinoma	False	0	0	0	0.0
TCGA-13-1507	ovarian serous cystadenocarcinoma	False	0	0	0	0.0
TCGA-24-0982	ovarian serous cystadenocarcinoma	False	0	0	0	0.0
TCGA-24-1552	ovarian serous cystadenocarcinoma	False	0	0	0	0.0
TCGA-24-1928	ovarian serous cystadenocarcinoma	False	0	0	0	0.0
TCGA-25-1325	ovarian serous cystadenocarcinoma	False	0	0	0	0.0
TCGA-29-1778	ovarian serous cystadenocarcinoma	False	0	0	0	0.0
TCGA-04-1351	ovarian serous cystadenocarcinoma	False	0	0	0	0.0
TCGA-04-1652	ovarian serous cystadenocarcinoma	False	0	0	0	0.0
TCGA-13-1481	ovarian serous cystadenocarcinoma	False	0	0	0	0.0
TCGA-24-2261	ovarian serous cystadenocarcinoma	False	0	0	0	0.0
TCGA-25-1329	ovarian serous cystadenocarcinoma	False	0	0	0	0.0
TCGA-25-2400	ovarian serous cystadenocarcinoma	False	0	0	0	0.0
TCGA-29-1771	ovarian serous cystadenocarcinoma	False	0	0	0	0.0
TCGA-31-1950	ovarian serous cystadenocarcinoma	False	0	0	0	0.0
TCGA-36-1576	ovarian serous cystadenocarcinoma	False	0	0	0	0.0
TCGA-61-1741	ovarian serous cystadenocarcinoma	False	0	0	0	0.0
TCGA-09-1661	ovarian serous cystadenocarcinoma	False	0	0	0	0.0
TCGA-13-0755	ovarian serous cystadenocarcinoma	False	0	0	0	0.0
TCGA-13-0889	ovarian serous cystadenocarcinoma	False	0	0	0	0.0
TCGA-20-1686	ovarian serous cystadenocarcinoma	False	0	0	0	0.0
TCGA-24-2029	ovarian serous cystadenocarcinoma	False	0	0	0	0.0
TCGA-25-1634	ovarian serous cystadenocarcinoma	False	0	0	0	0.0
TCGA-25-2392	ovarian serous cystadenocarcinoma	False	0	0	0	0.0
TCGA-29-2414	ovarian serous cystadenocarcinoma	False	0	0	0	0.0
TCGA-42-2587	ovarian serous cystadenocarcinoma	False	197	0	197	5.288267030694535
TCGA-04-1649	ovarian serous cystadenocarcinoma	False	0	0	0	0.0
TCGA-13-0923	ovarian serous cystadenocarcinoma	False	0	0	0	0.0
TCGA-13-1487	ovarian serous cystadenocarcinoma	False	0	0	0	0.0
TCGA-20-0990	ovarian serous cystadenocarcinoma	False	0	0	0	0.0
TCGA-23-2643	ovarian serous cystadenocarcinoma	False	73	0	73	4.30406509320417
TCGA-24-1466	ovarian serous cystadenocarcinoma	False	0	0	0	0.0
TCGA-24-1565	ovarian serous cystadenocarcinoma	False	0	0	0	0.0
TCGA-24-1920	ovarian serous cystadenocarcinoma	False	0	0	0	0.0
TCGA-24-2260	ovarian serous cystadenocarcinoma	False	0	0	0	0.0
TCGA-24-2280	ovarian serous cystadenocarcinoma	False	0	0	0	0.0
TCGA-25-1324	ovarian serous cystadenocarcinoma	False	0	0	0	0.0
TCGA-29-1766	ovarian serous cystadenocarcinoma	False	0	0	0	0.0
TCGA-30-1861	ovarian serous cystadenocarcinoma	False	0	0	0	0.0
TCGA-61-1727	ovarian serous cystadenocarcinoma	False	0	0	0	0.0
TCGA-61-2102	ovarian serous cystadenocarcinoma	False	0	0	0	0.0
TCGA-04-1346	ovarian serous cystadenocarcinoma	False	0	0	0	0.0
TCGA-09-1665	ovarian serous cystadenocarcinoma	False	0	0	0	0.0
TCGA-13-0768	ovarian serous cystadenocarcinoma	False	0	0	0	0.0
TCGA-13-0804	ovarian serous cystadenocarcinoma	False	0	0	0	0.0
TCGA-13-0891	ovarian serous cystadenocarcinoma	False	0	0	0	0.0
TCGA-13-1409	ovarian serous cystadenocarcinoma	False	0	0	0	0.0
TCGA-13-1498	ovarian serous cystadenocarcinoma	False	0	0	0	0.0
TCGA-23-1032	ovarian serous cystadenocarcinoma	False	0	0	0	0.0
TCGA-24-1558	ovarian serous cystadenocarcinoma	False	0	0	0	0.0
TCGA-25-1319	ovarian serous cystadenocarcinoma	False	74	0	74	4.31748811353631
TCGA-25-1627	ovarian serous cystadenocarcinoma	False	0	0	0	0.0
TCGA-25-1630	ovarian serous cystadenocarcinoma	False	0	0	0	0.0
TCGA-25-1631	ovarian serous cystadenocarcinoma	False	0	0	0	0.0
TCGA-59-2372	ovarian serous cystadenocarcinoma	False	116	0	116	4.762173934797756
TCGA-61-2613	ovarian serous cystadenocarcinoma	False	0	0	0	0.0
TCGA-04-1343	ovarian serous cystadenocarcinoma	False	0	0	0	0.0
TCGA-09-2053	ovarian serous cystadenocarcinoma	False	0	0	0	0.0
TCGA-13-0724	ovarian serous cystadenocarcinoma	False	0	0	0	0.0
TCGA-13-0921	ovarian serous cystadenocarcinoma	False	0	0	0	0.0
TCGA-24-1850	ovarian serous cystadenocarcinoma	False	0	0	0	0.0
TCGA-24-2024	ovarian serous cystadenocarcinoma	False	0	0	0	0.0
TCGA-25-1323	ovarian serous cystadenocarcinoma	False	0	0	0	0.0
TCGA-29-1693	ovarian serous cystadenocarcinoma	False	0	0	0	0.0
TCGA-36-2534	ovarian serous cystadenocarcinoma	False	182	0	182	5.209486152841421
TCGA-WR-A838	ovarian serous cystadenocarcinoma	False	55	0	55	4.02535169073515
TCGA-10-0928	ovarian serous cystadenocarcinoma	False	0	0	0	0.0
TCGA-13-0727	ovarian serous cystadenocarcinoma	False	0	0	0	0.0
TCGA-13-0730	ovarian serous cystadenocarcinoma	False	0	0	0	0.0
TCGA-13-0757	ovarian serous cystadenocarcinoma	False	130	0	130	4.875197323201151
TCGA-13-1500	ovarian serous cystadenocarcinoma	False	124	0	124	4.8283137373023015
TCGA-13-2065	ovarian serous cystadenocarcinoma	False	70	0	70	4.2626798770413155
TCGA-24-1469	ovarian serous cystadenocarcinoma	False	0	0	0	0.0
TCGA-24-1544	ovarian serous cystadenocarcinoma	False	0	0	0	0.0
TCGA-25-1623	ovarian serous cystadenocarcinoma	False	0	0	0	0.0
TCGA-25-1635	ovarian serous cystadenocarcinoma	False	0	0	0	0.0
TCGA-25-2396	ovarian serous cystadenocarcinoma	False	0	0	0	0.0
TCGA-25-2398	ovarian serous cystadenocarcinoma	True	87	1	86	4.465908118654584
TCGA-25-2409	ovarian serous cystadenocarcinoma	False	0	0	0	0.0
TCGA-36-2529	ovarian serous cystadenocarcinoma	False	0	0	0	0.0
TCGA-59-2349	ovarian serous cystadenocarcinoma	False	0	0	0	0.0
TCGA-61-1733	ovarian serous cystadenocarcinoma	False	0	0	0	0.0
TCGA-61-1740	ovarian serous cystadenocarcinoma	False	0	0	0	0.0
TCGA-61-2097	ovarian serous cystadenocarcinoma	False	0	0	0	0.0
TCGA-61-2614	ovarian serous cystadenocarcinoma	False	0	0	0	0.0
TCGA-04-1332	ovarian serous cystadenocarcinoma	False	0	0	0	0.0
TCGA-09-0365	ovarian serous cystadenocarcinoma	False	0	0	0	0.0
TCGA-10-0930	ovarian serous cystadenocarcinoma	False	0	0	0	0.0
TCGA-13-0885	ovarian serous cystadenocarcinoma	False	0	0	0	0.0
TCGA-13-1489	ovarian serous cystadenocarcinoma	False	0	0	0	0.0
TCGA-24-1463	ovarian serous cystadenocarcinoma	False	0	0	0	0.0
TCGA-24-1464	ovarian serous cystadenocarcinoma	False	0	0	0	0.0
TCGA-24-2288	ovarian serous cystadenocarcinoma	False	0	0	0	0.0
TCGA-25-1871	ovarian serous cystadenocarcinoma	False	0	0	0	0.0
TCGA-04-1349	ovarian serous cystadenocarcinoma	False	0	0	0	0.0
TCGA-04-1654	ovarian serous cystadenocarcinoma	False	0	0	0	0.0
TCGA-09-2043	ovarian serous cystadenocarcinoma	False	0	0	0	0.0
TCGA-10-0936	ovarian serous cystadenocarcinoma	False	0	0	0	0.0
TCGA-24-1545	ovarian serous cystadenocarcinoma	False	0	0	0	0.0
TCGA-24-2295	ovarian serous cystadenocarcinoma	False	0	0	0	0.0
TCGA-25-1312	ovarian serous cystadenocarcinoma	False	0	0	0	0.0
TCGA-29-1781	ovarian serous cystadenocarcinoma	False	0	0	0	0.0
TCGA-04-1530	ovarian serous cystadenocarcinoma	False	0	0	0	0.0
TCGA-10-0935	ovarian serous cystadenocarcinoma	False	0	0	0	0.0
TCGA-13-1504	ovarian serous cystadenocarcinoma	False	0	0	0	0.0
TCGA-24-1418	ovarian serous cystadenocarcinoma	False	0	0	0	0.0
TCGA-24-1430	ovarian serous cystadenocarcinoma	False	0	0	0	0.0
TCGA-24-2038	ovarian serous cystadenocarcinoma	False	0	0	0	0.0
TCGA-24-2281	ovarian serous cystadenocarcinoma	False	0	0	0	0.0
TCGA-24-2289	ovarian serous cystadenocarcinoma	False	0	0	0	0.0
TCGA-25-1632	ovarian serous cystadenocarcinoma	False	0	0	0	0.0
TCGA-30-1714	ovarian serous cystadenocarcinoma	False	0	0	0	0.0
TCGA-09-0367	ovarian serous cystadenocarcinoma	False	0	0	0	0.0
TCGA-13-0886	ovarian serous cystadenocarcinoma	False	0	0	0	0.0
TCGA-13-A5FT	ovarian serous cystadenocarcinoma	False	137	0	137	4.927253685157205
TCGA-23-1022	ovarian serous cystadenocarcinoma	False	0	0	0	0.0
TCGA-24-1424	ovarian serous cystadenocarcinoma	False	0	0	0	0.0
TCGA-24-1431	ovarian serous cystadenocarcinoma	False	139	0	139	4.941642422609304
TCGA-24-1562	ovarian serous cystadenocarcinoma	False	0	0	0	0.0
TCGA-24-1564	ovarian serous cystadenocarcinoma	False	0	0	0	0.0
TCGA-24-2020	ovarian serous cystadenocarcinoma	False	0	0	0	0.0
TCGA-25-1628	ovarian serous cystadenocarcinoma	False	0	0	0	0.0
TCGA-30-1887	ovarian serous cystadenocarcinoma	False	0	0	0	0.0
TCGA-42-2593	ovarian serous cystadenocarcinoma	False	64	0	64	4.174387269895637
TCGA-61-2000	ovarian serous cystadenocarcinoma	False	0	0	0	0.0
TCGA-13-0795	ovarian serous cystadenocarcinoma	False	0	0	0	0.0
TCGA-13-1492	ovarian serous cystadenocarcinoma	False	0	0	0	0.0
TCGA-23-2078	ovarian serous cystadenocarcinoma	False	0	0	0	0.0
TCGA-24-1563	ovarian serous cystadenocarcinoma	False	0	0	0	0.0
TCGA-24-1604	ovarian serous cystadenocarcinoma	False	0	0	0	0.0
TCGA-24-1843	ovarian serous cystadenocarcinoma	False	0	0	0	0.0
TCGA-24-2254	ovarian serous cystadenocarcinoma	False	0	0	0	0.0
TCGA-25-1317	ovarian serous cystadenocarcinoma	False	0	0	0	0.0
TCGA-25-1625	ovarian serous cystadenocarcinoma	False	0	0	0	0.0
TCGA-29-1690	ovarian serous cystadenocarcinoma	False	0	0	0	0.0
TCGA-29-A5NZ	ovarian serous cystadenocarcinoma	False	85	0	85	4.454347296253507
TCGA-57-1586	ovarian serous cystadenocarcinoma	False	0	0	0	0.0
TCGA-04-1360	ovarian serous cystadenocarcinoma	False	0	0	0	0.0
TCGA-09-2050	ovarian serous cystadenocarcinoma	False	0	0	0	0.0
TCGA-10-0927	ovarian serous cystadenocarcinoma	False	0	0	0	0.0
TCGA-13-0762	ovarian serous cystadenocarcinoma	False	0	0	0	0.0
TCGA-13-0920	ovarian serous cystadenocarcinoma	False	0	0	0	0.0
TCGA-13-1496	ovarian serous cystadenocarcinoma	False	0	0	0	0.0
TCGA-20-1683	ovarian serous cystadenocarcinoma	False	0	0	0	0.0
TCGA-24-1924	ovarian serous cystadenocarcinoma	False	0	0	0	0.0
TCGA-24-2035	ovarian serous cystadenocarcinoma	False	0	0	0	0.0
TCGA-25-1320	ovarian serous cystadenocarcinoma	False	0	0	0	0.0
TCGA-25-1321	ovarian serous cystadenocarcinoma	False	0	0	0	0.0
TCGA-25-1626	ovarian serous cystadenocarcinoma	False	0	0	0	0.0
TCGA-30-1862	ovarian serous cystadenocarcinoma	False	0	0	0	0.0
TCGA-61-1901	ovarian serous cystadenocarcinoma	False	0	0	0	0.0
TCGA-61-1914	ovarian serous cystadenocarcinoma	False	0	0	0	0.0
TCGA-61-2009	ovarian serous cystadenocarcinoma	False	0	0	0	0.0
TCGA-04-1353	ovarian serous cystadenocarcinoma	False	29	0	29	3.4011973816621555
TCGA-09-2049	ovarian serous cystadenocarcinoma	False	0	0	0	0.0
TCGA-13-1509	ovarian serous cystadenocarcinoma	False	0	0	0	0.0
TCGA-23-1030	ovarian serous cystadenocarcinoma	False	0	0	0	0.0
TCGA-23-1119	ovarian serous cystadenocarcinoma	False	0	0	0	0.0
TCGA-24-1844	ovarian serous cystadenocarcinoma	False	0	0	0	0.0
TCGA-25-1633	ovarian serous cystadenocarcinoma	False	0	0	0	0.0
TCGA-25-2401	ovarian serous cystadenocarcinoma	False	0	0	0	0.0
TCGA-30-1857	ovarian serous cystadenocarcinoma	False	0	0	0	0.0
TCGA-36-2547	ovarian serous cystadenocarcinoma	False	211	0	211	5.356586274672012
TCGA-36-2552	ovarian serous cystadenocarcinoma	False	83	0	83	4.430816798843313
TCGA-61-2017	ovarian serous cystadenocarcinoma	False	0	0	0	0.0
TCGA-09-2048	ovarian serous cystadenocarcinoma	False	0	0	0	0.0
TCGA-10-0926	ovarian serous cystadenocarcinoma	False	0	0	0	0.0
TCGA-13-0723	ovarian serous cystadenocarcinoma	False	0	0	0	0.0
TCGA-13-0760	ovarian serous cystadenocarcinoma	False	0	0	0	0.0
TCGA-13-0904	ovarian serous cystadenocarcinoma	False	0	0	0	0.0
TCGA-13-1505	ovarian serous cystadenocarcinoma	False	104	0	104	4.653960350157523
TCGA-13-2071	ovarian serous cystadenocarcinoma	False	79	0	79	4.382026634673881
TCGA-23-1111	ovarian serous cystadenocarcinoma	False	0	0	0	0.0
TCGA-23-1809	ovarian serous cystadenocarcinoma	False	0	0	0	0.0
TCGA-24-0970	ovarian serous cystadenocarcinoma	False	0	0	0	0.0
TCGA-29-1776	ovarian serous cystadenocarcinoma	False	0	0	0	0.0
TCGA-36-1578	ovarian serous cystadenocarcinoma	False	0	0	0	0.0
TCGA-36-1581	ovarian serous cystadenocarcinoma	False	0	0	0	0.0
TCGA-57-1994	ovarian serous cystadenocarcinoma	False	0	0	0	0.0
TCGA-59-2354	ovarian serous cystadenocarcinoma	False	0	0	0	0.0
TCGA-61-1907	ovarian serous cystadenocarcinoma	False	0	0	0	0.0
TCGA-61-2094	ovarian serous cystadenocarcinoma	False	0	0	0	0.0
TCGA-61-2612	ovarian serous cystadenocarcinoma	False	0	0	0	0.0
TCGA-04-1356	ovarian serous cystadenocarcinoma	False	0	0	0	0.0
TCGA-09-2056	ovarian serous cystadenocarcinoma	False	0	0	0	0.0
TCGA-13-0764	ovarian serous cystadenocarcinoma	False	0	0	0	0.0
TCGA-13-1484	ovarian serous cystadenocarcinoma	False	0	0	0	0.0
TCGA-13-1510	ovarian serous cystadenocarcinoma	False	0	0	0	0.0
TCGA-23-1109	ovarian serous cystadenocarcinoma	False	0	0	0	0.0
TCGA-23-1124	ovarian serous cystadenocarcinoma	False	0	0	0	0.0
TCGA-24-1419	ovarian serous cystadenocarcinoma	False	0	0	0	0.0
TCGA-25-1313	ovarian serous cystadenocarcinoma	False	0	0	0	0.0
TCGA-25-1322	ovarian serous cystadenocarcinoma	False	0	0	0	0.0
TCGA-29-1695	ovarian serous cystadenocarcinoma	False	0	0	0	0.0
TCGA-29-1697	ovarian serous cystadenocarcinoma	False	0	0	0	0.0
TCGA-57-1992	ovarian serous cystadenocarcinoma	False	0	0	0	0.0
TCGA-61-2018	ovarian serous cystadenocarcinoma	False	0	0	0	0.0
TCGA-61-2098	ovarian serous cystadenocarcinoma	False	0	0	0	0.0
TCGA-04-1364	ovarian serous cystadenocarcinoma	False	0	0	0	0.0
TCGA-09-1667	ovarian serous cystadenocarcinoma	False	0	0	0	0.0
TCGA-13-0883	ovarian serous cystadenocarcinoma	False	0	0	0	0.0
TCGA-13-1483	ovarian serous cystadenocarcinoma	False	0	0	0	0.0
TCGA-20-0987	ovarian serous cystadenocarcinoma	False	0	0	0	0.0
TCGA-24-1423	ovarian serous cystadenocarcinoma	False	0	0	0	0.0
TCGA-25-1326	ovarian serous cystadenocarcinoma	False	0	0	0	0.0
TCGA-29-1704	ovarian serous cystadenocarcinoma	False	0	0	0	0.0
TCGA-29-2432	ovarian serous cystadenocarcinoma	True	125	2	123	4.820281565605037
TCGA-30-1855	ovarian serous cystadenocarcinoma	False	0	0	0	0.0
TCGA-30-1866	ovarian serous cystadenocarcinoma	False	0	0	0	0.0
TCGA-30-1891	ovarian serous cystadenocarcinoma	False	0	0	0	0.0
TCGA-36-2532	ovarian serous cystadenocarcinoma	False	66	0	66	4.204692619390966
TCGA-42-2588	ovarian serous cystadenocarcinoma	False	49	0	49	3.912023005428146
TCGA-5X-AA5U	ovarian serous cystadenocarcinoma	False	51	0	51	3.9512437185814275
TCGA-61-2111	ovarian serous cystadenocarcinoma	False	0	0	0	0.0
TCGA-04-1335	ovarian serous cystadenocarcinoma	False	0	0	0	0.0
TCGA-04-1536	ovarian serous cystadenocarcinoma	False	0	0	0	0.0
TCGA-04-1646	ovarian serous cystadenocarcinoma	False	0	0	0	0.0
TCGA-13-0758	ovarian serous cystadenocarcinoma	False	0	0	0	0.0
TCGA-13-0794	ovarian serous cystadenocarcinoma	False	0	0	0	0.0
TCGA-13-0899	ovarian serous cystadenocarcinoma	False	0	0	0	0.0
TCGA-13-1495	ovarian serous cystadenocarcinoma	False	0	0	0	0.0
TCGA-13-A5FU	ovarian serous cystadenocarcinoma	False	114	0	114	4.74493212836325
TCGA-23-1031	ovarian serous cystadenocarcinoma	False	0	0	0	0.0
TCGA-23-1120	ovarian serous cystadenocarcinoma	False	0	0	0	0.0
TCGA-23-2649	ovarian serous cystadenocarcinoma	False	171	0	171	5.147494476813453
TCGA-24-1471	ovarian serous cystadenocarcinoma	False	0	0	0	0.0
TCGA-25-1878	ovarian serous cystadenocarcinoma	False	0	0	0	0.0
TCGA-25-2042	ovarian serous cystadenocarcinoma	False	0	0	0	0.0
TCGA-29-2425	ovarian serous cystadenocarcinoma	False	0	0	0	0.0
TCGA-29-2427	ovarian serous cystadenocarcinoma	False	0	0	0	0.0
TCGA-31-1956	ovarian serous cystadenocarcinoma	False	0	0	0	0.0
TCGA-61-1738	ovarian serous cystadenocarcinoma	False	0	0	0	0.0
TCGA-61-1904	ovarian serous cystadenocarcinoma	False	0	0	0	0.0
TCGA-61-1917	ovarian serous cystadenocarcinoma	False	0	0	0	0.0
TCGA-04-1362	ovarian serous cystadenocarcinoma	False	0	0	0	0.0
TCGA-13-0900	ovarian serous cystadenocarcinoma	False	0	0	0	0.0
TCGA-13-1408	ovarian serous cystadenocarcinoma	False	0	0	0	0.0
TCGA-13-1488	ovarian serous cystadenocarcinoma	False	0	0	0	0.0
TCGA-13-1819	ovarian serous cystadenocarcinoma	False	0	0	0	0.0
TCGA-13-2057	ovarian serous cystadenocarcinoma	False	252	0	252	5.53338948872752
TCGA-20-0996	ovarian serous cystadenocarcinoma	False	0	0	0	0.0
TCGA-23-1107	ovarian serous cystadenocarcinoma	False	0	0	0	0.0
TCGA-23-1123	ovarian serous cystadenocarcinoma	False	0	0	0	0.0
TCGA-24-0968	ovarian serous cystadenocarcinoma	False	0	0	0	0.0
TCGA-24-1434	ovarian serous cystadenocarcinoma	False	0	0	0	0.0
TCGA-24-1927	ovarian serous cystadenocarcinoma	False	0	0	0	0.0
TCGA-25-1870	ovarian serous cystadenocarcinoma	False	0	0	0	0.0
TCGA-25-2397	ovarian serous cystadenocarcinoma	False	88	0	88	4.48863636973214
TCGA-29-1762	ovarian serous cystadenocarcinoma	False	0	0	0	0.0
TCGA-29-2431	ovarian serous cystadenocarcinoma	False	55	0	55	4.02535169073515
TCGA-36-2542	ovarian serous cystadenocarcinoma	False	111	0	111	4.718498871295094
TCGA-59-2348	ovarian serous cystadenocarcinoma	False	0	0	0	0.0
TCGA-61-1728	ovarian serous cystadenocarcinoma	False	0	0	0	0.0
TCGA-04-1371	ovarian serous cystadenocarcinoma	False	0	0	0	0.0
TCGA-09-1662	ovarian serous cystadenocarcinoma	False	0	0	0	0.0
TCGA-09-2054	ovarian serous cystadenocarcinoma	False	0	0	0	0.0
TCGA-10-0925	ovarian serous cystadenocarcinoma	False	0	0	0	0.0
TCGA-13-0791	ovarian serous cystadenocarcinoma	False	0	0	0	0.0
TCGA-13-0908	ovarian serous cystadenocarcinoma	False	0	0	0	0.0
TCGA-13-0910	ovarian serous cystadenocarcinoma	False	0	0	0	0.0
TCGA-13-0912	ovarian serous cystadenocarcinoma	False	0	0	0	0.0
TCGA-13-2061	ovarian serous cystadenocarcinoma	False	151	0	151	5.0238805208462765
TCGA-23-2072	ovarian serous cystadenocarcinoma	False	0	0	0	0.0
TCGA-24-0975	ovarian serous cystadenocarcinoma	False	0	0	0	0.0
TCGA-24-1427	ovarian serous cystadenocarcinoma	False	0	0	0	0.0
TCGA-24-1549	ovarian serous cystadenocarcinoma	False	0	0	0	0.0
TCGA-24-2267	ovarian serous cystadenocarcinoma	False	0	0	0	0.0
TCGA-29-1692	ovarian serous cystadenocarcinoma	False	0	0	0	0.0
TCGA-29-1783	ovarian serous cystadenocarcinoma	False	0	0	0	0.0
TCGA-29-2428	ovarian serous cystadenocarcinoma	False	0	0	0	0.0
TCGA-30-1853	ovarian serous cystadenocarcinoma	False	0	0	0	0.0
TCGA-30-1860	ovarian serous cystadenocarcinoma	False	0	0	0	0.0
TCGA-31-1951	ovarian serous cystadenocarcinoma	False	0	0	0	0.0
TCGA-36-2544	ovarian serous cystadenocarcinoma	False	89	0	89	4.499809670330265
TCGA-59-2355	ovarian serous cystadenocarcinoma	False	0	0	0	0.0
TCGA-61-1919	ovarian serous cystadenocarcinoma	False	0	0	0	0.0
TCGA-04-1361	ovarian serous cystadenocarcinoma	False	0	0	0	0.0
TCGA-04-1638	ovarian serous cystadenocarcinoma	False	0	0	0	0.0
TCGA-04-1648	ovarian serous cystadenocarcinoma	False	0	0	0	0.0
TCGA-09-1666	ovarian serous cystadenocarcinoma	False	0	0	0	0.0
TCGA-09-1668	ovarian serous cystadenocarcinoma	False	0	0	0	0.0
TCGA-09-1670	ovarian serous cystadenocarcinoma	False	0	0	0	0.0
TCGA-13-0805	ovarian serous cystadenocarcinoma	False	0	0	0	0.0
TCGA-13-1410	ovarian serous cystadenocarcinoma	False	0	0	0	0.0
TCGA-24-1435	ovarian serous cystadenocarcinoma	False	0	0	0	0.0
TCGA-24-1436	ovarian serous cystadenocarcinoma	False	0	0	0	0.0
TCGA-24-1474	ovarian serous cystadenocarcinoma	False	0	0	0	0.0
TCGA-24-1548	ovarian serous cystadenocarcinoma	False	0	0	0	0.0
TCGA-24-1614	ovarian serous cystadenocarcinoma	False	0	0	0	0.0
TCGA-24-2262	ovarian serous cystadenocarcinoma	False	0	0	0	0.0
TCGA-25-2391	ovarian serous cystadenocarcinoma	False	0	0	0	0.0
TCGA-29-1699	ovarian serous cystadenocarcinoma	False	0	0	0	0.0
TCGA-36-2548	ovarian serous cystadenocarcinoma	False	75	0	75	4.330733340286331
TCGA-36-2551	ovarian serous cystadenocarcinoma	False	48	0	48	3.8918202981106265
TCGA-42-2590	ovarian serous cystadenocarcinoma	False	82	0	82	4.418840607796598
TCGA-57-1583	ovarian serous cystadenocarcinoma	False	0	0	0	0.0
TCGA-57-1585	ovarian serous cystadenocarcinoma	False	0	0	0	0.0
TCGA-61-2092	ovarian serous cystadenocarcinoma	False	0	0	0	0.0
TCGA-09-0369	ovarian serous cystadenocarcinoma	False	0	0	0	0.0
TCGA-13-0890	ovarian serous cystadenocarcinoma	False	0	0	0	0.0
TCGA-13-1499	ovarian serous cystadenocarcinoma	False	0	0	0	0.0
TCGA-13-1817	ovarian serous cystadenocarcinoma	False	0	0	0	0.0
TCGA-20-1682	ovarian serous cystadenocarcinoma	False	0	0	0	0.0
TCGA-24-1104	ovarian serous cystadenocarcinoma	False	0	0	0	0.0
TCGA-24-1616	ovarian serous cystadenocarcinoma	False	0	0	0	0.0
TCGA-24-2290	ovarian serous cystadenocarcinoma	False	0	0	0	0.0
TCGA-24-2297	ovarian serous cystadenocarcinoma	False	0	0	0	0.0
TCGA-29-1701	ovarian serous cystadenocarcinoma	False	0	0	0	0.0
TCGA-29-1703	ovarian serous cystadenocarcinoma	False	0	0	0	0.0
TCGA-30-1856	ovarian serous cystadenocarcinoma	False	0	0	0	0.0
TCGA-30-1859	ovarian serous cystadenocarcinoma	False	0	0	0	0.0
TCGA-30-1880	ovarian serous cystadenocarcinoma	False	0	0	0	0.0
TCGA-57-1993	ovarian serous cystadenocarcinoma	False	0	0	0	0.0
TCGA-61-1910	ovarian serous cystadenocarcinoma	False	0	0	0	0.0
TCGA-61-2096	ovarian serous cystadenocarcinoma	False	0	0	0	0.0
TCGA-61-2110	ovarian serous cystadenocarcinoma	False	0	0	0	0.0
TCGA-04-1336	ovarian serous cystadenocarcinoma	False	0	0	0	0.0
TCGA-09-0366	ovarian serous cystadenocarcinoma	False	0	0	0	0.0
TCGA-13-0714	ovarian serous cystadenocarcinoma	False	0	0	0	0.0
TCGA-13-0726	ovarian serous cystadenocarcinoma	False	0	0	0	0.0
TCGA-13-0911	ovarian serous cystadenocarcinoma	False	0	0	0	0.0
TCGA-13-1491	ovarian serous cystadenocarcinoma	False	0	0	0	0.0
TCGA-23-1114	ovarian serous cystadenocarcinoma	False	0	0	0	0.0
TCGA-24-1852	ovarian serous cystadenocarcinoma	False	0	0	0	0.0
TCGA-24-2271	ovarian serous cystadenocarcinoma	False	0	0	0	0.0
TCGA-24-2298	ovarian serous cystadenocarcinoma	False	0	0	0	0.0
TCGA-25-1316	ovarian serous cystadenocarcinoma	False	0	0	0	0.0
TCGA-29-1784	ovarian serous cystadenocarcinoma	False	0	0	0	0.0
TCGA-29-1785	ovarian serous cystadenocarcinoma	False	0	0	0	0.0
TCGA-36-2533	ovarian serous cystadenocarcinoma	False	126	0	126	4.844187086458591
TCGA-3P-A9WA	ovarian serous cystadenocarcinoma	False	204	0	204	5.3230099791384085
TCGA-59-A5PD	ovarian serous cystadenocarcinoma	False	255	0	255	5.545177444479562
TCGA-61-1903	ovarian serous cystadenocarcinoma	False	0	0	0	0.0
TCGA-61-1906	ovarian serous cystadenocarcinoma	False	0	0	0	0.0
TCGA-61-1911	ovarian serous cystadenocarcinoma	False	0	0	0	0.0
TCGA-61-2101	ovarian serous cystadenocarcinoma	False	0	0	0	0.0
TCGA-VG-A8LO	ovarian serous cystadenocarcinoma	False	113	0	113	4.736198448394496
TCGA-09-1669	ovarian serous cystadenocarcinoma	False	0	0	0	0.0
TCGA-13-0717	ovarian serous cystadenocarcinoma	False	0	0	0	0.0
TCGA-13-0807	ovarian serous cystadenocarcinoma	False	0	0	0	0.0
TCGA-13-0897	ovarian serous cystadenocarcinoma	False	0	0	0	0.0
TCGA-23-2645	ovarian serous cystadenocarcinoma	False	0	0	0	0.0
TCGA-24-1417	ovarian serous cystadenocarcinoma	False	0	0	0	0.0
TCGA-24-1470	ovarian serous cystadenocarcinoma	False	0	0	0	0.0
TCGA-24-1567	ovarian serous cystadenocarcinoma	False	0	0	0	0.0
TCGA-24-2023	ovarian serous cystadenocarcinoma	False	0	0	0	0.0
TCGA-25-1318	ovarian serous cystadenocarcinoma	False	0	0	0	0.0
TCGA-29-1710	ovarian serous cystadenocarcinoma	False	0	0	0	0.0
TCGA-29-1770	ovarian serous cystadenocarcinoma	False	0	0	0	0.0
TCGA-36-2549	ovarian serous cystadenocarcinoma	False	0	0	0	0.0
TCGA-42-2589	ovarian serous cystadenocarcinoma	False	133	0	133	4.897839799950911
TCGA-61-2095	ovarian serous cystadenocarcinoma	False	0	0	0	0.0
TCGA-04-1369	ovarian serous cystadenocarcinoma	False	125	0	125	4.836281906951478
TCGA-04-1651	ovarian serous cystadenocarcinoma	False	0	0	0	0.0
TCGA-13-0894	ovarian serous cystadenocarcinoma	False	0	0	0	0.0
TCGA-13-0913	ovarian serous cystadenocarcinoma	False	0	0	0	0.0
TCGA-23-1122	ovarian serous cystadenocarcinoma	False	0	0	0	0.0
TCGA-24-0979	ovarian serous cystadenocarcinoma	False	0	0	0	0.0
TCGA-24-0980	ovarian serous cystadenocarcinoma	False	0	0	0	0.0
TCGA-24-1551	ovarian serous cystadenocarcinoma	False	0	0	0	0.0
TCGA-24-1553	ovarian serous cystadenocarcinoma	False	0	0	0	0.0
TCGA-24-1603	ovarian serous cystadenocarcinoma	False	0	0	0	0.0
TCGA-24-1930	ovarian serous cystadenocarcinoma	False	0	0	0	0.0
TCGA-29-1698	ovarian serous cystadenocarcinoma	False	0	0	0	0.0
TCGA-36-1571	ovarian serous cystadenocarcinoma	False	0	0	0	0.0
TCGA-61-1743	ovarian serous cystadenocarcinoma	False	0	0	0	0.0
TCGA-61-1916	ovarian serous cystadenocarcinoma	False	0	0	0	0.0
TCGA-61-2003	ovarian serous cystadenocarcinoma	False	0	0	0	0.0
TCGA-61-2104	ovarian serous cystadenocarcinoma	False	0	0	0	0.0
TCGA-61-2113	ovarian serous cystadenocarcinoma	False	0	0	0	0.0
TCGA-04-1357	ovarian serous cystadenocarcinoma	False	0	0	0	0.0
TCGA-04-1542	ovarian serous cystadenocarcinoma	False	0	0	0	0.0
TCGA-13-0800	ovarian serous cystadenocarcinoma	False	0	0	0	0.0
TCGA-13-0919	ovarian serous cystadenocarcinoma	False	0	0	0	0.0
TCGA-13-1482	ovarian serous cystadenocarcinoma	False	0	0	0	0.0
TCGA-13-1511	ovarian serous cystadenocarcinoma	False	0	0	0	0.0
TCGA-23-1024	ovarian serous cystadenocarcinoma	False	0	0	0	0.0
TCGA-29-2434	ovarian serous cystadenocarcinoma	False	156	0	156	5.056245805348308
TCGA-30-1892	ovarian serous cystadenocarcinoma	False	0	0	0	0.0
TCGA-31-1953	ovarian serous cystadenocarcinoma	False	0	0	0	0.0
TCGA-36-1568	ovarian serous cystadenocarcinoma	False	0	0	0	0.0
TCGA-36-1569	ovarian serous cystadenocarcinoma	False	0	0	0	0.0
TCGA-61-1734	ovarian serous cystadenocarcinoma	False	0	0	0	0.0
TCGA-61-1895	ovarian serous cystadenocarcinoma	False	0	0	0	0.0
TCGA-09-1659	ovarian serous cystadenocarcinoma	False	0	0	0	0.0
TCGA-13-0761	ovarian serous cystadenocarcinoma	False	0	0	0	0.0
TCGA-13-0905	ovarian serous cystadenocarcinoma	False	0	0	0	0.0
TCGA-13-1407	ovarian serous cystadenocarcinoma	False	0	0	0	0.0
TCGA-13-2060	ovarian serous cystadenocarcinoma	False	0	0	0	0.0
TCGA-20-1684	ovarian serous cystadenocarcinoma	False	0	0	0	0.0
TCGA-23-1121	ovarian serous cystadenocarcinoma	False	0	0	0	0.0
TCGA-24-1413	ovarian serous cystadenocarcinoma	False	0	0	0	0.0
TCGA-24-1467	ovarian serous cystadenocarcinoma	False	0	0	0	0.0
TCGA-24-1560	ovarian serous cystadenocarcinoma	False	0	0	0	0.0
TCGA-24-1923	ovarian serous cystadenocarcinoma	False	0	0	0	0.0
TCGA-24-2027	ovarian serous cystadenocarcinoma	False	0	0	0	0.0
TCGA-29-1691	ovarian serous cystadenocarcinoma	False	0	0	0	0.0
TCGA-29-1775	ovarian serous cystadenocarcinoma	False	0	0	0	0.0
TCGA-42-2591	ovarian serous cystadenocarcinoma	False	102	0	102	4.634728988229636
TCGA-59-2351	ovarian serous cystadenocarcinoma	False	0	0	0	0.0
TCGA-61-1900	ovarian serous cystadenocarcinoma	False	0	0	0	0.0
TCGA-61-2016	ovarian serous cystadenocarcinoma	False	0	0	0	0.0
TCGA-61-2088	ovarian serous cystadenocarcinoma	False	0	0	0	0.0
TCGA-04-1367	ovarian serous cystadenocarcinoma	False	0	0	0	0.0
TCGA-09-1673	ovarian serous cystadenocarcinoma	False	0	0	0	0.0
TCGA-09-1675	ovarian serous cystadenocarcinoma	False	0	0	0	0.0
TCGA-09-2045	ovarian serous cystadenocarcinoma	False	0	0	0	0.0
TCGA-10-0934	ovarian serous cystadenocarcinoma	False	20	0	20	3.044522437723423
TCGA-13-0765	ovarian serous cystadenocarcinoma	False	0	0	0	0.0
TCGA-13-0906	ovarian serous cystadenocarcinoma	False	0	0	0	0.0
TCGA-13-1501	ovarian serous cystadenocarcinoma	False	0	0	0	0.0
TCGA-13-2059	ovarian serous cystadenocarcinoma	False	125	0	125	4.836281906951478
TCGA-24-1103	ovarian serous cystadenocarcinoma	False	0	0	0	0.0
TCGA-24-1428	ovarian serous cystadenocarcinoma	False	0	0	0	0.0
TCGA-24-1555	ovarian serous cystadenocarcinoma	False	0	0	0	0.0
TCGA-24-1556	ovarian serous cystadenocarcinoma	False	0	0	0	0.0
TCGA-24-2036	ovarian serous cystadenocarcinoma	False	0	0	0	0.0
TCGA-25-1315	ovarian serous cystadenocarcinoma	False	0	0	0	0.0
TCGA-29-1768	ovarian serous cystadenocarcinoma	False	0	0	0	0.0
TCGA-30-1869	ovarian serous cystadenocarcinoma	False	0	0	0	0.0
TCGA-57-1582	ovarian serous cystadenocarcinoma	False	0	0	0	0.0
TCGA-61-1915	ovarian serous cystadenocarcinoma	False	0	0	0	0.0
TCGA-04-1655	ovarian serous cystadenocarcinoma	False	0	0	0	0.0
TCGA-13-0797	ovarian serous cystadenocarcinoma	False	0	0	0	0.0
TCGA-13-0916	ovarian serous cystadenocarcinoma	False	0	0	0	0.0
TCGA-13-1405	ovarian serous cystadenocarcinoma	False	0	0	0	0.0
TCGA-13-1477	ovarian serous cystadenocarcinoma	True	299	1	298	5.700443573390687
TCGA-13-1512	ovarian serous cystadenocarcinoma	False	0	0	0	0.0
TCGA-13-2066	ovarian serous cystadenocarcinoma	False	0	0	0	0.0
TCGA-23-2081	ovarian serous cystadenocarcinoma	False	0	0	0	0.0
TCGA-23-2647	ovarian serous cystadenocarcinoma	False	77	0	77	4.356708826689592
TCGA-24-1550	ovarian serous cystadenocarcinoma	False	0	0	0	0.0
TCGA-24-1557	ovarian serous cystadenocarcinoma	False	0	0	0	0.0
TCGA-24-1842	ovarian serous cystadenocarcinoma	False	0	0	0	0.0
TCGA-29-1764	ovarian serous cystadenocarcinoma	False	0	0	0	0.0
TCGA-31-1959	ovarian serous cystadenocarcinoma	False	0	0	0	0.0
TCGA-36-1570	ovarian serous cystadenocarcinoma	False	0	0	0	0.0
TCGA-42-2582	ovarian serous cystadenocarcinoma	False	151	0	151	5.0238805208462765
TCGA-61-2087	ovarian serous cystadenocarcinoma	False	0	0	0	0.0
TCGA-04-1516	ovarian serous cystadenocarcinoma	False	72	0	72	4.290459441148391
TCGA-04-1519	ovarian serous cystadenocarcinoma	False	0	0	0	0.0
TCGA-04-1644	ovarian serous cystadenocarcinoma	False	43	0	43	3.784189633918261
TCGA-09-2055	ovarian serous cystadenocarcinoma	False	0	0	0	0.0
TCGA-13-0720	ovarian serous cystadenocarcinoma	False	0	0	0	0.0
TCGA-13-0893	ovarian serous cystadenocarcinoma	False	0	0	0	0.0
TCGA-13-1403	ovarian serous cystadenocarcinoma	False	0	0	0	0.0
TCGA-13-1404	ovarian serous cystadenocarcinoma	False	0	0	0	0.0
TCGA-13-1485	ovarian serous cystadenocarcinoma	False	0	0	0	0.0
TCGA-23-1027	ovarian serous cystadenocarcinoma	False	0	0	0	0.0
TCGA-23-1113	ovarian serous cystadenocarcinoma	False	0	0	0	0.0
TCGA-36-1574	ovarian serous cystadenocarcinoma	False	0	0	0	0.0
TCGA-61-1913	ovarian serous cystadenocarcinoma	False	0	0	0	0.0
TCGA-61-1998	ovarian serous cystadenocarcinoma	False	0	0	0	0.0
TCGA-OY-A56P	ovarian serous cystadenocarcinoma	False	52	0	52	3.970291913552122
TCGA-04-1525	ovarian serous cystadenocarcinoma	False	0	0	0	0.0
TCGA-13-1497	ovarian serous cystadenocarcinoma	False	0	0	0	0.0
TCGA-24-2293	ovarian serous cystadenocarcinoma	False	0	0	0	0.0
TCGA-29-1705	ovarian serous cystadenocarcinoma	False	0	0	0	0.0
TCGA-29-1777	ovarian serous cystadenocarcinoma	False	0	0	0	0.0
TCGA-31-1944	ovarian serous cystadenocarcinoma	False	0	0	0	0.0
TCGA-57-1584	ovarian serous cystadenocarcinoma	False	0	0	0	0.0
TCGA-61-1724	ovarian serous cystadenocarcinoma	False	0	0	0	0.0
TCGA-04-1350	ovarian serous cystadenocarcinoma	False	0	0	0	0.0
TCGA-13-0801	ovarian serous cystadenocarcinoma	False	0	0	0	0.0
TCGA-20-1687	ovarian serous cystadenocarcinoma	False	0	0	0	0.0
TCGA-23-1029	ovarian serous cystadenocarcinoma	False	0	0	0	0.0
TCGA-23-2079	ovarian serous cystadenocarcinoma	False	0	0	0	0.0
TCGA-24-1546	ovarian serous cystadenocarcinoma	False	0	0	0	0.0
TCGA-24-2019	ovarian serous cystadenocarcinoma	False	0	0	0	0.0
TCGA-30-1867	ovarian serous cystadenocarcinoma	False	0	0	0	0.0
TCGA-61-2002	ovarian serous cystadenocarcinoma	False	0	0	0	0.0
TCGA-04-1514	ovarian serous cystadenocarcinoma	False	0	0	0	0.0
TCGA-13-0924	ovarian serous cystadenocarcinoma	False	0	0	0	0.0
TCGA-13-1506	ovarian serous cystadenocarcinoma	False	0	0	0	0.0
TCGA-20-1685	ovarian serous cystadenocarcinoma	False	0	0	0	0.0
TCGA-23-1021	ovarian serous cystadenocarcinoma	False	0	0	0	0.0
TCGA-23-1026	ovarian serous cystadenocarcinoma	False	0	0	0	0.0
TCGA-23-1118	ovarian serous cystadenocarcinoma	False	0	0	0	0.0
TCGA-23-2077	ovarian serous cystadenocarcinoma	False	0	0	0	0.0
TCGA-23-2084	ovarian serous cystadenocarcinoma	False	0	0	0	0.0
TCGA-24-1425	ovarian serous cystadenocarcinoma	False	0	0	0	0.0
TCGA-24-1846	ovarian serous cystadenocarcinoma	False	0	0	0	0.0
TCGA-24-1847	ovarian serous cystadenocarcinoma	False	0	0	0	0.0
TCGA-29-1694	ovarian serous cystadenocarcinoma	False	0	0	0	0.0
TCGA-29-1711	ovarian serous cystadenocarcinoma	False	0	0	0	0.0
TCGA-61-1736	ovarian serous cystadenocarcinoma	False	0	0	0	0.0
TCGA-61-1918	ovarian serous cystadenocarcinoma	False	0	0	0	0.0
TCGA-04-1348	ovarian serous cystadenocarcinoma	False	0	0	0	0.0
TCGA-10-0931	ovarian serous cystadenocarcinoma	False	0	0	0	0.0
TCGA-10-0937	ovarian serous cystadenocarcinoma	False	0	0	0	0.0
TCGA-13-0725	ovarian serous cystadenocarcinoma	False	0	0	0	0.0
TCGA-13-0751	ovarian serous cystadenocarcinoma	False	83	0	83	4.430816798843313
TCGA-13-0799	ovarian serous cystadenocarcinoma	False	0	0	0	0.0
TCGA-30-1718	ovarian serous cystadenocarcinoma	False	0	0	0	0.0
TCGA-59-2350	ovarian serous cystadenocarcinoma	False	0	0	0	0.0
TCGA-13-1494	ovarian serous cystadenocarcinoma	False	0	0	0	0.0
TCGA-23-1028	ovarian serous cystadenocarcinoma	False	0	0	0	0.0
TCGA-24-1426	ovarian serous cystadenocarcinoma	False	0	0	0	0.0
TCGA-29-1696	ovarian serous cystadenocarcinoma	False	0	0	0	0.0
TCGA-29-1763	ovarian serous cystadenocarcinoma	False	0	0	0	0.0
TCGA-31-1955	ovarian serous cystadenocarcinoma	False	0	0	0	0.0
TCGA-36-1577	ovarian serous cystadenocarcinoma	False	0	0	0	0.0
TCGA-61-1995	ovarian serous cystadenocarcinoma	False	0	0	0	0.0
TCGA-09-2051	ovarian serous cystadenocarcinoma	False	0	0	0	0.0
TCGA-13-0766	ovarian serous cystadenocarcinoma	False	0	0	0	0.0
TCGA-13-0887	ovarian serous cystadenocarcinoma	False	0	0	0	0.0
TCGA-13-0903	ovarian serous cystadenocarcinoma	False	0	0	0	0.0
TCGA-23-1110	ovarian serous cystadenocarcinoma	False	181	0	181	5.204006687076795
TCGA-23-1117	ovarian serous cystadenocarcinoma	False	0	0	0	0.0
TCGA-24-1845	ovarian serous cystadenocarcinoma	False	0	0	0	0.0
TCGA-25-1314	ovarian serous cystadenocarcinoma	False	0	0	0	0.0
TCGA-36-2545	ovarian serous cystadenocarcinoma	False	100	0	100	4.61512051684126
TCGA-61-1737	ovarian serous cystadenocarcinoma	False	0	0	0	0.0
TCGA-13-0901	ovarian serous cystadenocarcinoma	False	0	0	0	0.0
TCGA-13-1412	ovarian serous cystadenocarcinoma	False	0	0	0	0.0
TCGA-29-1707	ovarian serous cystadenocarcinoma	False	0	0	0	0.0
TCGA-13-0792	ovarian serous cystadenocarcinoma	False	0	0	0	0.0
TCGA-13-0793	ovarian serous cystadenocarcinoma	False	0	0	0	0.0
TCGA-29-1769	ovarian serous cystadenocarcinoma	False	0	0	0	0.0
TCGA-59-2363	ovarian serous cystadenocarcinoma	False	0	0	0	0.0
TCGA-61-1725	ovarian serous cystadenocarcinoma	False	0	0	0	0.0
TCGA-61-2008	ovarian serous cystadenocarcinoma	False	0	0	0	0.0
TCGA-61-2109	ovarian serous cystadenocarcinoma	False	0	0	0	0.0
TCGA-13-0884	ovarian serous cystadenocarcinoma	False	0	0	0	0.0
TCGA-29-1688	ovarian serous cystadenocarcinoma	False	0	0	0	0.0
TCGA-36-2537	ovarian serous cystadenocarcinoma	False	61	0	61	4.127134385045092
TCGA-25-1328	ovarian serous cystadenocarcinoma	False	0	0	0	0.0
TCGA-25-2404	ovarian serous cystadenocarcinoma	False	0	0	0	0.0
TCGA-36-2530	ovarian serous cystadenocarcinoma	False	101	0	101	4.624972813284271
TCGA-61-1721	ovarian serous cystadenocarcinoma	False	0	0	0	0.0
TCGA-09-1664	ovarian serous cystadenocarcinoma	False	0	0	0	0.0
TCGA-25-2408	ovarian serous cystadenocarcinoma	False	0	0	0	0.0
TCGA-36-2538	ovarian serous cystadenocarcinoma	False	63	0	63	4.1588830833596715
TCGA-24-1105	ovarian serous cystadenocarcinoma	False	0	0	0	0.0
TCGA-29-2436	ovarian serous cystadenocarcinoma	False	14	0	14	2.70805020110221
TCGA-24-1416	ovarian serous cystadenocarcinoma	False	0	0	0	0.0
TCGA-31-1946	ovarian serous cystadenocarcinoma	False	0	0	0	0.0
TCGA-36-2540	ovarian serous cystadenocarcinoma	False	8	0	8	2.1972245773362196
TCGA-36-2539	ovarian serous cystadenocarcinoma	False	113	0	113	4.736198448394496
TCGA-72-4231	ovarian serous cystadenocarcinoma	False	0	0	0	0.0
TCGA-72-4232	ovarian serous cystadenocarcinoma	False	0	0	0	0.0
TCGA-72-4233	ovarian serous cystadenocarcinoma	False	0	0	0	0.0
TCGA-72-4234	ovarian serous cystadenocarcinoma	False	0	0	0	0.0
TCGA-72-4235	ovarian serous cystadenocarcinoma	False	0	0	0	0.0
TCGA-72-4236	ovarian serous cystadenocarcinoma	False	0	0	0	0.0
TCGA-72-4237	ovarian serous cystadenocarcinoma	False	0	0	0	0.0
TCGA-72-4238	ovarian serous cystadenocarcinoma	False	0	0	0	0.0
TCGA-72-4240	ovarian serous cystadenocarcinoma	False	0	0	0	0.0
TCGA-72-4241	ovarian serous cystadenocarcinoma	False	0	0	0	0.0
TCGA-FA-8693	diffuse large B-cell lymphoma	False	242	0	242	5.493061443340548
TCGA-FF-A7CQ	diffuse large B-cell lymphoma	False	217	0	217	5.384495062789089
TCGA-FA-A6HN	diffuse large B-cell lymphoma	False	292	0	292	5.680172609017068
TCGA-FF-A7CW	diffuse large B-cell lymphoma	False	70	0	70	4.2626798770413155
TCGA-GS-A9TT	diffuse large B-cell lymphoma	False	381	0	381	5.945420608606575
TCGA-G8-6325	diffuse large B-cell lymphoma	False	0	0	0	0.0
TCGA-FA-A4BB	diffuse large B-cell lymphoma	False	174	0	174	5.1647859739235145
TCGA-G8-6909	diffuse large B-cell lymphoma	False	0	0	0	0.0
TCGA-G8-6914	diffuse large B-cell lymphoma	False	0	0	0	0.0
TCGA-RQ-A68N	diffuse large B-cell lymphoma	True	305	1	304	5.720311776607412
TCGA-FF-A7CR	diffuse large B-cell lymphoma	False	323	0	323	5.780743515792329
TCGA-G8-6906	diffuse large B-cell lymphoma	False	0	0	0	0.0
TCGA-VB-A8QN	diffuse large B-cell lymphoma	False	245	0	245	5.5053315359323625
TCGA-G8-6326	diffuse large B-cell lymphoma	False	0	0	0	0.0
TCGA-FF-8046	diffuse large B-cell lymphoma	False	101	0	101	4.624972813284271
TCGA-GS-A9TZ	diffuse large B-cell lymphoma	False	649	0	649	6.476972362889683
TCGA-FF-A7CX	diffuse large B-cell lymphoma	False	178	0	178	5.187385805840755
TCGA-GS-A9TU	diffuse large B-cell lymphoma	False	95	0	95	4.564348191467836
TCGA-FF-8061	diffuse large B-cell lymphoma	False	191	0	191	5.2574953720277815
TCGA-FA-A4XK	diffuse large B-cell lymphoma	False	139	0	139	4.941642422609304
TCGA-GS-A9TX	diffuse large B-cell lymphoma	False	119	0	119	4.787491742782046
TCGA-GR-7353	diffuse large B-cell lymphoma	False	0	0	0	0.0
TCGA-GS-A9TY	diffuse large B-cell lymphoma	False	236	0	236	5.4680601411351315
TCGA-GS-A9U3	diffuse large B-cell lymphoma	False	118	0	118	4.77912349311153
TCGA-FF-8043	diffuse large B-cell lymphoma	False	149	0	149	5.0106352940962555
TCGA-FM-8000	diffuse large B-cell lymphoma	False	0	0	0	0.0
TCGA-GS-A9TQ	diffuse large B-cell lymphoma	False	269	0	269	5.598421958998375
TCGA-GR-A4D9	diffuse large B-cell lymphoma	False	108	0	108	4.6913478822291435
TCGA-FA-A86F	diffuse large B-cell lymphoma	False	164	0	164	5.10594547390058
TCGA-RQ-AAAT	diffuse large B-cell lymphoma	True	269	1	268	5.594711379601839
TCGA-RQ-A6JB	diffuse large B-cell lymphoma	False	144	0	144	4.976733742420574
TCGA-FA-A7Q1	diffuse large B-cell lymphoma	True	281	1	280	5.638354669333745
TCGA-FF-8062	diffuse large B-cell lymphoma	False	0	0	0	0.0
TCGA-FA-A6HO	diffuse large B-cell lymphoma	False	87	0	87	4.477336814478207
TCGA-FF-8042	diffuse large B-cell lymphoma	False	345	0	345	5.846438775057725
TCGA-G8-6907	diffuse large B-cell lymphoma	False	0	0	0	0.0
TCGA-GR-A4D4	diffuse large B-cell lymphoma	False	139	0	139	4.941642422609304
TCGA-GR-7351	diffuse large B-cell lymphoma	False	0	0	0	0.0
TCGA-FA-A7DS	diffuse large B-cell lymphoma	False	174	0	174	5.1647859739235145
TCGA-GR-A4D6	diffuse large B-cell lymphoma	False	83	0	83	4.430816798843313
TCGA-FA-A82F	diffuse large B-cell lymphoma	False	239	0	239	5.480638923341991
TCGA-GR-A4D5	diffuse large B-cell lymphoma	False	85	0	85	4.454347296253507
TCGA-G8-6324	diffuse large B-cell lymphoma	False	0	0	0	0.0
TCGA-GS-A9TV	diffuse large B-cell lymphoma	False	132	0	132	4.890349128221754
TCGA-FF-8047	diffuse large B-cell lymphoma	False	171	0	171	5.147494476813453
TCGA-FF-8041	diffuse large B-cell lymphoma	False	281	0	281	5.641907070938114
TCGA-GS-A9U4	diffuse large B-cell lymphoma	False	50	0	50	3.9318256327243257
TCGA-GS-A9TW	diffuse large B-cell lymphoma	False	473	0	473	6.161207321695077
TCGA-77-A5GB	lung squamous cell carcinoma	True	174	1	173	5.159055299214529
TCGA-43-6771	lung squamous cell carcinoma	False	259	0	259	5.560681631015528
TCGA-34-2608	lung squamous cell carcinoma	False	196	0	196	5.2832037287379885
TCGA-56-7580	lung squamous cell carcinoma	False	175	0	175	5.170483995038151
TCGA-56-8624	lung squamous cell carcinoma	False	161	0	161	5.087596335232384
TCGA-68-7756	lung squamous cell carcinoma	False	141	0	141	4.955827057601261
TCGA-85-A4JC	lung squamous cell carcinoma	True	330	1	329	5.799092654460526
TCGA-18-3416	lung squamous cell carcinoma	True	399	1	398	5.988961416889864
TCGA-33-AASD	lung squamous cell carcinoma	False	469	0	469	6.152732694704104
TCGA-56-7582	lung squamous cell carcinoma	False	209	0	209	5.3471075307174685
TCGA-96-7544	lung squamous cell carcinoma	True	507	1	506	6.2285110035911835
TCGA-18-3410	lung squamous cell carcinoma	True	254	1	253	5.537334267018537
TCGA-22-4609	lung squamous cell carcinoma	False	257	0	257	5.552959584921617
TCGA-22-5482	lung squamous cell carcinoma	False	215	0	215	5.375278407684165
TCGA-34-2609	lung squamous cell carcinoma	True	315	1	314	5.752572638825633
TCGA-46-6026	lung squamous cell carcinoma	True	276	1	275	5.62040086571715
TCGA-56-A5DR	lung squamous cell carcinoma	False	0	0	0	0.0
TCGA-77-A5GH	lung squamous cell carcinoma	True	354	1	353	5.869296913133774
TCGA-22-4591	lung squamous cell carcinoma	False	274	0	274	5.616771097666572
TCGA-33-6738	lung squamous cell carcinoma	False	437	0	437	6.082218910376446
TCGA-34-A5IX	lung squamous cell carcinoma	False	366	0	366	5.905361848054571
TCGA-94-7943	lung squamous cell carcinoma	False	256	0	256	5.54907608489522
TCGA-22-5478	lung squamous cell carcinoma	False	237	0	237	5.472270673671475
TCGA-34-5241	lung squamous cell carcinoma	False	263	0	263	5.575949103146316
TCGA-56-7221	lung squamous cell carcinoma	False	375	0	375	5.929589143389895
TCGA-56-8308	lung squamous cell carcinoma	False	447	0	447	6.104793232414985
TCGA-66-2770	lung squamous cell carcinoma	False	330	0	330	5.802118375377063
TCGA-77-6842	lung squamous cell carcinoma	False	472	0	472	6.159095388491933
TCGA-NC-A5HD	lung squamous cell carcinoma	False	583	0	583	6.369900982828227
TCGA-22-5473	lung squamous cell carcinoma	False	1039	0	1039	6.946975992135418
TCGA-43-5668	lung squamous cell carcinoma	True	850	2	848	6.744059186311348
TCGA-56-8628	lung squamous cell carcinoma	True	539	1	538	6.289715570908998
TCGA-56-A62T	lung squamous cell carcinoma	False	645	0	645	6.470799503782602
TCGA-63-A5MS	lung squamous cell carcinoma	False	509	0	509	6.234410725718371
TCGA-68-8251	lung squamous cell carcinoma	False	398	0	398	5.988961416889864
TCGA-O2-A52N	lung squamous cell carcinoma	False	651	0	651	6.480044561926653
TCGA-18-3415	lung squamous cell carcinoma	True	244	1	243	5.497168225293202
TCGA-21-1078	lung squamous cell carcinoma	False	104	0	104	4.653960350157523
TCGA-21-A5DI	lung squamous cell carcinoma	True	179	1	178	5.187385805840755
TCGA-22-4593	lung squamous cell carcinoma	True	241	1	240	5.484796933490655
TCGA-98-A53J	lung squamous cell carcinoma	False	146	0	146	4.990432586778736
TCGA-NC-A5HN	lung squamous cell carcinoma	False	758	0	758	6.63200177739563
TCGA-NK-A5CR	lung squamous cell carcinoma	False	398	0	398	5.988961416889864
TCGA-21-5783	lung squamous cell carcinoma	False	549	0	549	6.309918278226516
TCGA-22-1000	lung squamous cell carcinoma	False	124	0	124	4.8283137373023015
TCGA-34-2605	lung squamous cell carcinoma	False	487	0	487	6.1903154058531475
TCGA-39-5022	lung squamous cell carcinoma	False	256	0	256	5.54907608489522
TCGA-39-5039	lung squamous cell carcinoma	False	215	0	215	5.375278407684165
TCGA-43-6773	lung squamous cell carcinoma	False	80	0	80	4.394449154672439
TCGA-46-3767	lung squamous cell carcinoma	False	170	0	170	5.14166355650266
TCGA-63-A5MW	lung squamous cell carcinoma	False	603	0	603	6.403574197934815
TCGA-77-8143	lung squamous cell carcinoma	False	186	0	186	5.231108616854587
TCGA-77-A5GA	lung squamous cell carcinoma	True	200	1	199	5.298317366548036
TCGA-NC-A5HM	lung squamous cell carcinoma	False	367	0	367	5.908082938168931
TCGA-21-1072	lung squamous cell carcinoma	False	0	0	0	0.0
TCGA-21-1083	lung squamous cell carcinoma	False	940	0	940	6.846943139585379
TCGA-22-4607	lung squamous cell carcinoma	False	87	0	87	4.477336814478207
TCGA-22-5471	lung squamous cell carcinoma	False	304	0	304	5.720311776607412
TCGA-34-5239	lung squamous cell carcinoma	False	317	0	317	5.762051382780177
TCGA-39-5028	lung squamous cell carcinoma	False	225	0	225	5.420534999272286
TCGA-56-7822	lung squamous cell carcinoma	False	474	0	474	6.163314804034641
TCGA-58-8386	lung squamous cell carcinoma	False	330	0	330	5.802118375377063
TCGA-66-2769	lung squamous cell carcinoma	False	463	0	463	6.139884552226255
TCGA-77-7463	lung squamous cell carcinoma	False	505	0	505	6.226536669287466
TCGA-77-A5G1	lung squamous cell carcinoma	False	206	0	206	5.332718793265369
TCGA-18-3409	lung squamous cell carcinoma	True	4284	7	4277	8.361240889642351
TCGA-18-4721	lung squamous cell carcinoma	False	231	0	231	5.44673737166631
TCGA-22-5474	lung squamous cell carcinoma	True	115	1	114	4.74493212836325
TCGA-22-5483	lung squamous cell carcinoma	True	309	1	308	5.733341276897746
TCGA-22-5491	lung squamous cell carcinoma	True	429	1	428	6.061456918928017
TCGA-52-7809	lung squamous cell carcinoma	True	314	1	313	5.749392985908253
TCGA-56-5897	lung squamous cell carcinoma	False	129	0	129	4.867534450455582
TCGA-56-8201	lung squamous cell carcinoma	False	206	0	206	5.332718793265369
TCGA-56-8504	lung squamous cell carcinoma	False	303	0	303	5.717027701406222
TCGA-60-2725	lung squamous cell carcinoma	False	194	0	194	5.272999558563747
TCGA-63-A5MT	lung squamous cell carcinoma	False	305	0	305	5.723585101952381
TCGA-68-7757	lung squamous cell carcinoma	False	387	0	387	5.961005339623274
TCGA-77-6843	lung squamous cell carcinoma	False	230	0	230	5.442417710521793
TCGA-77-6844	lung squamous cell carcinoma	True	256	1	255	5.545177444479562
TCGA-77-8133	lung squamous cell carcinoma	True	486	1	485	6.186208623900494
TCGA-77-8138	lung squamous cell carcinoma	False	130	0	130	4.875197323201151
TCGA-85-A4JB	lung squamous cell carcinoma	True	607	1	606	6.408528791059498
TCGA-NC-A5HF	lung squamous cell carcinoma	False	328	0	328	5.796057750765372
TCGA-18-3414	lung squamous cell carcinoma	False	391	0	391	5.971261839790462
TCGA-18-3419	lung squamous cell carcinoma	False	0	0	0	0.0
TCGA-22-1011	lung squamous cell carcinoma	False	135	0	135	4.912654885736052
TCGA-22-4604	lung squamous cell carcinoma	True	320	1	319	5.768320995793772
TCGA-33-4583	lung squamous cell carcinoma	False	770	0	770	6.647688373563329
TCGA-39-5027	lung squamous cell carcinoma	False	0	0	0	0.0
TCGA-39-5036	lung squamous cell carcinoma	False	338	0	338	5.82600010738045
TCGA-43-8116	lung squamous cell carcinoma	False	470	0	470	6.154858094016418
TCGA-56-7730	lung squamous cell carcinoma	False	475	0	475	6.16541785423142
TCGA-58-A46L	lung squamous cell carcinoma	False	284	0	284	5.652489180268651
TCGA-60-2703	lung squamous cell carcinoma	False	378	0	378	5.937536205082426
TCGA-60-2704	lung squamous cell carcinoma	False	256	0	256	5.54907608489522
TCGA-60-2721	lung squamous cell carcinoma	True	274	1	273	5.6131281063880705
TCGA-66-2789	lung squamous cell carcinoma	False	449	0	449	6.1092475827643655
TCGA-77-8145	lung squamous cell carcinoma	False	157	0	157	5.062595033026967
TCGA-85-7699	lung squamous cell carcinoma	False	246	0	246	5.5093883366279774
TCGA-85-8664	lung squamous cell carcinoma	False	295	0	295	5.69035945432406
TCGA-94-7033	lung squamous cell carcinoma	False	163	0	163	5.099866427824199
TCGA-94-7557	lung squamous cell carcinoma	False	142	0	142	4.962844630259907
TCGA-94-8491	lung squamous cell carcinoma	True	703	1	702	6.555356891810665
TCGA-96-7545	lung squamous cell carcinoma	False	155	0	155	5.049856007249537
TCGA-98-7454	lung squamous cell carcinoma	False	266	0	266	5.58724865840025
TCGA-NC-A5HL	lung squamous cell carcinoma	True	276	1	275	5.62040086571715
TCGA-NK-A5CX	lung squamous cell carcinoma	False	222	0	222	5.407171771460119
TCGA-18-3407	lung squamous cell carcinoma	True	95	1	94	4.553876891600541
TCGA-34-5231	lung squamous cell carcinoma	False	860	0	860	6.7580945044277305
TCGA-56-8305	lung squamous cell carcinoma	False	504	0	504	6.22455842927536
TCGA-66-2737	lung squamous cell carcinoma	False	0	0	0	0.0
TCGA-66-2790	lung squamous cell carcinoma	False	0	0	0	0.0
TCGA-77-8131	lung squamous cell carcinoma	False	91	0	91	4.5217885770490405
TCGA-77-8139	lung squamous cell carcinoma	False	272	0	272	5.60947179518496
TCGA-77-8146	lung squamous cell carcinoma	False	208	0	208	5.342334251964811
TCGA-85-8287	lung squamous cell carcinoma	True	325	1	324	5.783825182329737
TCGA-85-8351	lung squamous cell carcinoma	False	192	0	192	5.262690188904886
TCGA-85-8353	lung squamous cell carcinoma	False	228	0	228	5.43372200355424
TCGA-21-1079	lung squamous cell carcinoma	False	0	0	0	0.0
TCGA-22-0940	lung squamous cell carcinoma	False	282	0	282	5.645446897643238
TCGA-33-6737	lung squamous cell carcinoma	False	572	0	572	6.35088571671474
TCGA-43-3920	lung squamous cell carcinoma	False	342	0	342	5.8377304471659395
TCGA-43-7656	lung squamous cell carcinoma	False	436	0	436	6.07993319509559
TCGA-46-6025	lung squamous cell carcinoma	False	246	0	246	5.5093883366279774
TCGA-56-8623	lung squamous cell carcinoma	False	0	0	0	0.0
TCGA-66-2744	lung squamous cell carcinoma	False	258	0	258	5.556828061699537
TCGA-66-2758	lung squamous cell carcinoma	False	447	0	447	6.104793232414985
TCGA-66-2777	lung squamous cell carcinoma	False	219	0	219	5.393627546352362
TCGA-66-2782	lung squamous cell carcinoma	False	478	0	478	6.171700597410915
TCGA-85-7844	lung squamous cell carcinoma	True	226	1	225	5.420534999272286
TCGA-85-8070	lung squamous cell carcinoma	False	291	0	291	5.676753802268282
TCGA-85-8584	lung squamous cell carcinoma	False	340	0	340	5.831882477283517
TCGA-92-7341	lung squamous cell carcinoma	False	220	0	220	5.3981627015177525
TCGA-L3-A4E7	lung squamous cell carcinoma	False	128	0	128	4.859812404361672
TCGA-LA-A7SW	lung squamous cell carcinoma	True	125	1	124	4.8283137373023015
TCGA-22-A5C4	lung squamous cell carcinoma	False	468	0	468	6.150602768446279
TCGA-34-2596	lung squamous cell carcinoma	False	343	0	343	5.840641657373398
TCGA-34-7107	lung squamous cell carcinoma	False	338	0	338	5.82600010738045
TCGA-39-5019	lung squamous cell carcinoma	False	232	0	232	5.4510384535657
TCGA-39-5021	lung squamous cell carcinoma	False	201	0	201	5.308267697401205
TCGA-43-5670	lung squamous cell carcinoma	False	174	0	174	5.1647859739235145
TCGA-43-6143	lung squamous cell carcinoma	False	418	0	418	6.037870919922137
TCGA-56-A4BX	lung squamous cell carcinoma	False	0	0	0	0.0
TCGA-58-8390	lung squamous cell carcinoma	False	0	0	0	0.0
TCGA-58-8392	lung squamous cell carcinoma	False	0	0	0	0.0
TCGA-60-2707	lung squamous cell carcinoma	False	142	0	142	4.962844630259907
TCGA-66-2742	lung squamous cell carcinoma	False	288	0	288	5.666426688112432
TCGA-66-2800	lung squamous cell carcinoma	False	264	0	264	5.579729825986222
TCGA-77-8144	lung squamous cell carcinoma	True	500	2	498	6.212606095751519
TCGA-77-A5G8	lung squamous cell carcinoma	False	288	0	288	5.666426688112432
TCGA-77-A5GF	lung squamous cell carcinoma	False	154	0	154	5.043425116919247
TCGA-85-8277	lung squamous cell carcinoma	False	309	0	309	5.736572297479192
TCGA-85-8288	lung squamous cell carcinoma	False	321	0	321	5.7745515455444085
TCGA-85-8481	lung squamous cell carcinoma	True	402	1	401	5.996452088619021
TCGA-90-7964	lung squamous cell carcinoma	True	612	1	611	6.416732282512326
TCGA-94-8490	lung squamous cell carcinoma	True	1257	1	1256	7.136483208590247
TCGA-98-8023	lung squamous cell carcinoma	False	257	0	257	5.552959584921617
TCGA-98-A53A	lung squamous cell carcinoma	False	430	0	430	6.066108090103747
TCGA-J1-A4AH	lung squamous cell carcinoma	False	237	0	237	5.472270673671475
TCGA-NC-A5HQ	lung squamous cell carcinoma	True	441	1	440	6.089044875446846
TCGA-NK-A5CT	lung squamous cell carcinoma	False	418	0	418	6.037870919922137
TCGA-21-1081	lung squamous cell carcinoma	False	266	0	266	5.58724865840025
TCGA-22-1002	lung squamous cell carcinoma	True	304	1	303	5.717027701406222
TCGA-37-3792	lung squamous cell carcinoma	False	1150	0	1150	7.048386408721883
TCGA-56-5898	lung squamous cell carcinoma	False	183	0	183	5.214935757608986
TCGA-60-2709	lung squamous cell carcinoma	False	216	0	216	5.37989735354046
TCGA-63-A5MV	lung squamous cell carcinoma	True	157	1	156	5.056245805348308
TCGA-66-2753	lung squamous cell carcinoma	False	0	0	0	0.0
TCGA-66-2773	lung squamous cell carcinoma	False	767	0	767	6.643789733147672
TCGA-77-6845	lung squamous cell carcinoma	False	307	0	307	5.730099782973574
TCGA-77-8130	lung squamous cell carcinoma	False	233	0	233	5.455321115357702
TCGA-90-A4ED	lung squamous cell carcinoma	True	2746	1	2745	7.917900586327916
TCGA-98-A53B	lung squamous cell carcinoma	False	203	0	203	5.318119993844216
TCGA-NC-A5HP	lung squamous cell carcinoma	True	521	1	520	6.255750041753367
TCGA-NC-A5HT	lung squamous cell carcinoma	False	432	0	432	6.07073772800249
TCGA-33-4532	lung squamous cell carcinoma	True	504	3	501	6.218600119691729
TCGA-33-4547	lung squamous cell carcinoma	True	255	1	254	5.541263545158426
TCGA-37-4135	lung squamous cell carcinoma	True	405	1	404	6.003887067106539
TCGA-52-7812	lung squamous cell carcinoma	False	384	0	384	5.953243334287785
TCGA-56-8622	lung squamous cell carcinoma	False	302	0	302	5.713732805509369
TCGA-63-A5MG	lung squamous cell carcinoma	True	143	1	142	4.962844630259907
TCGA-63-A5MH	lung squamous cell carcinoma	True	294	1	293	5.683579767338681
TCGA-63-A5ML	lung squamous cell carcinoma	False	320	0	320	5.771441123130016
TCGA-66-2756	lung squamous cell carcinoma	True	650	1	649	6.476972362889683
TCGA-66-2793	lung squamous cell carcinoma	False	396	0	396	5.983936280687191
TCGA-66-2795	lung squamous cell carcinoma	True	374	1	373	5.924255797414532
TCGA-77-8007	lung squamous cell carcinoma	False	121	0	121	4.804021044733257
TCGA-77-8008	lung squamous cell carcinoma	False	224	0	224	5.41610040220442
TCGA-77-8009	lung squamous cell carcinoma	False	221	0	221	5.402677381872279
TCGA-77-8148	lung squamous cell carcinoma	False	339	0	339	5.8289456176102075
TCGA-85-A4QQ	lung squamous cell carcinoma	False	405	0	405	6.0063531596017325
TCGA-98-A53D	lung squamous cell carcinoma	False	0	0	0	0.0
TCGA-LA-A446	lung squamous cell carcinoma	False	431	0	431	6.068425588244111
TCGA-18-3406	lung squamous cell carcinoma	False	279	0	279	5.634789603169249
TCGA-21-1071	lung squamous cell carcinoma	True	220	1	219	5.393627546352362
TCGA-22-5472	lung squamous cell carcinoma	False	517	0	517	6.249975242259483
TCGA-33-A5GW	lung squamous cell carcinoma	False	257	0	257	5.552959584921617
TCGA-34-8455	lung squamous cell carcinoma	False	633	0	633	6.452048954437226
TCGA-39-5029	lung squamous cell carcinoma	False	184	0	184	5.220355825078324
TCGA-52-7811	lung squamous cell carcinoma	False	192	0	192	5.262690188904886
TCGA-56-6546	lung squamous cell carcinoma	False	437	0	437	6.082218910376446
TCGA-56-A49D	lung squamous cell carcinoma	False	383	0	383	5.950642552587727
TCGA-66-2754	lung squamous cell carcinoma	False	355	0	355	5.87493073085203
TCGA-66-2781	lung squamous cell carcinoma	False	174	0	174	5.1647859739235145
TCGA-66-2783	lung squamous cell carcinoma	False	316	0	316	5.75890177387728
TCGA-77-7138	lung squamous cell carcinoma	False	0	0	0	0.0
TCGA-77-8154	lung squamous cell carcinoma	True	265	1	264	5.579729825986222
TCGA-85-8352	lung squamous cell carcinoma	False	342	0	342	5.8377304471659395
TCGA-85-A4QR	lung squamous cell carcinoma	False	287	0	287	5.662960480135946
TCGA-98-A538	lung squamous cell carcinoma	True	869	2	867	6.7661917146603505
TCGA-21-1080	lung squamous cell carcinoma	False	0	0	0	0.0
TCGA-33-4538	lung squamous cell carcinoma	False	231	0	231	5.44673737166631
TCGA-33-AASB	lung squamous cell carcinoma	False	475	0	475	6.16541785423142
TCGA-43-A474	lung squamous cell carcinoma	True	482	2	480	6.175867270105761
TCGA-56-7223	lung squamous cell carcinoma	True	383	2	381	5.945420608606575
TCGA-56-8309	lung squamous cell carcinoma	False	164	0	164	5.10594547390058
TCGA-56-A4BY	lung squamous cell carcinoma	False	193	0	193	5.267858159063328
TCGA-60-2722	lung squamous cell carcinoma	False	400	0	400	5.993961427306569
TCGA-66-2759	lung squamous cell carcinoma	True	563	2	561	6.331501849893691
TCGA-66-2791	lung squamous cell carcinoma	True	396	1	395	5.981414211254481
TCGA-68-8250	lung squamous cell carcinoma	False	385	0	385	5.955837369464831
TCGA-77-A5G6	lung squamous cell carcinoma	False	640	0	640	6.46302945692067
TCGA-85-6561	lung squamous cell carcinoma	False	321	0	321	5.7745515455444085
TCGA-85-8479	lung squamous cell carcinoma	False	153	0	153	5.0369526024136295
TCGA-NK-A7XE	lung squamous cell carcinoma	False	134	0	134	4.90527477843843
TCGA-18-3417	lung squamous cell carcinoma	False	361	0	361	5.8916442118257715
TCGA-18-3421	lung squamous cell carcinoma	False	397	0	397	5.986452005284438
TCGA-21-5787	lung squamous cell carcinoma	False	529	0	529	6.272877006546167
TCGA-22-1016	lung squamous cell carcinoma	False	459	0	459	6.131226489483141
TCGA-22-5477	lung squamous cell carcinoma	True	224	1	223	5.4116460518550396
TCGA-37-3789	lung squamous cell carcinoma	False	378	0	378	5.937536205082426
TCGA-39-5037	lung squamous cell carcinoma	True	308	1	307	5.730099782973574
TCGA-51-4080	lung squamous cell carcinoma	False	366	0	366	5.905361848054571
TCGA-63-A5MI	lung squamous cell carcinoma	False	275	0	275	5.62040086571715
TCGA-66-2780	lung squamous cell carcinoma	False	185	0	185	5.225746673713202
TCGA-66-2785	lung squamous cell carcinoma	False	1487	0	1487	7.305188215393037
TCGA-70-6723	lung squamous cell carcinoma	False	147	0	147	4.997212273764115
TCGA-77-7337	lung squamous cell carcinoma	True	446	1	445	6.100318952020064
TCGA-85-8666	lung squamous cell carcinoma	False	304	0	304	5.720311776607412
TCGA-85-A4CL	lung squamous cell carcinoma	True	1048	1	1047	6.954638864880987
TCGA-96-A4JK	lung squamous cell carcinoma	False	654	0	654	6.484635235635252
TCGA-18-4086	lung squamous cell carcinoma	False	0	0	0	0.0
TCGA-21-1077	lung squamous cell carcinoma	False	306	0	306	5.726847747587197
TCGA-21-5786	lung squamous cell carcinoma	False	496	0	496	6.208590026096629
TCGA-22-5479	lung squamous cell carcinoma	False	651	0	651	6.480044561926653
TCGA-22-5489	lung squamous cell carcinoma	False	316	0	316	5.75890177387728
TCGA-37-5819	lung squamous cell carcinoma	True	958	1	957	6.86484777797086
TCGA-58-A46J	lung squamous cell carcinoma	False	229	0	229	5.438079308923196
TCGA-60-2713	lung squamous cell carcinoma	False	330	0	330	5.802118375377063
TCGA-66-2765	lung squamous cell carcinoma	True	117	1	116	4.762173934797756
TCGA-66-2794	lung squamous cell carcinoma	False	207	0	207	5.337538079701318
TCGA-77-7141	lung squamous cell carcinoma	True	881	1	880	6.78105762593618
TCGA-77-7338	lung squamous cell carcinoma	False	175	0	175	5.170483995038151
TCGA-77-8150	lung squamous cell carcinoma	False	163	0	163	5.099866427824199
TCGA-77-A5FZ	lung squamous cell carcinoma	False	1	0	1	0.6931471805599453
TCGA-85-7696	lung squamous cell carcinoma	False	271	0	271	5.605802066295998
TCGA-90-6837	lung squamous cell carcinoma	False	0	0	0	0.0
TCGA-94-8035	lung squamous cell carcinoma	False	260	0	260	5.564520407322694
TCGA-98-A53I	lung squamous cell carcinoma	False	508	0	508	6.2324480165505225
TCGA-18-4083	lung squamous cell carcinoma	True	481	1	480	6.175867270105761
TCGA-22-1005	lung squamous cell carcinoma	False	351	0	351	5.863631175598097
TCGA-37-4133	lung squamous cell carcinoma	False	374	0	374	5.926926025970411
TCGA-56-8629	lung squamous cell carcinoma	False	289	0	289	5.66988092298052
TCGA-63-A5MY	lung squamous cell carcinoma	True	223	2	221	5.402677381872279
TCGA-66-2755	lung squamous cell carcinoma	False	300	0	300	5.707110264748875
TCGA-77-A5G3	lung squamous cell carcinoma	True	809	1	808	6.695798917058491
TCGA-77-A5G7	lung squamous cell carcinoma	False	132	0	132	4.890349128221754
TCGA-85-8355	lung squamous cell carcinoma	False	292	0	292	5.680172609017068
TCGA-85-A53L	lung squamous cell carcinoma	False	249	0	249	5.521460917862246
TCGA-98-A539	lung squamous cell carcinoma	False	237	0	237	5.472270673671475
TCGA-O2-A52W	lung squamous cell carcinoma	False	161	0	161	5.087596335232384
TCGA-22-1017	lung squamous cell carcinoma	False	0	0	0	0.0
TCGA-60-2698	lung squamous cell carcinoma	False	1414	0	1414	7.254884810077338
TCGA-63-A5MB	lung squamous cell carcinoma	False	432	0	432	6.07073772800249
TCGA-66-2767	lung squamous cell carcinoma	False	428	0	428	6.061456918928017
TCGA-85-8048	lung squamous cell carcinoma	False	153	0	153	5.0369526024136295
TCGA-85-8276	lung squamous cell carcinoma	True	361	2	359	5.886104031450156
TCGA-85-A511	lung squamous cell carcinoma	False	269	0	269	5.598421958998375
TCGA-94-A5I6	lung squamous cell carcinoma	False	223	0	223	5.4116460518550396
TCGA-21-1082	lung squamous cell carcinoma	False	509	0	509	6.234410725718371
TCGA-22-0944	lung squamous cell carcinoma	False	169	0	169	5.135798437050262
TCGA-43-A56V	lung squamous cell carcinoma	True	282	1	281	5.641907070938114
TCGA-56-7579	lung squamous cell carcinoma	False	326	0	326	5.7899601708972535
TCGA-58-A46M	lung squamous cell carcinoma	False	550	0	550	6.311734809152915
TCGA-85-8350	lung squamous cell carcinoma	False	406	0	406	6.008813185442595
TCGA-85-A4PA	lung squamous cell carcinoma	False	13	0	13	2.6390573296152584
TCGA-94-A5I4	lung squamous cell carcinoma	False	320	0	320	5.771441123130016
TCGA-98-8022	lung squamous cell carcinoma	True	316	1	315	5.755742213586912
TCGA-33-A4WN	lung squamous cell carcinoma	False	263	0	263	5.575949103146316
TCGA-33-AASJ	lung squamous cell carcinoma	False	234	0	234	5.459585514144159
TCGA-34-5236	lung squamous cell carcinoma	False	277	0	277	5.627621113690637
TCGA-56-7222	lung squamous cell carcinoma	False	518	0	518	6.251903883165888
TCGA-58-8387	lung squamous cell carcinoma	False	238	0	238	5.476463551931511
TCGA-58-8388	lung squamous cell carcinoma	False	232	0	232	5.4510384535657
TCGA-66-2771	lung squamous cell carcinoma	False	332	0	332	5.808142489980444
TCGA-77-8128	lung squamous cell carcinoma	True	390	1	389	5.966146739123692
TCGA-77-8156	lung squamous cell carcinoma	False	275	0	275	5.62040086571715
TCGA-85-8072	lung squamous cell carcinoma	False	232	0	232	5.4510384535657
TCGA-NC-A5HE	lung squamous cell carcinoma	True	258	1	257	5.552959584921617
TCGA-37-A5EN	lung squamous cell carcinoma	True	305	2	303	5.717027701406222
TCGA-39-5040	lung squamous cell carcinoma	False	626	0	626	6.440946540632921
TCGA-56-8626	lung squamous cell carcinoma	False	333	0	333	5.811140992976701
TCGA-58-A46K	lung squamous cell carcinoma	False	196	0	196	5.2832037287379885
TCGA-85-6560	lung squamous cell carcinoma	True	538	1	537	6.2878585601617845
TCGA-NC-A5HG	lung squamous cell carcinoma	False	797	0	797	6.682108597449809
TCGA-NC-A5HJ	lung squamous cell carcinoma	False	517	0	517	6.249975242259483
TCGA-46-3768	lung squamous cell carcinoma	False	367	0	367	5.908082938168931
TCGA-56-1622	lung squamous cell carcinoma	False	298	0	298	5.700443573390687
TCGA-60-2706	lung squamous cell carcinoma	False	0	0	0	0.0
TCGA-66-2792	lung squamous cell carcinoma	False	182	0	182	5.209486152841421
TCGA-77-7465	lung squamous cell carcinoma	False	501	0	501	6.218600119691729
TCGA-85-A5B5	lung squamous cell carcinoma	False	483	0	483	6.182084906716632
TCGA-92-8064	lung squamous cell carcinoma	False	286	0	286	5.659482215759621
TCGA-18-5592	lung squamous cell carcinoma	False	382	0	382	5.948034989180646
TCGA-21-1075	lung squamous cell carcinoma	False	0	0	0	0.0
TCGA-22-4595	lung squamous cell carcinoma	True	421	1	420	6.042632833682381
TCGA-33-4586	lung squamous cell carcinoma	False	474	0	474	6.163314804034641
TCGA-46-3769	lung squamous cell carcinoma	True	1168	1	1167	7.0630481633881725
TCGA-66-2768	lung squamous cell carcinoma	False	0	0	0	0.0
TCGA-66-2787	lung squamous cell carcinoma	False	586	0	586	6.375024819828097
TCGA-85-6798	lung squamous cell carcinoma	False	348	0	348	5.855071922202427
TCGA-85-8049	lung squamous cell carcinoma	False	278	0	278	5.631211781821365
TCGA-85-A50Z	lung squamous cell carcinoma	False	587	0	587	6.376726947898627
TCGA-NK-A5D1	lung squamous cell carcinoma	False	163	0	163	5.099866427824199
TCGA-37-4130	lung squamous cell carcinoma	False	1454	0	1454	7.282761179605593
TCGA-56-8083	lung squamous cell carcinoma	False	212	0	212	5.3612921657094255
TCGA-60-2726	lung squamous cell carcinoma	False	439	0	439	6.0867747269123065
TCGA-63-A5MP	lung squamous cell carcinoma	False	240	0	240	5.484796933490655
TCGA-66-2788	lung squamous cell carcinoma	False	262	0	262	5.572154032177765
TCGA-77-7139	lung squamous cell carcinoma	False	241	0	241	5.488937726156687
TCGA-90-7767	lung squamous cell carcinoma	False	142	0	142	4.962844630259907
TCGA-33-4582	lung squamous cell carcinoma	False	255	0	255	5.545177444479562
TCGA-51-4081	lung squamous cell carcinoma	False	255	0	255	5.545177444479562
TCGA-56-A4BW	lung squamous cell carcinoma	False	302	0	302	5.713732805509369
TCGA-90-7769	lung squamous cell carcinoma	True	653	1	652	6.481577129276431
TCGA-63-A5MJ	lung squamous cell carcinoma	False	252	0	252	5.53338948872752
TCGA-66-2766	lung squamous cell carcinoma	False	517	0	517	6.249975242259483
TCGA-MF-A522	lung squamous cell carcinoma	False	768	0	768	6.645090969505644
TCGA-37-A5EL	lung squamous cell carcinoma	False	551	0	551	6.313548046277095
TCGA-85-8052	lung squamous cell carcinoma	False	164	0	164	5.10594547390058
TCGA-85-8354	lung squamous cell carcinoma	True	282	1	281	5.641907070938114
TCGA-90-A4EE	lung squamous cell carcinoma	False	460	0	460	6.133398042996649
TCGA-NC-A5HH	lung squamous cell carcinoma	True	450	2	448	6.1070228877422545
TCGA-18-3412	lung squamous cell carcinoma	False	150	0	150	5.017279836814924
TCGA-43-3394	lung squamous cell carcinoma	False	185	0	185	5.225746673713202
TCGA-58-A46N	lung squamous cell carcinoma	False	273	0	273	5.6131281063880705
TCGA-85-8071	lung squamous cell carcinoma	False	492	0	492	6.20050917404269
TCGA-92-8063	lung squamous cell carcinoma	True	462	1	461	6.135564891081739
TCGA-37-3783	lung squamous cell carcinoma	False	511	0	511	6.238324625039508
TCGA-60-2715	lung squamous cell carcinoma	False	163	0	163	5.099866427824199
TCGA-18-5595	lung squamous cell carcinoma	False	321	0	321	5.7745515455444085
TCGA-85-7843	lung squamous cell carcinoma	False	299	0	299	5.703782474656201
TCGA-37-A5EM	lung squamous cell carcinoma	True	447	1	446	6.102558594613569
TCGA-85-7697	lung squamous cell carcinoma	False	357	0	357	5.8805329864007
TCGA-85-8582	lung squamous cell carcinoma	False	408	0	408	6.013715156042802
TCGA-63-A5MU	lung squamous cell carcinoma	False	284	0	284	5.652489180268651
TCGA-85-7698	lung squamous cell carcinoma	True	174	1	173	5.159055299214529
TCGA-60-2724	lung squamous cell carcinoma	False	455	0	455	6.1224928095143865
TCGA-70-6722	lung squamous cell carcinoma	True	379	2	377	5.934894195619588
TCGA-85-A50M	lung squamous cell carcinoma	False	110	0	110	4.709530201312334
TCGA-85-7950	lung squamous cell carcinoma	True	339	1	338	5.82600010738045
TCGA-85-A512	lung squamous cell carcinoma	False	209	0	209	5.3471075307174685
TCGA-39-5016	lung squamous cell carcinoma	True	498	1	497	6.210600077024653
TCGA-60-2697	lung squamous cell carcinoma	False	14	0	14	2.70805020110221
TCGA-33-4566	lung squamous cell carcinoma	True	1685	2	1683	7.428927194802272
TCGA-60-2716	lung squamous cell carcinoma	False	23	0	23	3.1780538303479458
TCGA-63-5128	lung squamous cell carcinoma	False	387	0	387	5.961005339623274
TCGA-63-5131	lung squamous cell carcinoma	False	402	0	402	5.998936561946683
TCGA-63-6202	lung squamous cell carcinoma	False	431	0	431	6.068425588244111
TCGA-63-7020	lung squamous cell carcinoma	False	237	0	237	5.472270673671475
TCGA-63-7021	lung squamous cell carcinoma	False	319	0	319	5.768320995793772
TCGA-63-7023	lung squamous cell carcinoma	False	191	0	191	5.2574953720277815
TCGA-79-5596	lung squamous cell carcinoma	False	260	0	260	5.564520407322694
TCGA-34-5928	lung squamous cell carcinoma	False	459	0	459	6.131226489483141
TCGA-60-2719	lung squamous cell carcinoma	False	289	0	289	5.66988092298052
TCGA-34-2604	lung squamous cell carcinoma	True	775	2	773	6.651571873589727
TCGA-39-5030	lung squamous cell carcinoma	True	292	1	291	5.676753802268282
TCGA-21-5784	lung squamous cell carcinoma	False	263	0	263	5.575949103146316
TCGA-22-1012	lung squamous cell carcinoma	False	359	0	359	5.886104031450156
TCGA-56-8082	lung squamous cell carcinoma	True	289	2	287	5.662960480135946
TCGA-60-2712	lung squamous cell carcinoma	False	119	0	119	4.787491742782046
TCGA-22-4605	lung squamous cell carcinoma	False	116	0	116	4.762173934797756
TCGA-34-5929	lung squamous cell carcinoma	False	281	0	281	5.641907070938114
TCGA-63-A5MN	lung squamous cell carcinoma	False	50	0	50	3.9318256327243257
TCGA-96-A4JL	lung squamous cell carcinoma	False	77	0	77	4.356708826689592
TCGA-18-3408	lung squamous cell carcinoma	False	106	0	106	4.672828834461906
TCGA-56-6545	lung squamous cell carcinoma	False	371	0	371	5.918893854273146
TCGA-77-8153	lung squamous cell carcinoma	False	227	0	227	5.429345628954441
TCGA-98-A53C	lung squamous cell carcinoma	False	4	0	4	1.6094379124341003
TCGA-XC-AA0X	lung squamous cell carcinoma	False	238	0	238	5.476463551931511
TCGA-33-4533	lung squamous cell carcinoma	False	386	0	386	5.958424693029782
TCGA-34-2600	lung squamous cell carcinoma	False	577	0	577	6.359573868672378
TCGA-39-5031	lung squamous cell carcinoma	False	852	0	852	6.748759547491679
TCGA-43-A56U	lung squamous cell carcinoma	True	323	1	322	5.777652323222656
TCGA-56-8503	lung squamous cell carcinoma	False	211	0	211	5.356586274672012
TCGA-56-A4ZK	lung squamous cell carcinoma	True	305	1	304	5.720311776607412
TCGA-60-2696	lung squamous cell carcinoma	False	0	0	0	0.0
TCGA-98-A53H	lung squamous cell carcinoma	False	37	0	37	3.6375861597263857
TCGA-34-5232	lung squamous cell carcinoma	False	260	0	260	5.564520407322694
TCGA-43-7658	lung squamous cell carcinoma	True	270	1	269	5.598421958998375
TCGA-56-A4ZJ	lung squamous cell carcinoma	False	146	0	146	4.990432586778736
TCGA-96-8170	lung squamous cell carcinoma	False	338	0	338	5.82600010738045
TCGA-98-8021	lung squamous cell carcinoma	True	1297	1	1296	7.167809184316444
TCGA-NC-A5HR	lung squamous cell carcinoma	False	421	0	421	6.045005314036012
TCGA-O2-A52V	lung squamous cell carcinoma	False	342	0	342	5.8377304471659395
TCGA-60-2695	lung squamous cell carcinoma	False	278	0	278	5.631211781821365
TCGA-60-2723	lung squamous cell carcinoma	False	372	0	372	5.921578419643816
TCGA-68-A59J	lung squamous cell carcinoma	True	489	1	488	6.192362489474872
TCGA-77-8136	lung squamous cell carcinoma	True	567	1	566	6.340359303727752
TCGA-85-A510	lung squamous cell carcinoma	False	193	0	193	5.267858159063328
TCGA-92-8065	lung squamous cell carcinoma	False	357	0	357	5.8805329864007
TCGA-22-4599	lung squamous cell carcinoma	False	461	0	461	6.135564891081739
TCGA-22-4601	lung squamous cell carcinoma	False	246	0	246	5.5093883366279774
TCGA-22-4613	lung squamous cell carcinoma	False	812	0	812	6.70073110954781
TCGA-22-5492	lung squamous cell carcinoma	True	298	1	297	5.697093486505405
TCGA-34-5240	lung squamous cell carcinoma	False	228	0	228	5.43372200355424
TCGA-39-5034	lung squamous cell carcinoma	False	798	0	798	6.683360945766275
TCGA-51-4079	lung squamous cell carcinoma	True	528	1	527	6.269096283706261
TCGA-56-8304	lung squamous cell carcinoma	False	316	0	316	5.75890177387728
TCGA-68-A59I	lung squamous cell carcinoma	False	0	0	0	0.0
TCGA-6A-AB49	lung squamous cell carcinoma	True	509	1	508	6.2324480165505225
TCGA-22-5481	lung squamous cell carcinoma	False	388	0	388	5.963579343618446
TCGA-39-5035	lung squamous cell carcinoma	False	201	0	201	5.308267697401205
TCGA-43-8115	lung squamous cell carcinoma	False	262	0	262	5.572154032177765
TCGA-51-6867	lung squamous cell carcinoma	False	800	0	800	6.68586094706836
TCGA-56-A5DS	lung squamous cell carcinoma	False	270	0	270	5.602118820879701
TCGA-34-5234	lung squamous cell carcinoma	False	227	0	227	5.429345628954441
TCGA-34-8456	lung squamous cell carcinoma	False	49	0	49	3.912023005428146
TCGA-94-A4VJ	lung squamous cell carcinoma	True	521	1	520	6.255750041753367
TCGA-O2-A5IB	lung squamous cell carcinoma	False	326	0	326	5.7899601708972535
TCGA-34-5927	lung squamous cell carcinoma	False	335	0	335	5.817111159963204
TCGA-39-5011	lung squamous cell carcinoma	False	812	0	812	6.70073110954781
TCGA-63-A5MR	lung squamous cell carcinoma	False	233	0	233	5.455321115357702
TCGA-NC-A5HO	lung squamous cell carcinoma	False	320	0	320	5.771441123130016
TCGA-22-4596	lung squamous cell carcinoma	False	175	0	175	5.170483995038151
TCGA-43-6647	lung squamous cell carcinoma	True	203	1	202	5.313205979041787
TCGA-63-A5MM	lung squamous cell carcinoma	False	1530	0	1530	7.333676395657684
TCGA-77-7140	lung squamous cell carcinoma	True	245	1	244	5.501258210544727
TCGA-21-5782	lung squamous cell carcinoma	False	500	0	500	6.2166061010848646
TCGA-43-7657	lung squamous cell carcinoma	False	170	0	170	5.14166355650266
TCGA-58-8393	lung squamous cell carcinoma	False	346	0	346	5.849324779946859
TCGA-66-2778	lung squamous cell carcinoma	False	189	0	189	5.247024072160486
TCGA-66-2786	lung squamous cell carcinoma	True	290	2	288	5.666426688112432
TCGA-NC-A5HI	lung squamous cell carcinoma	False	563	0	563	6.335054251498059
TCGA-43-A475	lung squamous cell carcinoma	True	319	1	318	5.765191102784844
TCGA-60-2710	lung squamous cell carcinoma	False	264	0	264	5.579729825986222
TCGA-96-8169	lung squamous cell carcinoma	False	220	0	220	5.3981627015177525
TCGA-22-5480	lung squamous cell carcinoma	False	207	0	207	5.337538079701318
TCGA-56-7731	lung squamous cell carcinoma	True	451	1	450	6.111467339502679
TCGA-56-8625	lung squamous cell carcinoma	False	617	0	617	6.42648845745769
TCGA-60-2714	lung squamous cell carcinoma	True	1127	1	1126	7.027314514039777
TCGA-77-8140	lung squamous cell carcinoma	False	475	0	475	6.16541785423142
TCGA-90-7766	lung squamous cell carcinoma	False	142	0	142	4.962844630259907
TCGA-33-AASI	lung squamous cell carcinoma	False	511	0	511	6.238324625039508
TCGA-37-4141	lung squamous cell carcinoma	False	426	0	426	6.056784013228625
TCGA-39-5024	lung squamous cell carcinoma	False	267	0	267	5.5909869805108565
TCGA-66-2757	lung squamous cell carcinoma	False	331	0	331	5.805134968916488
TCGA-60-2708	lung squamous cell carcinoma	False	273	0	273	5.6131281063880705
TCGA-60-2711	lung squamous cell carcinoma	True	163	1	162	5.093750200806762
TCGA-18-3411	lung squamous cell carcinoma	False	403	0	403	6.0014148779611505
TCGA-33-4587	lung squamous cell carcinoma	False	299	0	299	5.703782474656201
TCGA-66-2763	lung squamous cell carcinoma	True	506	2	504	6.22455842927536
TCGA-85-6175	lung squamous cell carcinoma	False	56	0	56	4.04305126783455
TCGA-33-4589	lung squamous cell carcinoma	False	142	0	142	4.962844630259907
TCGA-34-8454	lung squamous cell carcinoma	False	725	0	725	6.587550014824796
TCGA-43-2576	lung squamous cell carcinoma	False	668	0	668	6.505784060128229
TCGA-46-3766	lung squamous cell carcinoma	False	0	0	0	0.0
TCGA-52-7622	lung squamous cell carcinoma	True	346	1	345	5.846438775057725
TCGA-66-2734	lung squamous cell carcinoma	False	257	0	257	5.552959584921617
TCGA-77-7335	lung squamous cell carcinoma	False	299	0	299	5.703782474656201
TCGA-37-4132	lung squamous cell carcinoma	False	396	0	396	5.983936280687191
TCGA-90-A59Q	lung squamous cell carcinoma	False	367	0	367	5.908082938168931
TCGA-21-1070	lung squamous cell carcinoma	False	709	0	709	6.565264970035361
TCGA-22-4594	lung squamous cell carcinoma	True	450	1	449	6.1092475827643655
TCGA-52-7810	lung squamous cell carcinoma	False	547	0	547	6.306275286948016
TCGA-60-2720	lung squamous cell carcinoma	False	536	0	536	6.285998094508865
TCGA-68-7755	lung squamous cell carcinoma	False	355	0	355	5.87493073085203
TCGA-85-A513	lung squamous cell carcinoma	False	28	0	28	3.367295829986474
TCGA-33-AAS8	lung squamous cell carcinoma	False	298	0	298	5.700443573390687
TCGA-43-2578	lung squamous cell carcinoma	False	441	0	441	6.091309882077698
TCGA-43-6770	lung squamous cell carcinoma	False	287	0	287	5.662960480135946
TCGA-46-3765	lung squamous cell carcinoma	False	299	0	299	5.703782474656201
TCGA-77-7142	lung squamous cell carcinoma	False	336	0	336	5.820082930352362
TCGA-85-7710	lung squamous cell carcinoma	True	253	1	252	5.53338948872752
TCGA-22-5485	lung squamous cell carcinoma	False	271	0	271	5.605802066295998
TCGA-56-7823	lung squamous cell carcinoma	False	363	0	363	5.8971538676367405
TCGA-NC-A5HK	lung squamous cell carcinoma	False	350	0	350	5.860786223465865
TCGA-33-AASL	lung squamous cell carcinoma	False	388	0	388	5.963579343618446
TCGA-58-8391	lung squamous cell carcinoma	False	443	0	443	6.095824562432225
TCGA-O2-A52S	lung squamous cell carcinoma	False	484	0	484	6.184148890937483
TCGA-85-A4CN	lung squamous cell carcinoma	False	243	0	243	5.497168225293202
TCGA-98-8020	lung squamous cell carcinoma	False	119	0	119	4.787491742782046
TCGA-43-8118	lung squamous cell carcinoma	False	807	0	807	6.694562058521095
TCGA-56-8307	lung squamous cell carcinoma	False	538	0	538	6.289715570908998
TCGA-66-2727	lung squamous cell carcinoma	False	260	0	260	5.564520407322694
TCGA-21-1076	lung squamous cell carcinoma	False	416	0	416	6.0330862217988015
TCGA-37-4129	lung squamous cell carcinoma	False	7	0	7	2.0794415416798357
TCGA-85-8580	lung squamous cell carcinoma	False	355	0	355	5.87493073085203
TCGA-43-2581	lung squamous cell carcinoma	False	1159	0	1159	7.05617528410041
TCGA-92-7340	lung squamous cell carcinoma	False	565	0	565	6.338594078203183
TCGA-L3-A524	lung squamous cell carcinoma	False	445	0	445	6.100318952020064
TCGA-O2-A52Q	lung squamous cell carcinoma	True	1255	1	1254	7.134890851565884
TCGA-63-7022	lung squamous cell carcinoma	False	245	0	245	5.5053315359323625
TCGA-63-A5M9	lung squamous cell carcinoma	False	139	0	139	4.941642422609304
TCGA-33-4579	lung squamous cell carcinoma	False	0	0	0	0.0
TCGA-O2-A5IC	lung squamous cell carcinoma	False	0	0	0	0.0
TCGA-55-A4DF	lung adenocarcinoma	True	990	1	989	6.897704943128636
TCGA-50-5939	lung adenocarcinoma	False	108	0	108	4.6913478822291435
TCGA-69-8254	lung adenocarcinoma	False	101	0	101	4.624972813284271
TCGA-62-A470	lung adenocarcinoma	False	154	0	154	5.043425116919247
TCGA-69-7761	lung adenocarcinoma	False	40	0	40	3.713572066704308
TCGA-78-7166	lung adenocarcinoma	False	283	0	283	5.648974238161206
TCGA-97-A4M5	lung adenocarcinoma	False	193	0	193	5.267858159063328
TCGA-05-4433	lung adenocarcinoma	False	46	0	46	3.8501476017100584
TCGA-49-6745	lung adenocarcinoma	False	173	0	173	5.159055299214529
TCGA-55-6978	lung adenocarcinoma	False	37	0	37	3.6375861597263857
TCGA-55-6983	lung adenocarcinoma	False	139	0	139	4.941642422609304
TCGA-55-7994	lung adenocarcinoma	True	1959	2	1957	7.579678823090456
TCGA-97-8171	lung adenocarcinoma	False	69	0	69	4.248495242049359
TCGA-97-A4LX	lung adenocarcinoma	True	220	1	219	5.393627546352362
TCGA-38-A44F	lung adenocarcinoma	False	18	0	18	2.9444389791664403
TCGA-55-8090	lung adenocarcinoma	False	119	0	119	4.787491742782046
TCGA-44-A47B	lung adenocarcinoma	False	63	0	63	4.1588830833596715
TCGA-86-8055	lung adenocarcinoma	False	63	0	63	4.1588830833596715
TCGA-55-A490	lung adenocarcinoma	False	1690	0	1690	7.43307534889858
TCGA-91-6829	lung adenocarcinoma	False	831	0	831	6.723832440821209
TCGA-91-A4BD	lung adenocarcinoma	False	28	0	28	3.367295829986474
TCGA-49-4494	lung adenocarcinoma	False	237	0	237	5.472270673671475
TCGA-55-6987	lung adenocarcinoma	False	258	0	258	5.556828061699537
TCGA-55-7227	lung adenocarcinoma	False	211	0	211	5.356586274672012
TCGA-55-7907	lung adenocarcinoma	True	1484	3	1481	7.301147805856032
TCGA-69-8453	lung adenocarcinoma	False	0	0	0	0.0
TCGA-78-7167	lung adenocarcinoma	False	159	0	159	5.075173815233827
TCGA-93-8067	lung adenocarcinoma	True	685	1	684	6.529418838262226
TCGA-MP-A4TC	lung adenocarcinoma	False	338	0	338	5.82600010738045
TCGA-05-4395	lung adenocarcinoma	False	355	0	355	5.87493073085203
TCGA-05-4396	lung adenocarcinoma	False	343	0	343	5.840641657373398
TCGA-05-4403	lung adenocarcinoma	False	175	0	175	5.170483995038151
TCGA-55-7815	lung adenocarcinoma	False	185	0	185	5.225746673713202
TCGA-55-8614	lung adenocarcinoma	False	309	0	309	5.736572297479192
TCGA-50-5932	lung adenocarcinoma	False	96	0	96	4.574710978503383
TCGA-55-8092	lung adenocarcinoma	False	740	0	740	6.608000625296087
TCGA-69-7764	lung adenocarcinoma	False	118	0	118	4.77912349311153
TCGA-78-7162	lung adenocarcinoma	False	104	0	104	4.653960350157523
TCGA-86-8281	lung adenocarcinoma	False	347	0	347	5.8522024797744745
TCGA-L9-A50W	lung adenocarcinoma	False	36	0	36	3.6109179126442243
TCGA-44-A47F	lung adenocarcinoma	False	116	0	116	4.762173934797756
TCGA-50-5072	lung adenocarcinoma	False	213	0	213	5.365976015021851
TCGA-50-8460	lung adenocarcinoma	False	39	0	39	3.6888794541139363
TCGA-55-7284	lung adenocarcinoma	False	57	0	57	4.060443010546419
TCGA-55-8091	lung adenocarcinoma	False	35	0	35	3.58351893845611
TCGA-64-5815	lung adenocarcinoma	False	220	0	220	5.3981627015177525
TCGA-73-4677	lung adenocarcinoma	False	309	0	309	5.736572297479192
TCGA-97-A4M7	lung adenocarcinoma	False	401	0	401	5.996452088619021
TCGA-44-8119	lung adenocarcinoma	False	798	0	798	6.683360945766275
TCGA-44-A4SS	lung adenocarcinoma	True	610	1	609	6.413458957167357
TCGA-55-8207	lung adenocarcinoma	True	406	2	404	6.003887067106539
TCGA-62-A46S	lung adenocarcinoma	False	162	0	162	5.093750200806762
TCGA-69-7760	lung adenocarcinoma	False	94	0	94	4.553876891600541
TCGA-44-7660	lung adenocarcinoma	False	483	0	483	6.182084906716632
TCGA-49-4486	lung adenocarcinoma	False	217	0	217	5.384495062789089
TCGA-50-5066	lung adenocarcinoma	True	353	1	352	5.8664680569332965
TCGA-50-5933	lung adenocarcinoma	True	650	1	649	6.476972362889683
TCGA-55-6972	lung adenocarcinoma	False	353	0	353	5.869296913133774
TCGA-78-7154	lung adenocarcinoma	True	333	1	332	5.808142489980444
TCGA-78-7537	lung adenocarcinoma	False	181	0	181	5.204006687076795
TCGA-95-8039	lung adenocarcinoma	False	124	0	124	4.8283137373023015
TCGA-97-8179	lung adenocarcinoma	False	219	0	219	5.393627546352362
TCGA-MP-A4TI	lung adenocarcinoma	False	313	0	313	5.749392985908253
TCGA-05-4426	lung adenocarcinoma	False	56	0	56	4.04305126783455
TCGA-55-6712	lung adenocarcinoma	False	204	0	204	5.3230099791384085
TCGA-55-A4DG	lung adenocarcinoma	False	876	0	876	6.776506992372183
TCGA-64-5775	lung adenocarcinoma	False	619	0	619	6.429719478039138
TCGA-69-8255	lung adenocarcinoma	False	382	0	382	5.948034989180646
TCGA-78-7148	lung adenocarcinoma	False	285	0	285	5.655991810819852
TCGA-78-7149	lung adenocarcinoma	False	205	0	205	5.327876168789581
TCGA-93-A4JN	lung adenocarcinoma	False	102	0	102	4.634728988229636
TCGA-95-7562	lung adenocarcinoma	True	508	1	507	6.230481447578482
TCGA-95-7944	lung adenocarcinoma	False	311	0	311	5.7430031878094825
TCGA-MP-A4T2	lung adenocarcinoma	False	112	0	112	4.727387818712341
TCGA-MP-A4TD	lung adenocarcinoma	False	107	0	107	4.68213122712422
TCGA-05-4244	lung adenocarcinoma	False	269	0	269	5.598421958998375
TCGA-05-4389	lung adenocarcinoma	False	303	0	303	5.717027701406222
TCGA-05-4424	lung adenocarcinoma	True	927	1	926	6.831953565565855
TCGA-44-7659	lung adenocarcinoma	False	192	0	192	5.262690188904886
TCGA-49-6742	lung adenocarcinoma	False	361	0	361	5.8916442118257715
TCGA-50-5049	lung adenocarcinoma	True	1035	3	1032	6.940222469119639
TCGA-55-7727	lung adenocarcinoma	True	321	1	320	5.771441123130016
TCGA-62-A472	lung adenocarcinoma	False	78	0	78	4.3694478524670215
TCGA-86-7711	lung adenocarcinoma	False	285	0	285	5.655991810819852
TCGA-86-7713	lung adenocarcinoma	False	195	0	195	5.278114659230517
TCGA-91-6828	lung adenocarcinoma	False	351	0	351	5.863631175598097
TCGA-93-A4JO	lung adenocarcinoma	False	66	0	66	4.204692619390966
TCGA-97-7552	lung adenocarcinoma	False	50	0	50	3.9318256327243257
TCGA-05-4418	lung adenocarcinoma	False	346	0	346	5.849324779946859
TCGA-35-4122	lung adenocarcinoma	True	420	1	419	6.040254711277414
TCGA-49-AAR3	lung adenocarcinoma	False	174	0	174	5.1647859739235145
TCGA-55-A48Y	lung adenocarcinoma	True	449	1	448	6.1070228877422545
TCGA-67-4679	lung adenocarcinoma	False	366	0	366	5.905361848054571
TCGA-69-7763	lung adenocarcinoma	False	104	0	104	4.653960350157523
TCGA-78-7536	lung adenocarcinoma	False	756	0	756	6.6293632534374485
TCGA-78-8660	lung adenocarcinoma	True	315	1	314	5.752572638825633
TCGA-L9-A7SV	lung adenocarcinoma	True	2051	1	2050	7.62608275807238
TCGA-05-4382	lung adenocarcinoma	False	2152	0	2152	7.674617497364363
TCGA-05-4422	lung adenocarcinoma	False	58	0	58	4.07753744390572
TCGA-05-5425	lung adenocarcinoma	False	739	0	739	6.606650186198215
TCGA-38-4629	lung adenocarcinoma	False	369	0	369	5.91350300563827
TCGA-49-AARR	lung adenocarcinoma	False	3	0	3	1.3862943611198906
TCGA-50-8459	lung adenocarcinoma	False	124	0	124	4.8283137373023015
TCGA-55-1594	lung adenocarcinoma	False	239	0	239	5.480638923341991
TCGA-78-7155	lung adenocarcinoma	False	1909	0	1909	7.554858521040676
TCGA-MP-A4T8	lung adenocarcinoma	False	156	0	156	5.056245805348308
TCGA-05-4249	lung adenocarcinoma	False	399	0	399	5.991464547107982
TCGA-05-5420	lung adenocarcinoma	False	120	0	120	4.795790545596741
TCGA-55-8615	lung adenocarcinoma	False	170	0	170	5.14166355650266
TCGA-78-7633	lung adenocarcinoma	False	142	0	142	4.962844630259907
TCGA-95-7947	lung adenocarcinoma	False	681	0	681	6.525029657843462
TCGA-95-8494	lung adenocarcinoma	False	135	0	135	4.912654885736052
TCGA-97-8174	lung adenocarcinoma	False	220	0	220	5.3981627015177525
TCGA-L4-A4E6	lung adenocarcinoma	False	20	0	20	3.044522437723423
TCGA-MP-A4SV	lung adenocarcinoma	False	449	0	449	6.1092475827643655
TCGA-NJ-A55R	lung adenocarcinoma	False	335	0	335	5.817111159963204
TCGA-05-4384	lung adenocarcinoma	False	168	0	168	5.1298987149230735
TCGA-05-4432	lung adenocarcinoma	True	773	1	772	6.650279048587422
TCGA-73-4659	lung adenocarcinoma	False	273	0	273	5.6131281063880705
TCGA-86-7701	lung adenocarcinoma	False	253	0	253	5.537334267018537
TCGA-91-6831	lung adenocarcinoma	False	356	0	356	5.877735781779639
TCGA-97-A4M2	lung adenocarcinoma	False	32	0	32	3.4965075614664802
TCGA-05-4397	lung adenocarcinoma	False	1055	0	1055	6.962243464266207
TCGA-05-5423	lung adenocarcinoma	False	188	0	188	5.241747015059643
TCGA-55-1592	lung adenocarcinoma	False	706	0	706	6.561030665896573
TCGA-62-A46P	lung adenocarcinoma	False	363	0	363	5.8971538676367405
TCGA-78-7152	lung adenocarcinoma	False	265	0	265	5.583496308781699
TCGA-97-7937	lung adenocarcinoma	False	587	0	587	6.376726947898627
TCGA-NJ-A4YG	lung adenocarcinoma	False	201	0	201	5.308267697401205
TCGA-44-7671	lung adenocarcinoma	False	303	0	303	5.717027701406222
TCGA-49-AAR2	lung adenocarcinoma	False	505	0	505	6.226536669287466
TCGA-55-7903	lung adenocarcinoma	False	201	0	201	5.308267697401205
TCGA-55-8085	lung adenocarcinoma	False	333	0	333	5.811140992976701
TCGA-62-A471	lung adenocarcinoma	True	150	1	149	5.0106352940962555
TCGA-86-8669	lung adenocarcinoma	True	181	1	180	5.198497031265826
TCGA-93-A4JP	lung adenocarcinoma	False	84	0	84	4.442651256490317
TCGA-53-A4EZ	lung adenocarcinoma	True	689	1	688	6.535241271013659
TCGA-55-6642	lung adenocarcinoma	True	160	1	159	5.075173815233827
TCGA-64-1680	lung adenocarcinoma	False	80	0	80	4.394449154672439
TCGA-97-8176	lung adenocarcinoma	False	202	0	202	5.313205979041787
TCGA-MN-A4N5	lung adenocarcinoma	True	579	3	576	6.3578422665081
TCGA-05-4410	lung adenocarcinoma	True	1372	1	1371	7.22402480828583
TCGA-50-5946	lung adenocarcinoma	False	840	0	840	6.734591659972948
TCGA-55-8505	lung adenocarcinoma	False	48	0	48	3.8918202981106265
TCGA-62-8399	lung adenocarcinoma	True	673	1	672	6.511745329644728
TCGA-78-7156	lung adenocarcinoma	False	428	0	428	6.061456918928017
TCGA-86-7955	lung adenocarcinoma	True	388	2	386	5.958424693029782
TCGA-91-7771	lung adenocarcinoma	False	259	0	259	5.560681631015528
TCGA-35-5375	lung adenocarcinoma	False	539	0	539	6.29156913955832
TCGA-44-7662	lung adenocarcinoma	False	730	0	730	6.594413459749778
TCGA-49-AAR9	lung adenocarcinoma	False	827	0	827	6.71901315438526
TCGA-55-6968	lung adenocarcinoma	False	668	0	668	6.505784060128229
TCGA-55-6975	lung adenocarcinoma	False	107	0	107	4.68213122712422
TCGA-64-5779	lung adenocarcinoma	False	452	0	452	6.115892125483034
TCGA-78-7160	lung adenocarcinoma	False	58	0	58	4.07753744390572
TCGA-86-8054	lung adenocarcinoma	True	284	1	283	5.648974238161206
TCGA-86-8673	lung adenocarcinoma	True	629	1	628	6.444131256700441
TCGA-95-7567	lung adenocarcinoma	False	1202	0	1202	7.0925737159746784
TCGA-99-8032	lung adenocarcinoma	False	510	0	510	6.236369590203704
TCGA-MP-A4SY	lung adenocarcinoma	False	219	0	219	5.393627546352362
TCGA-05-5429	lung adenocarcinoma	False	47	0	47	3.871201010907891
TCGA-44-6148	lung adenocarcinoma	False	9	0	9	2.302585092994046
TCGA-50-7109	lung adenocarcinoma	False	317	0	317	5.762051382780177
TCGA-55-7570	lung adenocarcinoma	False	484	0	484	6.184148890937483
TCGA-55-8620	lung adenocarcinoma	True	636	2	634	6.453624998892692
TCGA-64-5774	lung adenocarcinoma	False	184	0	184	5.220355825078324
TCGA-64-5778	lung adenocarcinoma	True	602	1	601	6.400257445308821
TCGA-78-7163	lung adenocarcinoma	False	30	0	30	3.4339872044851463
TCGA-MN-A4N1	lung adenocarcinoma	False	605	0	605	6.406879986069314
TCGA-44-6778	lung adenocarcinoma	False	504	0	504	6.22455842927536
TCGA-44-7669	lung adenocarcinoma	True	580	2	578	6.361302477572996
TCGA-69-7978	lung adenocarcinoma	True	779	1	778	6.658011045870748
TCGA-73-4675	lung adenocarcinoma	False	92	0	92	4.532599493153256
TCGA-78-7150	lung adenocarcinoma	True	523	2	521	6.257667587882639
TCGA-78-8640	lung adenocarcinoma	True	934	2	932	6.838405200847344
TCGA-86-8672	lung adenocarcinoma	False	392	0	392	5.973809611869261
TCGA-91-6848	lung adenocarcinoma	True	757	1	756	6.6293632534374485
TCGA-91-A4BC	lung adenocarcinoma	False	576	0	576	6.3578422665081
TCGA-44-6144	lung adenocarcinoma	False	287	0	287	5.662960480135946
TCGA-44-8120	lung adenocarcinoma	False	776	0	776	6.655440350367647
TCGA-50-5936	lung adenocarcinoma	False	151	0	151	5.0238805208462765
TCGA-55-5899	lung adenocarcinoma	False	558	0	558	6.326149473155099
TCGA-55-8301	lung adenocarcinoma	False	387	0	387	5.961005339623274
TCGA-64-1676	lung adenocarcinoma	True	754	2	752	6.6240652277998935
TCGA-86-8073	lung adenocarcinoma	True	1882	2	1880	7.53955882930103
TCGA-05-4415	lung adenocarcinoma	False	260	0	260	5.564520407322694
TCGA-05-5428	lung adenocarcinoma	False	485	0	485	6.186208623900494
TCGA-35-3615	lung adenocarcinoma	False	151	0	151	5.0238805208462765
TCGA-49-AAR0	lung adenocarcinoma	True	178	1	177	5.181783550292085
TCGA-86-8585	lung adenocarcinoma	False	738	0	738	6.6052979209482015
TCGA-MN-A4N4	lung adenocarcinoma	True	1920	1	1919	7.560080465021827
TCGA-55-6980	lung adenocarcinoma	False	19	0	19	2.995732273553991
TCGA-55-8089	lung adenocarcinoma	True	1567	1	1566	7.356918242356021
TCGA-55-8206	lung adenocarcinoma	False	41	0	41	3.7376696182833684
TCGA-69-7765	lung adenocarcinoma	False	763	0	763	6.638567789166521
TCGA-78-7542	lung adenocarcinoma	True	493	1	492	6.20050917404269
TCGA-86-A4JF	lung adenocarcinoma	True	1797	1	1796	7.493873886783559
TCGA-L9-A743	lung adenocarcinoma	False	170	0	170	5.14166355650266
TCGA-MP-A4TE	lung adenocarcinoma	False	180	0	180	5.198497031265826
TCGA-55-1596	lung adenocarcinoma	False	241	0	241	5.488937726156687
TCGA-62-8398	lung adenocarcinoma	False	105	0	105	4.663439094112067
TCGA-55-7576	lung adenocarcinoma	False	511	0	511	6.238324625039508
TCGA-55-8302	lung adenocarcinoma	True	875	1	874	6.774223886357614
TCGA-44-5643	lung adenocarcinoma	False	165	0	165	5.111987788356544
TCGA-55-8507	lung adenocarcinoma	False	1250	0	1250	7.1316985104669115
TCGA-MP-A4SW	lung adenocarcinoma	False	87	0	87	4.477336814478207
TCGA-55-6969	lung adenocarcinoma	True	532	1	531	6.2766434893416445
TCGA-86-6562	lung adenocarcinoma	False	75	0	75	4.330733340286331
TCGA-86-8359	lung adenocarcinoma	True	210	1	209	5.3471075307174685
TCGA-NJ-A4YP	lung adenocarcinoma	False	701	0	701	6.553933404025811
TCGA-49-AAR4	lung adenocarcinoma	False	728	0	728	6.591673732008658
TCGA-55-8094	lung adenocarcinoma	False	578	0	578	6.361302477572996
TCGA-86-8674	lung adenocarcinoma	False	395	0	395	5.981414211254481
TCGA-93-A4JQ	lung adenocarcinoma	False	145	0	145	4.983606621708336
TCGA-NJ-A7XG	lung adenocarcinoma	False	46	0	46	3.8501476017100584
TCGA-86-A4D0	lung adenocarcinoma	False	0	0	0	0.0
TCGA-50-5930	lung adenocarcinoma	True	1391	1	1390	7.237778191923443
TCGA-86-8279	lung adenocarcinoma	True	652	1	651	6.480044561926653
TCGA-73-4676	lung adenocarcinoma	False	118	0	118	4.77912349311153
TCGA-78-7535	lung adenocarcinoma	False	225	0	225	5.420534999272286
TCGA-86-8358	lung adenocarcinoma	False	1406	0	1406	7.249215057114389
TCGA-38-4632	lung adenocarcinoma	False	679	0	679	6.522092798170152
TCGA-86-8076	lung adenocarcinoma	False	84	0	84	4.442651256490317
TCGA-05-4420	lung adenocarcinoma	False	379	0	379	5.940171252720432
TCGA-55-8512	lung adenocarcinoma	False	53	0	53	3.9889840465642745
TCGA-73-A9RS	lung adenocarcinoma	False	1209	0	1209	7.098375638590786
TCGA-35-4123	lung adenocarcinoma	False	375	0	375	5.929589143389895
TCGA-75-5122	lung adenocarcinoma	False	173	0	173	5.159055299214529
TCGA-75-5125	lung adenocarcinoma	False	223	0	223	5.4116460518550396
TCGA-75-5146	lung adenocarcinoma	False	249	0	249	5.521460917862246
TCGA-75-6206	lung adenocarcinoma	False	110	0	110	4.709530201312334
TCGA-75-6207	lung adenocarcinoma	False	87	0	87	4.477336814478207
TCGA-75-7025	lung adenocarcinoma	False	41	0	41	3.7376696182833684
TCGA-75-7027	lung adenocarcinoma	True	313	1	312	5.746203190540153
TCGA-75-7030	lung adenocarcinoma	False	18	0	18	2.9444389791664403
TCGA-80-5611	lung adenocarcinoma	True	260	1	259	5.560681631015528
TCGA-55-8204	lung adenocarcinoma	False	274	0	274	5.616771097666572
TCGA-NJ-A4YI	lung adenocarcinoma	False	580	0	580	6.364750756851911
TCGA-50-5935	lung adenocarcinoma	False	124	0	124	4.8283137373023015
TCGA-44-6777	lung adenocarcinoma	False	495	0	495	6.206575926724928
TCGA-50-6673	lung adenocarcinoma	False	70	0	70	4.2626798770413155
TCGA-67-3773	lung adenocarcinoma	False	129	0	129	4.867534450455582
TCGA-97-7554	lung adenocarcinoma	False	580	0	580	6.364750756851911
TCGA-67-3772	lung adenocarcinoma	False	0	0	0	0.0
TCGA-49-6743	lung adenocarcinoma	True	974	2	972	6.880384082186005
TCGA-55-A491	lung adenocarcinoma	False	476	0	476	6.1675164908883415
TCGA-73-7499	lung adenocarcinoma	False	84	0	84	4.442651256490317
TCGA-91-6835	lung adenocarcinoma	False	115	0	115	4.7535901911063645
TCGA-55-A57B	lung adenocarcinoma	False	52	0	52	3.970291913552122
TCGA-62-8395	lung adenocarcinoma	False	93	0	93	4.543294782270004
TCGA-73-4658	lung adenocarcinoma	False	453	0	453	6.118097198041348
TCGA-05-4250	lung adenocarcinoma	True	454	1	453	6.118097198041348
TCGA-49-4514	lung adenocarcinoma	False	424	0	424	6.052089168924417
TCGA-50-5055	lung adenocarcinoma	False	24	0	24	3.2188758248682006
TCGA-50-6594	lung adenocarcinoma	False	664	0	664	6.499787040655854
TCGA-50-6597	lung adenocarcinoma	False	80	0	80	4.394449154672439
TCGA-55-6982	lung adenocarcinoma	False	294	0	294	5.68697535633982
TCGA-44-A47A	lung adenocarcinoma	False	279	0	279	5.634789603169249
TCGA-62-A46V	lung adenocarcinoma	False	74	0	74	4.31748811353631
TCGA-86-A456	lung adenocarcinoma	False	460	0	460	6.133398042996649
TCGA-97-8547	lung adenocarcinoma	True	74	1	73	4.30406509320417
TCGA-44-3398	lung adenocarcinoma	False	256	0	256	5.54907608489522
TCGA-55-8513	lung adenocarcinoma	False	8	0	8	2.1972245773362196
TCGA-64-1677	lung adenocarcinoma	False	0	0	0	0.0
TCGA-67-3771	lung adenocarcinoma	True	1365	2	1363	7.218176838403408
TCGA-78-8655	lung adenocarcinoma	False	141	0	141	4.955827057601261
TCGA-J2-A4AE	lung adenocarcinoma	False	64	0	64	4.174387269895637
TCGA-53-7626	lung adenocarcinoma	False	460	0	460	6.133398042996649
TCGA-55-7283	lung adenocarcinoma	False	297	0	297	5.697093486505405
TCGA-55-7724	lung adenocarcinoma	False	282	0	282	5.645446897643238
TCGA-55-8205	lung adenocarcinoma	False	676	0	676	6.517671272912275
TCGA-91-8499	lung adenocarcinoma	False	413	0	413	6.025865973825314
TCGA-93-7347	lung adenocarcinoma	False	148	0	148	5.003946305945459
TCGA-97-7546	lung adenocarcinoma	False	361	0	361	5.8916442118257715
TCGA-97-7938	lung adenocarcinoma	False	514	0	514	6.244166900663736
TCGA-MP-A4T6	lung adenocarcinoma	False	95	0	95	4.564348191467836
TCGA-MP-A5C7	lung adenocarcinoma	False	102	0	102	4.634728988229636
TCGA-NJ-A55A	lung adenocarcinoma	False	150	0	150	5.017279836814924
TCGA-38-4630	lung adenocarcinoma	False	173	0	173	5.159055299214529
TCGA-50-5931	lung adenocarcinoma	False	394	0	394	5.978885764901122
TCGA-55-8621	lung adenocarcinoma	False	91	0	91	4.5217885770490405
TCGA-78-7539	lung adenocarcinoma	False	616	0	616	6.424869023905388
TCGA-91-6849	lung adenocarcinoma	False	146	0	146	4.990432586778736
TCGA-91-8497	lung adenocarcinoma	False	60	0	60	4.110873864173311
TCGA-93-7348	lung adenocarcinoma	False	134	0	134	4.90527477843843
TCGA-97-8172	lung adenocarcinoma	False	350	0	350	5.860786223465865
TCGA-MP-A4T7	lung adenocarcinoma	False	161	0	161	5.087596335232384
TCGA-MP-A4TA	lung adenocarcinoma	False	465	0	465	6.144185634125646
TCGA-05-4405	lung adenocarcinoma	False	495	0	495	6.206575926724928
TCGA-44-2657	lung adenocarcinoma	False	530	0	530	6.274762021241939
TCGA-44-3396	lung adenocarcinoma	False	254	0	254	5.541263545158426
TCGA-49-4488	lung adenocarcinoma	False	376	0	376	5.932245187448011
TCGA-50-6595	lung adenocarcinoma	False	120	0	120	4.795790545596741
TCGA-55-1595	lung adenocarcinoma	False	415	0	415	6.030685260261263
TCGA-55-6986	lung adenocarcinoma	False	27	0	27	3.332204510175204
TCGA-95-A4VK	lung adenocarcinoma	False	324	0	324	5.783825182329737
TCGA-99-7458	lung adenocarcinoma	True	605	1	604	6.405228458030842
TCGA-99-8033	lung adenocarcinoma	False	231	0	231	5.44673737166631
TCGA-O1-A52J	lung adenocarcinoma	False	219	0	219	5.393627546352362
TCGA-44-A479	lung adenocarcinoma	False	389	0	389	5.966146739123692
TCGA-44-A47G	lung adenocarcinoma	False	103	0	103	4.6443908991413725
TCGA-49-4507	lung adenocarcinoma	False	255	0	255	5.545177444479562
TCGA-55-7995	lung adenocarcinoma	True	840	3	837	6.731018100482083
TCGA-55-8208	lung adenocarcinoma	False	449	0	449	6.1092475827643655
TCGA-55-8511	lung adenocarcinoma	False	737	0	737	6.6039438246004725
TCGA-62-8402	lung adenocarcinoma	False	75	0	75	4.330733340286331
TCGA-67-3774	lung adenocarcinoma	True	154	1	153	5.0369526024136295
TCGA-67-6217	lung adenocarcinoma	False	241	0	241	5.488937726156687
TCGA-86-6851	lung adenocarcinoma	True	1124	2	1122	7.023758954738443
TCGA-38-4631	lung adenocarcinoma	True	954	2	952	6.859614903654202
TCGA-38-7271	lung adenocarcinoma	False	117	0	117	4.770684624465665
TCGA-49-4487	lung adenocarcinoma	False	447	0	447	6.104793232414985
TCGA-50-5044	lung adenocarcinoma	True	173	1	172	5.153291594497779
TCGA-50-6590	lung adenocarcinoma	False	1110	0	1110	7.01301578963963
TCGA-55-7573	lung adenocarcinoma	False	68	0	68	4.23410650459726
TCGA-55-7726	lung adenocarcinoma	False	145	0	145	4.983606621708336
TCGA-55-8619	lung adenocarcinoma	False	27	0	27	3.332204510175204
TCGA-86-8671	lung adenocarcinoma	False	47	0	47	3.871201010907891
TCGA-97-7941	lung adenocarcinoma	True	125	1	124	4.8283137373023015
TCGA-99-8025	lung adenocarcinoma	False	611	0	611	6.416732282512326
TCGA-44-3919	lung adenocarcinoma	False	74	0	74	4.31748811353631
TCGA-50-6592	lung adenocarcinoma	True	366	1	365	5.902633333401366
TCGA-55-6984	lung adenocarcinoma	False	30	0	30	3.4339872044851463
TCGA-55-7914	lung adenocarcinoma	False	221	0	221	5.402677381872279
TCGA-62-A46U	lung adenocarcinoma	False	54	0	54	4.007333185232471
TCGA-69-7979	lung adenocarcinoma	True	1838	3	1835	7.515344571180436
TCGA-78-7146	lung adenocarcinoma	True	477	2	475	6.16541785423142
TCGA-05-4425	lung adenocarcinoma	False	56	0	56	4.04305126783455
TCGA-38-6178	lung adenocarcinoma	False	94	0	94	4.553876891600541
TCGA-55-7281	lung adenocarcinoma	True	579	3	576	6.3578422665081
TCGA-55-7911	lung adenocarcinoma	False	287	0	287	5.662960480135946
TCGA-55-8514	lung adenocarcinoma	False	367	0	367	5.908082938168931
TCGA-55-A492	lung adenocarcinoma	True	373	1	372	5.921578419643816
TCGA-62-8397	lung adenocarcinoma	False	36	0	36	3.6109179126442243
TCGA-62-A46Y	lung adenocarcinoma	False	45	0	45	3.828641396489095
TCGA-64-1678	lung adenocarcinoma	False	0	0	0	0.0
TCGA-67-3770	lung adenocarcinoma	False	280	0	280	5.638354669333745
TCGA-69-7980	lung adenocarcinoma	True	1005	1	1004	6.912742820493176
TCGA-99-AA5R	lung adenocarcinoma	False	74	0	74	4.31748811353631
TCGA-MP-A4TH	lung adenocarcinoma	False	144	0	144	4.976733742420574
TCGA-05-5715	lung adenocarcinoma	False	159	0	159	5.075173815233827
TCGA-44-2661	lung adenocarcinoma	False	53	0	53	3.9889840465642745
TCGA-44-7661	lung adenocarcinoma	False	351	0	351	5.863631175598097
TCGA-49-4512	lung adenocarcinoma	False	58	0	58	4.07753744390572
TCGA-50-5944	lung adenocarcinoma	False	86	0	86	4.465908118654584
TCGA-55-8203	lung adenocarcinoma	False	542	0	542	6.297109319933935
TCGA-73-4670	lung adenocarcinoma	False	466	0	466	6.1463292576688975
TCGA-78-7161	lung adenocarcinoma	False	242	0	242	5.493061443340548
TCGA-86-7953	lung adenocarcinoma	False	66	0	66	4.204692619390966
TCGA-97-A4M3	lung adenocarcinoma	False	257	0	257	5.552959584921617
TCGA-J2-8194	lung adenocarcinoma	False	196	0	196	5.2832037287379885
TCGA-NJ-A4YQ	lung adenocarcinoma	False	1434	0	1434	7.268920128193722
TCGA-49-4506	lung adenocarcinoma	False	147	0	147	4.997212273764115
TCGA-49-6761	lung adenocarcinoma	False	251	0	251	5.529429087511423
TCGA-55-7725	lung adenocarcinoma	False	164	0	164	5.10594547390058
TCGA-86-7954	lung adenocarcinoma	False	294	0	294	5.68697535633982
TCGA-MP-A4T4	lung adenocarcinoma	False	496	0	496	6.208590026096629
TCGA-S2-AA1A	lung adenocarcinoma	False	146	0	146	4.990432586778736
TCGA-05-4434	lung adenocarcinoma	False	65	0	65	4.189654742026425
TCGA-44-A4SU	lung adenocarcinoma	False	191	0	191	5.2574953720277815
TCGA-49-4501	lung adenocarcinoma	False	75	0	75	4.330733340286331
TCGA-50-5942	lung adenocarcinoma	False	73	0	73	4.30406509320417
TCGA-55-6970	lung adenocarcinoma	False	214	0	214	5.3706380281276624
TCGA-55-8096	lung adenocarcinoma	False	182	0	182	5.209486152841421
TCGA-78-7147	lung adenocarcinoma	False	446	0	446	6.102558594613569
TCGA-97-7547	lung adenocarcinoma	False	232	0	232	5.4510384535657
TCGA-38-4625	lung adenocarcinoma	False	779	0	779	6.659293919683638
TCGA-73-4668	lung adenocarcinoma	False	645	0	645	6.470799503782602
TCGA-78-7540	lung adenocarcinoma	False	37	0	37	3.6375861597263857
TCGA-86-8075	lung adenocarcinoma	False	67	0	67	4.219507705176107
TCGA-95-A4VP	lung adenocarcinoma	False	166	0	166	5.117993812416755
TCGA-J2-A4AG	lung adenocarcinoma	False	120	0	120	4.795790545596741
TCGA-05-4427	lung adenocarcinoma	False	1288	0	1288	7.161622002939187
TCGA-38-4628	lung adenocarcinoma	False	156	0	156	5.056245805348308
TCGA-44-2655	lung adenocarcinoma	False	236	0	236	5.4680601411351315
TCGA-44-2659	lung adenocarcinoma	True	531	1	530	6.274762021241939
TCGA-62-8394	lung adenocarcinoma	False	176	0	176	5.176149732573829
TCGA-62-A46O	lung adenocarcinoma	False	1130	0	1130	7.030857476116121
TCGA-73-4662	lung adenocarcinoma	False	280	0	280	5.638354669333745
TCGA-78-7153	lung adenocarcinoma	False	161	0	161	5.087596335232384
TCGA-91-6830	lung adenocarcinoma	False	321	0	321	5.7745515455444085
TCGA-J2-8192	lung adenocarcinoma	False	95	0	95	4.564348191467836
TCGA-38-4627	lung adenocarcinoma	False	37	0	37	3.6375861597263857
TCGA-49-6744	lung adenocarcinoma	False	290	0	290	5.673323267171493
TCGA-55-7574	lung adenocarcinoma	False	326	0	326	5.7899601708972535
TCGA-55-7728	lung adenocarcinoma	False	123	0	123	4.820281565605037
TCGA-L9-A8F4	lung adenocarcinoma	True	994	1	993	6.901737206656574
TCGA-49-AAQV	lung adenocarcinoma	False	90	0	90	4.51085950651685
TCGA-50-6591	lung adenocarcinoma	False	72	0	72	4.290459441148391
TCGA-50-8457	lung adenocarcinoma	False	72	0	72	4.290459441148391
TCGA-55-A48X	lung adenocarcinoma	True	492	2	490	6.19644412779452
TCGA-86-8056	lung adenocarcinoma	True	346	1	345	5.846438775057725
TCGA-86-8278	lung adenocarcinoma	True	145	1	144	4.976733742420574
TCGA-86-A4P7	lung adenocarcinoma	False	88	0	88	4.48863636973214
TCGA-91-8496	lung adenocarcinoma	False	45	0	45	3.828641396489095
TCGA-95-7043	lung adenocarcinoma	False	1377	0	1377	7.228388451573604
TCGA-L9-A443	lung adenocarcinoma	False	319	0	319	5.768320995793772
TCGA-44-6145	lung adenocarcinoma	False	401	0	401	5.996452088619021
TCGA-55-8506	lung adenocarcinoma	True	2264	1	2263	7.724888439323074
TCGA-78-7143	lung adenocarcinoma	False	0	0	0	0.0
TCGA-86-8074	lung adenocarcinoma	False	84	0	84	4.442651256490317
TCGA-91-6847	lung adenocarcinoma	False	108	0	108	4.6913478822291435
TCGA-95-A4VN	lung adenocarcinoma	False	604	0	604	6.405228458030842
TCGA-MP-A4TJ	lung adenocarcinoma	False	118	0	118	4.77912349311153
TCGA-49-4505	lung adenocarcinoma	False	283	0	283	5.648974238161206
TCGA-55-7913	lung adenocarcinoma	False	444	0	444	6.09807428216624
TCGA-55-8299	lung adenocarcinoma	False	273	0	273	5.6131281063880705
TCGA-55-A494	lung adenocarcinoma	False	305	0	305	5.723585101952381
TCGA-64-1681	lung adenocarcinoma	True	110	1	109	4.700480365792417
TCGA-86-7714	lung adenocarcinoma	False	97	0	97	4.584967478670572
TCGA-86-8668	lung adenocarcinoma	False	47	0	47	3.871201010907891
TCGA-J2-A4AD	lung adenocarcinoma	False	429	0	429	6.063785208687608
TCGA-44-6776	lung adenocarcinoma	False	261	0	261	5.568344503761097
TCGA-55-6543	lung adenocarcinoma	False	27	0	27	3.332204510175204
TCGA-55-8097	lung adenocarcinoma	False	146	0	146	4.990432586778736
TCGA-55-8508	lung adenocarcinoma	False	238	0	238	5.476463551931511
TCGA-55-A48Z	lung adenocarcinoma	False	69	0	69	4.248495242049359
TCGA-69-A59K	lung adenocarcinoma	False	654	0	654	6.484635235635252
TCGA-71-8520	lung adenocarcinoma	False	111	0	111	4.718498871295094
TCGA-78-7159	lung adenocarcinoma	False	396	0	396	5.983936280687191
TCGA-97-A4M0	lung adenocarcinoma	False	516	0	516	6.248042874508429
TCGA-L9-A444	lung adenocarcinoma	False	723	0	723	6.584791392385716
TCGA-05-4430	lung adenocarcinoma	False	349	0	349	5.857933154483459
TCGA-50-5068	lung adenocarcinoma	False	123	0	123	4.820281565605037
TCGA-55-6971	lung adenocarcinoma	False	111	0	111	4.718498871295094
TCGA-55-6979	lung adenocarcinoma	False	177	0	177	5.181783550292085
TCGA-55-8087	lung adenocarcinoma	False	41	0	41	3.7376696182833684
TCGA-69-8253	lung adenocarcinoma	False	212	0	212	5.3612921657094255
TCGA-78-7158	lung adenocarcinoma	False	295	0	295	5.69035945432406
TCGA-83-5908	lung adenocarcinoma	False	302	0	302	5.713732805509369
TCGA-86-A4P8	lung adenocarcinoma	False	2	0	2	1.0986122886681098
TCGA-91-6840	lung adenocarcinoma	False	147	0	147	4.997212273764115
TCGA-97-8177	lung adenocarcinoma	False	49	0	49	3.912023005428146
TCGA-05-4390	lung adenocarcinoma	True	725	1	724	6.586171654854675
TCGA-55-6985	lung adenocarcinoma	False	595	0	595	6.39024066706535
TCGA-55-8616	lung adenocarcinoma	False	617	0	617	6.42648845745769
TCGA-64-1679	lung adenocarcinoma	True	633	2	631	6.448889394146858
TCGA-73-7498	lung adenocarcinoma	False	147	0	147	4.997212273764115
TCGA-78-8648	lung adenocarcinoma	False	16	0	16	2.833213344056216
TCGA-97-7553	lung adenocarcinoma	False	58	0	58	4.07753744390572
TCGA-MP-A4TF	lung adenocarcinoma	False	561	0	561	6.331501849893691
TCGA-05-4402	lung adenocarcinoma	True	162	1	161	5.087596335232384
TCGA-38-4626	lung adenocarcinoma	False	337	0	337	5.823045895483019
TCGA-50-5045	lung adenocarcinoma	False	382	0	382	5.948034989180646
TCGA-67-6216	lung adenocarcinoma	False	50	0	50	3.9318256327243257
TCGA-44-6774	lung adenocarcinoma	False	377	0	377	5.934894195619588
TCGA-49-AARN	lung adenocarcinoma	True	951	1	950	6.85751406254539
TCGA-MP-A4TK	lung adenocarcinoma	True	454	2	452	6.115892125483034
TCGA-NJ-A55O	lung adenocarcinoma	False	169	0	169	5.135798437050262
TCGA-50-5941	lung adenocarcinoma	False	498	0	498	6.212606095751519
TCGA-55-8510	lung adenocarcinoma	False	405	0	405	6.0063531596017325
TCGA-64-5781	lung adenocarcinoma	False	1453	0	1453	7.282073658093465
TCGA-97-8175	lung adenocarcinoma	False	43	0	43	3.784189633918261
TCGA-97-8552	lung adenocarcinoma	False	31	0	31	3.4657359027997265
TCGA-44-8117	lung adenocarcinoma	False	959	0	959	6.866933284461882
TCGA-55-A493	lung adenocarcinoma	False	347	0	347	5.8522024797744745
TCGA-62-A46R	lung adenocarcinoma	False	220	0	220	5.3981627015177525
TCGA-69-7974	lung adenocarcinoma	False	658	0	658	6.490723534502507
TCGA-86-8280	lung adenocarcinoma	False	56	0	56	4.04305126783455
TCGA-95-7039	lung adenocarcinoma	True	1601	3	1598	7.377133712833954
TCGA-MP-A4T9	lung adenocarcinoma	False	48	0	48	3.8918202981106265
TCGA-55-6981	lung adenocarcinoma	False	66	0	66	4.204692619390966
TCGA-78-7220	lung adenocarcinoma	False	1078	0	1078	6.983789965258135
TCGA-78-8662	lung adenocarcinoma	False	1470	0	1470	7.293697720601438
TCGA-44-7672	lung adenocarcinoma	False	204	0	204	5.3230099791384085
TCGA-4B-A93V	lung adenocarcinoma	False	174	0	174	5.1647859739235145
TCGA-67-6215	lung adenocarcinoma	False	138	0	138	4.9344739331306915
TCGA-73-4666	lung adenocarcinoma	False	483	0	483	6.182084906716632
TCGA-78-7145	lung adenocarcinoma	False	245	0	245	5.5053315359323625
TCGA-91-6836	lung adenocarcinoma	False	594	0	594	6.38856140554563
TCGA-97-A4M1	lung adenocarcinoma	False	56	0	56	4.04305126783455
TCGA-05-4417	lung adenocarcinoma	False	365	0	365	5.902633333401366
TCGA-44-5644	lung adenocarcinoma	False	1211	0	1211	7.10002716662926
TCGA-49-4510	lung adenocarcinoma	False	69	0	69	4.248495242049359
TCGA-49-AARE	lung adenocarcinoma	False	1706	0	1706	7.442492722794441
TCGA-53-7813	lung adenocarcinoma	True	196	1	195	5.278114659230517
TCGA-44-6779	lung adenocarcinoma	False	130	0	130	4.875197323201151
TCGA-55-7910	lung adenocarcinoma	True	375	1	374	5.926926025970411
TCGA-99-8028	lung adenocarcinoma	False	546	0	546	6.304448802421981
TCGA-NJ-A4YF	lung adenocarcinoma	False	804	0	804	6.690842277418564
TCGA-44-7667	lung adenocarcinoma	False	595	0	595	6.39024066706535
TCGA-50-6593	lung adenocarcinoma	False	398	0	398	5.988961416889864
TCGA-55-7816	lung adenocarcinoma	False	2	0	2	1.0986122886681098
TCGA-71-6725	lung adenocarcinoma	False	74	0	74	4.31748811353631
TCGA-L4-A4E5	lung adenocarcinoma	False	427	0	427	6.059123195581797
TCGA-05-4398	lung adenocarcinoma	True	958	2	956	6.863803391452954
TCGA-44-7670	lung adenocarcinoma	False	1383	0	1383	7.232733136177615
TCGA-49-6767	lung adenocarcinoma	False	610	0	610	6.415096959171596
TCGA-49-4490	lung adenocarcinoma	False	69	0	69	4.248495242049359
TCGA-97-A4M6	lung adenocarcinoma	False	46	0	46	3.8501476017100584
TCGA-50-5051	lung adenocarcinoma	False	147	0	147	4.997212273764115
TCGA-69-7973	lung adenocarcinoma	False	320	0	320	5.771441123130016
TCGA-95-7948	lung adenocarcinoma	True	188	1	187	5.236441962829949
TCGA-49-AARQ	lung adenocarcinoma	True	900	1	899	6.802394763324311
TCGA-53-7624	lung adenocarcinoma	False	1040	0	1040	6.947937068614969
TCGA-L9-A5IP	lung adenocarcinoma	False	364	0	364	5.8998973535824915
TCGA-49-AARO	lung adenocarcinoma	True	751	2	749	6.620073206530356
TCGA-75-5126	lung adenocarcinoma	False	801	0	801	6.687108607866515
TCGA-75-5147	lung adenocarcinoma	False	50	0	50	3.9318256327243257
TCGA-75-6203	lung adenocarcinoma	False	21	0	21	3.091042453358316
TCGA-75-6205	lung adenocarcinoma	False	61	0	61	4.127134385045092
TCGA-75-6211	lung adenocarcinoma	False	453	0	453	6.118097198041348
TCGA-75-6212	lung adenocarcinoma	False	25	0	25	3.258096538021482
TCGA-75-6214	lung adenocarcinoma	True	921	1	920	6.825460036255307
TCGA-75-7031	lung adenocarcinoma	False	272	0	272	5.60947179518496
TCGA-80-5607	lung adenocarcinoma	False	160	0	160	5.081404364984463
TCGA-80-5608	lung adenocarcinoma	False	205	0	205	5.327876168789581
TCGA-35-3621	lung adenocarcinoma	False	0	0	0	0.0
TCGA-BC-A10S	liver hepatocellular carcinoma	False	0	0	0	0.0
TCGA-BC-A112	liver hepatocellular carcinoma	False	0	0	0	0.0
TCGA-ES-A2HS	liver hepatocellular carcinoma	False	103	0	103	4.6443908991413725
TCGA-FV-A2QQ	liver hepatocellular carcinoma	False	182	0	182	5.209486152841421
TCGA-G3-A3CG	liver hepatocellular carcinoma	False	166	0	166	5.117993812416755
TCGA-FV-A4ZP	liver hepatocellular carcinoma	False	134	0	134	4.90527477843843
TCGA-HP-A5MZ	liver hepatocellular carcinoma	False	67	0	67	4.219507705176107
TCGA-DD-A39V	liver hepatocellular carcinoma	False	97	0	97	4.584967478670572
TCGA-DD-A4NG	liver hepatocellular carcinoma	False	97	0	97	4.584967478670572
TCGA-MI-A75H	liver hepatocellular carcinoma	False	194	0	194	5.272999558563747
TCGA-BC-A10T	liver hepatocellular carcinoma	False	114	0	114	4.74493212836325
TCGA-BC-A10Y	liver hepatocellular carcinoma	False	89	0	89	4.499809670330265
TCGA-DD-A1EG	liver hepatocellular carcinoma	False	0	0	0	0.0
TCGA-EP-A3JL	liver hepatocellular carcinoma	True	122	1	121	4.804021044733257
TCGA-G3-A7M5	liver hepatocellular carcinoma	False	259	0	259	5.560681631015528
TCGA-DD-A3A8	liver hepatocellular carcinoma	False	185	0	185	5.225746673713202
TCGA-DD-AACJ	liver hepatocellular carcinoma	False	153	0	153	5.0369526024136295
TCGA-FV-A2QR	liver hepatocellular carcinoma	False	169	0	169	5.135798437050262
TCGA-FV-A3R2	liver hepatocellular carcinoma	False	117	0	117	4.770684624465665
TCGA-RC-A6M6	liver hepatocellular carcinoma	False	255	0	255	5.545177444479562
TCGA-CC-A8HT	liver hepatocellular carcinoma	True	288	3	285	5.655991810819852
TCGA-ED-A627	liver hepatocellular carcinoma	False	5	0	5	1.791759469228055
TCGA-NI-A8LF	liver hepatocellular carcinoma	False	154	0	154	5.043425116919247
TCGA-XR-A8TF	liver hepatocellular carcinoma	False	211	0	211	5.356586274672012
TCGA-BC-4073	liver hepatocellular carcinoma	True	200	1	199	5.298317366548036
TCGA-DD-A11B	liver hepatocellular carcinoma	False	76	0	76	4.343805421853684
TCGA-DD-A1EE	liver hepatocellular carcinoma	True	745	1	744	6.61338421837956
TCGA-DD-AAEH	liver hepatocellular carcinoma	False	132	0	132	4.890349128221754
TCGA-EP-A3RK	liver hepatocellular carcinoma	True	81	1	80	4.394449154672439
TCGA-G3-A25X	liver hepatocellular carcinoma	False	0	0	0	0.0
TCGA-ZS-A9CD	liver hepatocellular carcinoma	False	149	0	149	5.0106352940962555
TCGA-DD-A4NF	liver hepatocellular carcinoma	False	172	0	172	5.153291594497779
TCGA-DD-AAC8	liver hepatocellular carcinoma	True	747	1	746	6.616065185132817
TCGA-DD-AAE7	liver hepatocellular carcinoma	True	385	1	384	5.953243334287785
TCGA-DD-AAEI	liver hepatocellular carcinoma	False	161	0	161	5.087596335232384
TCGA-ZP-A9CZ	liver hepatocellular carcinoma	False	81	0	81	4.406719247264253
TCGA-CC-5264	liver hepatocellular carcinoma	False	135	0	135	4.912654885736052
TCGA-DD-A73A	liver hepatocellular carcinoma	False	128	0	128	4.859812404361672
TCGA-G3-A3CI	liver hepatocellular carcinoma	False	28	0	28	3.367295829986474
TCGA-NI-A4U2	liver hepatocellular carcinoma	False	167	0	167	5.123963979403259
TCGA-2Y-A9H9	liver hepatocellular carcinoma	True	186	1	185	5.225746673713202
TCGA-2Y-A9HA	liver hepatocellular carcinoma	False	219	0	219	5.393627546352362
TCGA-5C-A9VH	liver hepatocellular carcinoma	False	142	0	142	4.962844630259907
TCGA-DD-A1E9	liver hepatocellular carcinoma	False	95	0	95	4.564348191467836
TCGA-DD-A3A0	liver hepatocellular carcinoma	False	0	0	0	0.0
TCGA-DD-AACK	liver hepatocellular carcinoma	True	202	1	201	5.308267697401205
TCGA-DD-AADG	liver hepatocellular carcinoma	False	248	0	248	5.517452896464707
TCGA-EP-A26S	liver hepatocellular carcinoma	False	144	0	144	4.976733742420574
TCGA-G3-A5SL	liver hepatocellular carcinoma	False	178	0	178	5.187385805840755
TCGA-G3-A7M9	liver hepatocellular carcinoma	False	183	0	183	5.214935757608986
TCGA-BC-A10U	liver hepatocellular carcinoma	False	183	0	183	5.214935757608986
TCGA-BC-A5W4	liver hepatocellular carcinoma	False	97	0	97	4.584967478670572
TCGA-BC-A69I	liver hepatocellular carcinoma	False	0	0	0	0.0
TCGA-BD-A2L6	liver hepatocellular carcinoma	False	105	0	105	4.663439094112067
TCGA-DD-A11C	liver hepatocellular carcinoma	False	131	0	131	4.882801922586371
TCGA-DD-AACH	liver hepatocellular carcinoma	False	144	0	144	4.976733742420574
TCGA-DD-AACI	liver hepatocellular carcinoma	False	545	0	545	6.302618975744905
TCGA-DD-AAE9	liver hepatocellular carcinoma	True	166	1	165	5.111987788356544
TCGA-DD-AAW2	liver hepatocellular carcinoma	False	192	0	192	5.262690188904886
TCGA-DD-AAW3	liver hepatocellular carcinoma	False	139	0	139	4.941642422609304
TCGA-RG-A7D4	liver hepatocellular carcinoma	False	135	0	135	4.912654885736052
TCGA-2Y-A9GX	liver hepatocellular carcinoma	False	78	0	78	4.3694478524670215
TCGA-2Y-A9H4	liver hepatocellular carcinoma	False	105	0	105	4.663439094112067
TCGA-CC-A9FW	liver hepatocellular carcinoma	False	214	0	214	5.3706380281276624
TCGA-DD-A116	liver hepatocellular carcinoma	False	170	0	170	5.14166355650266
TCGA-DD-A1EA	liver hepatocellular carcinoma	False	0	0	0	0.0
TCGA-DD-A1ED	liver hepatocellular carcinoma	False	40	0	40	3.713572066704308
TCGA-DD-AACF	liver hepatocellular carcinoma	False	186	0	186	5.231108616854587
TCGA-G3-A25V	liver hepatocellular carcinoma	True	98	1	97	4.584967478670572
TCGA-GJ-A9DB	liver hepatocellular carcinoma	False	133	0	133	4.897839799950911
TCGA-LG-A9QD	liver hepatocellular carcinoma	False	174	0	174	5.1647859739235145
TCGA-T1-A6J8	liver hepatocellular carcinoma	False	119	0	119	4.787491742782046
TCGA-YA-A8S7	liver hepatocellular carcinoma	False	120	0	120	4.795790545596741
TCGA-CC-5262	liver hepatocellular carcinoma	False	186	0	186	5.231108616854587
TCGA-DD-A11A	liver hepatocellular carcinoma	False	180	0	180	5.198497031265826
TCGA-DD-A39Y	liver hepatocellular carcinoma	False	0	0	0	0.0
TCGA-DD-A3A7	liver hepatocellular carcinoma	False	178	0	178	5.187385805840755
TCGA-DD-A4NI	liver hepatocellular carcinoma	True	222	1	221	5.402677381872279
TCGA-G3-AAV5	liver hepatocellular carcinoma	False	121	0	121	4.804021044733257
TCGA-UB-A7MD	liver hepatocellular carcinoma	False	160	0	160	5.081404364984463
TCGA-2Y-A9HB	liver hepatocellular carcinoma	False	115	0	115	4.7535901911063645
TCGA-4R-AA8I	liver hepatocellular carcinoma	True	1675	3	1672	7.422373700986824
TCGA-DD-A73E	liver hepatocellular carcinoma	True	192	1	191	5.2574953720277815
TCGA-DD-AACX	liver hepatocellular carcinoma	False	173	0	173	5.159055299214529
TCGA-DD-AAD2	liver hepatocellular carcinoma	False	116	0	116	4.762173934797756
TCGA-DD-AAD6	liver hepatocellular carcinoma	False	154	0	154	5.043425116919247
TCGA-K7-A5RG	liver hepatocellular carcinoma	False	169	0	169	5.135798437050262
TCGA-K7-A6G5	liver hepatocellular carcinoma	False	121	0	121	4.804021044733257
TCGA-RC-A7SF	liver hepatocellular carcinoma	False	105	0	105	4.663439094112067
TCGA-3K-AAZ8	liver hepatocellular carcinoma	False	201	0	201	5.308267697401205
TCGA-DD-A3A1	liver hepatocellular carcinoma	False	0	0	0	0.0
TCGA-DD-A4NO	liver hepatocellular carcinoma	True	76	1	75	4.330733340286331
TCGA-DD-AACA	liver hepatocellular carcinoma	True	161	1	160	5.081404364984463
TCGA-DD-AAEA	liver hepatocellular carcinoma	False	258	0	258	5.556828061699537
TCGA-G3-A6UC	liver hepatocellular carcinoma	False	179	0	179	5.19295685089021
TCGA-G3-A7M7	liver hepatocellular carcinoma	True	101	1	100	4.61512051684126
TCGA-KR-A7K0	liver hepatocellular carcinoma	False	138	0	138	4.9344739331306915
TCGA-2Y-A9GW	liver hepatocellular carcinoma	False	111	0	111	4.718498871295094
TCGA-BC-A69H	liver hepatocellular carcinoma	False	164	0	164	5.10594547390058
TCGA-DD-AACP	liver hepatocellular carcinoma	False	283	0	283	5.648974238161206
TCGA-G3-A25S	liver hepatocellular carcinoma	False	198	0	198	5.293304824724492
TCGA-K7-A5RF	liver hepatocellular carcinoma	False	83	0	83	4.430816798843313
TCGA-KR-A7K2	liver hepatocellular carcinoma	True	83	1	82	4.418840607796598
TCGA-MI-A75C	liver hepatocellular carcinoma	False	175	0	175	5.170483995038151
TCGA-ZS-A9CF	liver hepatocellular carcinoma	True	140	1	139	4.941642422609304
TCGA-BW-A5NQ	liver hepatocellular carcinoma	True	139	1	138	4.9344739331306915
TCGA-CC-A5UC	liver hepatocellular carcinoma	False	79	0	79	4.382026634673881
TCGA-DD-AADS	liver hepatocellular carcinoma	False	210	0	210	5.351858133476067
TCGA-MI-A75G	liver hepatocellular carcinoma	False	335	0	335	5.817111159963204
TCGA-BD-A3ER	liver hepatocellular carcinoma	False	81	0	81	4.406719247264253
TCGA-DD-AACE	liver hepatocellular carcinoma	False	124	0	124	4.8283137373023015
TCGA-EP-A12J	liver hepatocellular carcinoma	False	81	0	81	4.406719247264253
TCGA-EP-A2KC	liver hepatocellular carcinoma	False	118	0	118	4.77912349311153
TCGA-WQ-AB4B	liver hepatocellular carcinoma	False	104	0	104	4.653960350157523
TCGA-5C-AAPD	liver hepatocellular carcinoma	False	96	0	96	4.574710978503383
TCGA-CC-A3MA	liver hepatocellular carcinoma	False	65	0	65	4.189654742026425
TCGA-CC-A7IL	liver hepatocellular carcinoma	False	161	0	161	5.087596335232384
TCGA-DD-A4NV	liver hepatocellular carcinoma	False	193	0	193	5.267858159063328
TCGA-DD-AACC	liver hepatocellular carcinoma	True	131	1	130	4.875197323201151
TCGA-DD-AACY	liver hepatocellular carcinoma	False	125	0	125	4.836281906951478
TCGA-ED-A7PZ	liver hepatocellular carcinoma	False	358	0	358	5.883322388488279
TCGA-G3-A3CK	liver hepatocellular carcinoma	False	301	0	301	5.71042701737487
TCGA-K7-AAU7	liver hepatocellular carcinoma	False	109	0	109	4.700480365792417
TCGA-MI-A75E	liver hepatocellular carcinoma	False	190	0	190	5.25227342804663
TCGA-MI-A75I	liver hepatocellular carcinoma	False	238	0	238	5.476463551931511
TCGA-WX-AA46	liver hepatocellular carcinoma	False	91	0	91	4.5217885770490405
TCGA-DD-A4NQ	liver hepatocellular carcinoma	False	120	0	120	4.795790545596741
TCGA-DD-AADU	liver hepatocellular carcinoma	False	150	0	150	5.017279836814924
TCGA-DD-AAEB	liver hepatocellular carcinoma	False	194	0	194	5.272999558563747
TCGA-UB-AA0U	liver hepatocellular carcinoma	False	117	0	117	4.770684624465665
TCGA-CC-A7IF	liver hepatocellular carcinoma	False	187	0	187	5.236441962829949
TCGA-CC-A7IK	liver hepatocellular carcinoma	False	434	0	434	6.075346031088684
TCGA-DD-AACU	liver hepatocellular carcinoma	False	171	0	171	5.147494476813453
TCGA-DD-AADN	liver hepatocellular carcinoma	False	154	0	154	5.043425116919247
TCGA-DD-AADQ	liver hepatocellular carcinoma	False	193	0	193	5.267858159063328
TCGA-G3-A5SJ	liver hepatocellular carcinoma	False	138	0	138	4.9344739331306915
TCGA-GJ-A3OU	liver hepatocellular carcinoma	False	77	0	77	4.356708826689592
TCGA-RC-A7SK	liver hepatocellular carcinoma	False	218	0	218	5.389071729816501
TCGA-UB-A7MC	liver hepatocellular carcinoma	False	98	0	98	4.59511985013459
TCGA-ZP-A9CV	liver hepatocellular carcinoma	True	164	1	163	5.099866427824199
TCGA-2Y-A9GS	liver hepatocellular carcinoma	False	95	0	95	4.564348191467836
TCGA-2Y-A9H1	liver hepatocellular carcinoma	False	181	0	181	5.204006687076795
TCGA-5C-A9VG	liver hepatocellular carcinoma	False	220	0	220	5.3981627015177525
TCGA-CC-A7IH	liver hepatocellular carcinoma	False	1101	0	1101	7.004881989712859
TCGA-DD-AADL	liver hepatocellular carcinoma	False	180	0	180	5.198497031265826
TCGA-DD-AADM	liver hepatocellular carcinoma	False	288	0	288	5.666426688112432
TCGA-DD-AADR	liver hepatocellular carcinoma	False	152	0	152	5.030437921392435
TCGA-ED-A4XI	liver hepatocellular carcinoma	False	200	0	200	5.303304908059076
TCGA-G3-A25Z	liver hepatocellular carcinoma	False	111	0	111	4.718498871295094
TCGA-G3-A5SK	liver hepatocellular carcinoma	False	141	0	141	4.955827057601261
TCGA-G3-A5SM	liver hepatocellular carcinoma	False	178	0	178	5.187385805840755
TCGA-G3-AAV0	liver hepatocellular carcinoma	True	260	1	259	5.560681631015528
TCGA-MR-A520	liver hepatocellular carcinoma	False	34	0	34	3.5553480614894135
TCGA-XR-A8TG	liver hepatocellular carcinoma	False	132	0	132	4.890349128221754
TCGA-5R-AA1C	liver hepatocellular carcinoma	False	143	0	143	4.969813299576001
TCGA-CC-A7IE	liver hepatocellular carcinoma	False	254	0	254	5.541263545158426
TCGA-CC-A9FV	liver hepatocellular carcinoma	False	34	0	34	3.5553480614894135
TCGA-KR-A7K8	liver hepatocellular carcinoma	False	81	0	81	4.406719247264253
TCGA-CC-A7IJ	liver hepatocellular carcinoma	False	209	0	209	5.3471075307174685
TCGA-DD-AAVS	liver hepatocellular carcinoma	False	73	0	73	4.30406509320417
TCGA-DD-AAVV	liver hepatocellular carcinoma	False	197	0	197	5.288267030694535
TCGA-DD-AAVY	liver hepatocellular carcinoma	False	135	0	135	4.912654885736052
TCGA-UB-A7MF	liver hepatocellular carcinoma	False	152	0	152	5.030437921392435
TCGA-CC-A9FS	liver hepatocellular carcinoma	False	154	0	154	5.043425116919247
TCGA-DD-AADO	liver hepatocellular carcinoma	False	327	0	327	5.793013608384144
TCGA-DD-AAEE	liver hepatocellular carcinoma	False	130	0	130	4.875197323201151
TCGA-DD-AAW1	liver hepatocellular carcinoma	False	167	0	167	5.123963979403259
TCGA-ZS-A9CG	liver hepatocellular carcinoma	False	107	0	107	4.68213122712422
TCGA-CC-A3MC	liver hepatocellular carcinoma	False	145	0	145	4.983606621708336
TCGA-CC-A7II	liver hepatocellular carcinoma	False	232	0	232	5.4510384535657
TCGA-DD-AAD5	liver hepatocellular carcinoma	False	189	0	189	5.247024072160486
TCGA-DD-AAW0	liver hepatocellular carcinoma	False	135	0	135	4.912654885736052
TCGA-ED-A97K	liver hepatocellular carcinoma	False	66	0	66	4.204692619390966
TCGA-ES-A2HT	liver hepatocellular carcinoma	False	107	0	107	4.68213122712422
TCGA-O8-A75V	liver hepatocellular carcinoma	False	121	0	121	4.804021044733257
TCGA-DD-A115	liver hepatocellular carcinoma	True	121	1	120	4.795790545596741
TCGA-DD-AACV	liver hepatocellular carcinoma	True	156	1	155	5.049856007249537
TCGA-DD-AADC	liver hepatocellular carcinoma	True	124	1	123	4.820281565605037
TCGA-G3-A3CH	liver hepatocellular carcinoma	False	60	0	60	4.110873864173311
TCGA-RC-A7SB	liver hepatocellular carcinoma	True	89	1	88	4.48863636973214
TCGA-DD-AACG	liver hepatocellular carcinoma	False	150	0	150	5.017279836814924
TCGA-DD-AAE1	liver hepatocellular carcinoma	False	69	0	69	4.248495242049359
TCGA-FV-A4ZQ	liver hepatocellular carcinoma	False	113	0	113	4.736198448394496
TCGA-G3-A3CJ	liver hepatocellular carcinoma	False	0	0	0	0.0
TCGA-2Y-A9GT	liver hepatocellular carcinoma	False	123	0	123	4.820281565605037
TCGA-DD-AAC9	liver hepatocellular carcinoma	False	119	0	119	4.787491742782046
TCGA-DD-AADB	liver hepatocellular carcinoma	False	188	0	188	5.241747015059643
TCGA-DD-AADD	liver hepatocellular carcinoma	False	127	0	127	4.852030263919617
TCGA-DD-AAE2	liver hepatocellular carcinoma	False	147	0	147	4.997212273764115
TCGA-DD-AAED	liver hepatocellular carcinoma	False	102	0	102	4.634728988229636
TCGA-DD-AAEK	liver hepatocellular carcinoma	True	122	1	121	4.804021044733257
TCGA-G3-AAV1	liver hepatocellular carcinoma	False	87	0	87	4.477336814478207
TCGA-UB-A7ME	liver hepatocellular carcinoma	False	129	0	129	4.867534450455582
TCGA-ZP-A9D2	liver hepatocellular carcinoma	True	83	1	82	4.418840607796598
TCGA-BC-A10W	liver hepatocellular carcinoma	False	149	0	149	5.0106352940962555
TCGA-BW-A5NO	liver hepatocellular carcinoma	False	160	0	160	5.081404364984463
TCGA-CC-A1HT	liver hepatocellular carcinoma	True	129	1	128	4.859812404361672
TCGA-DD-AACQ	liver hepatocellular carcinoma	False	309	0	309	5.736572297479192
TCGA-DD-AADE	liver hepatocellular carcinoma	False	169	0	169	5.135798437050262
TCGA-DD-AADV	liver hepatocellular carcinoma	False	157	0	157	5.062595033026967
TCGA-DD-AAE3	liver hepatocellular carcinoma	False	242	0	242	5.493061443340548
TCGA-G3-AAV2	liver hepatocellular carcinoma	True	84	1	83	4.430816798843313
TCGA-2Y-A9H0	liver hepatocellular carcinoma	False	118	0	118	4.77912349311153
TCGA-CC-5258	liver hepatocellular carcinoma	True	189	1	188	5.241747015059643
TCGA-CC-A5UE	liver hepatocellular carcinoma	False	180	0	180	5.198497031265826
TCGA-DD-AACD	liver hepatocellular carcinoma	False	136	0	136	4.919980925828125
TCGA-DD-AACM	liver hepatocellular carcinoma	False	84	0	84	4.442651256490317
TCGA-DD-AADW	liver hepatocellular carcinoma	True	74	1	73	4.30406509320417
TCGA-DD-AAVP	liver hepatocellular carcinoma	False	125	0	125	4.836281906951478
TCGA-G3-AAUZ	liver hepatocellular carcinoma	False	116	0	116	4.762173934797756
TCGA-LG-A9QC	liver hepatocellular carcinoma	False	73	0	73	4.30406509320417
TCGA-QA-A7B7	liver hepatocellular carcinoma	False	139	0	139	4.941642422609304
TCGA-CC-A7IG	liver hepatocellular carcinoma	False	210	0	210	5.351858133476067
TCGA-ED-A459	liver hepatocellular carcinoma	False	322	0	322	5.777652323222656
TCGA-DD-A1EI	liver hepatocellular carcinoma	False	78	0	78	4.3694478524670215
TCGA-DD-A4NL	liver hepatocellular carcinoma	False	39	0	39	3.6888794541139363
TCGA-DD-AAVU	liver hepatocellular carcinoma	False	89	0	89	4.499809670330265
TCGA-2Y-A9H3	liver hepatocellular carcinoma	False	262	0	262	5.572154032177765
TCGA-CC-A3M9	liver hepatocellular carcinoma	False	188	0	188	5.241747015059643
TCGA-CC-A5UD	liver hepatocellular carcinoma	False	280	0	280	5.638354669333745
TCGA-DD-A3A3	liver hepatocellular carcinoma	False	83	0	83	4.430816798843313
TCGA-DD-AADP	liver hepatocellular carcinoma	False	145	0	145	4.983606621708336
TCGA-DD-AAE8	liver hepatocellular carcinoma	False	98	0	98	4.59511985013459
TCGA-CC-5261	liver hepatocellular carcinoma	False	0	0	0	0.0
TCGA-DD-AAVR	liver hepatocellular carcinoma	False	101	0	101	4.624972813284271
TCGA-G3-A5SI	liver hepatocellular carcinoma	True	59	1	58	4.07753744390572
TCGA-DD-AACW	liver hepatocellular carcinoma	True	71	1	70	4.2626798770413155
TCGA-DD-AAD3	liver hepatocellular carcinoma	False	109	0	109	4.700480365792417
TCGA-DD-A114	liver hepatocellular carcinoma	False	151	0	151	5.0238805208462765
TCGA-RC-A7SH	liver hepatocellular carcinoma	False	94	0	94	4.553876891600541
TCGA-DD-A119	liver hepatocellular carcinoma	False	94	0	94	4.553876891600541
TCGA-DD-AACO	liver hepatocellular carcinoma	False	68	0	68	4.23410650459726
TCGA-DD-AACS	liver hepatocellular carcinoma	False	67	0	67	4.219507705176107
TCGA-DD-AAVQ	liver hepatocellular carcinoma	False	80	0	80	4.394449154672439
TCGA-DD-AAVX	liver hepatocellular carcinoma	False	116	0	116	4.762173934797756
TCGA-DD-AAVZ	liver hepatocellular carcinoma	False	69	0	69	4.248495242049359
TCGA-G3-AAV7	liver hepatocellular carcinoma	False	128	0	128	4.859812404361672
TCGA-DD-A3A4	liver hepatocellular carcinoma	False	56	0	56	4.04305126783455
TCGA-CC-A3MB	liver hepatocellular carcinoma	False	108	0	108	4.6913478822291435
TCGA-CC-5263	liver hepatocellular carcinoma	False	171	0	171	5.147494476813453
TCGA-DD-AAVW	liver hepatocellular carcinoma	False	51	0	51	3.9512437185814275
TCGA-ED-A66X	liver hepatocellular carcinoma	False	64	0	64	4.174387269895637
TCGA-MR-A8JO	liver hepatocellular carcinoma	False	45	0	45	3.828641396489095
TCGA-DD-A4NP	liver hepatocellular carcinoma	False	35	0	35	3.58351893845611
TCGA-DD-AACN	liver hepatocellular carcinoma	False	63	0	63	4.1588830833596715
TCGA-G3-A7M8	liver hepatocellular carcinoma	False	36	0	36	3.6109179126442243
TCGA-ED-A7XO	liver hepatocellular carcinoma	False	81	0	81	4.406719247264253
TCGA-DD-A4NB	liver hepatocellular carcinoma	False	40	0	40	3.713572066704308
TCGA-RC-A6M3	liver hepatocellular carcinoma	True	108	1	107	4.68213122712422
TCGA-UB-A7MB	liver hepatocellular carcinoma	True	2070	3	2067	7.63433723562832
TCGA-DD-A1EH	liver hepatocellular carcinoma	False	52	0	52	3.970291913552122
TCGA-DD-A1EL	liver hepatocellular carcinoma	False	137	0	137	4.927253685157205
TCGA-CC-A8HS	liver hepatocellular carcinoma	False	72	0	72	4.290459441148391
TCGA-XR-A8TE	liver hepatocellular carcinoma	False	26	0	26	3.295836866004329
TCGA-2V-A95S	liver hepatocellular carcinoma	False	147	0	147	4.997212273764115
TCGA-HP-A5N0	liver hepatocellular carcinoma	True	186	1	185	5.225746673713202
TCGA-2Y-A9H8	liver hepatocellular carcinoma	False	115	0	115	4.7535901911063645
TCGA-DD-A4NR	liver hepatocellular carcinoma	False	77	0	77	4.356708826689592
TCGA-FV-A496	liver hepatocellular carcinoma	False	167	0	167	5.123963979403259
TCGA-G3-AAV4	liver hepatocellular carcinoma	False	177	0	177	5.181783550292085
TCGA-2Y-A9GZ	liver hepatocellular carcinoma	False	141	0	141	4.955827057601261
TCGA-2Y-A9H7	liver hepatocellular carcinoma	False	113	0	113	4.736198448394496
TCGA-DD-AA3A	liver hepatocellular carcinoma	False	76	0	76	4.343805421853684
TCGA-FV-A3I1	liver hepatocellular carcinoma	False	107	0	107	4.68213122712422
TCGA-DD-A4NK	liver hepatocellular carcinoma	False	123	0	123	4.820281565605037
TCGA-G3-A25W	liver hepatocellular carcinoma	False	136	0	136	4.919980925828125
TCGA-LG-A6GG	liver hepatocellular carcinoma	False	275	0	275	5.62040086571715
TCGA-ZS-A9CE	liver hepatocellular carcinoma	False	178	0	178	5.187385805840755
TCGA-DD-A39X	liver hepatocellular carcinoma	False	87	0	87	4.477336814478207
TCGA-DD-A118	liver hepatocellular carcinoma	False	160	0	160	5.081404364984463
TCGA-DD-A73F	liver hepatocellular carcinoma	False	125	0	125	4.836281906951478
TCGA-DD-A3A2	liver hepatocellular carcinoma	False	102	0	102	4.634728988229636
TCGA-FV-A3I0	liver hepatocellular carcinoma	False	112	0	112	4.727387818712341
TCGA-BC-A217	liver hepatocellular carcinoma	False	158	0	158	5.0689042022202315
TCGA-BD-A3EP	liver hepatocellular carcinoma	False	144	0	144	4.976733742420574
TCGA-DD-A4NE	liver hepatocellular carcinoma	False	80	0	80	4.394449154672439
TCGA-GJ-A6C0	liver hepatocellular carcinoma	False	96	0	96	4.574710978503383
TCGA-BC-4072	liver hepatocellular carcinoma	False	0	0	0	0.0
TCGA-DD-AACB	liver hepatocellular carcinoma	False	149	0	149	5.0106352940962555
TCGA-RC-A6M4	liver hepatocellular carcinoma	False	257	0	257	5.552959584921617
TCGA-DD-A73G	liver hepatocellular carcinoma	False	158	0	158	5.0689042022202315
TCGA-DD-AAD0	liver hepatocellular carcinoma	False	153	0	153	5.0369526024136295
TCGA-DD-AAD8	liver hepatocellular carcinoma	False	167	0	167	5.123963979403259
TCGA-BC-A10Q	liver hepatocellular carcinoma	False	53	0	53	3.9889840465642745
TCGA-DD-A1EB	liver hepatocellular carcinoma	True	250	1	249	5.521460917862246
TCGA-DD-A3A6	liver hepatocellular carcinoma	False	34	0	34	3.5553480614894135
TCGA-DD-A73B	liver hepatocellular carcinoma	False	112	0	112	4.727387818712341
TCGA-DD-A1EJ	liver hepatocellular carcinoma	False	91	0	91	4.5217885770490405
TCGA-WQ-A9G7	liver hepatocellular carcinoma	True	732	1	731	6.595780513961311
TCGA-DD-AADJ	liver hepatocellular carcinoma	False	90	0	90	4.51085950651685
TCGA-FV-A23B	liver hepatocellular carcinoma	True	156	1	155	5.049856007249537
TCGA-DD-AACT	liver hepatocellular carcinoma	True	298	1	297	5.697093486505405
TCGA-UB-AA0V	liver hepatocellular carcinoma	False	65	0	65	4.189654742026425
TCGA-2Y-A9H6	liver hepatocellular carcinoma	False	93	0	93	4.543294782270004
TCGA-BC-A3KG	liver hepatocellular carcinoma	False	0	0	0	0.0
TCGA-DD-A73D	liver hepatocellular carcinoma	False	106	0	106	4.672828834461906
TCGA-DD-AADK	liver hepatocellular carcinoma	False	86	0	86	4.465908118654584
TCGA-WJ-A86L	liver hepatocellular carcinoma	False	190	0	190	5.25227342804663
TCGA-DD-A4NA	liver hepatocellular carcinoma	False	42	0	42	3.7612001156935624
TCGA-ZP-A9D0	liver hepatocellular carcinoma	False	80	0	80	4.394449154672439
TCGA-BC-A10R	liver hepatocellular carcinoma	False	143	0	143	4.969813299576001
TCGA-BC-A3KF	liver hepatocellular carcinoma	False	139	0	139	4.941642422609304
TCGA-BC-A8YO	liver hepatocellular carcinoma	False	103	0	103	4.6443908991413725
TCGA-DD-A3A5	liver hepatocellular carcinoma	False	96	0	96	4.574710978503383
TCGA-DD-AACL	liver hepatocellular carcinoma	False	427	0	427	6.059123195581797
TCGA-DD-AADA	liver hepatocellular carcinoma	False	175	0	175	5.170483995038151
TCGA-ZP-A9CY	liver hepatocellular carcinoma	False	123	0	123	4.820281565605037
TCGA-5R-AAAM	liver hepatocellular carcinoma	False	130	0	130	4.875197323201151
TCGA-DD-A4NH	liver hepatocellular carcinoma	False	68	0	68	4.23410650459726
TCGA-DD-A73C	liver hepatocellular carcinoma	False	118	0	118	4.77912349311153
TCGA-2Y-A9GY	liver hepatocellular carcinoma	True	111	1	110	4.709530201312334
TCGA-2Y-A9H2	liver hepatocellular carcinoma	False	75	0	75	4.330733340286331
TCGA-DD-A1EK	liver hepatocellular carcinoma	False	93	0	93	4.543294782270004
TCGA-DD-A3A9	liver hepatocellular carcinoma	False	539	0	539	6.29156913955832
TCGA-DD-AADF	liver hepatocellular carcinoma	False	325	0	325	5.786897381366708
TCGA-WX-AA44	liver hepatocellular carcinoma	True	120	1	119	4.787491742782046
TCGA-ZP-A9D4	liver hepatocellular carcinoma	False	101	0	101	4.624972813284271
TCGA-DD-AACZ	liver hepatocellular carcinoma	False	238	0	238	5.476463551931511
TCGA-G3-A25U	liver hepatocellular carcinoma	False	132	0	132	4.890349128221754
TCGA-BC-A10Z	liver hepatocellular carcinoma	False	251	0	251	5.529429087511423
TCGA-BC-A216	liver hepatocellular carcinoma	False	96	0	96	4.574710978503383
TCGA-UB-A7MA	liver hepatocellular carcinoma	False	118	0	118	4.77912349311153
TCGA-CC-5260	liver hepatocellular carcinoma	False	86	0	86	4.465908118654584
TCGA-DD-A4NS	liver hepatocellular carcinoma	False	84	0	84	4.442651256490317
TCGA-KR-A7K7	liver hepatocellular carcinoma	True	91	1	90	4.51085950651685
TCGA-CC-5259	liver hepatocellular carcinoma	False	204	0	204	5.3230099791384085
TCGA-ED-A5KG	liver hepatocellular carcinoma	False	34	0	34	3.5553480614894135
TCGA-ED-A82E	liver hepatocellular carcinoma	False	47	0	47	3.871201010907891
TCGA-G3-A7M6	liver hepatocellular carcinoma	False	137	0	137	4.927253685157205
TCGA-2Y-A9H5	liver hepatocellular carcinoma	False	119	0	119	4.787491742782046
TCGA-DD-AAE6	liver hepatocellular carcinoma	False	128	0	128	4.859812404361672
TCGA-DD-AAEG	liver hepatocellular carcinoma	False	166	0	166	5.117993812416755
TCGA-ED-A8O5	liver hepatocellular carcinoma	False	172	0	172	5.153291594497779
TCGA-G3-AAV3	liver hepatocellular carcinoma	True	127	1	126	4.844187086458591
TCGA-PD-A5DF	liver hepatocellular carcinoma	False	66	0	66	4.204692619390966
TCGA-DD-A11D	liver hepatocellular carcinoma	False	183	0	183	5.214935757608986
TCGA-DD-A1EF	liver hepatocellular carcinoma	False	185	0	185	5.225746673713202
TCGA-DD-A4ND	liver hepatocellular carcinoma	False	76	0	76	4.343805421853684
TCGA-DD-A4NN	liver hepatocellular carcinoma	True	79	1	78	4.3694478524670215
TCGA-ZP-A9D1	liver hepatocellular carcinoma	True	196	1	195	5.278114659230517
TCGA-2Y-A9GU	liver hepatocellular carcinoma	True	214	1	213	5.365976015021851
TCGA-DD-A113	liver hepatocellular carcinoma	False	216	0	216	5.37989735354046
TCGA-DD-AADY	liver hepatocellular carcinoma	False	71	0	71	4.276666119016055
TCGA-2Y-A9GV	liver hepatocellular carcinoma	False	90	0	90	4.51085950651685
TCGA-DD-A4NJ	liver hepatocellular carcinoma	False	114	0	114	4.74493212836325
TCGA-ED-A7XP	liver hepatocellular carcinoma	False	87	0	87	4.477336814478207
TCGA-G3-AAV6	liver hepatocellular carcinoma	False	115	0	115	4.7535901911063645
TCGA-BC-A10X	liver hepatocellular carcinoma	False	5	0	5	1.791759469228055
TCGA-CC-A9FU	liver hepatocellular carcinoma	False	76	0	76	4.343805421853684
TCGA-EP-A2KA	liver hepatocellular carcinoma	False	156	0	156	5.056245805348308
TCGA-G3-A25Y	liver hepatocellular carcinoma	False	114	0	114	4.74493212836325
TCGA-BC-A110	liver hepatocellular carcinoma	False	0	0	0	0.0
TCGA-CC-A8HV	liver hepatocellular carcinoma	False	205	0	205	5.327876168789581
TCGA-DD-AAD1	liver hepatocellular carcinoma	False	190	0	190	5.25227342804663
TCGA-ED-A66Y	liver hepatocellular carcinoma	True	121	1	120	4.795790545596741
TCGA-FV-A495	liver hepatocellular carcinoma	False	148	0	148	5.003946305945459
TCGA-ED-A8O6	liver hepatocellular carcinoma	False	96	0	96	4.574710978503383
TCGA-DD-AAE4	liver hepatocellular carcinoma	False	102	0	102	4.634728988229636
TCGA-XR-A8TD	liver hepatocellular carcinoma	False	73	0	73	4.30406509320417
TCGA-ED-A7PX	liver hepatocellular carcinoma	False	45	0	45	3.828641396489095
TCGA-RC-A7S9	liver hepatocellular carcinoma	False	88	0	88	4.48863636973214
TCGA-EP-A2KB	liver hepatocellular carcinoma	False	121	0	121	4.804021044733257
TCGA-DD-AAE0	liver hepatocellular carcinoma	False	105	0	105	4.663439094112067
TCGA-G3-A25T	liver hepatocellular carcinoma	False	89	0	89	4.499809670330265
TCGA-DD-A39Z	liver hepatocellular carcinoma	False	110	0	110	4.709530201312334
TCGA-DD-AADI	liver hepatocellular carcinoma	False	167	0	167	5.123963979403259
TCGA-XR-A8TC	liver hepatocellular carcinoma	False	76	0	76	4.343805421853684
TCGA-CC-A8HU	liver hepatocellular carcinoma	True	139	1	138	4.9344739331306915
TCGA-FV-A3R3	liver hepatocellular carcinoma	True	77	1	76	4.343805421853684
TCGA-WX-AA47	liver hepatocellular carcinoma	False	60	0	60	4.110873864173311
TCGA-DD-A39W	liver hepatocellular carcinoma	False	55	0	55	4.02535169073515
TCGA-BW-A5NP	liver hepatocellular carcinoma	False	108	0	108	4.6913478822291435
TCGA-CC-A123	liver hepatocellular carcinoma	False	114	0	114	4.74493212836325
TCGA-DD-A1EC	liver hepatocellular carcinoma	False	38	0	38	3.6635616461296463
TCGA-ED-A7PY	liver hepatocellular carcinoma	True	49	1	48	3.8918202981106265
TCGA-RC-A6M5	liver hepatocellular carcinoma	False	35	0	35	3.58351893845611
TCGA-5R-AA1D	liver hepatocellular carcinoma	False	27	0	27	3.332204510175204
TCGA-LK-A4O0	mesothelioma	False	55	0	55	4.02535169073515
TCGA-3U-A98D	mesothelioma	False	51	0	51	3.9512437185814275
TCGA-TS-A7P8	mesothelioma	False	56	0	56	4.04305126783455
TCGA-3H-AB3T	mesothelioma	False	49	0	49	3.912023005428146
TCGA-MQ-A6BL	mesothelioma	False	61	0	61	4.127134385045092
TCGA-TS-A8AS	mesothelioma	False	27	0	27	3.332204510175204
TCGA-SC-A6LN	mesothelioma	False	45	0	45	3.828641396489095
TCGA-LK-A4NZ	mesothelioma	False	40	0	40	3.713572066704308
TCGA-UT-A88E	mesothelioma	False	66	0	66	4.204692619390966
TCGA-3U-A98F	mesothelioma	False	56	0	56	4.04305126783455
TCGA-SC-A6LR	mesothelioma	False	61	0	61	4.127134385045092
TCGA-UT-A88G	mesothelioma	False	41	0	41	3.7376696182833684
TCGA-3H-AB3U	mesothelioma	False	31	0	31	3.4657359027997265
TCGA-3U-A98G	mesothelioma	False	3	0	3	1.3862943611198906
TCGA-NQ-A57I	mesothelioma	False	65	0	65	4.189654742026425
TCGA-ZN-A9VU	mesothelioma	False	46	0	46	3.8501476017100584
TCGA-3H-AB3S	mesothelioma	False	74	0	74	4.31748811353631
TCGA-LK-A4O4	mesothelioma	False	0	0	0	0.0
TCGA-TS-A8AF	mesothelioma	False	0	0	0	0.0
TCGA-3U-A98I	mesothelioma	False	56	0	56	4.04305126783455
TCGA-SH-A7BD	mesothelioma	False	39	0	39	3.6888794541139363
TCGA-ZN-A9VV	mesothelioma	False	41	0	41	3.7376696182833684
TCGA-MQ-A4LM	mesothelioma	False	52	0	52	3.970291913552122
TCGA-MQ-A4LP	mesothelioma	False	67	0	67	4.219507705176107
TCGA-SH-A9CT	mesothelioma	False	44	0	44	3.8066624897703196
TCGA-TS-A7OZ	mesothelioma	False	64	0	64	4.174387269895637
TCGA-UD-AAC6	mesothelioma	False	44	0	44	3.8066624897703196
TCGA-ZN-A9VS	mesothelioma	False	51	0	51	3.9512437185814275
TCGA-NQ-A638	mesothelioma	False	66	0	66	4.204692619390966
TCGA-SH-A7BC	mesothelioma	False	39	0	39	3.6888794541139363
TCGA-UD-AAC5	mesothelioma	False	34	0	34	3.5553480614894135
TCGA-UT-A88D	mesothelioma	False	40	0	40	3.713572066704308
TCGA-YS-AA4M	mesothelioma	False	27	0	27	3.332204510175204
TCGA-UD-AAC4	mesothelioma	False	46	0	46	3.8501476017100584
TCGA-3H-AB3K	mesothelioma	False	20	0	20	3.044522437723423
TCGA-LK-A4O7	mesothelioma	False	54	0	54	4.007333185232471
TCGA-MQ-A4LV	mesothelioma	False	56	0	56	4.04305126783455
TCGA-3H-AB3X	mesothelioma	False	29	0	29	3.4011973816621555
TCGA-TS-A7OY	mesothelioma	False	31	0	31	3.4657359027997265
TCGA-TS-A7P7	mesothelioma	False	0	0	0	0.0
TCGA-TS-A7PB	mesothelioma	False	47	0	47	3.871201010907891
TCGA-UT-A88C	mesothelioma	False	34	0	34	3.5553480614894135
TCGA-TS-A7P6	mesothelioma	False	32	0	32	3.4965075614664802
TCGA-ZN-A9VQ	mesothelioma	False	0	0	0	0.0
TCGA-ZN-A9VW	mesothelioma	True	70	1	69	4.248495242049359
TCGA-3H-AB3L	mesothelioma	False	38	0	38	3.6635616461296463
TCGA-LK-A4NW	mesothelioma	False	40	0	40	3.713572066704308
TCGA-SH-A9CU	mesothelioma	False	55	0	55	4.02535169073515
TCGA-XT-AASU	mesothelioma	False	64	0	64	4.174387269895637
TCGA-3H-AB3O	mesothelioma	False	4	0	4	1.6094379124341003
TCGA-MQ-A6BQ	mesothelioma	False	29	0	29	3.4011973816621555
TCGA-SC-A6LP	mesothelioma	False	29	0	29	3.4011973816621555
TCGA-TS-A8AI	mesothelioma	False	48	0	48	3.8918202981106265
TCGA-3U-A98H	mesothelioma	False	24	0	24	3.2188758248682006
TCGA-TS-A7P3	mesothelioma	False	32	0	32	3.4965075614664802
TCGA-TS-A7OU	mesothelioma	False	50	0	50	3.9318256327243257
TCGA-3U-A98J	mesothelioma	False	30	0	30	3.4339872044851463
TCGA-MQ-A4KX	mesothelioma	False	29	0	29	3.4011973816621555
TCGA-MQ-A6BS	mesothelioma	False	54	0	54	4.007333185232471
TCGA-TS-A8AV	mesothelioma	False	9	0	9	2.302585092994046
TCGA-MQ-A4LC	mesothelioma	False	28	0	28	3.367295829986474
TCGA-SC-AA5Z	mesothelioma	False	27	0	27	3.332204510175204
TCGA-YS-A95C	mesothelioma	False	30	0	30	3.4339872044851463
TCGA-MQ-A4LJ	mesothelioma	False	29	0	29	3.4011973816621555
TCGA-TS-A7P1	mesothelioma	False	32	0	32	3.4965075614664802
TCGA-ZN-A9VP	mesothelioma	False	30	0	30	3.4339872044851463
TCGA-UD-AABY	mesothelioma	False	0	0	0	0.0
TCGA-UD-AAC7	mesothelioma	False	28	0	28	3.367295829986474
TCGA-UD-AABZ	mesothelioma	False	55	0	55	4.02535169073515
TCGA-TS-A7P0	mesothelioma	False	73	0	73	4.30406509320417
TCGA-ZN-A9VO	mesothelioma	False	36	0	36	3.6109179126442243
TCGA-UT-A97Y	mesothelioma	False	39	0	39	3.6888794541139363
TCGA-MQ-A6BN	mesothelioma	False	0	0	0	0.0
TCGA-3U-A98E	mesothelioma	False	46	0	46	3.8501476017100584
TCGA-UD-AAC1	mesothelioma	False	412	0	412	6.023447592961033
TCGA-LK-A4O5	mesothelioma	True	60	1	59	4.0943445622221
TCGA-LK-A4NY	mesothelioma	False	64	0	64	4.174387269895637
TCGA-LK-A4O6	mesothelioma	False	36	0	36	3.6109179126442243
TCGA-SH-A7BH	mesothelioma	False	67	0	67	4.219507705176107
TCGA-SC-A6LM	mesothelioma	False	43	0	43	3.784189633918261
TCGA-MQ-A4LI	mesothelioma	False	47	0	47	3.871201010907891
TCGA-SC-A6LQ	mesothelioma	True	43	1	42	3.7612001156935624
TCGA-LK-A4O2	mesothelioma	False	38	0	38	3.6635616461296463
TCGA-MQ-A6BR	mesothelioma	False	20	0	20	3.044522437723423
TCGA-3H-AB3M	mesothelioma	False	55	0	55	4.02535169073515
TCGA-TS-A8AY	mesothelioma	False	20	0	20	3.044522437723423
TCGA-YS-A95B	mesothelioma	False	27	0	27	3.332204510175204
TCGA-KV-A6GD	kidney papillary cell carcinoma	False	87	0	87	4.477336814478207
TCGA-P4-AAVL	kidney papillary cell carcinoma	False	108	0	108	4.6913478822291435
TCGA-A4-A48D	kidney papillary cell carcinoma	True	136	2	134	4.90527477843843
TCGA-UZ-A9PR	kidney papillary cell carcinoma	False	149	0	149	5.0106352940962555
TCGA-G7-7502	kidney papillary cell carcinoma	True	81	1	80	4.394449154672439
TCGA-P4-A5EB	kidney papillary cell carcinoma	False	203	0	203	5.318119993844216
TCGA-HE-A5NK	kidney papillary cell carcinoma	False	128	0	128	4.859812404361672
TCGA-IZ-8195	kidney papillary cell carcinoma	False	95	0	95	4.564348191467836
TCGA-5P-A9JU	kidney papillary cell carcinoma	False	109	0	109	4.700480365792417
TCGA-BQ-7058	kidney papillary cell carcinoma	False	93	0	93	4.543294782270004
TCGA-IA-A83S	kidney papillary cell carcinoma	False	182	0	182	5.209486152841421
TCGA-2Z-A9J5	kidney papillary cell carcinoma	False	133	0	133	4.897839799950911
TCGA-IA-A83T	kidney papillary cell carcinoma	False	86	0	86	4.465908118654584
TCGA-SX-A71V	kidney papillary cell carcinoma	False	150	0	150	5.017279836814924
TCGA-UZ-A9PO	kidney papillary cell carcinoma	True	138	1	137	4.927253685157205
TCGA-5P-A9JY	kidney papillary cell carcinoma	True	159	1	158	5.0689042022202315
TCGA-B1-A47M	kidney papillary cell carcinoma	False	126	0	126	4.844187086458591
TCGA-B9-A8YI	kidney papillary cell carcinoma	False	158	0	158	5.0689042022202315
TCGA-BQ-5880	kidney papillary cell carcinoma	False	60	0	60	4.110873864173311
TCGA-F9-A97G	kidney papillary cell carcinoma	False	91	0	91	4.5217885770490405
TCGA-GL-A59R	kidney papillary cell carcinoma	False	118	0	118	4.77912349311153
TCGA-BQ-7045	kidney papillary cell carcinoma	False	103	0	103	4.6443908991413725
TCGA-UZ-A9PJ	kidney papillary cell carcinoma	False	93	0	93	4.543294782270004
TCGA-2Z-A9J9	kidney papillary cell carcinoma	False	0	0	0	0.0
TCGA-5P-A9KH	kidney papillary cell carcinoma	False	35	0	35	3.58351893845611
TCGA-AT-A5NU	kidney papillary cell carcinoma	False	89	0	89	4.499809670330265
TCGA-UZ-A9PU	kidney papillary cell carcinoma	False	75	0	75	4.330733340286331
TCGA-5P-A9K0	kidney papillary cell carcinoma	False	131	0	131	4.882801922586371
TCGA-A4-A5Y1	kidney papillary cell carcinoma	False	96	0	96	4.574710978503383
TCGA-B3-4104	kidney papillary cell carcinoma	False	107	0	107	4.68213122712422
TCGA-BQ-5876	kidney papillary cell carcinoma	False	100	0	100	4.61512051684126
TCGA-BQ-5886	kidney papillary cell carcinoma	True	74	1	73	4.30406509320417
TCGA-J7-A8I2	kidney papillary cell carcinoma	False	84	0	84	4.442651256490317
TCGA-2Z-A9JS	kidney papillary cell carcinoma	True	168	1	167	5.123963979403259
TCGA-AL-3468	kidney papillary cell carcinoma	True	113	1	112	4.727387818712341
TCGA-AL-3471	kidney papillary cell carcinoma	False	0	0	0	0.0
TCGA-BQ-7051	kidney papillary cell carcinoma	False	107	0	107	4.68213122712422
TCGA-GL-A9DE	kidney papillary cell carcinoma	False	145	0	145	4.983606621708336
TCGA-P4-AAVK	kidney papillary cell carcinoma	False	0	0	0	0.0
TCGA-SX-A7SL	kidney papillary cell carcinoma	False	131	0	131	4.882801922586371
TCGA-Y8-A895	kidney papillary cell carcinoma	False	149	0	149	5.0106352940962555
TCGA-A4-8098	kidney papillary cell carcinoma	False	114	0	114	4.74493212836325
TCGA-B1-5398	kidney papillary cell carcinoma	True	135	1	134	4.90527477843843
TCGA-BQ-7044	kidney papillary cell carcinoma	False	94	0	94	4.553876891600541
TCGA-BQ-7055	kidney papillary cell carcinoma	True	11	1	10	2.3978952727983707
TCGA-HE-A5NI	kidney papillary cell carcinoma	False	150	0	150	5.017279836814924
TCGA-UZ-A9PX	kidney papillary cell carcinoma	False	146	0	146	4.990432586778736
TCGA-2Z-A9J1	kidney papillary cell carcinoma	True	140	1	139	4.941642422609304
TCGA-2Z-A9JT	kidney papillary cell carcinoma	False	112	0	112	4.727387818712341
TCGA-A4-8517	kidney papillary cell carcinoma	False	113	0	113	4.736198448394496
TCGA-A4-A7UZ	kidney papillary cell carcinoma	False	98	0	98	4.59511985013459
TCGA-B9-5155	kidney papillary cell carcinoma	False	130	0	130	4.875197323201151
TCGA-B9-A69E	kidney papillary cell carcinoma	False	121	0	121	4.804021044733257
TCGA-BQ-7059	kidney papillary cell carcinoma	True	91	2	89	4.499809670330265
TCGA-G7-A8LD	kidney papillary cell carcinoma	True	66	1	65	4.189654742026425
TCGA-UZ-A9PK	kidney papillary cell carcinoma	False	105	0	105	4.663439094112067
TCGA-5P-A9KE	kidney papillary cell carcinoma	False	118	0	118	4.77912349311153
TCGA-B9-A44B	kidney papillary cell carcinoma	False	185	0	185	5.225746673713202
TCGA-G7-A8LB	kidney papillary cell carcinoma	False	142	0	142	4.962844630259907
TCGA-IA-A83W	kidney papillary cell carcinoma	True	103	1	102	4.634728988229636
TCGA-BQ-5881	kidney papillary cell carcinoma	False	43	0	43	3.784189633918261
TCGA-BQ-5890	kidney papillary cell carcinoma	False	98	0	98	4.59511985013459
TCGA-DZ-6132	kidney papillary cell carcinoma	False	141	0	141	4.955827057601261
TCGA-DZ-6134	kidney papillary cell carcinoma	False	53	0	53	3.9889840465642745
TCGA-GL-A9DD	kidney papillary cell carcinoma	False	130	0	130	4.875197323201151
TCGA-IZ-A6M8	kidney papillary cell carcinoma	True	118	1	117	4.770684624465665
TCGA-P4-AAVM	kidney papillary cell carcinoma	False	76	0	76	4.343805421853684
TCGA-P4-AAVO	kidney papillary cell carcinoma	False	0	0	0	0.0
TCGA-Y8-A898	kidney papillary cell carcinoma	False	95	0	95	4.564348191467836
TCGA-2Z-A9J3	kidney papillary cell carcinoma	False	181	0	181	5.204006687076795
TCGA-A4-7585	kidney papillary cell carcinoma	False	100	0	100	4.61512051684126
TCGA-A4-7997	kidney papillary cell carcinoma	False	91	0	91	4.5217885770490405
TCGA-P4-A5E6	kidney papillary cell carcinoma	False	118	0	118	4.77912349311153
TCGA-SX-A7SS	kidney papillary cell carcinoma	False	147	0	147	4.997212273764115
TCGA-V9-A7HT	kidney papillary cell carcinoma	False	105	0	105	4.663439094112067
TCGA-2Z-A9JD	kidney papillary cell carcinoma	False	159	0	159	5.075173815233827
TCGA-2Z-A9JQ	kidney papillary cell carcinoma	False	126	0	126	4.844187086458591
TCGA-A4-A6HP	kidney papillary cell carcinoma	False	132	0	132	4.890349128221754
TCGA-DW-7838	kidney papillary cell carcinoma	False	114	0	114	4.74493212836325
TCGA-MH-A561	kidney papillary cell carcinoma	False	134	0	134	4.90527477843843
TCGA-SX-A71W	kidney papillary cell carcinoma	False	54	0	54	4.007333185232471
TCGA-SX-A7SR	kidney papillary cell carcinoma	False	126	0	126	4.844187086458591
TCGA-KV-A6GE	kidney papillary cell carcinoma	False	64	0	64	4.174387269895637
TCGA-MH-A55Z	kidney papillary cell carcinoma	False	127	0	127	4.852030263919617
TCGA-2Z-A9JG	kidney papillary cell carcinoma	True	115	1	114	4.74493212836325
TCGA-5P-A9JW	kidney papillary cell carcinoma	True	117	1	116	4.762173934797756
TCGA-5P-A9K6	kidney papillary cell carcinoma	False	67	0	67	4.219507705176107
TCGA-B1-A656	kidney papillary cell carcinoma	False	150	0	150	5.017279836814924
TCGA-B9-4113	kidney papillary cell carcinoma	False	85	0	85	4.454347296253507
TCGA-BQ-7048	kidney papillary cell carcinoma	False	83	0	83	4.430816798843313
TCGA-BQ-7062	kidney papillary cell carcinoma	False	51	0	51	3.9512437185814275
TCGA-SX-A7SO	kidney papillary cell carcinoma	False	61	0	61	4.127134385045092
TCGA-UZ-A9PV	kidney papillary cell carcinoma	False	75	0	75	4.330733340286331
TCGA-UZ-A9PZ	kidney papillary cell carcinoma	False	69	0	69	4.248495242049359
TCGA-2Z-A9J7	kidney papillary cell carcinoma	False	65	0	65	4.189654742026425
TCGA-2Z-A9JP	kidney papillary cell carcinoma	False	87	0	87	4.477336814478207
TCGA-BQ-5885	kidney papillary cell carcinoma	False	132	0	132	4.890349128221754
TCGA-BQ-5889	kidney papillary cell carcinoma	False	72	0	72	4.290459441148391
TCGA-GL-7773	kidney papillary cell carcinoma	False	147	0	147	4.997212273764115
TCGA-GL-8500	kidney papillary cell carcinoma	False	109	0	109	4.700480365792417
TCGA-IA-A83V	kidney papillary cell carcinoma	False	96	0	96	4.574710978503383
TCGA-IZ-A6M9	kidney papillary cell carcinoma	False	92	0	92	4.532599493153256
TCGA-MH-A857	kidney papillary cell carcinoma	True	35	2	33	3.5263605246161616
TCGA-Y8-A8RY	kidney papillary cell carcinoma	False	101	0	101	4.624972813284271
TCGA-5P-A9K2	kidney papillary cell carcinoma	False	106	0	106	4.672828834461906
TCGA-A4-8516	kidney papillary cell carcinoma	False	0	0	0	0.0
TCGA-B1-A47N	kidney papillary cell carcinoma	False	42	0	42	3.7612001156935624
TCGA-G7-A8LE	kidney papillary cell carcinoma	False	111	0	111	4.718498871295094
TCGA-HE-A5NH	kidney papillary cell carcinoma	False	115	0	115	4.7535901911063645
TCGA-MH-A560	kidney papillary cell carcinoma	False	67	0	67	4.219507705176107
TCGA-UZ-A9PM	kidney papillary cell carcinoma	False	86	0	86	4.465908118654584
TCGA-Y8-A896	kidney papillary cell carcinoma	True	144	2	142	4.962844630259907
TCGA-5P-A9KA	kidney papillary cell carcinoma	False	128	0	128	4.859812404361672
TCGA-BQ-5893	kidney papillary cell carcinoma	False	57	0	57	4.060443010546419
TCGA-BQ-7046	kidney papillary cell carcinoma	False	47	0	47	3.871201010907891
TCGA-DW-7841	kidney papillary cell carcinoma	False	59	0	59	4.0943445622221
TCGA-G7-A8LC	kidney papillary cell carcinoma	False	21	0	21	3.091042453358316
TCGA-GL-A4EM	kidney papillary cell carcinoma	True	90	1	89	4.499809670330265
TCGA-Y8-A8S1	kidney papillary cell carcinoma	False	73	0	73	4.30406509320417
TCGA-2Z-A9J6	kidney papillary cell carcinoma	False	74	0	74	4.31748811353631
TCGA-A4-7583	kidney papillary cell carcinoma	False	70	0	70	4.2626798770413155
TCGA-A4-8311	kidney papillary cell carcinoma	False	73	0	73	4.30406509320417
TCGA-A4-8312	kidney papillary cell carcinoma	False	18	0	18	2.9444389791664403
TCGA-BQ-5877	kidney papillary cell carcinoma	False	93	0	93	4.543294782270004
TCGA-DW-7840	kidney papillary cell carcinoma	False	108	0	108	4.6913478822291435
TCGA-SX-A7SM	kidney papillary cell carcinoma	False	110	0	110	4.709530201312334
TCGA-UZ-A9PP	kidney papillary cell carcinoma	False	111	0	111	4.718498871295094
TCGA-UZ-A9Q0	kidney papillary cell carcinoma	False	83	0	83	4.430816798843313
TCGA-2Z-A9JE	kidney papillary cell carcinoma	True	135	1	134	4.90527477843843
TCGA-5P-A9K3	kidney papillary cell carcinoma	False	89	0	89	4.499809670330265
TCGA-A4-7584	kidney papillary cell carcinoma	False	94	0	94	4.553876891600541
TCGA-A4-A57E	kidney papillary cell carcinoma	False	95	0	95	4.564348191467836
TCGA-B9-7268	kidney papillary cell carcinoma	False	65	0	65	4.189654742026425
TCGA-UZ-A9PL	kidney papillary cell carcinoma	False	101	0	101	4.624972813284271
TCGA-UZ-A9PQ	kidney papillary cell carcinoma	False	0	0	0	0.0
TCGA-4A-A93X	kidney papillary cell carcinoma	False	138	0	138	4.9344739331306915
TCGA-A4-8310	kidney papillary cell carcinoma	True	92	2	90	4.51085950651685
TCGA-EV-5902	kidney papillary cell carcinoma	True	99	1	98	4.59511985013459
TCGA-G7-6796	kidney papillary cell carcinoma	False	65	0	65	4.189654742026425
TCGA-HE-A5NF	kidney papillary cell carcinoma	False	91	0	91	4.5217885770490405
TCGA-HE-A5NJ	kidney papillary cell carcinoma	False	81	0	81	4.406719247264253
TCGA-Y8-A8S0	kidney papillary cell carcinoma	False	54	0	54	4.007333185232471
TCGA-2Z-A9JR	kidney papillary cell carcinoma	False	71	0	71	4.276666119016055
TCGA-AL-3472	kidney papillary cell carcinoma	True	61	1	60	4.110873864173311
TCGA-EV-5903	kidney papillary cell carcinoma	False	128	0	128	4.859812404361672
TCGA-G7-6790	kidney papillary cell carcinoma	False	86	0	86	4.465908118654584
TCGA-MH-A562	kidney papillary cell carcinoma	False	86	0	86	4.465908118654584
TCGA-P4-A5E8	kidney papillary cell carcinoma	False	61	0	61	4.127134385045092
TCGA-SX-A71U	kidney papillary cell carcinoma	False	136	0	136	4.919980925828125
TCGA-B3-4103	kidney papillary cell carcinoma	True	71	1	70	4.2626798770413155
TCGA-G7-6795	kidney papillary cell carcinoma	False	78	0	78	4.3694478524670215
TCGA-IA-A40U	kidney papillary cell carcinoma	False	65	0	65	4.189654742026425
TCGA-A4-7732	kidney papillary cell carcinoma	False	60	0	60	4.110873864173311
TCGA-AL-3473	kidney papillary cell carcinoma	False	63	0	63	4.1588830833596715
TCGA-DW-7836	kidney papillary cell carcinoma	False	53	0	53	3.9889840465642745
TCGA-WN-A9G9	kidney papillary cell carcinoma	False	90	0	90	4.51085950651685
TCGA-Y8-A8RZ	kidney papillary cell carcinoma	False	87	0	87	4.477336814478207
TCGA-5P-A9K4	kidney papillary cell carcinoma	False	0	0	0	0.0
TCGA-B1-A657	kidney papillary cell carcinoma	False	111	0	111	4.718498871295094
TCGA-BQ-5882	kidney papillary cell carcinoma	False	78	0	78	4.3694478524670215
TCGA-BQ-5887	kidney papillary cell carcinoma	False	24	0	24	3.2188758248682006
TCGA-MH-A856	kidney papillary cell carcinoma	True	99	1	98	4.59511985013459
TCGA-UZ-A9PN	kidney papillary cell carcinoma	False	92	0	92	4.532599493153256
TCGA-2K-A9WE	kidney papillary cell carcinoma	False	75	0	75	4.330733340286331
TCGA-5P-A9KF	kidney papillary cell carcinoma	False	0	0	0	0.0
TCGA-B9-4115	kidney papillary cell carcinoma	False	82	0	82	4.418840607796598
TCGA-BQ-7060	kidney papillary cell carcinoma	False	41	0	41	3.7376696182833684
TCGA-DW-7834	kidney papillary cell carcinoma	False	81	0	81	4.406719247264253
TCGA-B3-3925	kidney papillary cell carcinoma	False	101	0	101	4.624972813284271
TCGA-B9-A8YH	kidney papillary cell carcinoma	False	134	0	134	4.90527477843843
TCGA-DW-7842	kidney papillary cell carcinoma	False	29	0	29	3.4011973816621555
TCGA-GL-6846	kidney papillary cell carcinoma	False	82	0	82	4.418840607796598
TCGA-SX-A7SN	kidney papillary cell carcinoma	True	143	1	142	4.962844630259907
TCGA-B9-5156	kidney papillary cell carcinoma	False	100	0	100	4.61512051684126
TCGA-BQ-5892	kidney papillary cell carcinoma	True	75	1	74	4.31748811353631
TCGA-DW-5561	kidney papillary cell carcinoma	False	56	0	56	4.04305126783455
TCGA-HE-A5NL	kidney papillary cell carcinoma	False	104	0	104	4.653960350157523
TCGA-P4-A5ED	kidney papillary cell carcinoma	False	18	0	18	2.9444389791664403
TCGA-SX-A71R	kidney papillary cell carcinoma	False	64	0	64	4.174387269895637
TCGA-2Z-A9J8	kidney papillary cell carcinoma	False	44	0	44	3.8066624897703196
TCGA-2Z-A9JK	kidney papillary cell carcinoma	True	113	2	111	4.718498871295094
TCGA-B9-A5W8	kidney papillary cell carcinoma	False	59	0	59	4.0943445622221
TCGA-IZ-8196	kidney papillary cell carcinoma	False	112	0	112	4.727387818712341
TCGA-MH-A55W	kidney papillary cell carcinoma	True	112	1	111	4.718498871295094
TCGA-5P-A9JV	kidney papillary cell carcinoma	True	76	1	75	4.330733340286331
TCGA-B9-4114	kidney papillary cell carcinoma	False	91	0	91	4.5217885770490405
TCGA-A4-8518	kidney papillary cell carcinoma	False	0	0	0	0.0
TCGA-SX-A7SQ	kidney papillary cell carcinoma	True	135	1	134	4.90527477843843
TCGA-2Z-A9JL	kidney papillary cell carcinoma	False	127	0	127	4.852030263919617
TCGA-A4-8515	kidney papillary cell carcinoma	False	73	0	73	4.30406509320417
TCGA-B9-A5W7	kidney papillary cell carcinoma	False	25	0	25	3.258096538021482
TCGA-SX-A7SU	kidney papillary cell carcinoma	False	62	0	62	4.143134726391533
TCGA-G7-6797	kidney papillary cell carcinoma	False	72	0	72	4.290459441148391
TCGA-GL-A59T	kidney papillary cell carcinoma	False	112	0	112	4.727387818712341
TCGA-DZ-6135	kidney papillary cell carcinoma	False	40	0	40	3.713572066704308
TCGA-O9-A75Z	kidney papillary cell carcinoma	False	32	0	32	3.4965075614664802
TCGA-B3-A6W5	kidney papillary cell carcinoma	False	52	0	52	3.970291913552122
TCGA-DW-7837	kidney papillary cell carcinoma	False	32	0	32	3.4965075614664802
TCGA-DW-7963	kidney papillary cell carcinoma	False	30	0	30	3.4339872044851463
TCGA-A4-7286	kidney papillary cell carcinoma	False	49	0	49	3.912023005428146
TCGA-BQ-5894	kidney papillary cell carcinoma	False	33	0	33	3.5263605246161616
TCGA-J7-6720	kidney papillary cell carcinoma	False	48	0	48	3.8918202981106265
TCGA-AL-3466	kidney papillary cell carcinoma	False	45	0	45	3.828641396489095
TCGA-B9-4617	kidney papillary cell carcinoma	False	60	0	60	4.110873864173311
TCGA-B9-A5W9	kidney papillary cell carcinoma	False	75	0	75	4.330733340286331
TCGA-G7-6792	kidney papillary cell carcinoma	False	42	0	42	3.7612001156935624
TCGA-G7-A4TM	kidney papillary cell carcinoma	False	48	0	48	3.8918202981106265
TCGA-KV-A74V	kidney papillary cell carcinoma	False	34	0	34	3.5553480614894135
TCGA-A4-A772	kidney papillary cell carcinoma	False	67	0	67	4.219507705176107
TCGA-2Z-A9JI	kidney papillary cell carcinoma	False	15	0	15	2.772588722239781
TCGA-DZ-6131	kidney papillary cell carcinoma	False	34	0	34	3.5553480614894135
TCGA-2Z-A9JM	kidney papillary cell carcinoma	False	79	0	79	4.382026634673881
TCGA-HE-7128	kidney papillary cell carcinoma	False	46	0	46	3.8501476017100584
TCGA-HE-7129	kidney papillary cell carcinoma	False	53	0	53	3.9889840465642745
TCGA-UZ-A9Q1	kidney papillary cell carcinoma	True	114	1	113	4.736198448394496
TCGA-BQ-7061	kidney papillary cell carcinoma	False	104	0	104	4.653960350157523
TCGA-PJ-A8JU	kidney papillary cell carcinoma	False	137	0	137	4.927253685157205
TCGA-PJ-A5Z9	kidney papillary cell carcinoma	False	86	0	86	4.465908118654584
TCGA-BQ-5878	kidney papillary cell carcinoma	False	129	0	129	4.867534450455582
TCGA-BQ-5883	kidney papillary cell carcinoma	False	28	0	28	3.367295829986474
TCGA-B1-A655	kidney papillary cell carcinoma	False	129	0	129	4.867534450455582
TCGA-UN-AAZ9	kidney papillary cell carcinoma	True	35	1	34	3.5553480614894135
TCGA-A4-7287	kidney papillary cell carcinoma	False	56	0	56	4.04305126783455
TCGA-B9-4116	kidney papillary cell carcinoma	False	104	0	104	4.653960350157523
TCGA-BQ-7056	kidney papillary cell carcinoma	False	45	0	45	3.828641396489095
TCGA-F9-A7VF	kidney papillary cell carcinoma	False	105	0	105	4.663439094112067
TCGA-A4-7828	kidney papillary cell carcinoma	False	39	0	39	3.6888794541139363
TCGA-BQ-5888	kidney papillary cell carcinoma	False	24	0	24	3.2188758248682006
TCGA-P4-A5E7	kidney papillary cell carcinoma	False	132	0	132	4.890349128221754
TCGA-AL-7173	kidney papillary cell carcinoma	False	76	0	76	4.343805421853684
TCGA-2Z-A9J2	kidney papillary cell carcinoma	False	118	0	118	4.77912349311153
TCGA-A4-7288	kidney papillary cell carcinoma	False	93	0	93	4.543294782270004
TCGA-A4-A4ZT	kidney papillary cell carcinoma	True	66	1	65	4.189654742026425
TCGA-2Z-A9JJ	kidney papillary cell carcinoma	False	23	0	23	3.1780538303479458
TCGA-Y8-A897	kidney papillary cell carcinoma	False	103	0	103	4.6443908991413725
TCGA-4A-A93W	kidney papillary cell carcinoma	False	142	0	142	4.962844630259907
TCGA-BQ-5875	kidney papillary cell carcinoma	False	90	0	90	4.51085950651685
TCGA-DZ-6133	kidney papillary cell carcinoma	False	108	0	108	4.6913478822291435
TCGA-GL-A9DC	kidney papillary cell carcinoma	False	157	0	157	5.062595033026967
TCGA-SX-A71S	kidney papillary cell carcinoma	True	193	1	192	5.262690188904886
TCGA-SX-A7SP	kidney papillary cell carcinoma	False	114	0	114	4.74493212836325
TCGA-A4-A5XZ	kidney papillary cell carcinoma	False	72	0	72	4.290459441148391
TCGA-4A-A93Y	kidney papillary cell carcinoma	False	44	0	44	3.8066624897703196
TCGA-MH-A854	kidney papillary cell carcinoma	False	175	0	175	5.170483995038151
TCGA-UZ-A9PS	kidney papillary cell carcinoma	True	222	1	221	5.402677381872279
TCGA-A4-7996	kidney papillary cell carcinoma	False	110	0	110	4.709530201312334
TCGA-A4-A5Y0	kidney papillary cell carcinoma	False	83	0	83	4.430816798843313
TCGA-Q2-A5QZ	kidney papillary cell carcinoma	False	98	0	98	4.59511985013459
TCGA-B1-7332	kidney papillary cell carcinoma	False	65	0	65	4.189654742026425
TCGA-G7-6793	kidney papillary cell carcinoma	False	38	0	38	3.6635616461296463
TCGA-IA-A40Y	kidney papillary cell carcinoma	False	101	0	101	4.624972813284271
TCGA-PJ-A5Z8	kidney papillary cell carcinoma	False	96	0	96	4.574710978503383
TCGA-WN-AB4C	kidney papillary cell carcinoma	False	134	0	134	4.90527477843843
TCGA-5P-A9K9	kidney papillary cell carcinoma	False	0	0	0	0.0
TCGA-A4-8630	kidney papillary cell carcinoma	False	68	0	68	4.23410650459726
TCGA-B3-3926	kidney papillary cell carcinoma	False	16	0	16	2.833213344056216
TCGA-BQ-5884	kidney papillary cell carcinoma	False	58	0	58	4.07753744390572
TCGA-DW-7839	kidney papillary cell carcinoma	False	58	0	58	4.07753744390572
TCGA-BQ-5891	kidney papillary cell carcinoma	False	37	0	37	3.6375861597263857
TCGA-BQ-7053	kidney papillary cell carcinoma	False	62	0	62	4.143134726391533
TCGA-Y8-A894	kidney papillary cell carcinoma	False	125	0	125	4.836281906951478
TCGA-2Z-A9JO	kidney papillary cell carcinoma	False	54	0	54	4.007333185232471
TCGA-G7-7501	kidney papillary cell carcinoma	False	45	0	45	3.828641396489095
TCGA-AL-3467	kidney papillary cell carcinoma	False	23	0	23	3.1780538303479458
TCGA-AL-A5DJ	kidney papillary cell carcinoma	False	48	0	48	3.8918202981106265
TCGA-B1-A47O	kidney papillary cell carcinoma	False	42	0	42	3.7612001156935624
TCGA-P4-A5EA	kidney papillary cell carcinoma	False	91	0	91	4.5217885770490405
TCGA-A4-7734	kidney papillary cell carcinoma	False	62	0	62	4.143134726391533
TCGA-BQ-7050	kidney papillary cell carcinoma	False	25	0	25	3.258096538021482
TCGA-G7-6789	kidney papillary cell carcinoma	False	26	0	26	3.295836866004329
TCGA-MH-A855	kidney papillary cell carcinoma	True	39	1	38	3.6635616461296463
TCGA-5P-A9JZ	kidney papillary cell carcinoma	False	67	0	67	4.219507705176107
TCGA-5P-A9K8	kidney papillary cell carcinoma	False	28	0	28	3.367295829986474
TCGA-5P-A9KC	kidney papillary cell carcinoma	False	115	0	115	4.7535901911063645
TCGA-2Z-A9JN	kidney papillary cell carcinoma	False	29	0	29	3.4011973816621555
TCGA-IA-A40X	kidney papillary cell carcinoma	False	31	0	31	3.4657359027997265
TCGA-B3-8121	kidney papillary cell carcinoma	False	46	0	46	3.8501476017100584
TCGA-B9-4117	kidney papillary cell carcinoma	False	51	0	51	3.9512437185814275
TCGA-EV-5901	kidney papillary cell carcinoma	False	53	0	53	3.9889840465642745
TCGA-A4-A5DU	kidney papillary cell carcinoma	True	40	1	39	3.6888794541139363
TCGA-BQ-7049	kidney papillary cell carcinoma	False	18	0	18	2.9444389791664403
TCGA-B1-A654	kidney papillary cell carcinoma	False	87	0	87	4.477336814478207
TCGA-DW-5560	kidney papillary cell carcinoma	False	42	0	42	3.7612001156935624
TCGA-F9-A8NY	kidney papillary cell carcinoma	False	59	0	59	4.0943445622221
TCGA-F9-A7Q0	kidney papillary cell carcinoma	False	27	0	27	3.332204510175204
TCGA-J7-8537	kidney papillary cell carcinoma	False	58	0	58	4.07753744390572
TCGA-A4-7915	kidney papillary cell carcinoma	False	32	0	32	3.4965075614664802
TCGA-F9-A4JJ	kidney papillary cell carcinoma	False	49	0	49	3.912023005428146
TCGA-BQ-5879	kidney papillary cell carcinoma	False	30	0	30	3.4339872044851463
TCGA-GL-7966	kidney papillary cell carcinoma	False	40	0	40	3.713572066704308
TCGA-HE-7130	kidney papillary cell carcinoma	False	226	0	226	5.424950017481403
TCGA-CJ-5689	kidney clear cell carcinoma	False	103	0	103	4.6443908991413725
TCGA-B0-4823	kidney clear cell carcinoma	False	140	0	140	4.948759890378168
TCGA-CZ-4864	kidney clear cell carcinoma	False	105	0	105	4.663439094112067
TCGA-AK-3454	kidney clear cell carcinoma	False	0	0	0	0.0
TCGA-CJ-5672	kidney clear cell carcinoma	False	126	0	126	4.844187086458591
TCGA-CZ-5468	kidney clear cell carcinoma	False	160	0	160	5.081404364984463
TCGA-AK-3447	kidney clear cell carcinoma	False	0	0	0	0.0
TCGA-B2-4099	kidney clear cell carcinoma	False	82	0	82	4.418840607796598
TCGA-CZ-5462	kidney clear cell carcinoma	False	89	0	89	4.499809670330265
TCGA-CZ-4853	kidney clear cell carcinoma	False	137	0	137	4.927253685157205
TCGA-B0-4714	kidney clear cell carcinoma	False	0	0	0	0.0
TCGA-B0-4817	kidney clear cell carcinoma	False	0	0	0	0.0
TCGA-B0-5095	kidney clear cell carcinoma	False	101	0	101	4.624972813284271
TCGA-EU-5907	kidney clear cell carcinoma	False	58	0	58	4.07753744390572
TCGA-A3-3328	kidney clear cell carcinoma	False	0	0	0	0.0
TCGA-A3-3343	kidney clear cell carcinoma	False	0	0	0	0.0
TCGA-B0-4828	kidney clear cell carcinoma	False	0	0	0	0.0
TCGA-B2-5636	kidney clear cell carcinoma	False	23	0	23	3.1780538303479458
TCGA-B2-5641	kidney clear cell carcinoma	False	99	0	99	4.605170185988092
TCGA-BP-4342	kidney clear cell carcinoma	False	0	0	0	0.0
TCGA-BP-4803	kidney clear cell carcinoma	False	0	0	0	0.0
TCGA-BP-5191	kidney clear cell carcinoma	False	74	0	74	4.31748811353631
TCGA-A3-A6NN	kidney clear cell carcinoma	True	131	1	130	4.875197323201151
TCGA-B0-4822	kidney clear cell carcinoma	False	0	0	0	0.0
TCGA-BP-4781	kidney clear cell carcinoma	False	0	0	0	0.0
TCGA-CJ-5683	kidney clear cell carcinoma	False	84	0	84	4.442651256490317
TCGA-B0-5077	kidney clear cell carcinoma	False	69	0	69	4.248495242049359
TCGA-B0-5698	kidney clear cell carcinoma	False	89	0	89	4.499809670330265
TCGA-B0-5700	kidney clear cell carcinoma	False	90	0	90	4.51085950651685
TCGA-BP-4976	kidney clear cell carcinoma	False	119	0	119	4.787491742782046
TCGA-CJ-6027	kidney clear cell carcinoma	False	115	0	115	4.7535901911063645
TCGA-B0-4712	kidney clear cell carcinoma	False	136	0	136	4.919980925828125
TCGA-BP-4790	kidney clear cell carcinoma	False	0	0	0	0.0
TCGA-BP-4967	kidney clear cell carcinoma	True	87	1	86	4.465908118654584
TCGA-CZ-5463	kidney clear cell carcinoma	False	69	0	69	4.248495242049359
TCGA-A3-3329	kidney clear cell carcinoma	False	0	0	0	0.0
TCGA-A3-A8OV	kidney clear cell carcinoma	True	193	1	192	5.262690188904886
TCGA-B0-4698	kidney clear cell carcinoma	True	578	1	577	6.359573868672378
TCGA-BP-4329	kidney clear cell carcinoma	False	0	0	0	0.0
TCGA-BP-4986	kidney clear cell carcinoma	False	53	0	53	3.9889840465642745
TCGA-BP-5168	kidney clear cell carcinoma	False	149	0	149	5.0106352940962555
TCGA-BP-5173	kidney clear cell carcinoma	False	99	0	99	4.605170185988092
TCGA-BP-5195	kidney clear cell carcinoma	False	88	0	88	4.48863636973214
TCGA-BP-5202	kidney clear cell carcinoma	False	50	0	50	3.9318256327243257
TCGA-A3-3352	kidney clear cell carcinoma	False	0	0	0	0.0
TCGA-B0-4699	kidney clear cell carcinoma	False	0	0	0	0.0
TCGA-B8-4153	kidney clear cell carcinoma	False	99	0	99	4.605170185988092
TCGA-BP-4161	kidney clear cell carcinoma	False	88	0	88	4.48863636973214
TCGA-BP-4347	kidney clear cell carcinoma	False	0	0	0	0.0
TCGA-BP-4798	kidney clear cell carcinoma	False	0	0	0	0.0
TCGA-CW-5584	kidney clear cell carcinoma	False	0	0	0	0.0
TCGA-CZ-5451	kidney clear cell carcinoma	False	114	0	114	4.74493212836325
TCGA-B0-5703	kidney clear cell carcinoma	False	98	0	98	4.59511985013459
TCGA-CJ-5679	kidney clear cell carcinoma	False	123	0	123	4.820281565605037
TCGA-CW-6093	kidney clear cell carcinoma	False	136	0	136	4.919980925828125
TCGA-A3-3367	kidney clear cell carcinoma	False	97	0	97	4.584967478670572
TCGA-AK-3434	kidney clear cell carcinoma	False	0	0	0	0.0
TCGA-AK-3461	kidney clear cell carcinoma	False	0	0	0	0.0
TCGA-B0-4694	kidney clear cell carcinoma	False	0	0	0	0.0
TCGA-B0-5100	kidney clear cell carcinoma	False	38	0	38	3.6635616461296463
TCGA-BP-4985	kidney clear cell carcinoma	False	112	0	112	4.727387818712341
TCGA-BP-4988	kidney clear cell carcinoma	False	66	0	66	4.204692619390966
TCGA-BP-5198	kidney clear cell carcinoma	False	94	0	94	4.553876891600541
TCGA-CJ-4890	kidney clear cell carcinoma	False	0	0	0	0.0
TCGA-B0-5694	kidney clear cell carcinoma	False	81	0	81	4.406719247264253
TCGA-B0-5702	kidney clear cell carcinoma	False	82	0	82	4.418840607796598
TCGA-B8-5550	kidney clear cell carcinoma	False	145	0	145	4.983606621708336
TCGA-BP-5178	kidney clear cell carcinoma	False	74	0	74	4.31748811353631
TCGA-A3-3319	kidney clear cell carcinoma	False	107	0	107	4.68213122712422
TCGA-B0-4845	kidney clear cell carcinoma	False	0	0	0	0.0
TCGA-BP-4159	kidney clear cell carcinoma	False	0	0	0	0.0
TCGA-BP-4799	kidney clear cell carcinoma	False	0	0	0	0.0
TCGA-BP-5169	kidney clear cell carcinoma	False	72	0	72	4.290459441148391
TCGA-CJ-5675	kidney clear cell carcinoma	False	94	0	94	4.553876891600541
TCGA-3Z-A93Z	kidney clear cell carcinoma	False	116	0	116	4.762173934797756
TCGA-A3-3382	kidney clear cell carcinoma	True	125	1	124	4.8283137373023015
TCGA-AK-3445	kidney clear cell carcinoma	False	0	0	0	0.0
TCGA-B0-5109	kidney clear cell carcinoma	False	58	0	58	4.07753744390572
TCGA-B0-5696	kidney clear cell carcinoma	False	69	0	69	4.248495242049359
TCGA-B8-A54D	kidney clear cell carcinoma	False	84	0	84	4.442651256490317
TCGA-BP-4158	kidney clear cell carcinoma	False	0	0	0	0.0
TCGA-BP-4166	kidney clear cell carcinoma	False	0	0	0	0.0
TCGA-BP-4760	kidney clear cell carcinoma	False	20	0	20	3.044522437723423
TCGA-CZ-5452	kidney clear cell carcinoma	False	44	0	44	3.8066624897703196
TCGA-CZ-5464	kidney clear cell carcinoma	False	0	0	0	0.0
TCGA-A3-3346	kidney clear cell carcinoma	False	121	0	121	4.804021044733257
TCGA-AK-3425	kidney clear cell carcinoma	False	0	0	0	0.0
TCGA-B0-4813	kidney clear cell carcinoma	False	0	0	0	0.0
TCGA-BP-4995	kidney clear cell carcinoma	False	56	0	56	4.04305126783455
TCGA-CW-6090	kidney clear cell carcinoma	False	125	0	125	4.836281906951478
TCGA-CZ-4854	kidney clear cell carcinoma	False	0	0	0	0.0
TCGA-MM-A564	kidney clear cell carcinoma	True	118	1	117	4.770684624465665
TCGA-A3-3306	kidney clear cell carcinoma	False	0	0	0	0.0
TCGA-A3-3317	kidney clear cell carcinoma	False	102	0	102	4.634728988229636
TCGA-BP-4160	kidney clear cell carcinoma	False	0	0	0	0.0
TCGA-BP-4341	kidney clear cell carcinoma	False	0	0	0	0.0
TCGA-CJ-4875	kidney clear cell carcinoma	False	0	0	0	0.0
TCGA-CZ-5453	kidney clear cell carcinoma	False	106	0	106	4.672828834461906
TCGA-CZ-5466	kidney clear cell carcinoma	False	84	0	84	4.442651256490317
TCGA-A3-3307	kidney clear cell carcinoma	False	0	0	0	0.0
TCGA-BP-4992	kidney clear cell carcinoma	False	51	0	51	3.9512437185814275
TCGA-AK-3427	kidney clear cell carcinoma	False	22	0	22	3.1354942159291497
TCGA-B0-4690	kidney clear cell carcinoma	False	0	0	0	0.0
TCGA-B0-4815	kidney clear cell carcinoma	False	94	0	94	4.553876891600541
TCGA-B0-5701	kidney clear cell carcinoma	False	135	0	135	4.912654885736052
TCGA-B4-5832	kidney clear cell carcinoma	False	92	0	92	4.532599493153256
TCGA-B8-5164	kidney clear cell carcinoma	False	105	0	105	4.663439094112067
TCGA-BP-4177	kidney clear cell carcinoma	False	21	0	21	3.091042453358316
TCGA-CJ-6030	kidney clear cell carcinoma	False	135	0	135	4.912654885736052
TCGA-A3-3372	kidney clear cell carcinoma	False	0	0	0	0.0
TCGA-B0-5106	kidney clear cell carcinoma	False	97	0	97	4.584967478670572
TCGA-B0-5402	kidney clear cell carcinoma	True	62	1	61	4.127134385045092
TCGA-BP-4176	kidney clear cell carcinoma	False	0	0	0	0.0
TCGA-BP-4343	kidney clear cell carcinoma	False	0	0	0	0.0
TCGA-CJ-4885	kidney clear cell carcinoma	False	0	0	0	0.0
TCGA-CJ-4918	kidney clear cell carcinoma	False	89	0	89	4.499809670330265
TCGA-AS-3777	kidney clear cell carcinoma	False	31	0	31	3.4657359027997265
TCGA-B0-4707	kidney clear cell carcinoma	False	0	0	0	0.0
TCGA-B0-4837	kidney clear cell carcinoma	False	0	0	0	0.0
TCGA-B0-4841	kidney clear cell carcinoma	False	0	0	0	0.0
TCGA-B0-5080	kidney clear cell carcinoma	False	79	0	79	4.382026634673881
TCGA-B0-5083	kidney clear cell carcinoma	False	32	0	32	3.4965075614664802
TCGA-B8-4621	kidney clear cell carcinoma	False	109	0	109	4.700480365792417
TCGA-BP-4769	kidney clear cell carcinoma	False	0	0	0	0.0
TCGA-BP-4963	kidney clear cell carcinoma	False	111	0	111	4.718498871295094
TCGA-BP-5010	kidney clear cell carcinoma	False	87	0	87	4.477336814478207
TCGA-BP-5201	kidney clear cell carcinoma	False	54	0	54	4.007333185232471
TCGA-CJ-4871	kidney clear cell carcinoma	False	0	0	0	0.0
TCGA-CZ-4861	kidney clear cell carcinoma	False	0	0	0	0.0
TCGA-CZ-5454	kidney clear cell carcinoma	False	37	0	37	3.6375861597263857
TCGA-CZ-5455	kidney clear cell carcinoma	False	54	0	54	4.007333185232471
TCGA-CZ-5459	kidney clear cell carcinoma	False	121	0	121	4.804021044733257
TCGA-A3-3357	kidney clear cell carcinoma	False	120	0	120	4.795790545596741
TCGA-AK-3428	kidney clear cell carcinoma	False	0	0	0	0.0
TCGA-B0-5094	kidney clear cell carcinoma	False	100	0	100	4.61512051684126
TCGA-B4-5378	kidney clear cell carcinoma	False	0	0	0	0.0
TCGA-B8-5162	kidney clear cell carcinoma	False	87	0	87	4.477336814478207
TCGA-BP-4345	kidney clear cell carcinoma	False	0	0	0	0.0
TCGA-BP-4771	kidney clear cell carcinoma	False	0	0	0	0.0
TCGA-CJ-4895	kidney clear cell carcinoma	False	0	0	0	0.0
TCGA-CJ-5678	kidney clear cell carcinoma	False	62	0	62	4.143134726391533
TCGA-CZ-5457	kidney clear cell carcinoma	False	93	0	93	4.543294782270004
TCGA-AK-3430	kidney clear cell carcinoma	False	99	0	99	4.605170185988092
TCGA-B0-4706	kidney clear cell carcinoma	False	62	0	62	4.143134726391533
TCGA-B0-4836	kidney clear cell carcinoma	False	0	0	0	0.0
TCGA-B2-4102	kidney clear cell carcinoma	False	87	0	87	4.477336814478207
TCGA-B2-A4SR	kidney clear cell carcinoma	False	66	0	66	4.204692619390966
TCGA-B8-A54K	kidney clear cell carcinoma	False	35	0	35	3.58351893845611
TCGA-BP-4353	kidney clear cell carcinoma	False	0	0	0	0.0
TCGA-BP-5006	kidney clear cell carcinoma	False	52	0	52	3.970291913552122
TCGA-BP-5190	kidney clear cell carcinoma	False	54	0	54	4.007333185232471
TCGA-CJ-4902	kidney clear cell carcinoma	False	83	0	83	4.430816798843313
TCGA-CJ-4912	kidney clear cell carcinoma	False	102	0	102	4.634728988229636
TCGA-CJ-5684	kidney clear cell carcinoma	False	57	0	57	4.060443010546419
TCGA-CW-6087	kidney clear cell carcinoma	False	88	0	88	4.48863636973214
TCGA-CZ-5986	kidney clear cell carcinoma	False	79	0	79	4.382026634673881
TCGA-A3-3378	kidney clear cell carcinoma	False	85	0	85	4.454347296253507
TCGA-B0-4700	kidney clear cell carcinoma	False	42	0	42	3.7612001156935624
TCGA-B0-4844	kidney clear cell carcinoma	False	0	0	0	0.0
TCGA-B0-4847	kidney clear cell carcinoma	False	0	0	0	0.0
TCGA-B8-A54J	kidney clear cell carcinoma	False	86	0	86	4.465908118654584
TCGA-BP-5175	kidney clear cell carcinoma	False	56	0	56	4.04305126783455
TCGA-BP-5189	kidney clear cell carcinoma	False	64	0	64	4.174387269895637
TCGA-CJ-5682	kidney clear cell carcinoma	False	101	0	101	4.624972813284271
TCGA-CW-6088	kidney clear cell carcinoma	False	0	0	0	0.0
TCGA-CZ-4860	kidney clear cell carcinoma	False	0	0	0	0.0
TCGA-CZ-5987	kidney clear cell carcinoma	False	67	0	67	4.219507705176107
TCGA-CZ-5989	kidney clear cell carcinoma	False	52	0	52	3.970291913552122
TCGA-A3-3313	kidney clear cell carcinoma	True	131	1	130	4.875197323201151
TCGA-B4-5834	kidney clear cell carcinoma	False	43	0	43	3.784189633918261
TCGA-BP-4167	kidney clear cell carcinoma	False	84	0	84	4.442651256490317
TCGA-BP-4804	kidney clear cell carcinoma	False	0	0	0	0.0
TCGA-BP-5192	kidney clear cell carcinoma	False	69	0	69	4.248495242049359
TCGA-CJ-4888	kidney clear cell carcinoma	False	0	0	0	0.0
TCGA-DV-5565	kidney clear cell carcinoma	False	73	0	73	4.30406509320417
TCGA-DV-A4VX	kidney clear cell carcinoma	False	107	0	107	4.68213122712422
TCGA-AK-3440	kidney clear cell carcinoma	False	25	0	25	3.258096538021482
TCGA-AK-3460	kidney clear cell carcinoma	False	0	0	0	0.0
TCGA-B0-4696	kidney clear cell carcinoma	False	0	0	0	0.0
TCGA-B0-4814	kidney clear cell carcinoma	False	0	0	0	0.0
TCGA-B8-4619	kidney clear cell carcinoma	False	24	0	24	3.2188758248682006
TCGA-BP-4962	kidney clear cell carcinoma	False	54	0	54	4.007333185232471
TCGA-BP-4974	kidney clear cell carcinoma	False	47	0	47	3.871201010907891
TCGA-BP-4989	kidney clear cell carcinoma	False	85	0	85	4.454347296253507
TCGA-BP-4993	kidney clear cell carcinoma	False	82	0	82	4.418840607796598
TCGA-BP-5199	kidney clear cell carcinoma	False	95	0	95	4.564348191467836
TCGA-CJ-4894	kidney clear cell carcinoma	False	0	0	0	0.0
TCGA-CJ-4907	kidney clear cell carcinoma	False	90	0	90	4.51085950651685
TCGA-CJ-6028	kidney clear cell carcinoma	False	79	0	79	4.382026634673881
TCGA-CZ-5985	kidney clear cell carcinoma	True	70	1	69	4.248495242049359
TCGA-A3-3311	kidney clear cell carcinoma	False	70	0	70	4.2626798770413155
TCGA-A3-3316	kidney clear cell carcinoma	False	46	0	46	3.8501476017100584
TCGA-B0-4718	kidney clear cell carcinoma	False	0	0	0	0.0
TCGA-B0-4843	kidney clear cell carcinoma	False	0	0	0	0.0
TCGA-B0-5710	kidney clear cell carcinoma	False	52	0	52	3.970291913552122
TCGA-B8-4622	kidney clear cell carcinoma	False	0	0	0	0.0
TCGA-BP-4346	kidney clear cell carcinoma	False	0	0	0	0.0
TCGA-BP-4761	kidney clear cell carcinoma	False	0	0	0	0.0
TCGA-BP-4801	kidney clear cell carcinoma	False	73	0	73	4.30406509320417
TCGA-BP-4977	kidney clear cell carcinoma	False	49	0	49	3.912023005428146
TCGA-BP-5183	kidney clear cell carcinoma	False	59	0	59	4.0943445622221
TCGA-CJ-4876	kidney clear cell carcinoma	False	0	0	0	0.0
TCGA-CJ-4882	kidney clear cell carcinoma	False	100	0	100	4.61512051684126
TCGA-CZ-5456	kidney clear cell carcinoma	False	92	0	92	4.532599493153256
TCGA-B0-5121	kidney clear cell carcinoma	True	59	1	58	4.07753744390572
TCGA-B8-5158	kidney clear cell carcinoma	False	75	0	75	4.330733340286331
TCGA-BP-4334	kidney clear cell carcinoma	False	0	0	0	0.0
TCGA-BP-4999	kidney clear cell carcinoma	False	58	0	58	4.07753744390572
TCGA-BP-5182	kidney clear cell carcinoma	True	89	1	88	4.48863636973214
TCGA-BP-5185	kidney clear cell carcinoma	False	103	0	103	4.6443908991413725
TCGA-CW-5591	kidney clear cell carcinoma	False	49	0	49	3.912023005428146
TCGA-CZ-4857	kidney clear cell carcinoma	False	0	0	0	0.0
TCGA-B0-4691	kidney clear cell carcinoma	False	0	0	0	0.0
TCGA-BP-5170	kidney clear cell carcinoma	False	54	0	54	4.007333185232471
TCGA-CZ-5460	kidney clear cell carcinoma	False	73	0	73	4.30406509320417
TCGA-DV-A4W0	kidney clear cell carcinoma	False	87	0	87	4.477336814478207
TCGA-EU-5906	kidney clear cell carcinoma	False	84	0	84	4.442651256490317
TCGA-G6-A8L6	kidney clear cell carcinoma	False	96	0	96	4.574710978503383
TCGA-A3-3380	kidney clear cell carcinoma	False	39	0	39	3.6888794541139363
TCGA-B0-4848	kidney clear cell carcinoma	False	0	0	0	0.0
TCGA-B0-5108	kidney clear cell carcinoma	False	56	0	56	4.04305126783455
TCGA-BP-4991	kidney clear cell carcinoma	False	62	0	62	4.143134726391533
TCGA-BP-4994	kidney clear cell carcinoma	False	33	0	33	3.5263605246161616
TCGA-BP-5184	kidney clear cell carcinoma	False	41	0	41	3.7376696182833684
TCGA-BP-5187	kidney clear cell carcinoma	False	85	0	85	4.454347296253507
TCGA-CJ-6031	kidney clear cell carcinoma	False	84	0	84	4.442651256490317
TCGA-A3-3323	kidney clear cell carcinoma	False	61	0	61	4.127134385045092
TCGA-B0-5088	kidney clear cell carcinoma	False	87	0	87	4.477336814478207
TCGA-B0-5699	kidney clear cell carcinoma	False	66	0	66	4.204692619390966
TCGA-B0-5812	kidney clear cell carcinoma	False	59	0	59	4.0943445622221
TCGA-B8-5549	kidney clear cell carcinoma	False	75	0	75	4.330733340286331
TCGA-BP-5004	kidney clear cell carcinoma	False	61	0	61	4.127134385045092
TCGA-BP-5180	kidney clear cell carcinoma	False	49	0	49	3.912023005428146
TCGA-BP-5196	kidney clear cell carcinoma	False	66	0	66	4.204692619390966
TCGA-DV-A4VZ	kidney clear cell carcinoma	False	18	0	18	2.9444389791664403
TCGA-A3-3325	kidney clear cell carcinoma	False	0	0	0	0.0
TCGA-A3-3383	kidney clear cell carcinoma	False	65	0	65	4.189654742026425
TCGA-B0-4846	kidney clear cell carcinoma	False	0	0	0	0.0
TCGA-B0-5116	kidney clear cell carcinoma	False	80	0	80	4.394449154672439
TCGA-B2-4101	kidney clear cell carcinoma	False	64	0	64	4.174387269895637
TCGA-B4-5838	kidney clear cell carcinoma	False	93	0	93	4.543294782270004
TCGA-BP-4331	kidney clear cell carcinoma	False	0	0	0	0.0
TCGA-BP-4776	kidney clear cell carcinoma	False	0	0	0	0.0
TCGA-BP-5009	kidney clear cell carcinoma	False	63	0	63	4.1588830833596715
TCGA-CW-5589	kidney clear cell carcinoma	False	0	0	0	0.0
TCGA-CZ-5461	kidney clear cell carcinoma	False	86	0	86	4.465908118654584
TCGA-A3-3322	kidney clear cell carcinoma	False	64	0	64	4.174387269895637
TCGA-A3-3324	kidney clear cell carcinoma	False	0	0	0	0.0
TCGA-A3-3376	kidney clear cell carcinoma	False	73	0	73	4.30406509320417
TCGA-B0-4703	kidney clear cell carcinoma	False	0	0	0	0.0
TCGA-B0-4849	kidney clear cell carcinoma	False	0	0	0	0.0
TCGA-CJ-4636	kidney clear cell carcinoma	False	79	0	79	4.382026634673881
TCGA-CJ-4872	kidney clear cell carcinoma	False	0	0	0	0.0
TCGA-CJ-5671	kidney clear cell carcinoma	True	94	1	93	4.543294782270004
TCGA-CW-5585	kidney clear cell carcinoma	False	62	0	62	4.143134726391533
TCGA-CW-5590	kidney clear cell carcinoma	False	0	0	0	0.0
TCGA-CZ-5984	kidney clear cell carcinoma	False	55	0	55	4.02535169073515
TCGA-A3-3363	kidney clear cell carcinoma	False	60	0	60	4.110873864173311
TCGA-B0-5697	kidney clear cell carcinoma	False	79	0	79	4.382026634673881
TCGA-B0-5711	kidney clear cell carcinoma	False	38	0	38	3.6635616461296463
TCGA-B8-A54G	kidney clear cell carcinoma	False	63	0	63	4.1588830833596715
TCGA-BP-4759	kidney clear cell carcinoma	False	0	0	0	0.0
TCGA-CJ-4903	kidney clear cell carcinoma	False	58	0	58	4.07753744390572
TCGA-A3-3387	kidney clear cell carcinoma	False	105	0	105	4.663439094112067
TCGA-B0-4816	kidney clear cell carcinoma	False	73	0	73	4.30406509320417
TCGA-B0-4834	kidney clear cell carcinoma	False	0	0	0	0.0
TCGA-BP-4174	kidney clear cell carcinoma	False	0	0	0	0.0
TCGA-BP-4959	kidney clear cell carcinoma	False	0	0	0	0.0
TCGA-BP-4998	kidney clear cell carcinoma	False	44	0	44	3.8066624897703196
TCGA-CJ-4640	kidney clear cell carcinoma	False	78	0	78	4.3694478524670215
TCGA-CJ-4869	kidney clear cell carcinoma	False	91	0	91	4.5217885770490405
TCGA-AK-3451	kidney clear cell carcinoma	False	99	0	99	4.605170185988092
TCGA-AK-3456	kidney clear cell carcinoma	False	45	0	45	3.828641396489095
TCGA-AK-3458	kidney clear cell carcinoma	False	42	0	42	3.7612001156935624
TCGA-B0-4811	kidney clear cell carcinoma	False	135	0	135	4.912654885736052
TCGA-B8-A54I	kidney clear cell carcinoma	True	88	1	87	4.477336814478207
TCGA-BP-4789	kidney clear cell carcinoma	False	0	0	0	0.0
TCGA-CJ-4635	kidney clear cell carcinoma	False	0	0	0	0.0
TCGA-CJ-4887	kidney clear cell carcinoma	False	0	0	0	0.0
TCGA-A3-3326	kidney clear cell carcinoma	False	72	0	72	4.290459441148391
TCGA-A3-A6NI	kidney clear cell carcinoma	False	99	0	99	4.605170185988092
TCGA-B0-4810	kidney clear cell carcinoma	False	77	0	77	4.356708826689592
TCGA-BP-4173	kidney clear cell carcinoma	False	0	0	0	0.0
TCGA-BP-4961	kidney clear cell carcinoma	False	54	0	54	4.007333185232471
TCGA-BP-4973	kidney clear cell carcinoma	False	37	0	37	3.6375861597263857
TCGA-CJ-4642	kidney clear cell carcinoma	False	0	0	0	0.0
TCGA-CJ-4901	kidney clear cell carcinoma	False	69	0	69	4.248495242049359
TCGA-CJ-5676	kidney clear cell carcinoma	False	87	0	87	4.477336814478207
TCGA-A3-3365	kidney clear cell carcinoma	False	49	0	49	3.912023005428146
TCGA-B0-4688	kidney clear cell carcinoma	False	0	0	0	0.0
TCGA-B0-5399	kidney clear cell carcinoma	False	56	0	56	4.04305126783455
TCGA-B2-5639	kidney clear cell carcinoma	False	74	0	74	4.31748811353631
TCGA-BP-4777	kidney clear cell carcinoma	False	0	0	0	0.0
TCGA-BP-4960	kidney clear cell carcinoma	False	80	0	80	4.394449154672439
TCGA-BP-4965	kidney clear cell carcinoma	False	70	0	70	4.2626798770413155
TCGA-BP-5008	kidney clear cell carcinoma	False	54	0	54	4.007333185232471
TCGA-CZ-4862	kidney clear cell carcinoma	False	0	0	0	0.0
TCGA-AK-3443	kidney clear cell carcinoma	False	15	0	15	2.772588722239781
TCGA-B0-5706	kidney clear cell carcinoma	False	73	0	73	4.30406509320417
TCGA-B4-5843	kidney clear cell carcinoma	False	57	0	57	4.060443010546419
TCGA-BP-5007	kidney clear cell carcinoma	False	39	0	39	3.6888794541139363
TCGA-BP-4970	kidney clear cell carcinoma	False	35	0	35	3.58351893845611
TCGA-BP-5200	kidney clear cell carcinoma	False	52	0	52	3.970291913552122
TCGA-CW-5581	kidney clear cell carcinoma	False	74	0	74	4.31748811353631
TCGA-B0-5115	kidney clear cell carcinoma	False	64	0	64	4.174387269895637
TCGA-B8-5165	kidney clear cell carcinoma	False	27	0	27	3.332204510175204
TCGA-BP-4338	kidney clear cell carcinoma	False	0	0	0	0.0
TCGA-BP-4765	kidney clear cell carcinoma	False	0	0	0	0.0
TCGA-CZ-5458	kidney clear cell carcinoma	False	45	0	45	3.828641396489095
TCGA-A3-3351	kidney clear cell carcinoma	False	0	0	0	0.0
TCGA-B8-5545	kidney clear cell carcinoma	False	33	0	33	3.5263605246161616
TCGA-BP-4762	kidney clear cell carcinoma	False	0	0	0	0.0
TCGA-BP-4807	kidney clear cell carcinoma	False	0	0	0	0.0
TCGA-BP-4982	kidney clear cell carcinoma	False	50	0	50	3.9318256327243257
TCGA-CJ-4868	kidney clear cell carcinoma	False	0	0	0	0.0
TCGA-CJ-4899	kidney clear cell carcinoma	False	51	0	51	3.9512437185814275
TCGA-A3-3335	kidney clear cell carcinoma	False	0	0	0	0.0
TCGA-CJ-4881	kidney clear cell carcinoma	False	0	0	0	0.0
TCGA-CZ-5469	kidney clear cell carcinoma	False	64	0	64	4.174387269895637
TCGA-DV-5573	kidney clear cell carcinoma	False	0	0	0	0.0
TCGA-MM-A563	kidney clear cell carcinoma	False	60	0	60	4.110873864173311
TCGA-AK-3436	kidney clear cell carcinoma	False	58	0	58	4.07753744390572
TCGA-B0-5117	kidney clear cell carcinoma	False	23	0	23	3.1780538303479458
TCGA-BP-4354	kidney clear cell carcinoma	False	0	0	0	0.0
TCGA-BP-4758	kidney clear cell carcinoma	False	0	0	0	0.0
TCGA-BP-4968	kidney clear cell carcinoma	False	54	0	54	4.007333185232471
TCGA-BP-4971	kidney clear cell carcinoma	False	56	0	56	4.04305126783455
TCGA-BP-4975	kidney clear cell carcinoma	False	24	0	24	3.2188758248682006
TCGA-BP-5000	kidney clear cell carcinoma	False	54	0	54	4.007333185232471
TCGA-BP-5194	kidney clear cell carcinoma	False	38	0	38	3.6635616461296463
TCGA-CZ-4858	kidney clear cell carcinoma	False	0	0	0	0.0
TCGA-CJ-4908	kidney clear cell carcinoma	False	42	0	42	3.7612001156935624
TCGA-CZ-5988	kidney clear cell carcinoma	False	54	0	54	4.007333185232471
TCGA-A3-A8OW	kidney clear cell carcinoma	False	43	0	43	3.784189633918261
TCGA-AK-3426	kidney clear cell carcinoma	False	41	0	41	3.7376696182833684
TCGA-DV-5574	kidney clear cell carcinoma	False	0	0	0	0.0
TCGA-BP-4332	kidney clear cell carcinoma	False	0	0	0	0.0
TCGA-AS-3778	kidney clear cell carcinoma	False	82	0	82	4.418840607796598
TCGA-BP-4797	kidney clear cell carcinoma	False	0	0	0	0.0
TCGA-B0-5084	kidney clear cell carcinoma	False	67	0	67	4.219507705176107
TCGA-CW-6097	kidney clear cell carcinoma	False	29	0	29	3.4011973816621555
TCGA-DV-5568	kidney clear cell carcinoma	False	26	0	26	3.295836866004329
TCGA-B0-5104	kidney clear cell carcinoma	False	81	0	81	4.406719247264253
TCGA-B0-5099	kidney clear cell carcinoma	False	93	0	93	4.543294782270004
TCGA-A3-3331	kidney clear cell carcinoma	False	0	0	0	0.0
TCGA-CZ-5467	kidney clear cell carcinoma	False	78	0	78	4.3694478524670215
TCGA-AK-3450	kidney clear cell carcinoma	False	0	0	0	0.0
TCGA-CJ-4873	kidney clear cell carcinoma	False	0	0	0	0.0
TCGA-A3-3359	kidney clear cell carcinoma	False	0	0	0	0.0
TCGA-B0-4833	kidney clear cell carcinoma	False	0	0	0	0.0
TCGA-G6-A8L7	kidney clear cell carcinoma	False	100	0	100	4.61512051684126
TCGA-AK-3444	kidney clear cell carcinoma	False	126	0	126	4.844187086458591
TCGA-B0-4839	kidney clear cell carcinoma	False	0	0	0	0.0
TCGA-B0-5081	kidney clear cell carcinoma	False	61	0	61	4.127134385045092
TCGA-BP-4763	kidney clear cell carcinoma	False	0	0	0	0.0
TCGA-CJ-4897	kidney clear cell carcinoma	False	0	0	0	0.0
TCGA-CZ-4866	kidney clear cell carcinoma	True	101	1	100	4.61512051684126
TCGA-B0-4852	kidney clear cell carcinoma	False	115	0	115	4.7535901911063645
TCGA-BP-5176	kidney clear cell carcinoma	True	151	1	150	5.017279836814924
TCGA-CW-5588	kidney clear cell carcinoma	False	0	0	0	0.0
TCGA-A3-3308	kidney clear cell carcinoma	False	103	0	103	4.6443908991413725
TCGA-B0-4827	kidney clear cell carcinoma	False	108	0	108	4.6913478822291435
TCGA-B0-5075	kidney clear cell carcinoma	False	110	0	110	4.709530201312334
TCGA-A3-3347	kidney clear cell carcinoma	True	48	1	47	3.871201010907891
TCGA-B0-4713	kidney clear cell carcinoma	False	0	0	0	0.0
TCGA-B0-5085	kidney clear cell carcinoma	False	98	0	98	4.59511985013459
TCGA-BP-4169	kidney clear cell carcinoma	False	0	0	0	0.0
TCGA-BP-4337	kidney clear cell carcinoma	False	0	0	0	0.0
TCGA-CJ-4893	kidney clear cell carcinoma	False	0	0	0	0.0
TCGA-CZ-5465	kidney clear cell carcinoma	False	141	0	141	4.955827057601261
TCGA-GK-A6C7	kidney clear cell carcinoma	False	134	0	134	4.90527477843843
TCGA-A3-3336	kidney clear cell carcinoma	False	0	0	0	0.0
TCGA-B0-4710	kidney clear cell carcinoma	False	111	0	111	4.718498871295094
TCGA-B0-4945	kidney clear cell carcinoma	False	55	0	55	4.02535169073515
TCGA-B0-5713	kidney clear cell carcinoma	False	134	0	134	4.90527477843843
TCGA-BP-4327	kidney clear cell carcinoma	False	0	0	0	0.0
TCGA-BP-4344	kidney clear cell carcinoma	False	0	0	0	0.0
TCGA-BP-4981	kidney clear cell carcinoma	False	78	0	78	4.3694478524670215
TCGA-A3-A8OU	kidney clear cell carcinoma	True	111	1	110	4.709530201312334
TCGA-B0-5102	kidney clear cell carcinoma	False	55	0	55	4.02535169073515
TCGA-BP-4352	kidney clear cell carcinoma	False	0	0	0	0.0
TCGA-BP-4795	kidney clear cell carcinoma	False	31	0	31	3.4657359027997265
TCGA-B0-4842	kidney clear cell carcinoma	False	73	0	73	4.30406509320417
TCGA-B8-4154	kidney clear cell carcinoma	False	70	0	70	4.2626798770413155
TCGA-BP-4770	kidney clear cell carcinoma	False	74	0	74	4.31748811353631
TCGA-CJ-4874	kidney clear cell carcinoma	False	0	0	0	0.0
TCGA-CW-5580	kidney clear cell carcinoma	False	125	0	125	4.836281906951478
TCGA-B0-4693	kidney clear cell carcinoma	False	0	0	0	0.0
TCGA-B0-5096	kidney clear cell carcinoma	False	115	0	115	4.7535901911063645
TCGA-B0-5120	kidney clear cell carcinoma	False	81	0	81	4.406719247264253
TCGA-B2-4098	kidney clear cell carcinoma	False	75	0	75	4.330733340286331
TCGA-BP-4170	kidney clear cell carcinoma	False	0	0	0	0.0
TCGA-BP-4768	kidney clear cell carcinoma	False	0	0	0	0.0
TCGA-CJ-4884	kidney clear cell carcinoma	False	0	0	0	0.0
TCGA-CZ-5470	kidney clear cell carcinoma	False	73	0	73	4.30406509320417
TCGA-MW-A4EC	kidney clear cell carcinoma	False	61	0	61	4.127134385045092
TCGA-AK-3455	kidney clear cell carcinoma	False	70	0	70	4.2626798770413155
TCGA-AK-3465	kidney clear cell carcinoma	True	37	1	36	3.6109179126442243
TCGA-B0-5110	kidney clear cell carcinoma	False	81	0	81	4.406719247264253
TCGA-CJ-4878	kidney clear cell carcinoma	False	0	0	0	0.0
TCGA-B8-4620	kidney clear cell carcinoma	False	66	0	66	4.204692619390966
TCGA-BP-4340	kidney clear cell carcinoma	False	0	0	0	0.0
TCGA-CZ-4865	kidney clear cell carcinoma	False	110	0	110	4.709530201312334
TCGA-B0-4838	kidney clear cell carcinoma	False	0	0	0	0.0
TCGA-B0-5113	kidney clear cell carcinoma	False	49	0	49	3.912023005428146
TCGA-B8-A54H	kidney clear cell carcinoma	True	106	1	105	4.663439094112067
TCGA-CJ-4900	kidney clear cell carcinoma	False	55	0	55	4.02535169073515
TCGA-CJ-4916	kidney clear cell carcinoma	False	61	0	61	4.127134385045092
TCGA-6D-AA2E	kidney clear cell carcinoma	False	50	0	50	3.9318256327243257
TCGA-B0-4818	kidney clear cell carcinoma	False	94	0	94	4.553876891600541
TCGA-B0-4821	kidney clear cell carcinoma	False	92	0	92	4.532599493153256
TCGA-B0-5712	kidney clear cell carcinoma	False	130	0	130	4.875197323201151
TCGA-B4-5377	kidney clear cell carcinoma	False	74	0	74	4.31748811353631
TCGA-BP-4349	kidney clear cell carcinoma	False	0	0	0	0.0
TCGA-B8-5553	kidney clear cell carcinoma	False	78	0	78	4.3694478524670215
TCGA-BP-4784	kidney clear cell carcinoma	False	0	0	0	0.0
TCGA-BP-4983	kidney clear cell carcinoma	False	104	0	104	4.653960350157523
TCGA-CJ-4643	kidney clear cell carcinoma	True	123	1	122	4.812184355372417
TCGA-DV-5566	kidney clear cell carcinoma	False	71	0	71	4.276666119016055
TCGA-EU-5905	kidney clear cell carcinoma	False	74	0	74	4.31748811353631
TCGA-B0-4701	kidney clear cell carcinoma	False	0	0	0	0.0
TCGA-B0-5691	kidney clear cell carcinoma	True	67	1	66	4.204692619390966
TCGA-B0-5692	kidney clear cell carcinoma	False	85	0	85	4.454347296253507
TCGA-B8-4143	kidney clear cell carcinoma	False	89	0	89	4.499809670330265
TCGA-A3-A8OX	kidney clear cell carcinoma	False	66	0	66	4.204692619390966
TCGA-B0-5107	kidney clear cell carcinoma	False	73	0	73	4.30406509320417
TCGA-B0-5705	kidney clear cell carcinoma	False	100	0	100	4.61512051684126
TCGA-B8-5551	kidney clear cell carcinoma	True	82	1	81	4.406719247264253
TCGA-BP-4162	kidney clear cell carcinoma	False	58	0	58	4.07753744390572
TCGA-BP-4335	kidney clear cell carcinoma	False	0	0	0	0.0
TCGA-CJ-4892	kidney clear cell carcinoma	False	0	0	0	0.0
TCGA-CJ-5680	kidney clear cell carcinoma	False	65	0	65	4.189654742026425
TCGA-B4-5835	kidney clear cell carcinoma	False	87	0	87	4.477336814478207
TCGA-BP-4165	kidney clear cell carcinoma	False	0	0	0	0.0
TCGA-BP-4325	kidney clear cell carcinoma	False	0	0	0	0.0
TCGA-CJ-4920	kidney clear cell carcinoma	False	175	0	175	5.170483995038151
TCGA-B8-4148	kidney clear cell carcinoma	False	47	0	47	3.871201010907891
TCGA-B8-5163	kidney clear cell carcinoma	False	93	0	93	4.543294782270004
TCGA-BP-4969	kidney clear cell carcinoma	False	0	0	0	0.0
TCGA-CJ-4889	kidney clear cell carcinoma	False	0	0	0	0.0
TCGA-CJ-4923	kidney clear cell carcinoma	True	72	1	71	4.276666119016055
TCGA-CJ-6032	kidney clear cell carcinoma	False	62	0	62	4.143134726391533
TCGA-AK-3431	kidney clear cell carcinoma	False	0	0	0	0.0
TCGA-B0-5709	kidney clear cell carcinoma	False	97	0	97	4.584967478670572
TCGA-B8-A54E	kidney clear cell carcinoma	False	59	0	59	4.0943445622221
TCGA-BP-4756	kidney clear cell carcinoma	False	0	0	0	0.0
TCGA-CJ-4905	kidney clear cell carcinoma	False	72	0	72	4.290459441148391
TCGA-CW-5587	kidney clear cell carcinoma	False	89	0	89	4.499809670330265
TCGA-CZ-4856	kidney clear cell carcinoma	False	85	0	85	4.454347296253507
TCGA-G6-A8L8	kidney clear cell carcinoma	False	113	0	113	4.736198448394496
TCGA-B0-5119	kidney clear cell carcinoma	False	114	0	114	4.74493212836325
TCGA-B0-5695	kidney clear cell carcinoma	False	87	0	87	4.477336814478207
TCGA-B4-5836	kidney clear cell carcinoma	False	97	0	97	4.584967478670572
TCGA-B4-5844	kidney clear cell carcinoma	False	87	0	87	4.477336814478207
TCGA-B8-5159	kidney clear cell carcinoma	False	69	0	69	4.248495242049359
TCGA-A3-3362	kidney clear cell carcinoma	False	57	0	57	4.060443010546419
TCGA-B0-4819	kidney clear cell carcinoma	False	0	0	0	0.0
TCGA-B8-A8YJ	kidney clear cell carcinoma	False	49	0	49	3.912023005428146
TCGA-BP-4163	kidney clear cell carcinoma	False	60	0	60	4.110873864173311
TCGA-BP-4330	kidney clear cell carcinoma	False	0	0	0	0.0
TCGA-CJ-4634	kidney clear cell carcinoma	False	108	0	108	4.6913478822291435
TCGA-CJ-4904	kidney clear cell carcinoma	False	67	0	67	4.219507705176107
TCGA-A3-A8CQ	kidney clear cell carcinoma	False	71	0	71	4.276666119016055
TCGA-B0-5097	kidney clear cell carcinoma	True	77	2	75	4.330733340286331
TCGA-B0-5400	kidney clear cell carcinoma	False	50	0	50	3.9318256327243257
TCGA-BP-4355	kidney clear cell carcinoma	False	0	0	0	0.0
TCGA-BP-4787	kidney clear cell carcinoma	False	0	0	0	0.0
TCGA-CJ-5686	kidney clear cell carcinoma	False	80	0	80	4.394449154672439
TCGA-CZ-4859	kidney clear cell carcinoma	False	136	0	136	4.919980925828125
TCGA-CZ-5982	kidney clear cell carcinoma	False	61	0	61	4.127134385045092
TCGA-AK-3453	kidney clear cell carcinoma	False	30	0	30	3.4339872044851463
TCGA-BP-5181	kidney clear cell carcinoma	False	74	0	74	4.31748811353631
TCGA-CJ-4870	kidney clear cell carcinoma	False	0	0	0	0.0
TCGA-MM-A84U	kidney clear cell carcinoma	False	123	0	123	4.820281565605037
TCGA-A3-3358	kidney clear cell carcinoma	False	97	0	97	4.584967478670572
TCGA-A3-A6NJ	kidney clear cell carcinoma	False	72	0	72	4.290459441148391
TCGA-BP-4774	kidney clear cell carcinoma	False	0	0	0	0.0
TCGA-CJ-4891	kidney clear cell carcinoma	False	0	0	0	0.0
TCGA-BP-4775	kidney clear cell carcinoma	False	0	0	0	0.0
TCGA-BP-4782	kidney clear cell carcinoma	False	105	0	105	4.663439094112067
TCGA-CJ-4641	kidney clear cell carcinoma	False	71	0	71	4.276666119016055
TCGA-DV-5576	kidney clear cell carcinoma	False	0	0	0	0.0
TCGA-A3-3373	kidney clear cell carcinoma	False	77	0	77	4.356708826689592
TCGA-AK-3429	kidney clear cell carcinoma	False	43	0	43	3.784189633918261
TCGA-B8-A7U6	kidney clear cell carcinoma	False	92	0	92	4.532599493153256
TCGA-BP-4964	kidney clear cell carcinoma	False	116	0	116	4.762173934797756
TCGA-CJ-5677	kidney clear cell carcinoma	False	99	0	99	4.605170185988092
TCGA-CJ-6033	kidney clear cell carcinoma	False	93	0	93	4.543294782270004
TCGA-G6-A5PC	kidney clear cell carcinoma	False	89	0	89	4.499809670330265
TCGA-B0-5092	kidney clear cell carcinoma	False	100	0	100	4.61512051684126
TCGA-B0-5098	kidney clear cell carcinoma	True	844	2	842	6.736966958001855
TCGA-B0-5690	kidney clear cell carcinoma	False	81	0	81	4.406719247264253
TCGA-BP-4326	kidney clear cell carcinoma	False	0	0	0	0.0
TCGA-A3-3320	kidney clear cell carcinoma	False	112	0	112	4.727387818712341
TCGA-CJ-4637	kidney clear cell carcinoma	False	66	0	66	4.204692619390966
TCGA-DV-5575	kidney clear cell carcinoma	False	0	0	0	0.0
TCGA-A3-3374	kidney clear cell carcinoma	False	25	0	25	3.258096538021482
TCGA-B8-4151	kidney clear cell carcinoma	False	69	0	69	4.248495242049359
TCGA-BP-4164	kidney clear cell carcinoma	False	56	0	56	4.04305126783455
TCGA-BP-4351	kidney clear cell carcinoma	False	0	0	0	0.0
TCGA-CW-5583	kidney clear cell carcinoma	False	37	0	37	3.6375861597263857
TCGA-CZ-4863	kidney clear cell carcinoma	False	62	0	62	4.143134726391533
TCGA-BP-5186	kidney clear cell carcinoma	False	45	0	45	3.828641396489095
TCGA-A3-A6NL	kidney clear cell carcinoma	False	56	0	56	4.04305126783455
TCGA-B0-4824	kidney clear cell carcinoma	False	0	0	0	0.0
TCGA-B8-A54F	kidney clear cell carcinoma	False	44	0	44	3.8066624897703196
TCGA-CJ-4639	kidney clear cell carcinoma	False	78	0	78	4.3694478524670215
TCGA-A3-3370	kidney clear cell carcinoma	False	48	0	48	3.8918202981106265
TCGA-AK-3433	kidney clear cell carcinoma	False	0	0	0	0.0
TCGA-CJ-4644	kidney clear cell carcinoma	False	85	0	85	4.454347296253507
TCGA-B0-5693	kidney clear cell carcinoma	False	51	0	51	3.9512437185814275
TCGA-EU-5904	kidney clear cell carcinoma	False	56	0	56	4.04305126783455
TCGA-T7-A92I	kidney clear cell carcinoma	False	48	0	48	3.8918202981106265
TCGA-A3-3385	kidney clear cell carcinoma	False	80	0	80	4.394449154672439
TCGA-B0-4697	kidney clear cell carcinoma	False	0	0	0	0.0
TCGA-BP-5177	kidney clear cell carcinoma	False	58	0	58	4.07753744390572
TCGA-CJ-4638	kidney clear cell carcinoma	True	98	1	97	4.584967478670572
TCGA-BP-5174	kidney clear cell carcinoma	False	46	0	46	3.8501476017100584
TCGA-CJ-4913	kidney clear cell carcinoma	False	80	0	80	4.394449154672439
TCGA-CJ-5681	kidney clear cell carcinoma	False	34	0	34	3.5553480614894135
TCGA-BP-4766	kidney clear cell carcinoma	False	0	0	0	0.0
TCGA-BP-4972	kidney clear cell carcinoma	False	57	0	57	4.060443010546419
TCGA-BP-5001	kidney clear cell carcinoma	False	44	0	44	3.8066624897703196
TCGA-CJ-4886	kidney clear cell carcinoma	False	0	0	0	0.0
TCGA-B8-4146	kidney clear cell carcinoma	False	51	0	51	3.9512437185814275
TCGA-B8-5552	kidney clear cell carcinoma	False	31	0	31	3.4657359027997265
TCGA-BP-4987	kidney clear cell carcinoma	False	38	0	38	3.6635616461296463
TCGA-DV-5567	kidney clear cell carcinoma	False	21	0	21	3.091042453358316
TCGA-B0-5707	kidney clear cell carcinoma	False	47	0	47	3.871201010907891
TCGA-B8-5546	kidney clear cell carcinoma	False	19	0	19	2.995732273553991
TCGA-A3-3349	kidney clear cell carcinoma	False	53	0	53	3.9889840465642745
TCGA-DV-5569	kidney clear cell carcinoma	False	0	0	0	0.0
TCGA-KO-8404	kidney chromophobe	False	66	0	66	4.204692619390966
TCGA-KL-8345	kidney chromophobe	False	37	0	37	3.6375861597263857
TCGA-KN-8430	kidney chromophobe	False	54	0	54	4.007333185232471
TCGA-KL-8343	kidney chromophobe	False	46	0	46	3.8501476017100584
TCGA-KN-8428	kidney chromophobe	True	1043	1	1042	6.949856455000773
TCGA-KL-8326	kidney chromophobe	False	38	0	38	3.6635616461296463
TCGA-KL-8333	kidney chromophobe	False	25	0	25	3.258096538021482
TCGA-KO-8409	kidney chromophobe	False	26	0	26	3.295836866004329
TCGA-KL-8335	kidney chromophobe	False	67	0	67	4.219507705176107
TCGA-KL-8339	kidney chromophobe	True	66	1	65	4.189654742026425
TCGA-KM-8639	kidney chromophobe	False	31	0	31	3.4657359027997265
TCGA-KL-8346	kidney chromophobe	False	25	0	25	3.258096538021482
TCGA-KN-8436	kidney chromophobe	False	28	0	28	3.367295829986474
TCGA-KL-8328	kidney chromophobe	False	32	0	32	3.4965075614664802
TCGA-KN-8435	kidney chromophobe	False	32	0	32	3.4965075614664802
TCGA-KO-8411	kidney chromophobe	False	27	0	27	3.332204510175204
TCGA-KM-8443	kidney chromophobe	False	43	0	43	3.784189633918261
TCGA-KM-8477	kidney chromophobe	False	32	0	32	3.4965075614664802
TCGA-KL-8332	kidney chromophobe	False	28	0	28	3.367295829986474
TCGA-KN-8427	kidney chromophobe	False	93	0	93	4.543294782270004
TCGA-KN-8425	kidney chromophobe	False	20	0	20	3.044522437723423
TCGA-KL-8338	kidney chromophobe	False	30	0	30	3.4339872044851463
TCGA-KL-8344	kidney chromophobe	False	30	0	30	3.4339872044851463
TCGA-KN-8426	kidney chromophobe	False	50	0	50	3.9318256327243257
TCGA-KO-8403	kidney chromophobe	False	32	0	32	3.4965075614664802
TCGA-KM-8476	kidney chromophobe	False	40	0	40	3.713572066704308
TCGA-KO-8408	kidney chromophobe	False	75	0	75	4.330733340286331
TCGA-KO-8413	kidney chromophobe	False	20	0	20	3.044522437723423
TCGA-KN-8423	kidney chromophobe	False	24	0	24	3.2188758248682006
TCGA-KN-8419	kidney chromophobe	False	27	0	27	3.332204510175204
TCGA-KO-8407	kidney chromophobe	False	35	0	35	3.58351893845611
TCGA-KL-8341	kidney chromophobe	False	57	0	57	4.060443010546419
TCGA-KO-8416	kidney chromophobe	False	27	0	27	3.332204510175204
TCGA-KM-8442	kidney chromophobe	False	30	0	30	3.4339872044851463
TCGA-KM-8440	kidney chromophobe	False	25	0	25	3.258096538021482
TCGA-KL-8340	kidney chromophobe	False	21	0	21	3.091042453358316
TCGA-KM-8439	kidney chromophobe	False	16	0	16	2.833213344056216
TCGA-KO-8405	kidney chromophobe	False	15	0	15	2.772588722239781
TCGA-KL-8337	kidney chromophobe	False	25	0	25	3.258096538021482
TCGA-KN-8432	kidney chromophobe	False	89	0	89	4.499809670330265
TCGA-KO-8410	kidney chromophobe	False	26	0	26	3.295836866004329
TCGA-KL-8324	kidney chromophobe	False	41	0	41	3.7376696182833684
TCGA-KN-8434	kidney chromophobe	False	33	0	33	3.5263605246161616
TCGA-KM-8441	kidney chromophobe	False	26	0	26	3.295836866004329
TCGA-KL-8323	kidney chromophobe	False	44	0	44	3.8066624897703196
TCGA-KL-8329	kidney chromophobe	False	41	0	41	3.7376696182833684
TCGA-KL-8325	kidney chromophobe	False	30	0	30	3.4339872044851463
TCGA-KL-8336	kidney chromophobe	True	34	1	33	3.5263605246161616
TCGA-KO-8414	kidney chromophobe	False	27	0	27	3.332204510175204
TCGA-KL-8331	kidney chromophobe	False	37	0	37	3.6375861597263857
TCGA-KN-8421	kidney chromophobe	False	30	0	30	3.4339872044851463
TCGA-KL-8327	kidney chromophobe	False	30	0	30	3.4339872044851463
TCGA-KN-8433	kidney chromophobe	False	26	0	26	3.295836866004329
TCGA-KL-8342	kidney chromophobe	False	26	0	26	3.295836866004329
TCGA-KM-8438	kidney chromophobe	False	30	0	30	3.4339872044851463
TCGA-KL-8330	kidney chromophobe	False	31	0	31	3.4657359027997265
TCGA-KO-8415	kidney chromophobe	False	32	0	32	3.4965075614664802
TCGA-KN-8424	kidney chromophobe	False	42	0	42	3.7612001156935624
TCGA-KN-8437	kidney chromophobe	False	11	0	11	2.4849066497880004
TCGA-KN-8418	kidney chromophobe	False	29	0	29	3.4011973816621555
TCGA-KN-8429	kidney chromophobe	False	20	0	20	3.044522437723423
TCGA-KL-8334	kidney chromophobe	False	19	0	19	2.995732273553991
TCGA-KN-8431	kidney chromophobe	False	23	0	23	3.1780538303479458
TCGA-KO-8417	kidney chromophobe	False	22	0	22	3.1354942159291497
TCGA-KN-8422	kidney chromophobe	False	23	0	23	3.1780538303479458
TCGA-KO-8406	kidney chromophobe	False	20	0	20	3.044522437723423
TCGA-CQ-A4C7	head & neck squamous cell carcinoma	False	77	0	77	4.356708826689592
TCGA-CQ-5332	head & neck squamous cell carcinoma	False	185	0	185	5.225746673713202
TCGA-CQ-5334	head & neck squamous cell carcinoma	False	228	0	228	5.43372200355424
TCGA-CV-6938	head & neck squamous cell carcinoma	False	172	0	172	5.153291594497779
TCGA-CV-A6JM	head & neck squamous cell carcinoma	False	389	0	389	5.966146739123692
TCGA-BB-8601	head & neck squamous cell carcinoma	False	84	0	84	4.442651256490317
TCGA-BA-4078	head & neck squamous cell carcinoma	True	606	1	605	6.406879986069314
TCGA-CR-7376	head & neck squamous cell carcinoma	True	68	1	67	4.219507705176107
TCGA-CQ-5323	head & neck squamous cell carcinoma	False	81	0	81	4.406719247264253
TCGA-CX-7082	head & neck squamous cell carcinoma	False	122	0	122	4.812184355372417
TCGA-T2-A6X2	head & neck squamous cell carcinoma	False	475	0	475	6.16541785423142
TCGA-CN-5361	head & neck squamous cell carcinoma	False	152	0	152	5.030437921392435
TCGA-CV-7101	head & neck squamous cell carcinoma	False	236	0	236	5.4680601411351315
TCGA-UF-A7JF	head & neck squamous cell carcinoma	False	152	0	152	5.030437921392435
TCGA-CQ-6221	head & neck squamous cell carcinoma	True	149	1	148	5.003946305945459
TCGA-CV-7432	head & neck squamous cell carcinoma	False	205	0	205	5.327876168789581
TCGA-CV-A6K2	head & neck squamous cell carcinoma	False	884	0	884	6.785587645007929
TCGA-T3-A92N	head & neck squamous cell carcinoma	False	215	0	215	5.375278407684165
TCGA-CN-5370	head & neck squamous cell carcinoma	False	131	0	131	4.882801922586371
TCGA-CN-6995	head & neck squamous cell carcinoma	False	282	0	282	5.645446897643238
TCGA-CR-6492	head & neck squamous cell carcinoma	False	72	0	72	4.290459441148391
TCGA-CV-7414	head & neck squamous cell carcinoma	False	340	0	340	5.831882477283517
TCGA-CV-A6JE	head & neck squamous cell carcinoma	True	181	1	180	5.198497031265826
TCGA-BA-A4IG	head & neck squamous cell carcinoma	False	176	0	176	5.176149732573829
TCGA-CQ-6227	head & neck squamous cell carcinoma	False	55	0	55	4.02535169073515
TCGA-CV-7437	head & neck squamous cell carcinoma	True	169	1	168	5.1298987149230735
TCGA-CV-7421	head & neck squamous cell carcinoma	False	84	0	84	4.442651256490317
TCGA-IQ-A61H	head & neck squamous cell carcinoma	False	194	0	194	5.272999558563747
TCGA-BA-6871	head & neck squamous cell carcinoma	False	170	0	170	5.14166355650266
TCGA-CN-4741	head & neck squamous cell carcinoma	False	170	0	170	5.14166355650266
TCGA-CV-A45W	head & neck squamous cell carcinoma	False	782	0	782	6.663132695990803
TCGA-CV-A45Z	head & neck squamous cell carcinoma	False	893	0	893	6.795705775173514
TCGA-F7-A622	head & neck squamous cell carcinoma	False	81	0	81	4.406719247264253
TCGA-UF-A7J9	head & neck squamous cell carcinoma	False	325	0	325	5.786897381366708
TCGA-CQ-5333	head & neck squamous cell carcinoma	True	265	1	264	5.579729825986222
TCGA-CV-6943	head & neck squamous cell carcinoma	False	64	0	64	4.174387269895637
TCGA-CV-7089	head & neck squamous cell carcinoma	True	204	1	203	5.318119993844216
TCGA-HD-7831	head & neck squamous cell carcinoma	False	48	0	48	3.8918202981106265
TCGA-HD-A633	head & neck squamous cell carcinoma	False	178	0	178	5.187385805840755
TCGA-MT-A7BN	head & neck squamous cell carcinoma	False	78	0	78	4.3694478524670215
TCGA-BB-4225	head & neck squamous cell carcinoma	False	89	0	89	4.499809670330265
TCGA-CN-4729	head & neck squamous cell carcinoma	True	193	1	192	5.262690188904886
TCGA-CN-6023	head & neck squamous cell carcinoma	False	136	0	136	4.919980925828125
TCGA-CQ-A4CI	head & neck squamous cell carcinoma	False	131	0	131	4.882801922586371
TCGA-CV-5431	head & neck squamous cell carcinoma	False	0	0	0	0.0
TCGA-D6-6825	head & neck squamous cell carcinoma	False	90	0	90	4.51085950651685
TCGA-DQ-5630	head & neck squamous cell carcinoma	False	89	0	89	4.499809670330265
TCGA-F7-A624	head & neck squamous cell carcinoma	True	4099	1	4098	8.318498320504338
TCGA-BA-5151	head & neck squamous cell carcinoma	False	107	0	107	4.68213122712422
TCGA-CV-A460	head & neck squamous cell carcinoma	False	87	0	87	4.477336814478207
TCGA-F7-A50I	head & neck squamous cell carcinoma	False	190	0	190	5.25227342804663
TCGA-BA-5559	head & neck squamous cell carcinoma	False	95	0	95	4.564348191467836
TCGA-CN-4739	head & neck squamous cell carcinoma	False	285	0	285	5.655991810819852
TCGA-CN-A49B	head & neck squamous cell carcinoma	False	140	0	140	4.948759890378168
TCGA-CR-5250	head & neck squamous cell carcinoma	False	48	0	48	3.8918202981106265
TCGA-CV-6937	head & neck squamous cell carcinoma	False	162	0	162	5.093750200806762
TCGA-D6-A6EN	head & neck squamous cell carcinoma	False	125	0	125	4.836281906951478
TCGA-QK-A6IJ	head & neck squamous cell carcinoma	False	83	0	83	4.430816798843313
TCGA-UF-A7JD	head & neck squamous cell carcinoma	False	139	0	139	4.941642422609304
TCGA-CN-4734	head & neck squamous cell carcinoma	False	199	0	199	5.298317366548036
TCGA-CR-7394	head & neck squamous cell carcinoma	True	205	1	204	5.3230099791384085
TCGA-DQ-7589	head & neck squamous cell carcinoma	False	0	0	0	0.0
TCGA-F7-A623	head & neck squamous cell carcinoma	True	260	1	259	5.560681631015528
TCGA-BA-4074	head & neck squamous cell carcinoma	False	180	0	180	5.198497031265826
TCGA-CQ-6220	head & neck squamous cell carcinoma	False	138	0	138	4.9344739331306915
TCGA-CQ-6223	head & neck squamous cell carcinoma	False	106	0	106	4.672828834461906
TCGA-CQ-A4CD	head & neck squamous cell carcinoma	False	193	0	193	5.267858159063328
TCGA-CR-6493	head & neck squamous cell carcinoma	False	46	0	46	3.8501476017100584
TCGA-CR-7386	head & neck squamous cell carcinoma	False	241	0	241	5.488937726156687
TCGA-CV-A6JO	head & neck squamous cell carcinoma	False	90	0	90	4.51085950651685
TCGA-CV-A6JY	head & neck squamous cell carcinoma	False	112	0	112	4.727387818712341
TCGA-D6-6516	head & neck squamous cell carcinoma	True	2606	4	2602	7.864419904994565
TCGA-HD-7754	head & neck squamous cell carcinoma	False	81	0	81	4.406719247264253
TCGA-QK-A6IG	head & neck squamous cell carcinoma	False	157	0	157	5.062595033026967
TCGA-QK-AA3J	head & neck squamous cell carcinoma	False	163	0	163	5.099866427824199
TCGA-WA-A7H4	head & neck squamous cell carcinoma	True	86	1	85	4.454347296253507
TCGA-BB-4217	head & neck squamous cell carcinoma	False	41	0	41	3.7376696182833684
TCGA-CN-4726	head & neck squamous cell carcinoma	False	91	0	91	4.5217885770490405
TCGA-CN-5360	head & neck squamous cell carcinoma	False	661	0	661	6.495265555937008
TCGA-CR-6473	head & neck squamous cell carcinoma	False	119	0	119	4.787491742782046
TCGA-CR-7402	head & neck squamous cell carcinoma	True	1233	1	1232	7.117205503164344
TCGA-CV-5432	head & neck squamous cell carcinoma	False	353	0	353	5.869296913133774
TCGA-CV-6936	head & neck squamous cell carcinoma	True	352	1	351	5.863631175598097
TCGA-CV-A6JZ	head & neck squamous cell carcinoma	False	136	0	136	4.919980925828125
TCGA-MZ-A6I9	head & neck squamous cell carcinoma	False	53	0	53	3.9889840465642745
TCGA-QK-A8ZB	head & neck squamous cell carcinoma	False	129	0	129	4.867534450455582
TCGA-UF-A7JJ	head & neck squamous cell carcinoma	True	98	1	97	4.584967478670572
TCGA-BB-7862	head & neck squamous cell carcinoma	False	0	0	0	0.0
TCGA-CN-4723	head & neck squamous cell carcinoma	True	1113	2	1111	7.013915474810528
TCGA-CN-6994	head & neck squamous cell carcinoma	False	152	0	152	5.030437921392435
TCGA-CN-A49C	head & neck squamous cell carcinoma	False	76	0	76	4.343805421853684
TCGA-CQ-5326	head & neck squamous cell carcinoma	False	287	0	287	5.662960480135946
TCGA-CR-7390	head & neck squamous cell carcinoma	True	185	1	184	5.220355825078324
TCGA-CV-6935	head & neck squamous cell carcinoma	False	275	0	275	5.62040086571715
TCGA-CV-6956	head & neck squamous cell carcinoma	False	246	0	246	5.5093883366279774
TCGA-CV-7235	head & neck squamous cell carcinoma	True	167	2	165	5.111987788356544
TCGA-CV-7424	head & neck squamous cell carcinoma	False	241	0	241	5.488937726156687
TCGA-D6-A6EK	head & neck squamous cell carcinoma	False	220	0	220	5.3981627015177525
TCGA-D6-A74Q	head & neck squamous cell carcinoma	False	560	0	560	6.329720905522696
TCGA-P3-A6SX	head & neck squamous cell carcinoma	False	224	0	224	5.41610040220442
TCGA-UF-A71A	head & neck squamous cell carcinoma	False	264	0	264	5.579729825986222
TCGA-4P-AA8J	head & neck squamous cell carcinoma	False	167	0	167	5.123963979403259
TCGA-BB-4227	head & neck squamous cell carcinoma	False	341	0	341	5.834810737062605
TCGA-CN-6012	head & neck squamous cell carcinoma	False	149	0	149	5.0106352940962555
TCGA-CN-6024	head & neck squamous cell carcinoma	False	214	0	214	5.3706380281276624
TCGA-CN-6997	head & neck squamous cell carcinoma	False	176	0	176	5.176149732573829
TCGA-CR-7364	head & neck squamous cell carcinoma	False	582	0	582	6.368187186350492
TCGA-CR-7373	head & neck squamous cell carcinoma	False	148	0	148	5.003946305945459
TCGA-CV-5977	head & neck squamous cell carcinoma	True	112	1	111	4.718498871295094
TCGA-CV-7100	head & neck squamous cell carcinoma	False	25	0	25	3.258096538021482
TCGA-CV-7446	head & neck squamous cell carcinoma	False	182	0	182	5.209486152841421
TCGA-DQ-7588	head & neck squamous cell carcinoma	False	134	0	134	4.90527477843843
TCGA-F7-A50G	head & neck squamous cell carcinoma	False	130	0	130	4.875197323201151
TCGA-QK-A6VB	head & neck squamous cell carcinoma	True	618	2	616	6.424869023905388
TCGA-BA-5558	head & neck squamous cell carcinoma	False	209	0	209	5.3471075307174685
TCGA-BB-A5HZ	head & neck squamous cell carcinoma	False	99	0	99	4.605170185988092
TCGA-CQ-5325	head & neck squamous cell carcinoma	True	69	1	68	4.23410650459726
TCGA-CQ-6225	head & neck squamous cell carcinoma	False	188	0	188	5.241747015059643
TCGA-CV-5436	head & neck squamous cell carcinoma	False	128	0	128	4.859812404361672
TCGA-CV-6962	head & neck squamous cell carcinoma	False	187	0	187	5.236441962829949
TCGA-CV-7423	head & neck squamous cell carcinoma	False	105	0	105	4.663439094112067
TCGA-CV-A461	head & neck squamous cell carcinoma	False	771	0	771	6.648984550024776
TCGA-CV-A6JT	head & neck squamous cell carcinoma	False	65	0	65	4.189654742026425
TCGA-CV-A6K1	head & neck squamous cell carcinoma	False	663	0	663	6.498282149476434
TCGA-H7-A6C5	head & neck squamous cell carcinoma	False	136	0	136	4.919980925828125
TCGA-HL-7533	head & neck squamous cell carcinoma	False	0	0	0	0.0
TCGA-BB-A5HY	head & neck squamous cell carcinoma	False	279	0	279	5.634789603169249
TCGA-CN-5355	head & neck squamous cell carcinoma	False	136	0	136	4.919980925828125
TCGA-CN-6016	head & neck squamous cell carcinoma	False	155	0	155	5.049856007249537
TCGA-CN-6989	head & neck squamous cell carcinoma	False	130	0	130	4.875197323201151
TCGA-CR-7401	head & neck squamous cell carcinoma	False	115	0	115	4.7535901911063645
TCGA-CV-5444	head & neck squamous cell carcinoma	False	182	0	182	5.209486152841421
TCGA-CV-6950	head & neck squamous cell carcinoma	False	77	0	77	4.356708826689592
TCGA-CV-7250	head & neck squamous cell carcinoma	True	268	1	267	5.5909869805108565
TCGA-CV-7263	head & neck squamous cell carcinoma	False	146	0	146	4.990432586778736
TCGA-CV-7434	head & neck squamous cell carcinoma	False	123	0	123	4.820281565605037
TCGA-DQ-5629	head & neck squamous cell carcinoma	False	423	0	423	6.049733455231958
TCGA-BB-7872	head & neck squamous cell carcinoma	False	0	0	0	0.0
TCGA-CN-A497	head & neck squamous cell carcinoma	False	453	0	453	6.118097198041348
TCGA-CQ-6222	head & neck squamous cell carcinoma	False	66	0	66	4.204692619390966
TCGA-CQ-A4C6	head & neck squamous cell carcinoma	False	141	0	141	4.955827057601261
TCGA-CV-5443	head & neck squamous cell carcinoma	False	76	0	76	4.343805421853684
TCGA-HD-8224	head & neck squamous cell carcinoma	False	97	0	97	4.584967478670572
TCGA-IQ-A61I	head & neck squamous cell carcinoma	False	185	0	185	5.225746673713202
TCGA-UF-A71E	head & neck squamous cell carcinoma	False	223	0	223	5.4116460518550396
TCGA-BA-6869	head & neck squamous cell carcinoma	False	620	0	620	6.431331081933479
TCGA-BA-A6DI	head & neck squamous cell carcinoma	True	127	1	126	4.844187086458591
TCGA-BA-A6DJ	head & neck squamous cell carcinoma	False	347	0	347	5.8522024797744745
TCGA-CN-4730	head & neck squamous cell carcinoma	False	213	0	213	5.365976015021851
TCGA-CR-6482	head & neck squamous cell carcinoma	False	52	0	52	3.970291913552122
TCGA-CV-5439	head & neck squamous cell carcinoma	True	150	1	149	5.0106352940962555
TCGA-CV-6436	head & neck squamous cell carcinoma	False	101	0	101	4.624972813284271
TCGA-CV-7245	head & neck squamous cell carcinoma	True	643	1	642	6.466144724237619
TCGA-CV-7418	head & neck squamous cell carcinoma	False	207	0	207	5.337538079701318
TCGA-D6-8568	head & neck squamous cell carcinoma	False	137	0	137	4.927253685157205
TCGA-D6-A6EP	head & neck squamous cell carcinoma	True	159	1	158	5.0689042022202315
TCGA-DQ-7591	head & neck squamous cell carcinoma	False	49	0	49	3.912023005428146
TCGA-F7-A61S	head & neck squamous cell carcinoma	False	141	0	141	4.955827057601261
TCGA-HD-7753	head & neck squamous cell carcinoma	False	127	0	127	4.852030263919617
TCGA-HD-7917	head & neck squamous cell carcinoma	False	0	0	0	0.0
TCGA-UF-A718	head & neck squamous cell carcinoma	False	80	0	80	4.394449154672439
TCGA-BA-7269	head & neck squamous cell carcinoma	False	114	0	114	4.74493212836325
TCGA-BB-7864	head & neck squamous cell carcinoma	False	0	0	0	0.0
TCGA-CN-4733	head & neck squamous cell carcinoma	False	33	0	33	3.5263605246161616
TCGA-CN-6019	head & neck squamous cell carcinoma	False	166	0	166	5.117993812416755
TCGA-CN-6992	head & neck squamous cell carcinoma	False	443	0	443	6.095824562432225
TCGA-CN-A6V3	head & neck squamous cell carcinoma	False	302	0	302	5.713732805509369
TCGA-CQ-6229	head & neck squamous cell carcinoma	False	37	0	37	3.6375861597263857
TCGA-CV-5430	head & neck squamous cell carcinoma	False	190	0	190	5.25227342804663
TCGA-CV-6961	head & neck squamous cell carcinoma	False	750	0	750	6.621405651764134
TCGA-CV-7410	head & neck squamous cell carcinoma	False	52	0	52	3.970291913552122
TCGA-CV-A45Y	head & neck squamous cell carcinoma	False	91	0	91	4.5217885770490405
TCGA-D6-6824	head & neck squamous cell carcinoma	False	60	0	60	4.110873864173311
TCGA-D6-A4ZB	head & neck squamous cell carcinoma	False	228	0	228	5.43372200355424
TCGA-QK-A6IF	head & neck squamous cell carcinoma	True	38	1	37	3.6375861597263857
TCGA-CN-4725	head & neck squamous cell carcinoma	False	71	0	71	4.276666119016055
TCGA-CN-5358	head & neck squamous cell carcinoma	False	50	0	50	3.9318256327243257
TCGA-CN-A49A	head & neck squamous cell carcinoma	False	159	0	159	5.075173815233827
TCGA-CN-A63T	head & neck squamous cell carcinoma	False	341	0	341	5.834810737062605
TCGA-CR-6491	head & neck squamous cell carcinoma	False	175	0	175	5.170483995038151
TCGA-CR-7365	head & neck squamous cell carcinoma	True	222	1	221	5.402677381872279
TCGA-CV-5434	head & neck squamous cell carcinoma	False	174	0	174	5.1647859739235145
TCGA-CV-5971	head & neck squamous cell carcinoma	False	30	0	30	3.4339872044851463
TCGA-CV-6441	head & neck squamous cell carcinoma	False	308	0	308	5.733341276897746
TCGA-CV-6939	head & neck squamous cell carcinoma	False	49	0	49	3.912023005428146
TCGA-CV-7415	head & neck squamous cell carcinoma	True	101	1	100	4.61512051684126
TCGA-HD-7229	head & neck squamous cell carcinoma	True	196	1	195	5.278114659230517
TCGA-QK-A652	head & neck squamous cell carcinoma	False	58	0	58	4.07753744390572
TCGA-QK-A8ZA	head & neck squamous cell carcinoma	False	157	0	157	5.062595033026967
TCGA-QK-AA3K	head & neck squamous cell carcinoma	False	127	0	127	4.852030263919617
TCGA-BA-A4IF	head & neck squamous cell carcinoma	False	119	0	119	4.787491742782046
TCGA-BA-A6D8	head & neck squamous cell carcinoma	True	154	1	153	5.0369526024136295
TCGA-BA-A6DL	head & neck squamous cell carcinoma	False	115	0	115	4.7535901911063645
TCGA-CN-5359	head & neck squamous cell carcinoma	False	193	0	193	5.267858159063328
TCGA-CN-A63V	head & neck squamous cell carcinoma	False	102	0	102	4.634728988229636
TCGA-CN-A6V1	head & neck squamous cell carcinoma	False	370	0	370	5.916202062607435
TCGA-CN-A6V6	head & neck squamous cell carcinoma	False	100	0	100	4.61512051684126
TCGA-CQ-5324	head & neck squamous cell carcinoma	False	82	0	82	4.418840607796598
TCGA-CQ-A4CB	head & neck squamous cell carcinoma	False	114	0	114	4.74493212836325
TCGA-CR-6467	head & neck squamous cell carcinoma	False	59	0	59	4.0943445622221
TCGA-CR-6472	head & neck squamous cell carcinoma	True	602	2	600	6.398594934535208
TCGA-CR-7369	head & neck squamous cell carcinoma	False	93	0	93	4.543294782270004
TCGA-CV-5970	head & neck squamous cell carcinoma	False	252	0	252	5.53338948872752
TCGA-CV-6954	head & neck squamous cell carcinoma	False	170	0	170	5.14166355650266
TCGA-CV-A45U	head & neck squamous cell carcinoma	False	278	0	278	5.631211781821365
TCGA-D6-6517	head & neck squamous cell carcinoma	True	97	1	96	4.574710978503383
TCGA-D6-A4Z9	head & neck squamous cell carcinoma	False	119	0	119	4.787491742782046
TCGA-QK-A8Z7	head & neck squamous cell carcinoma	False	180	0	180	5.198497031265826
TCGA-TN-A7HL	head & neck squamous cell carcinoma	False	835	0	835	6.728628613084702
TCGA-UF-A7JH	head & neck squamous cell carcinoma	False	101	0	101	4.624972813284271
TCGA-UF-A7JK	head & neck squamous cell carcinoma	False	143	0	143	4.969813299576001
TCGA-UF-A7JS	head & neck squamous cell carcinoma	False	89	0	89	4.499809670330265
TCGA-BB-7870	head & neck squamous cell carcinoma	False	373	0	373	5.924255797414532
TCGA-CN-6020	head & neck squamous cell carcinoma	False	193	0	193	5.267858159063328
TCGA-CQ-A4CH	head & neck squamous cell carcinoma	False	32	0	32	3.4965075614664802
TCGA-CR-6471	head & neck squamous cell carcinoma	False	167	0	167	5.123963979403259
TCGA-CR-7377	head & neck squamous cell carcinoma	False	153	0	153	5.0369526024136295
TCGA-CR-7380	head & neck squamous cell carcinoma	False	114	0	114	4.74493212836325
TCGA-CV-5441	head & neck squamous cell carcinoma	False	506	0	506	6.2285110035911835
TCGA-CV-7253	head & neck squamous cell carcinoma	False	230	0	230	5.442417710521793
TCGA-CV-A6K0	head & neck squamous cell carcinoma	False	23	0	23	3.1780538303479458
TCGA-DQ-7593	head & neck squamous cell carcinoma	False	34	0	34	3.5553480614894135
TCGA-F7-8298	head & neck squamous cell carcinoma	False	123	0	123	4.820281565605037
TCGA-HD-8314	head & neck squamous cell carcinoma	False	93	0	93	4.543294782270004
TCGA-RS-A6TP	head & neck squamous cell carcinoma	False	171	0	171	5.147494476813453
TCGA-UP-A6WW	head & neck squamous cell carcinoma	False	51	0	51	3.9512437185814275
TCGA-WA-A7GZ	head & neck squamous cell carcinoma	False	271	0	271	5.605802066295998
TCGA-BA-A4IH	head & neck squamous cell carcinoma	False	58	0	58	4.07753744390572
TCGA-CN-6011	head & neck squamous cell carcinoma	False	466	0	466	6.1463292576688975
TCGA-CN-A642	head & neck squamous cell carcinoma	False	97	0	97	4.584967478670572
TCGA-CN-A6UY	head & neck squamous cell carcinoma	False	50	0	50	3.9318256327243257
TCGA-CV-5435	head & neck squamous cell carcinoma	False	149	0	149	5.0106352940962555
TCGA-CV-6433	head & neck squamous cell carcinoma	False	64	0	64	4.174387269895637
TCGA-CV-6951	head & neck squamous cell carcinoma	False	167	0	167	5.123963979403259
TCGA-CV-7261	head & neck squamous cell carcinoma	False	144	0	144	4.976733742420574
TCGA-CV-A45O	head & neck squamous cell carcinoma	False	186	0	186	5.231108616854587
TCGA-D6-A6EQ	head & neck squamous cell carcinoma	False	117	0	117	4.770684624465665
TCGA-DQ-7592	head & neck squamous cell carcinoma	False	104	0	104	4.653960350157523
TCGA-H7-A76A	head & neck squamous cell carcinoma	False	103	0	103	4.6443908991413725
TCGA-IQ-A61G	head & neck squamous cell carcinoma	False	172	0	172	5.153291594497779
TCGA-BA-5152	head & neck squamous cell carcinoma	False	651	0	651	6.480044561926653
TCGA-BB-7861	head & neck squamous cell carcinoma	False	0	0	0	0.0
TCGA-CN-4727	head & neck squamous cell carcinoma	False	548	0	548	6.3080984415095305
TCGA-CN-4728	head & neck squamous cell carcinoma	True	163	3	160	5.081404364984463
TCGA-CN-5356	head & neck squamous cell carcinoma	False	458	0	458	6.129050210060545
TCGA-CN-6013	head & neck squamous cell carcinoma	False	238	0	238	5.476463551931511
TCGA-CQ-A4C9	head & neck squamous cell carcinoma	False	118	0	118	4.77912349311153
TCGA-CV-7430	head & neck squamous cell carcinoma	False	144	0	144	4.976733742420574
TCGA-CX-A4AQ	head & neck squamous cell carcinoma	True	134	1	133	4.897839799950911
TCGA-HD-A634	head & neck squamous cell carcinoma	False	61	0	61	4.127134385045092
TCGA-HD-A6I0	head & neck squamous cell carcinoma	False	100	0	100	4.61512051684126
TCGA-QK-A6V9	head & neck squamous cell carcinoma	False	98	0	98	4.59511985013459
TCGA-QK-A8Z9	head & neck squamous cell carcinoma	False	169	0	169	5.135798437050262
TCGA-TN-A7HI	head & neck squamous cell carcinoma	False	75	0	75	4.330733340286331
TCGA-CN-5364	head & neck squamous cell carcinoma	False	172	0	172	5.153291594497779
TCGA-CN-6017	head & neck squamous cell carcinoma	False	4	0	4	1.6094379124341003
TCGA-CR-7389	head & neck squamous cell carcinoma	False	125	0	125	4.836281906951478
TCGA-CV-7247	head & neck squamous cell carcinoma	False	85	0	85	4.454347296253507
TCGA-CV-7254	head & neck squamous cell carcinoma	False	323	0	323	5.780743515792329
TCGA-CV-7429	head & neck squamous cell carcinoma	False	68	0	68	4.23410650459726
TCGA-IQ-A6SH	head & neck squamous cell carcinoma	False	109	0	109	4.700480365792417
TCGA-MT-A67D	head & neck squamous cell carcinoma	False	133	0	133	4.897839799950911
TCGA-P3-A6T7	head & neck squamous cell carcinoma	False	185	0	185	5.225746673713202
TCGA-BA-5555	head & neck squamous cell carcinoma	False	171	0	171	5.147494476813453
TCGA-CR-7368	head & neck squamous cell carcinoma	False	270	0	270	5.602118820879701
TCGA-CV-7091	head & neck squamous cell carcinoma	False	161	0	161	5.087596335232384
TCGA-F7-A61V	head & neck squamous cell carcinoma	False	130	0	130	4.875197323201151
TCGA-H7-8501	head & neck squamous cell carcinoma	False	194	0	194	5.272999558563747
TCGA-IQ-A61J	head & neck squamous cell carcinoma	False	53	0	53	3.9889840465642745
TCGA-P3-A5Q5	head & neck squamous cell carcinoma	True	356	1	355	5.87493073085203
TCGA-P3-A6T4	head & neck squamous cell carcinoma	False	192	0	192	5.262690188904886
TCGA-P3-A6T8	head & neck squamous cell carcinoma	False	113	0	113	4.736198448394496
TCGA-UF-A719	head & neck squamous cell carcinoma	False	150	0	150	5.017279836814924
TCGA-BA-6868	head & neck squamous cell carcinoma	False	196	0	196	5.2832037287379885
TCGA-CN-4738	head & neck squamous cell carcinoma	False	130	0	130	4.875197323201151
TCGA-CN-6010	head & neck squamous cell carcinoma	False	172	0	172	5.153291594497779
TCGA-CN-6998	head & neck squamous cell carcinoma	False	114	0	114	4.74493212836325
TCGA-CR-5248	head & neck squamous cell carcinoma	True	421	1	420	6.042632833682381
TCGA-CR-6480	head & neck squamous cell carcinoma	False	139	0	139	4.941642422609304
TCGA-CR-7404	head & neck squamous cell carcinoma	True	160	2	158	5.0689042022202315
TCGA-CV-6933	head & neck squamous cell carcinoma	False	146	0	146	4.990432586778736
TCGA-CV-7097	head & neck squamous cell carcinoma	False	110	0	110	4.709530201312334
TCGA-CV-7183	head & neck squamous cell carcinoma	False	78	0	78	4.3694478524670215
TCGA-CV-A6JN	head & neck squamous cell carcinoma	False	101	0	101	4.624972813284271
TCGA-CX-7086	head & neck squamous cell carcinoma	False	302	0	302	5.713732805509369
TCGA-DQ-7595	head & neck squamous cell carcinoma	False	0	0	0	0.0
TCGA-MZ-A5BI	head & neck squamous cell carcinoma	False	50	0	50	3.9318256327243257
TCGA-P3-A6T6	head & neck squamous cell carcinoma	False	162	0	162	5.093750200806762
TCGA-T2-A6WZ	head & neck squamous cell carcinoma	False	133	0	133	4.897839799950911
TCGA-BB-4224	head & neck squamous cell carcinoma	False	104	0	104	4.653960350157523
TCGA-BB-A6UM	head & neck squamous cell carcinoma	False	89	0	89	4.499809670330265
TCGA-CN-4735	head & neck squamous cell carcinoma	False	186	0	186	5.231108616854587
TCGA-CQ-6224	head & neck squamous cell carcinoma	False	84	0	84	4.442651256490317
TCGA-CR-7367	head & neck squamous cell carcinoma	False	207	0	207	5.337538079701318
TCGA-CV-5440	head & neck squamous cell carcinoma	False	161	0	161	5.087596335232384
TCGA-D6-8569	head & neck squamous cell carcinoma	False	166	0	166	5.117993812416755
TCGA-DQ-5631	head & neck squamous cell carcinoma	False	119	0	119	4.787491742782046
TCGA-HD-7832	head & neck squamous cell carcinoma	False	128	0	128	4.859812404361672
TCGA-QK-A6II	head & neck squamous cell carcinoma	False	227	0	227	5.429345628954441
TCGA-T3-A92M	head & neck squamous cell carcinoma	False	454	0	454	6.12029741895095
TCGA-BA-5153	head & neck squamous cell carcinoma	False	51	0	51	3.9512437185814275
TCGA-CN-5366	head & neck squamous cell carcinoma	False	129	0	129	4.867534450455582
TCGA-CQ-7072	head & neck squamous cell carcinoma	False	150	0	150	5.017279836814924
TCGA-CR-5243	head & neck squamous cell carcinoma	True	78	1	77	4.356708826689592
TCGA-CR-6474	head & neck squamous cell carcinoma	False	130	0	130	4.875197323201151
TCGA-CV-6941	head & neck squamous cell carcinoma	False	188	0	188	5.241747015059643
TCGA-DQ-7590	head & neck squamous cell carcinoma	False	0	0	0	0.0
TCGA-F7-A61W	head & neck squamous cell carcinoma	False	90	0	90	4.51085950651685
TCGA-MZ-A7D7	head & neck squamous cell carcinoma	False	208	0	208	5.342334251964811
TCGA-TN-A7HJ	head & neck squamous cell carcinoma	False	151	0	151	5.0238805208462765
TCGA-BA-A8YP	head & neck squamous cell carcinoma	False	201	0	201	5.308267697401205
TCGA-BB-4228	head & neck squamous cell carcinoma	False	57	0	57	4.060443010546419
TCGA-CN-A63U	head & neck squamous cell carcinoma	False	698	0	698	6.54965074223381
TCGA-CR-6487	head & neck squamous cell carcinoma	False	162	0	162	5.093750200806762
TCGA-CV-5976	head & neck squamous cell carcinoma	False	99	0	99	4.605170185988092
TCGA-CV-7243	head & neck squamous cell carcinoma	False	88	0	88	4.48863636973214
TCGA-D6-6823	head & neck squamous cell carcinoma	False	131	0	131	4.882801922586371
TCGA-D6-A6ES	head & neck squamous cell carcinoma	False	257	0	257	5.552959584921617
TCGA-H7-8502	head & neck squamous cell carcinoma	False	0	0	0	0.0
TCGA-P3-A6SW	head & neck squamous cell carcinoma	False	115	0	115	4.7535901911063645
TCGA-UF-A71B	head & neck squamous cell carcinoma	False	191	0	191	5.2574953720277815
TCGA-BA-4075	head & neck squamous cell carcinoma	False	215	0	215	5.375278407684165
TCGA-BA-A6DG	head & neck squamous cell carcinoma	False	38	0	38	3.6635616461296463
TCGA-CN-6022	head & neck squamous cell carcinoma	False	94	0	94	4.553876891600541
TCGA-CR-7382	head & neck squamous cell carcinoma	False	103	0	103	4.6443908991413725
TCGA-CV-6960	head & neck squamous cell carcinoma	False	228	0	228	5.43372200355424
TCGA-CV-7103	head & neck squamous cell carcinoma	False	58	0	58	4.07753744390572
TCGA-CV-7406	head & neck squamous cell carcinoma	True	255	1	254	5.541263545158426
TCGA-CV-7433	head & neck squamous cell carcinoma	False	153	0	153	5.0369526024136295
TCGA-IQ-7630	head & neck squamous cell carcinoma	False	168	0	168	5.1298987149230735
TCGA-P3-A5Q6	head & neck squamous cell carcinoma	False	168	0	168	5.1298987149230735
TCGA-P3-A5QE	head & neck squamous cell carcinoma	False	51	0	51	3.9512437185814275
TCGA-P3-A5QF	head & neck squamous cell carcinoma	True	533	1	532	6.278521424165844
TCGA-P3-A6T3	head & neck squamous cell carcinoma	False	139	0	139	4.941642422609304
TCGA-T2-A6X0	head & neck squamous cell carcinoma	False	78	0	78	4.3694478524670215
TCGA-BB-4223	head & neck squamous cell carcinoma	True	278	1	277	5.627621113690637
TCGA-CN-5363	head & neck squamous cell carcinoma	False	245	0	245	5.5053315359323625
TCGA-CR-5247	head & neck squamous cell carcinoma	False	94	0	94	4.553876891600541
TCGA-CV-6959	head & neck squamous cell carcinoma	False	80	0	80	4.394449154672439
TCGA-CV-A464	head & neck squamous cell carcinoma	False	38	0	38	3.6635616461296463
TCGA-DQ-7596	head & neck squamous cell carcinoma	False	39	0	39	3.6888794541139363
TCGA-F7-8489	head & neck squamous cell carcinoma	False	180	0	180	5.198497031265826
TCGA-BA-5149	head & neck squamous cell carcinoma	False	149	0	149	5.0106352940962555
TCGA-BA-6872	head & neck squamous cell carcinoma	False	213	0	213	5.365976015021851
TCGA-BB-A5HU	head & neck squamous cell carcinoma	False	248	0	248	5.517452896464707
TCGA-CN-6988	head & neck squamous cell carcinoma	True	198	1	197	5.288267030694535
TCGA-CN-A641	head & neck squamous cell carcinoma	False	271	0	271	5.605802066295998
TCGA-CR-6481	head & neck squamous cell carcinoma	False	627	0	627	6.4425401664681985
TCGA-CV-7428	head & neck squamous cell carcinoma	False	0	0	0	0.0
TCGA-CV-A45X	head & neck squamous cell carcinoma	False	147	0	147	4.997212273764115
TCGA-CX-7219	head & neck squamous cell carcinoma	False	149	0	149	5.0106352940962555
TCGA-DQ-7594	head & neck squamous cell carcinoma	False	0	0	0	0.0
TCGA-F7-7848	head & neck squamous cell carcinoma	True	427	1	426	6.056784013228625
TCGA-F7-A620	head & neck squamous cell carcinoma	False	83	0	83	4.430816798843313
TCGA-BA-A4II	head & neck squamous cell carcinoma	False	133	0	133	4.897839799950911
TCGA-CN-A63Y	head & neck squamous cell carcinoma	False	215	0	215	5.375278407684165
TCGA-CV-A45R	head & neck squamous cell carcinoma	False	112	0	112	4.727387818712341
TCGA-CR-7372	head & neck squamous cell carcinoma	False	58	0	58	4.07753744390572
TCGA-P3-A6T2	head & neck squamous cell carcinoma	False	85	0	85	4.454347296253507
TCGA-BA-A6DD	head & neck squamous cell carcinoma	False	72	0	72	4.290459441148391
TCGA-CR-7397	head & neck squamous cell carcinoma	False	52	0	52	3.970291913552122
TCGA-D6-A6EO	head & neck squamous cell carcinoma	False	109	0	109	4.700480365792417
TCGA-CV-7409	head & neck squamous cell carcinoma	False	0	0	0	0.0
TCGA-IQ-A61O	head & neck squamous cell carcinoma	False	54	0	54	4.007333185232471
TCGA-CR-7385	head & neck squamous cell carcinoma	False	53	0	53	3.9889840465642745
TCGA-CV-A468	head & neck squamous cell carcinoma	True	534	1	533	6.280395838960195
TCGA-UF-A7JC	head & neck squamous cell carcinoma	False	70	0	70	4.2626798770413155
TCGA-CV-6945	head & neck squamous cell carcinoma	False	178	0	178	5.187385805840755
TCGA-KU-A6H8	head & neck squamous cell carcinoma	False	28	0	28	3.367295829986474
TCGA-P3-A5QA	head & neck squamous cell carcinoma	False	88	0	88	4.48863636973214
TCGA-BB-7866	head & neck squamous cell carcinoma	False	0	0	0	0.0
TCGA-CN-A6V7	head & neck squamous cell carcinoma	False	64	0	64	4.174387269895637
TCGA-CQ-7065	head & neck squamous cell carcinoma	False	47	0	47	3.871201010907891
TCGA-BA-4076	head & neck squamous cell carcinoma	True	432	2	430	6.066108090103747
TCGA-CV-7090	head & neck squamous cell carcinoma	False	60	0	60	4.110873864173311
TCGA-CN-5365	head & neck squamous cell carcinoma	False	101	0	101	4.624972813284271
TCGA-CR-6470	head & neck squamous cell carcinoma	False	46	0	46	3.8501476017100584
TCGA-CV-7440	head & neck squamous cell carcinoma	False	261	0	261	5.568344503761097
TCGA-CV-7180	head & neck squamous cell carcinoma	False	71	0	71	4.276666119016055
TCGA-MT-A51X	head & neck squamous cell carcinoma	False	73	0	73	4.30406509320417
TCGA-BA-6873	head & neck squamous cell carcinoma	True	82	1	81	4.406719247264253
TCGA-CR-7393	head & neck squamous cell carcinoma	False	0	0	0	0.0
TCGA-CV-5979	head & neck squamous cell carcinoma	False	42	0	42	3.7612001156935624
TCGA-CV-A465	head & neck squamous cell carcinoma	True	43	1	42	3.7612001156935624
TCGA-CN-4737	head & neck squamous cell carcinoma	False	59	0	59	4.0943445622221
TCGA-CQ-A4CA	head & neck squamous cell carcinoma	False	0	0	0	0.0
TCGA-CN-5369	head & neck squamous cell carcinoma	False	590	0	590	6.3818160174060985
TCGA-CV-7095	head & neck squamous cell carcinoma	False	301	0	301	5.71042701737487
TCGA-CV-7438	head & neck squamous cell carcinoma	False	132	0	132	4.890349128221754
TCGA-CV-A45V	head & neck squamous cell carcinoma	False	144	0	144	4.976733742420574
TCGA-CN-6018	head & neck squamous cell carcinoma	False	141	0	141	4.955827057601261
TCGA-CV-7099	head & neck squamous cell carcinoma	True	371	1	370	5.916202062607435
TCGA-MT-A67A	head & neck squamous cell carcinoma	False	142	0	142	4.962844630259907
TCGA-CQ-7064	head & neck squamous cell carcinoma	False	139	0	139	4.941642422609304
TCGA-CV-7177	head & neck squamous cell carcinoma	False	133	0	133	4.897839799950911
TCGA-CV-A45P	head & neck squamous cell carcinoma	False	215	0	215	5.375278407684165
TCGA-CV-A463	head & neck squamous cell carcinoma	True	282	1	281	5.641907070938114
TCGA-CV-A6JD	head & neck squamous cell carcinoma	False	111	0	111	4.718498871295094
TCGA-D6-6515	head & neck squamous cell carcinoma	False	60	0	60	4.110873864173311
TCGA-RS-A6TO	head & neck squamous cell carcinoma	False	217	0	217	5.384495062789089
TCGA-BA-A6DF	head & neck squamous cell carcinoma	True	195	1	194	5.272999558563747
TCGA-CQ-7068	head & neck squamous cell carcinoma	False	143	0	143	4.969813299576001
TCGA-CR-7395	head & neck squamous cell carcinoma	False	199	0	199	5.298317366548036
TCGA-CV-6940	head & neck squamous cell carcinoma	False	170	0	170	5.14166355650266
TCGA-CV-6953	head & neck squamous cell carcinoma	True	136	1	135	4.912654885736052
TCGA-CN-4740	head & neck squamous cell carcinoma	False	184	0	184	5.220355825078324
TCGA-CR-7383	head & neck squamous cell carcinoma	False	159	0	159	5.075173815233827
TCGA-CV-6948	head & neck squamous cell carcinoma	False	256	0	256	5.54907608489522
TCGA-HD-A6HZ	head & neck squamous cell carcinoma	False	110	0	110	4.709530201312334
TCGA-P3-A6T5	head & neck squamous cell carcinoma	True	305	1	304	5.720311776607412
TCGA-QK-A64Z	head & neck squamous cell carcinoma	True	109	1	108	4.6913478822291435
TCGA-UF-A7JO	head & neck squamous cell carcinoma	False	222	0	222	5.407171771460119
TCGA-CQ-A4CG	head & neck squamous cell carcinoma	False	100	0	100	4.61512051684126
TCGA-CR-7379	head & neck squamous cell carcinoma	False	178	0	178	5.187385805840755
TCGA-CQ-7069	head & neck squamous cell carcinoma	False	115	0	115	4.7535901911063645
TCGA-CV-7236	head & neck squamous cell carcinoma	False	64	0	64	4.174387269895637
TCGA-CV-7425	head & neck squamous cell carcinoma	False	150	0	150	5.017279836814924
TCGA-CX-7085	head & neck squamous cell carcinoma	False	154	0	154	5.043425116919247
TCGA-CQ-7071	head & neck squamous cell carcinoma	True	572	1	571	6.349138991379798
TCGA-CQ-A4CE	head & neck squamous cell carcinoma	False	90	0	90	4.51085950651685
TCGA-CV-5442	head & neck squamous cell carcinoma	False	328	0	328	5.796057750765372
TCGA-CV-7102	head & neck squamous cell carcinoma	False	186	0	186	5.231108616854587
TCGA-CQ-7067	head & neck squamous cell carcinoma	False	0	0	0	0.0
TCGA-H7-7774	head & neck squamous cell carcinoma	True	184	1	183	5.214935757608986
TCGA-CV-6955	head & neck squamous cell carcinoma	False	143	0	143	4.969813299576001
TCGA-CV-7413	head & neck squamous cell carcinoma	False	95	0	95	4.564348191467836
TCGA-CQ-5331	head & neck squamous cell carcinoma	True	188	1	187	5.236441962829949
TCGA-CV-6942	head & neck squamous cell carcinoma	True	293	1	292	5.680172609017068
TCGA-CV-7427	head & neck squamous cell carcinoma	True	578	2	576	6.3578422665081
TCGA-T2-A6WX	head & neck squamous cell carcinoma	True	249	1	248	5.517452896464707
TCGA-C9-A47Z	head & neck squamous cell carcinoma	False	138	0	138	4.9344739331306915
TCGA-CR-7370	head & neck squamous cell carcinoma	False	705	0	705	6.559615237493242
TCGA-IQ-A61L	head & neck squamous cell carcinoma	False	111	0	111	4.718498871295094
TCGA-UF-A7JT	head & neck squamous cell carcinoma	False	246	0	246	5.5093883366279774
TCGA-CQ-6228	head & neck squamous cell carcinoma	False	133	0	133	4.897839799950911
TCGA-BA-A6DE	head & neck squamous cell carcinoma	False	160	0	160	5.081404364984463
TCGA-CN-4736	head & neck squamous cell carcinoma	False	115	0	115	4.7535901911063645
TCGA-CR-7388	head & neck squamous cell carcinoma	True	860	1	859	6.756932389247553
TCGA-IQ-A61K	head & neck squamous cell carcinoma	False	86	0	86	4.465908118654584
TCGA-BB-8596	head & neck squamous cell carcinoma	False	119	0	119	4.787491742782046
TCGA-CQ-5330	head & neck squamous cell carcinoma	False	79	0	79	4.382026634673881
TCGA-CV-7238	head & neck squamous cell carcinoma	False	71	0	71	4.276666119016055
TCGA-CV-A45Q	head & neck squamous cell carcinoma	False	382	0	382	5.948034989180646
TCGA-KU-A66S	head & neck squamous cell carcinoma	True	654	1	653	6.483107351457199
TCGA-CR-6488	head & neck squamous cell carcinoma	False	48	0	48	3.8918202981106265
TCGA-IQ-7632	head & neck squamous cell carcinoma	False	65	0	65	4.189654742026425
TCGA-CR-6484	head & neck squamous cell carcinoma	False	333	0	333	5.811140992976701
TCGA-CR-7374	head & neck squamous cell carcinoma	False	446	0	446	6.102558594613569
TCGA-CR-7392	head & neck squamous cell carcinoma	False	24	0	24	3.2188758248682006
TCGA-CV-7407	head & neck squamous cell carcinoma	False	155	0	155	5.049856007249537
TCGA-F7-A50J	head & neck squamous cell carcinoma	True	226	1	225	5.420534999272286
TCGA-CR-6478	head & neck squamous cell carcinoma	False	160	0	160	5.081404364984463
TCGA-CV-6934	head & neck squamous cell carcinoma	False	116	0	116	4.762173934797756
TCGA-UF-A7JA	head & neck squamous cell carcinoma	False	265	0	265	5.583496308781699
TCGA-CV-6952	head & neck squamous cell carcinoma	False	220	0	220	5.3981627015177525
TCGA-D6-A6EM	head & neck squamous cell carcinoma	False	120	0	120	4.795790545596741
TCGA-QK-A6IH	head & neck squamous cell carcinoma	True	84	1	83	4.430816798843313
TCGA-BB-7871	head & neck squamous cell carcinoma	False	0	0	0	0.0
TCGA-CV-7178	head & neck squamous cell carcinoma	False	147	0	147	4.997212273764115
TCGA-CV-7411	head & neck squamous cell carcinoma	False	151	0	151	5.0238805208462765
TCGA-CV-A45T	head & neck squamous cell carcinoma	False	17	0	17	2.8903717578961645
TCGA-D6-6826	head & neck squamous cell carcinoma	False	123	0	123	4.820281565605037
TCGA-CN-4731	head & neck squamous cell carcinoma	False	151	0	151	5.0238805208462765
TCGA-CN-6021	head & neck squamous cell carcinoma	False	368	0	368	5.910796644040527
TCGA-CV-5966	head & neck squamous cell carcinoma	False	147	0	147	4.997212273764115
TCGA-CV-7248	head & neck squamous cell carcinoma	False	370	0	370	5.916202062607435
TCGA-CV-5973	head & neck squamous cell carcinoma	False	80	0	80	4.394449154672439
TCGA-CV-7252	head & neck squamous cell carcinoma	False	298	0	298	5.700443573390687
TCGA-QK-A6VC	head & neck squamous cell carcinoma	False	248	0	248	5.517452896464707
TCGA-UF-A7JV	head & neck squamous cell carcinoma	False	101	0	101	4.624972813284271
TCGA-BB-A6UO	head & neck squamous cell carcinoma	True	148	1	147	4.997212273764115
TCGA-CN-4722	head & neck squamous cell carcinoma	False	0	0	0	0.0
TCGA-CN-A498	head & neck squamous cell carcinoma	False	152	0	152	5.030437921392435
TCGA-CQ-5327	head & neck squamous cell carcinoma	True	302	1	301	5.71042701737487
TCGA-CV-7104	head & neck squamous cell carcinoma	False	136	0	136	4.919980925828125
TCGA-CV-A6JU	head & neck squamous cell carcinoma	False	174	0	174	5.1647859739235145
TCGA-HD-8635	head & neck squamous cell carcinoma	False	277	0	277	5.627621113690637
TCGA-IQ-A6SG	head & neck squamous cell carcinoma	False	129	0	129	4.867534450455582
TCGA-BA-6870	head & neck squamous cell carcinoma	False	113	0	113	4.736198448394496
TCGA-CN-5367	head & neck squamous cell carcinoma	False	130	0	130	4.875197323201151
TCGA-CN-A499	head & neck squamous cell carcinoma	False	56	0	56	4.04305126783455
TCGA-CR-7399	head & neck squamous cell carcinoma	False	368	0	368	5.910796644040527
TCGA-CV-7242	head & neck squamous cell carcinoma	False	389	0	389	5.966146739123692
TCGA-CV-7422	head & neck squamous cell carcinoma	False	172	0	172	5.153291594497779
TCGA-IQ-7631	head & neck squamous cell carcinoma	False	41	0	41	3.7376696182833684
TCGA-MT-A67F	head & neck squamous cell carcinoma	True	396	1	395	5.981414211254481
TCGA-QK-A8Z8	head & neck squamous cell carcinoma	False	517	0	517	6.249975242259483
TCGA-CQ-7063	head & neck squamous cell carcinoma	True	174	1	173	5.159055299214529
TCGA-BA-5556	head & neck squamous cell carcinoma	False	180	0	180	5.198497031265826
TCGA-CN-6996	head & neck squamous cell carcinoma	False	69	0	69	4.248495242049359
TCGA-CV-7435	head & neck squamous cell carcinoma	False	106	0	106	4.672828834461906
TCGA-CN-5374	head & neck squamous cell carcinoma	False	216	0	216	5.37989735354046
TCGA-CR-6477	head & neck squamous cell carcinoma	False	107	0	107	4.68213122712422
TCGA-CN-5373	head & neck squamous cell carcinoma	False	201	0	201	5.308267697401205
TCGA-D6-6827	head & neck squamous cell carcinoma	False	16	0	16	2.833213344056216
TCGA-IQ-A61E	head & neck squamous cell carcinoma	False	241	0	241	5.488937726156687
TCGA-KU-A6H7	head & neck squamous cell carcinoma	False	197	0	197	5.288267030694535
TCGA-UF-A71D	head & neck squamous cell carcinoma	False	593	0	593	6.386879319362645
TCGA-CR-7398	head & neck squamous cell carcinoma	True	443	1	442	6.093569770045136
TCGA-CV-5978	head & neck squamous cell carcinoma	False	224	0	224	5.41610040220442
TCGA-KU-A66T	head & neck squamous cell carcinoma	False	139	0	139	4.941642422609304
TCGA-MT-A67G	head & neck squamous cell carcinoma	False	77	0	77	4.356708826689592
TCGA-CQ-6218	head & neck squamous cell carcinoma	False	170	0	170	5.14166355650266
TCGA-DQ-5625	head & neck squamous cell carcinoma	False	250	0	250	5.5254529391317835
TCGA-MT-A51W	head & neck squamous cell carcinoma	False	94	0	94	4.553876891600541
TCGA-HD-8634	head & neck squamous cell carcinoma	True	91	1	90	4.51085950651685
TCGA-CQ-6219	head & neck squamous cell carcinoma	False	92	0	92	4.532599493153256
TCGA-CV-6003	head & neck squamous cell carcinoma	False	127	0	127	4.852030263919617
TCGA-CN-4742	head & neck squamous cell carcinoma	False	95	0	95	4.564348191467836
TCGA-CN-A63W	head & neck squamous cell carcinoma	False	517	0	517	6.249975242259483
TCGA-CV-7568	head & neck squamous cell carcinoma	False	3216	0	3216	8.076204527239026
TCGA-P3-A6T0	head & neck squamous cell carcinoma	False	112	0	112	4.727387818712341
TCGA-CQ-5329	head & neck squamous cell carcinoma	False	37	0	37	3.6375861597263857
TCGA-BA-4077	head & neck squamous cell carcinoma	True	410	1	409	6.016157159698354
TCGA-C9-A480	head & neck squamous cell carcinoma	False	67	0	67	4.219507705176107
TCGA-CR-7371	head & neck squamous cell carcinoma	False	366	0	366	5.905361848054571
TCGA-BB-7863	head & neck squamous cell carcinoma	False	0	0	0	0.0
TCGA-DQ-5624	head & neck squamous cell carcinoma	False	121	0	121	4.804021044733257
TCGA-BA-5557	head & neck squamous cell carcinoma	False	58	0	58	4.07753744390572
TCGA-BA-A6DA	head & neck squamous cell carcinoma	False	907	0	907	6.811244378601294
TCGA-HD-A4C1	head & neck squamous cell carcinoma	False	260	0	260	5.564520407322694
TCGA-CN-A640	head & neck squamous cell carcinoma	False	83	0	83	4.430816798843313
TCGA-CR-7391	head & neck squamous cell carcinoma	False	7	0	7	2.0794415416798357
TCGA-CR-5249	head & neck squamous cell carcinoma	False	45	0	45	3.828641396489095
TCGA-H7-A6C4	head & neck squamous cell carcinoma	False	48	0	48	3.8918202981106265
TCGA-CV-7255	head & neck squamous cell carcinoma	False	141	0	141	4.955827057601261
TCGA-CV-7416	head & neck squamous cell carcinoma	False	98	0	98	4.59511985013459
TCGA-BA-A6DB	head & neck squamous cell carcinoma	False	24	0	24	3.2188758248682006
TCGA-V4-A9EE	uveal melanoma	False	23	0	23	3.1780538303479458
TCGA-VD-AA8N	uveal melanoma	False	10	0	10	2.3978952727983707
TCGA-V4-A9EI	uveal melanoma	True	27	1	26	3.295836866004329
TCGA-VD-AA8O	uveal melanoma	False	19	0	19	2.995732273553991
TCGA-V4-A9E7	uveal melanoma	False	19	0	19	2.995732273553991
TCGA-WC-A888	uveal melanoma	False	17	0	17	2.8903717578961645
TCGA-WC-A881	uveal melanoma	False	15	0	15	2.772588722239781
TCGA-WC-A88A	uveal melanoma	False	17	0	17	2.8903717578961645
TCGA-YZ-A980	uveal melanoma	False	15	0	15	2.772588722239781
TCGA-V4-A9EO	uveal melanoma	False	20	0	20	3.044522437723423
TCGA-WC-A87U	uveal melanoma	False	19	0	19	2.995732273553991
TCGA-VD-A8KD	uveal melanoma	False	26	0	26	3.295836866004329
TCGA-VD-AA8Q	uveal melanoma	False	22	0	22	3.1354942159291497
TCGA-VD-A8KH	uveal melanoma	False	21	0	21	3.091042453358316
TCGA-V4-A9F8	uveal melanoma	False	27	0	27	3.332204510175204
TCGA-VD-A8KF	uveal melanoma	False	9	0	9	2.302585092994046
TCGA-VD-A8KI	uveal melanoma	False	27	0	27	3.332204510175204
TCGA-V4-A9EA	uveal melanoma	False	15	0	15	2.772588722239781
TCGA-VD-A8KM	uveal melanoma	False	19	0	19	2.995732273553991
TCGA-V4-A9EQ	uveal melanoma	False	13	0	13	2.6390573296152584
TCGA-VD-AA8M	uveal melanoma	False	26	0	26	3.295836866004329
TCGA-WC-A87T	uveal melanoma	False	13	0	13	2.6390573296152584
TCGA-WC-A880	uveal melanoma	False	13	0	13	2.6390573296152584
TCGA-V4-A9EL	uveal melanoma	False	9	0	9	2.302585092994046
TCGA-WC-A885	uveal melanoma	False	24	0	24	3.2188758248682006
TCGA-WC-AA9E	uveal melanoma	False	24	0	24	3.2188758248682006
TCGA-V4-A9F0	uveal melanoma	False	12	0	12	2.5649493574615367
TCGA-WC-A87Y	uveal melanoma	False	12	0	12	2.5649493574615367
TCGA-V4-A9ET	uveal melanoma	False	14	0	14	2.70805020110221
TCGA-V3-A9ZX	uveal melanoma	False	11	0	11	2.4849066497880004
TCGA-V4-A9EF	uveal melanoma	False	9	0	9	2.302585092994046
TCGA-V3-A9ZY	uveal melanoma	False	18	0	18	2.9444389791664403
TCGA-VD-A8KK	uveal melanoma	False	17	0	17	2.8903717578961645
TCGA-V4-A9EH	uveal melanoma	False	13	0	13	2.6390573296152584
TCGA-V4-A9EM	uveal melanoma	False	21	0	21	3.091042453358316
TCGA-VD-A8KJ	uveal melanoma	False	13	0	13	2.6390573296152584
TCGA-VD-A8KO	uveal melanoma	False	13	0	13	2.6390573296152584
TCGA-V4-A9E9	uveal melanoma	False	15	0	15	2.772588722239781
TCGA-V4-A9E8	uveal melanoma	False	16	0	16	2.833213344056216
TCGA-V4-A9ED	uveal melanoma	False	14	0	14	2.70805020110221
TCGA-V4-A9F4	uveal melanoma	False	21	0	21	3.091042453358316
TCGA-VD-AA8S	uveal melanoma	False	9	0	9	2.302585092994046
TCGA-VD-A8K7	uveal melanoma	False	7	0	7	2.0794415416798357
TCGA-V4-A9EJ	uveal melanoma	False	29	0	29	3.4011973816621555
TCGA-VD-A8KA	uveal melanoma	False	16	0	16	2.833213344056216
TCGA-V4-A9F5	uveal melanoma	False	11	0	11	2.4849066497880004
TCGA-V4-A9EU	uveal melanoma	False	12	0	12	2.5649493574615367
TCGA-VD-AA8T	uveal melanoma	False	19	0	19	2.995732273553991
TCGA-YZ-A982	uveal melanoma	False	25	0	25	3.258096538021482
TCGA-V4-A9EZ	uveal melanoma	False	27	0	27	3.332204510175204
TCGA-V4-A9F2	uveal melanoma	False	9	0	9	2.302585092994046
TCGA-V4-A9F7	uveal melanoma	False	18	0	18	2.9444389791664403
TCGA-VD-AA8R	uveal melanoma	False	15	0	15	2.772588722239781
TCGA-VD-A8KL	uveal melanoma	False	24	0	24	3.2188758248682006
TCGA-WC-A883	uveal melanoma	False	14	0	14	2.70805020110221
TCGA-V4-A9EC	uveal melanoma	False	24	0	24	3.2188758248682006
TCGA-VD-A8KE	uveal melanoma	False	23	0	23	3.1780538303479458
TCGA-VD-A8K9	uveal melanoma	False	13	0	13	2.6390573296152584
TCGA-WC-AA9A	uveal melanoma	False	14	0	14	2.70805020110221
TCGA-V4-A9EY	uveal melanoma	False	18	0	18	2.9444389791664403
TCGA-VD-A8KB	uveal melanoma	False	23	0	23	3.1780538303479458
TCGA-VD-AA8P	uveal melanoma	False	19	0	19	2.995732273553991
TCGA-VD-A8KN	uveal melanoma	False	14	0	14	2.70805020110221
TCGA-V4-A9EV	uveal melanoma	False	12	0	12	2.5649493574615367
TCGA-WC-A87W	uveal melanoma	False	12	0	12	2.5649493574615367
TCGA-VD-A8K8	uveal melanoma	False	15	0	15	2.772588722239781
TCGA-V4-A9EX	uveal melanoma	False	15	0	15	2.772588722239781
TCGA-V4-A9ES	uveal melanoma	False	12	0	12	2.5649493574615367
TCGA-V4-A9E5	uveal melanoma	False	16	0	16	2.833213344056216
TCGA-YZ-A983	uveal melanoma	False	22	0	22	3.1354942159291497
TCGA-WC-A882	uveal melanoma	False	16	0	16	2.833213344056216
TCGA-YZ-A984	uveal melanoma	False	10	0	10	2.3978952727983707
TCGA-V4-A9F3	uveal melanoma	False	12	0	12	2.5649493574615367
TCGA-RZ-AB0B	uveal melanoma	False	18	0	18	2.9444389791664403
TCGA-VD-A8KG	uveal melanoma	False	21	0	21	3.091042453358316
TCGA-V4-A9F1	uveal melanoma	False	11	0	11	2.4849066497880004
TCGA-V4-A9EW	uveal melanoma	False	14	0	14	2.70805020110221
TCGA-YZ-A985	uveal melanoma	True	571	1	570	6.3473892096560105
TCGA-V4-A9EK	uveal melanoma	False	19	0	19	2.995732273553991
TCGA-WC-A884	uveal melanoma	False	13	0	13	2.6390573296152584
TCGA-L5-A43J	esophageal carcinoma	True	1332	4	1328	7.192182058713246
TCGA-L5-A88T	esophageal carcinoma	False	92	0	92	4.532599493153256
TCGA-L5-A88S	esophageal carcinoma	False	124	0	124	4.8283137373023015
TCGA-L5-A8NU	esophageal carcinoma	False	88	0	88	4.48863636973214
TCGA-L5-A4OR	esophageal carcinoma	False	240	0	240	5.484796933490655
TCGA-KH-A6WC	esophageal carcinoma	False	29	0	29	3.4011973816621555
TCGA-L5-A43C	esophageal carcinoma	False	212	0	212	5.3612921657094255
TCGA-L5-A4OE	esophageal carcinoma	False	458	0	458	6.129050210060545
TCGA-L5-A4OU	esophageal carcinoma	False	291	0	291	5.676753802268282
TCGA-L5-A8NN	esophageal carcinoma	False	180	0	180	5.198497031265826
TCGA-2H-A9GQ	esophageal carcinoma	True	231	1	230	5.442417710521793
TCGA-2H-A9GR	esophageal carcinoma	False	517	0	517	6.249975242259483
TCGA-L5-A4OI	esophageal carcinoma	True	3145	4	3141	8.052614818815567
TCGA-L5-A8NI	esophageal carcinoma	False	325	0	325	5.786897381366708
TCGA-JY-A6FB	esophageal carcinoma	True	153	2	151	5.0238805208462765
TCGA-JY-A939	esophageal carcinoma	False	95	0	95	4.564348191467836
TCGA-L5-A43I	esophageal carcinoma	False	320	0	320	5.771441123130016
TCGA-L5-A4OT	esophageal carcinoma	False	359	0	359	5.886104031450156
TCGA-L5-A8NE	esophageal carcinoma	False	369	0	369	5.91350300563827
TCGA-L5-A8NG	esophageal carcinoma	False	234	0	234	5.459585514144159
TCGA-L5-A8NJ	esophageal carcinoma	False	358	0	358	5.883322388488279
TCGA-LN-A49Y	esophageal carcinoma	False	378	0	378	5.937536205082426
TCGA-L5-A88Y	esophageal carcinoma	False	336	0	336	5.820082930352362
TCGA-L5-A8NS	esophageal carcinoma	True	620	1	619	6.429719478039138
TCGA-S8-A6BV	esophageal carcinoma	False	203	0	203	5.318119993844216
TCGA-JY-A938	esophageal carcinoma	True	216	1	215	5.375278407684165
TCGA-L5-A43H	esophageal carcinoma	False	122	0	122	4.812184355372417
TCGA-L5-A4OO	esophageal carcinoma	False	159	0	159	5.075173815233827
TCGA-L5-A4OQ	esophageal carcinoma	False	98	0	98	4.59511985013459
TCGA-L5-A8NV	esophageal carcinoma	False	184	0	184	5.220355825078324
TCGA-2H-A9GL	esophageal carcinoma	False	332	0	332	5.808142489980444
TCGA-L5-A43E	esophageal carcinoma	True	227	1	226	5.424950017481403
TCGA-V5-AASX	esophageal carcinoma	False	439	0	439	6.0867747269123065
TCGA-LN-A49W	esophageal carcinoma	True	131	1	130	4.875197323201151
TCGA-VR-A8EQ	esophageal carcinoma	True	254	1	253	5.537334267018537
TCGA-IG-A3Y9	esophageal carcinoma	False	354	0	354	5.872117789475416
TCGA-IG-A5B8	esophageal carcinoma	True	444	1	443	6.095824562432225
TCGA-LN-A7HX	esophageal carcinoma	False	197	0	197	5.288267030694535
TCGA-R6-A8W8	esophageal carcinoma	True	218	2	216	5.37989735354046
TCGA-V5-AASW	esophageal carcinoma	True	216	2	214	5.3706380281276624
TCGA-IG-A4QS	esophageal carcinoma	False	337	0	337	5.823045895483019
TCGA-L5-A4OH	esophageal carcinoma	False	163	0	163	5.099866427824199
TCGA-L5-A8NQ	esophageal carcinoma	False	355	0	355	5.87493073085203
TCGA-LN-A49P	esophageal carcinoma	False	128	0	128	4.859812404361672
TCGA-R6-A6Y2	esophageal carcinoma	False	173	0	173	5.159055299214529
TCGA-2H-A9GN	esophageal carcinoma	False	192	0	192	5.262690188904886
TCGA-LN-A9FR	esophageal carcinoma	False	108	0	108	4.6913478822291435
TCGA-VR-AA7I	esophageal carcinoma	False	181	0	181	5.204006687076795
TCGA-L5-A8NT	esophageal carcinoma	True	149	1	148	5.003946305945459
TCGA-X8-AAAR	esophageal carcinoma	False	174	0	174	5.1647859739235145
TCGA-2H-A9GI	esophageal carcinoma	False	314	0	314	5.752572638825633
TCGA-R6-A6L6	esophageal carcinoma	False	165	0	165	5.111987788356544
TCGA-2H-A9GF	esophageal carcinoma	False	430	0	430	6.066108090103747
TCGA-L5-A88W	esophageal carcinoma	False	232	0	232	5.4510384535657
TCGA-V5-AASV	esophageal carcinoma	False	206	0	206	5.332718793265369
TCGA-2H-A9GG	esophageal carcinoma	False	0	0	0	0.0
TCGA-LN-A49K	esophageal carcinoma	False	128	0	128	4.859812404361672
TCGA-L5-A4ON	esophageal carcinoma	False	245	0	245	5.5053315359323625
TCGA-L7-A56G	esophageal carcinoma	False	130	0	130	4.875197323201151
TCGA-LN-A4A6	esophageal carcinoma	False	154	0	154	5.043425116919247
TCGA-ZR-A9CJ	esophageal carcinoma	False	194	0	194	5.272999558563747
TCGA-R6-A6XG	esophageal carcinoma	False	307	0	307	5.730099782973574
TCGA-VR-A8ET	esophageal carcinoma	False	26	0	26	3.295836866004329
TCGA-IG-A51D	esophageal carcinoma	False	214	0	214	5.3706380281276624
TCGA-L5-A4OF	esophageal carcinoma	False	112	0	112	4.727387818712341
TCGA-VR-A8EX	esophageal carcinoma	False	192	0	192	5.262690188904886
TCGA-IG-A3YC	esophageal carcinoma	False	78	0	78	4.3694478524670215
TCGA-IG-A8O2	esophageal carcinoma	False	234	0	234	5.459585514144159
TCGA-L7-A6VZ	esophageal carcinoma	True	202	1	201	5.308267697401205
TCGA-LN-A49M	esophageal carcinoma	False	365	0	365	5.902633333401366
TCGA-LN-A49U	esophageal carcinoma	False	241	0	241	5.488937726156687
TCGA-LN-A9FQ	esophageal carcinoma	False	146	0	146	4.990432586778736
TCGA-IG-A3YB	esophageal carcinoma	False	125	0	125	4.836281906951478
TCGA-JY-A93E	esophageal carcinoma	True	289	2	287	5.662960480135946
TCGA-LN-A4A3	esophageal carcinoma	False	98	0	98	4.59511985013459
TCGA-Q9-A6FW	esophageal carcinoma	False	303	0	303	5.717027701406222
TCGA-IG-A625	esophageal carcinoma	True	101	1	100	4.61512051684126
TCGA-L5-A4OX	esophageal carcinoma	False	225	0	225	5.420534999272286
TCGA-L5-A88V	esophageal carcinoma	True	272	3	269	5.598421958998375
TCGA-LN-A4A1	esophageal carcinoma	False	180	0	180	5.198497031265826
TCGA-R6-A8W5	esophageal carcinoma	False	155	0	155	5.049856007249537
TCGA-R6-A8WG	esophageal carcinoma	False	170	0	170	5.14166355650266
TCGA-VR-A8Q7	esophageal carcinoma	False	153	0	153	5.0369526024136295
TCGA-IC-A6RE	esophageal carcinoma	True	738	1	737	6.6039438246004725
TCGA-LN-A49S	esophageal carcinoma	False	234	0	234	5.459585514144159
TCGA-LN-A7HW	esophageal carcinoma	False	148	0	148	5.003946305945459
TCGA-V5-A7RB	esophageal carcinoma	False	358	0	358	5.883322388488279
TCGA-2H-A9GO	esophageal carcinoma	False	214	0	214	5.3706380281276624
TCGA-IG-A50L	esophageal carcinoma	False	163	0	163	5.099866427824199
TCGA-IG-A97I	esophageal carcinoma	False	193	0	193	5.267858159063328
TCGA-LN-A4A9	esophageal carcinoma	True	346	1	345	5.846438775057725
TCGA-LN-A7HV	esophageal carcinoma	False	145	0	145	4.983606621708336
TCGA-M9-A5M8	esophageal carcinoma	False	128	0	128	4.859812404361672
TCGA-R6-A6DN	esophageal carcinoma	False	145	0	145	4.983606621708336
TCGA-R6-A6XQ	esophageal carcinoma	False	118	0	118	4.77912349311153
TCGA-VR-AA7D	esophageal carcinoma	False	166	0	166	5.117993812416755
TCGA-2H-A9GJ	esophageal carcinoma	False	173	0	173	5.159055299214529
TCGA-L5-A8NF	esophageal carcinoma	False	201	0	201	5.308267697401205
TCGA-LN-A4A2	esophageal carcinoma	False	214	0	214	5.3706380281276624
TCGA-LN-A4MR	esophageal carcinoma	False	241	0	241	5.488937726156687
TCGA-LN-A5U5	esophageal carcinoma	False	88	0	88	4.48863636973214
TCGA-VR-A8EW	esophageal carcinoma	False	170	0	170	5.14166355650266
TCGA-Z6-A8JE	esophageal carcinoma	True	276	1	275	5.62040086571715
TCGA-Z6-AAPN	esophageal carcinoma	True	551	2	549	6.309918278226516
TCGA-IG-A4QT	esophageal carcinoma	False	7	0	7	2.0794415416798357
TCGA-JY-A6F8	esophageal carcinoma	False	182	0	182	5.209486152841421
TCGA-L5-A8NL	esophageal carcinoma	False	158	0	158	5.0689042022202315
TCGA-LN-A8HZ	esophageal carcinoma	False	149	0	149	5.0106352940962555
TCGA-R6-A8WC	esophageal carcinoma	True	215	1	214	5.3706380281276624
TCGA-L5-A8NW	esophageal carcinoma	True	244	1	243	5.497168225293202
TCGA-V5-A7RC	esophageal carcinoma	False	177	0	177	5.181783550292085
TCGA-IG-A3QL	esophageal carcinoma	False	162	0	162	5.093750200806762
TCGA-IG-A6QS	esophageal carcinoma	False	101	0	101	4.624972813284271
TCGA-L5-A8NH	esophageal carcinoma	False	191	0	191	5.2574953720277815
TCGA-LN-A5U6	esophageal carcinoma	False	146	0	146	4.990432586778736
TCGA-R6-A6Y0	esophageal carcinoma	False	277	0	277	5.627621113690637
TCGA-VR-A8ER	esophageal carcinoma	False	97	0	97	4.584967478670572
TCGA-XP-A8T6	esophageal carcinoma	False	134	0	134	4.90527477843843
TCGA-2H-A9GM	esophageal carcinoma	False	174	0	174	5.1647859739235145
TCGA-IG-A3YA	esophageal carcinoma	False	113	0	113	4.736198448394496
TCGA-JY-A6FH	esophageal carcinoma	False	202	0	202	5.313205979041787
TCGA-VR-AA4D	esophageal carcinoma	False	154	0	154	5.043425116919247
TCGA-Z6-A8JD	esophageal carcinoma	False	307	0	307	5.730099782973574
TCGA-Z6-A9VB	esophageal carcinoma	False	143	0	143	4.969813299576001
TCGA-LN-A4A8	esophageal carcinoma	True	200	1	199	5.298317366548036
TCGA-LN-A8I0	esophageal carcinoma	False	85	0	85	4.454347296253507
TCGA-JY-A6FA	esophageal carcinoma	False	192	0	192	5.262690188904886
TCGA-JY-A93D	esophageal carcinoma	False	153	0	153	5.0369526024136295
TCGA-L5-A891	esophageal carcinoma	False	246	0	246	5.5093883366279774
TCGA-S8-A6BW	esophageal carcinoma	False	157	0	157	5.062595033026967
TCGA-VR-A8EP	esophageal carcinoma	False	165	0	165	5.111987788356544
TCGA-VR-A8EU	esophageal carcinoma	False	166	0	166	5.117993812416755
TCGA-JY-A6FG	esophageal carcinoma	True	353	1	352	5.8664680569332965
TCGA-LN-A49N	esophageal carcinoma	False	76	0	76	4.343805421853684
TCGA-LN-A7HY	esophageal carcinoma	False	242	0	242	5.493061443340548
TCGA-JY-A6FE	esophageal carcinoma	False	108	0	108	4.6913478822291435
TCGA-LN-A49V	esophageal carcinoma	True	171	2	169	5.135798437050262
TCGA-LN-A4A5	esophageal carcinoma	False	100	0	100	4.61512051684126
TCGA-LN-A7HZ	esophageal carcinoma	False	114	0	114	4.74493212836325
TCGA-VR-A8EO	esophageal carcinoma	False	79	0	79	4.382026634673881
TCGA-XP-A8T8	esophageal carcinoma	False	156	0	156	5.056245805348308
TCGA-IG-A4P3	esophageal carcinoma	False	305	0	305	5.723585101952381
TCGA-JY-A93C	esophageal carcinoma	False	159	0	159	5.075173815233827
TCGA-LN-A49O	esophageal carcinoma	False	111	0	111	4.718498871295094
TCGA-VR-A8EZ	esophageal carcinoma	False	258	0	258	5.556828061699537
TCGA-LN-A49R	esophageal carcinoma	False	179	0	179	5.19295685089021
TCGA-LN-A4MQ	esophageal carcinoma	False	120	0	120	4.795790545596741
TCGA-LN-A5U7	esophageal carcinoma	False	196	0	196	5.2832037287379885
TCGA-V5-A7RE	esophageal carcinoma	True	243	1	242	5.493061443340548
TCGA-2H-A9GH	esophageal carcinoma	False	178	0	178	5.187385805840755
TCGA-LN-A49L	esophageal carcinoma	False	243	0	243	5.497168225293202
TCGA-LN-A49X	esophageal carcinoma	False	108	0	108	4.6913478822291435
TCGA-2H-A9GK	esophageal carcinoma	False	313	0	313	5.749392985908253
TCGA-LN-A9FO	esophageal carcinoma	False	160	0	160	5.081404364984463
TCGA-R6-A6KZ	esophageal carcinoma	True	227	1	226	5.424950017481403
TCGA-IG-A97H	esophageal carcinoma	False	155	0	155	5.049856007249537
TCGA-LN-A4A4	esophageal carcinoma	False	151	0	151	5.0238805208462765
TCGA-R6-A6L4	esophageal carcinoma	True	166	1	165	5.111987788356544
TCGA-L5-A4OS	esophageal carcinoma	False	144	0	144	4.976733742420574
TCGA-L5-A43M	esophageal carcinoma	False	69	0	69	4.248495242049359
TCGA-L5-A8NK	esophageal carcinoma	False	301	0	301	5.71042701737487
TCGA-L5-A8NM	esophageal carcinoma	True	2614	1	2613	7.868636894184167
TCGA-L5-A8NR	esophageal carcinoma	False	359	0	359	5.886104031450156
TCGA-L5-A4OG	esophageal carcinoma	False	242	0	242	5.493061443340548
TCGA-R6-A6DQ	esophageal carcinoma	False	125	0	125	4.836281906951478
TCGA-RE-A7BO	esophageal carcinoma	False	337	0	337	5.823045895483019
TCGA-L5-A893	esophageal carcinoma	False	201	0	201	5.308267697401205
TCGA-L5-A4OJ	esophageal carcinoma	False	333	0	333	5.811140992976701
TCGA-L5-A88Z	esophageal carcinoma	False	123	0	123	4.820281565605037
TCGA-IC-A6RF	esophageal carcinoma	False	173	0	173	5.159055299214529
TCGA-IG-A5S3	esophageal carcinoma	False	115	0	115	4.7535901911063645
TCGA-L5-A4OP	esophageal carcinoma	True	159	1	158	5.0689042022202315
TCGA-LN-A8I1	esophageal carcinoma	False	144	0	144	4.976733742420574
TCGA-VR-AA7B	esophageal carcinoma	False	261	0	261	5.568344503761097
TCGA-XP-A8T7	esophageal carcinoma	False	137	0	137	4.927253685157205
TCGA-LN-A9FP	esophageal carcinoma	False	631	0	631	6.448889394146858
TCGA-JY-A93F	esophageal carcinoma	False	162	0	162	5.093750200806762
TCGA-Q9-A6FU	esophageal carcinoma	False	244	0	244	5.501258210544727
TCGA-L5-A4OW	esophageal carcinoma	False	370	0	370	5.916202062607435
TCGA-L5-A4OM	esophageal carcinoma	False	104	0	104	4.653960350157523
TCGA-IG-A3I8	esophageal carcinoma	False	157	0	157	5.062595033026967
TCGA-JY-A6FD	esophageal carcinoma	False	209	0	209	5.3471075307174685
TCGA-VR-AA4G	esophageal carcinoma	False	102	0	102	4.634728988229636
TCGA-IG-A7DP	esophageal carcinoma	False	11	0	11	2.4849066497880004
TCGA-VR-A8EY	esophageal carcinoma	False	158	0	158	5.0689042022202315
TCGA-AJ-A3NH	uterine corpus endometrioid carcinoma	False	0	0	0	0.0
TCGA-AP-A053	uterine corpus endometrioid carcinoma	False	0	0	0	0.0
TCGA-D1-A0ZQ	uterine corpus endometrioid carcinoma	True	112	1	111	4.718498871295094
TCGA-BG-A0W1	uterine corpus endometrioid carcinoma	False	93	0	93	4.543294782270004
TCGA-B5-A0K9	uterine corpus endometrioid carcinoma	True	1153	2	1151	7.049254841255837
TCGA-AX-A2H7	uterine corpus endometrioid carcinoma	False	140	0	140	4.948759890378168
TCGA-B5-A11P	uterine corpus endometrioid carcinoma	False	80	0	80	4.394449154672439
TCGA-D1-A103	uterine corpus endometrioid carcinoma	True	10601	13	10588	9.267571005430455
TCGA-DF-A2KZ	uterine corpus endometrioid carcinoma	False	1138	0	1138	7.037905963447182
TCGA-EO-A1Y8	uterine corpus endometrioid carcinoma	False	74	0	74	4.31748811353631
TCGA-EY-A72D	uterine corpus endometrioid carcinoma	False	75	0	75	4.330733340286331
TCGA-A5-A1OH	uterine corpus endometrioid carcinoma	False	200	0	200	5.303304908059076
TCGA-AX-A2H2	uterine corpus endometrioid carcinoma	False	318	0	318	5.765191102784844
TCGA-EO-A3AS	uterine corpus endometrioid carcinoma	True	252	1	251	5.529429087511423
TCGA-EY-A1G7	uterine corpus endometrioid carcinoma	False	144	0	144	4.976733742420574
TCGA-QS-A744	uterine corpus endometrioid carcinoma	False	101	0	101	4.624972813284271
TCGA-AJ-A2QO	uterine corpus endometrioid carcinoma	True	2144	3	2141	7.669495251007694
TCGA-QS-A8F1	uterine corpus endometrioid carcinoma	False	107	0	107	4.68213122712422
TCGA-AX-A1CP	uterine corpus endometrioid carcinoma	False	38	0	38	3.6635616461296463
TCGA-AX-A3G1	uterine corpus endometrioid carcinoma	False	82	0	82	4.418840607796598
TCGA-B5-A0JN	uterine corpus endometrioid carcinoma	True	199	1	198	5.293304824724492
TCGA-B5-A1MV	uterine corpus endometrioid carcinoma	False	99	0	99	4.605170185988092
TCGA-BG-A221	uterine corpus endometrioid carcinoma	True	2076	5	2071	7.6362696033793735
TCGA-DF-A2KR	uterine corpus endometrioid carcinoma	False	150	0	150	5.017279836814924
TCGA-AJ-A3NG	uterine corpus endometrioid carcinoma	False	126	0	126	4.844187086458591
TCGA-AX-A2IO	uterine corpus endometrioid carcinoma	False	633	0	633	6.452048954437226
TCGA-BG-A0MI	uterine corpus endometrioid carcinoma	False	0	0	0	0.0
TCGA-EO-A22U	uterine corpus endometrioid carcinoma	True	25534	22	25512	10.146943405162217
TCGA-EY-A1G8	uterine corpus endometrioid carcinoma	True	4468	1	4467	8.404696160189092
TCGA-EY-A212	uterine corpus endometrioid carcinoma	True	87	1	86	4.465908118654584
TCGA-EY-A548	uterine corpus endometrioid carcinoma	True	1073	1	1072	6.9782137426306985
TCGA-AP-A0LF	uterine corpus endometrioid carcinoma	True	330	1	329	5.799092654460526
TCGA-AX-A05T	uterine corpus endometrioid carcinoma	False	0	0	0	0.0
TCGA-AX-A06D	uterine corpus endometrioid carcinoma	False	0	0	0	0.0
TCGA-AX-A3FS	uterine corpus endometrioid carcinoma	True	1518	3	1515	7.323830566202317
TCGA-BG-A3PP	uterine corpus endometrioid carcinoma	False	80	0	80	4.394449154672439
TCGA-EY-A210	uterine corpus endometrioid carcinoma	False	60	0	60	4.110873864173311
TCGA-EY-A3L3	uterine corpus endometrioid carcinoma	False	90	0	90	4.51085950651685
TCGA-FI-A2CX	uterine corpus endometrioid carcinoma	False	32	0	32	3.4965075614664802
TCGA-A5-A0R8	uterine corpus endometrioid carcinoma	False	98	0	98	4.59511985013459
TCGA-AP-A05A	uterine corpus endometrioid carcinoma	False	0	0	0	0.0
TCGA-AX-A05S	uterine corpus endometrioid carcinoma	False	0	0	0	0.0
TCGA-AX-A064	uterine corpus endometrioid carcinoma	False	0	0	0	0.0
TCGA-D1-A17L	uterine corpus endometrioid carcinoma	False	85	0	85	4.454347296253507
TCGA-D1-A3DG	uterine corpus endometrioid carcinoma	True	184	1	183	5.214935757608986
TCGA-AX-A0J1	uterine corpus endometrioid carcinoma	False	0	0	0	0.0
TCGA-D1-A0ZZ	uterine corpus endometrioid carcinoma	True	85	1	84	4.442651256490317
TCGA-EO-A3AZ	uterine corpus endometrioid carcinoma	True	1803	2	1801	7.496652438168283
TCGA-EO-A3KX	uterine corpus endometrioid carcinoma	True	6035	14	6021	8.70317470904168
TCGA-A5-A0G9	uterine corpus endometrioid carcinoma	False	0	0	0	0.0
TCGA-AX-A0IU	uterine corpus endometrioid carcinoma	False	82	0	82	4.418840607796598
TCGA-B5-A1MU	uterine corpus endometrioid carcinoma	False	42	0	42	3.7612001156935624
TCGA-FI-A2F9	uterine corpus endometrioid carcinoma	False	69	0	69	4.248495242049359
TCGA-AJ-A3TW	uterine corpus endometrioid carcinoma	False	186	0	186	5.231108616854587
TCGA-BG-A0MU	uterine corpus endometrioid carcinoma	False	89	0	89	4.499809670330265
TCGA-D1-A161	uterine corpus endometrioid carcinoma	False	119	0	119	4.787491742782046
TCGA-D1-A16V	uterine corpus endometrioid carcinoma	False	60	0	60	4.110873864173311
TCGA-D1-A17C	uterine corpus endometrioid carcinoma	False	72	0	72	4.290459441148391
TCGA-EY-A549	uterine corpus endometrioid carcinoma	True	2261	3	2258	7.7226775164680035
TCGA-A5-A2K2	uterine corpus endometrioid carcinoma	False	199	0	199	5.298317366548036
TCGA-AJ-A3IA	uterine corpus endometrioid carcinoma	False	389	0	389	5.966146739123692
TCGA-AX-A060	uterine corpus endometrioid carcinoma	False	0	0	0	0.0
TCGA-AX-A1C7	uterine corpus endometrioid carcinoma	False	61	0	61	4.127134385045092
TCGA-AX-A1C8	uterine corpus endometrioid carcinoma	False	96	0	96	4.574710978503383
TCGA-AX-A2HK	uterine corpus endometrioid carcinoma	False	99	0	99	4.605170185988092
TCGA-BG-A0VW	uterine corpus endometrioid carcinoma	True	659	2	657	6.489204931325317
TCGA-D1-A1O0	uterine corpus endometrioid carcinoma	False	96	0	96	4.574710978503383
TCGA-D1-A3DA	uterine corpus endometrioid carcinoma	False	117	0	117	4.770684624465665
TCGA-SL-A6JA	uterine corpus endometrioid carcinoma	True	1330	1	1329	7.1929342212158
TCGA-A5-A0GG	uterine corpus endometrioid carcinoma	False	0	0	0	0.0
TCGA-A5-A0GQ	uterine corpus endometrioid carcinoma	False	90	0	90	4.51085950651685
TCGA-A5-A2K5	uterine corpus endometrioid carcinoma	True	15115	13	15102	9.62264867856634
TCGA-AP-A0LP	uterine corpus endometrioid carcinoma	True	434	1	433	6.073044534100405
TCGA-AP-A1DQ	uterine corpus endometrioid carcinoma	False	40	0	40	3.713572066704308
TCGA-AX-A3G8	uterine corpus endometrioid carcinoma	False	1471	0	1471	7.294377299288821
TCGA-BS-A0U5	uterine corpus endometrioid carcinoma	False	75	0	75	4.330733340286331
TCGA-D1-A179	uterine corpus endometrioid carcinoma	False	0	0	0	0.0
TCGA-E6-A1LZ	uterine corpus endometrioid carcinoma	False	347	0	347	5.8522024797744745
TCGA-EO-A3L0	uterine corpus endometrioid carcinoma	True	127	1	126	4.844187086458591
TCGA-EY-A1GQ	uterine corpus endometrioid carcinoma	False	903	0	903	6.806829360392176
TCGA-EY-A1GX	uterine corpus endometrioid carcinoma	False	131	0	131	4.882801922586371
TCGA-KP-A3W1	uterine corpus endometrioid carcinoma	False	70	0	70	4.2626798770413155
TCGA-A5-A0GD	uterine corpus endometrioid carcinoma	False	0	0	0	0.0
TCGA-AP-A05H	uterine corpus endometrioid carcinoma	False	0	0	0	0.0
TCGA-BK-A56F	uterine corpus endometrioid carcinoma	False	85	0	85	4.454347296253507
TCGA-D1-A0ZO	uterine corpus endometrioid carcinoma	True	894	3	891	6.79346613258001
TCGA-EY-A1GF	uterine corpus endometrioid carcinoma	True	681	1	680	6.523562306149512
TCGA-EY-A1GV	uterine corpus endometrioid carcinoma	False	49	0	49	3.912023005428146
TCGA-EY-A547	uterine corpus endometrioid carcinoma	True	301	3	298	5.700443573390687
TCGA-A5-A0VP	uterine corpus endometrioid carcinoma	True	2229	5	2224	7.707512194600341
TCGA-A5-A3LP	uterine corpus endometrioid carcinoma	False	79	0	79	4.382026634673881
TCGA-AJ-A3EJ	uterine corpus endometrioid carcinoma	False	95	0	95	4.564348191467836
TCGA-AP-A1E1	uterine corpus endometrioid carcinoma	False	982	0	982	6.890609120147166
TCGA-B5-A11U	uterine corpus endometrioid carcinoma	True	558	1	557	6.324358962381311
TCGA-B5-A3FH	uterine corpus endometrioid carcinoma	False	61	0	61	4.127134385045092
TCGA-BG-A0M3	uterine corpus endometrioid carcinoma	False	0	0	0	0.0
TCGA-BG-A0MC	uterine corpus endometrioid carcinoma	False	0	0	0	0.0
TCGA-BG-A18A	uterine corpus endometrioid carcinoma	False	85	0	85	4.454347296253507
TCGA-BK-A139	uterine corpus endometrioid carcinoma	False	214	0	214	5.3706380281276624
TCGA-D1-A16G	uterine corpus endometrioid carcinoma	False	55	0	55	4.02535169073515
TCGA-D1-A17K	uterine corpus endometrioid carcinoma	False	89	0	89	4.499809670330265
TCGA-D1-A1NU	uterine corpus endometrioid carcinoma	False	111	0	111	4.718498871295094
TCGA-EY-A1GK	uterine corpus endometrioid carcinoma	True	1582	2	1580	7.365812837209472
TCGA-FI-A2D6	uterine corpus endometrioid carcinoma	True	1220	2	1218	7.105786129481271
TCGA-PG-A917	uterine corpus endometrioid carcinoma	True	1351	1	1350	7.208600337960199
TCGA-A5-A0G5	uterine corpus endometrioid carcinoma	False	0	0	0	0.0
TCGA-AJ-A3OK	uterine corpus endometrioid carcinoma	True	1121	2	1119	7.02108396428914
TCGA-AX-A1C9	uterine corpus endometrioid carcinoma	False	1660	0	1660	7.415175109613295
TCGA-AX-A3GB	uterine corpus endometrioid carcinoma	False	138	0	138	4.9344739331306915
TCGA-B5-A0JR	uterine corpus endometrioid carcinoma	False	0	0	0	0.0
TCGA-B5-A3FA	uterine corpus endometrioid carcinoma	True	17977	14	17963	9.796125034207629
TCGA-B5-A3FB	uterine corpus endometrioid carcinoma	False	82	0	82	4.418840607796598
TCGA-BG-A0M6	uterine corpus endometrioid carcinoma	False	0	0	0	0.0
TCGA-BG-A0M9	uterine corpus endometrioid carcinoma	False	0	0	0	0.0
TCGA-BG-A0MG	uterine corpus endometrioid carcinoma	False	162	0	162	5.093750200806762
TCGA-D1-A16E	uterine corpus endometrioid carcinoma	False	81	0	81	4.406719247264253
TCGA-EC-A1NJ	uterine corpus endometrioid carcinoma	True	508	1	507	6.230481447578482
TCGA-EO-A2CH	uterine corpus endometrioid carcinoma	False	67	0	67	4.219507705176107
TCGA-EY-A1GJ	uterine corpus endometrioid carcinoma	False	66	0	66	4.204692619390966
TCGA-EY-A1GW	uterine corpus endometrioid carcinoma	False	79	0	79	4.382026634673881
TCGA-PG-A914	uterine corpus endometrioid carcinoma	False	219	0	219	5.393627546352362
TCGA-SL-A6J9	uterine corpus endometrioid carcinoma	False	76	0	76	4.343805421853684
TCGA-AX-A06B	uterine corpus endometrioid carcinoma	False	0	0	0	0.0
TCGA-BG-A18C	uterine corpus endometrioid carcinoma	False	65	0	65	4.189654742026425
TCGA-D1-A15Z	uterine corpus endometrioid carcinoma	False	99	0	99	4.605170185988092
TCGA-D1-A1NW	uterine corpus endometrioid carcinoma	False	0	0	0	0.0
TCGA-EO-A3AU	uterine corpus endometrioid carcinoma	True	1290	2	1288	7.161622002939187
TCGA-EO-A3KW	uterine corpus endometrioid carcinoma	False	66	0	66	4.204692619390966
TCGA-EY-A5W2	uterine corpus endometrioid carcinoma	True	1441	3	1438	7.271703706887368
TCGA-KP-A3W0	uterine corpus endometrioid carcinoma	False	49	0	49	3.912023005428146
TCGA-KP-A3W3	uterine corpus endometrioid carcinoma	False	62	0	62	4.143134726391533
TCGA-PG-A5BC	uterine corpus endometrioid carcinoma	False	70	0	70	4.2626798770413155
TCGA-A5-A7WK	uterine corpus endometrioid carcinoma	False	126	0	126	4.844187086458591
TCGA-AP-A0L9	uterine corpus endometrioid carcinoma	False	0	0	0	0.0
TCGA-AX-A06J	uterine corpus endometrioid carcinoma	False	0	0	0	0.0
TCGA-AX-A3G7	uterine corpus endometrioid carcinoma	False	45	0	45	3.828641396489095
TCGA-B5-A0K8	uterine corpus endometrioid carcinoma	False	68	0	68	4.23410650459726
TCGA-B5-A11G	uterine corpus endometrioid carcinoma	True	861	1	860	6.7580945044277305
TCGA-B5-A11L	uterine corpus endometrioid carcinoma	False	168	0	168	5.1298987149230735
TCGA-B5-A3S1	uterine corpus endometrioid carcinoma	False	147	0	147	4.997212273764115
TCGA-B5-A5OC	uterine corpus endometrioid carcinoma	True	1899	1	1898	7.549082710812286
TCGA-BG-A0MQ	uterine corpus endometrioid carcinoma	False	913	0	913	6.81783057145415
TCGA-BK-A26L	uterine corpus endometrioid carcinoma	True	126	1	125	4.836281906951478
TCGA-D1-A3DH	uterine corpus endometrioid carcinoma	False	159	0	159	5.075173815233827
TCGA-EC-A1QX	uterine corpus endometrioid carcinoma	True	1190	1	1189	7.081708586105575
TCGA-EY-A1GS	uterine corpus endometrioid carcinoma	False	503	0	503	6.222576268071369
TCGA-FI-A2EW	uterine corpus endometrioid carcinoma	False	141	0	141	4.955827057601261
TCGA-H5-A2HR	uterine corpus endometrioid carcinoma	False	73	0	73	4.30406509320417
TCGA-AJ-A23N	uterine corpus endometrioid carcinoma	False	67	0	67	4.219507705176107
TCGA-AP-A0L8	uterine corpus endometrioid carcinoma	False	0	0	0	0.0
TCGA-AP-A1DP	uterine corpus endometrioid carcinoma	True	873	2	871	6.77078942390898
TCGA-AX-A1CA	uterine corpus endometrioid carcinoma	False	160	0	160	5.081404364984463
TCGA-AX-A1CR	uterine corpus endometrioid carcinoma	False	0	0	0	0.0
TCGA-B5-A1N2	uterine corpus endometrioid carcinoma	False	197	0	197	5.288267030694535
TCGA-B5-A3FD	uterine corpus endometrioid carcinoma	False	74	0	74	4.31748811353631
TCGA-D1-A160	uterine corpus endometrioid carcinoma	False	740	0	740	6.608000625296087
TCGA-D1-A167	uterine corpus endometrioid carcinoma	True	2418	4	2414	7.789454566086673
TCGA-D1-A16S	uterine corpus endometrioid carcinoma	False	74	0	74	4.31748811353631
TCGA-D1-A177	uterine corpus endometrioid carcinoma	True	1180	1	1179	7.07326971745971
TCGA-D1-A1O8	uterine corpus endometrioid carcinoma	False	104	0	104	4.653960350157523
TCGA-D1-A2G0	uterine corpus endometrioid carcinoma	True	1554	1	1553	7.348587530927593
TCGA-EY-A1GH	uterine corpus endometrioid carcinoma	False	97	0	97	4.584967478670572
TCGA-PG-A916	uterine corpus endometrioid carcinoma	False	66	0	66	4.204692619390966
TCGA-5B-A90C	uterine corpus endometrioid carcinoma	False	78	0	78	4.3694478524670215
TCGA-A5-A0GR	uterine corpus endometrioid carcinoma	False	0	0	0	0.0
TCGA-A5-A2K4	uterine corpus endometrioid carcinoma	False	50	0	50	3.9318256327243257
TCGA-AJ-A23O	uterine corpus endometrioid carcinoma	True	1557	1	1556	7.350516171833998
TCGA-AJ-A3EM	uterine corpus endometrioid carcinoma	False	88	0	88	4.48863636973214
TCGA-AP-A051	uterine corpus endometrioid carcinoma	False	0	0	0	0.0
TCGA-AP-A059	uterine corpus endometrioid carcinoma	True	16394	16	16378	9.70375530548238
TCGA-AX-A1CF	uterine corpus endometrioid carcinoma	False	161	0	161	5.087596335232384
TCGA-AX-A2HD	uterine corpus endometrioid carcinoma	True	14738	23	14715	9.596690616224665
TCGA-AX-A3FX	uterine corpus endometrioid carcinoma	True	95	1	94	4.553876891600541
TCGA-B5-A0K1	uterine corpus endometrioid carcinoma	False	0	0	0	0.0
TCGA-B5-A11N	uterine corpus endometrioid carcinoma	True	2721	1	2720	7.908754738783246
TCGA-BG-A220	uterine corpus endometrioid carcinoma	True	1484	2	1482	7.301822342137932
TCGA-BK-A0CC	uterine corpus endometrioid carcinoma	False	86	0	86	4.465908118654584
TCGA-BS-A0TC	uterine corpus endometrioid carcinoma	True	1880	2	1878	7.538494999413465
TCGA-D1-A162	uterine corpus endometrioid carcinoma	False	0	0	0	0.0
TCGA-D1-A17B	uterine corpus endometrioid carcinoma	False	413	0	413	6.025865973825314
TCGA-DF-A2KS	uterine corpus endometrioid carcinoma	False	187	0	187	5.236441962829949
TCGA-EO-A2CG	uterine corpus endometrioid carcinoma	True	53	1	52	3.970291913552122
TCGA-KP-A3VZ	uterine corpus endometrioid carcinoma	False	149	0	149	5.0106352940962555
TCGA-A5-A0RA	uterine corpus endometrioid carcinoma	False	96	0	96	4.574710978503383
TCGA-A5-A2K3	uterine corpus endometrioid carcinoma	True	2185	1	2184	7.68937110752969
TCGA-AJ-A3BK	uterine corpus endometrioid carcinoma	False	98	0	98	4.59511985013459
TCGA-AP-A05O	uterine corpus endometrioid carcinoma	False	0	0	0	0.0
TCGA-AP-A5FX	uterine corpus endometrioid carcinoma	False	58	0	58	4.07753744390572
TCGA-B5-A5OE	uterine corpus endometrioid carcinoma	False	120	0	120	4.795790545596741
TCGA-BG-A0RY	uterine corpus endometrioid carcinoma	False	73	0	73	4.30406509320417
TCGA-BG-A2L7	uterine corpus endometrioid carcinoma	True	1175	3	1172	7.067319848653476
TCGA-BS-A0UA	uterine corpus endometrioid carcinoma	True	490	1	489	6.194405391104672
TCGA-BS-A0UJ	uterine corpus endometrioid carcinoma	True	2451	2	2449	7.803843303538772
TCGA-BS-A0V8	uterine corpus endometrioid carcinoma	False	111	0	111	4.718498871295094
TCGA-D1-A15V	uterine corpus endometrioid carcinoma	False	60	0	60	4.110873864173311
TCGA-D1-A17F	uterine corpus endometrioid carcinoma	False	351	0	351	5.863631175598097
TCGA-DI-A1NO	uterine corpus endometrioid carcinoma	False	385	0	385	5.955837369464831
TCGA-EO-A22Y	uterine corpus endometrioid carcinoma	False	79	0	79	4.382026634673881
TCGA-EO-A3KU	uterine corpus endometrioid carcinoma	False	87	0	87	4.477336814478207
TCGA-EY-A1GT	uterine corpus endometrioid carcinoma	False	118	0	118	4.77912349311153
TCGA-FI-A2EU	uterine corpus endometrioid carcinoma	False	75	0	75	4.330733340286331
TCGA-FI-A3PV	uterine corpus endometrioid carcinoma	False	103	0	103	4.6443908991413725
TCGA-PG-A6IB	uterine corpus endometrioid carcinoma	True	793	2	791	6.674561391814426
TCGA-A5-A0G1	uterine corpus endometrioid carcinoma	True	16466	18	16448	9.708019964072157
TCGA-A5-A0GA	uterine corpus endometrioid carcinoma	False	0	0	0	0.0
TCGA-A5-A0GV	uterine corpus endometrioid carcinoma	False	0	0	0	0.0
TCGA-AJ-A2QM	uterine corpus endometrioid carcinoma	True	297	2	295	5.69035945432406
TCGA-AJ-A3BI	uterine corpus endometrioid carcinoma	False	57	0	57	4.060443010546419
TCGA-AP-A05D	uterine corpus endometrioid carcinoma	False	0	0	0	0.0
TCGA-AP-A0LI	uterine corpus endometrioid carcinoma	False	0	0	0	0.0
TCGA-AX-A0IW	uterine corpus endometrioid carcinoma	False	0	0	0	0.0
TCGA-AX-A2H5	uterine corpus endometrioid carcinoma	False	58	0	58	4.07753744390572
TCGA-AX-A2HF	uterine corpus endometrioid carcinoma	False	32	0	32	3.4965075614664802
TCGA-AX-A3G6	uterine corpus endometrioid carcinoma	False	81	0	81	4.406719247264253
TCGA-B5-A11H	uterine corpus endometrioid carcinoma	False	1544	0	1544	7.3427791893318455
TCGA-B5-A5OD	uterine corpus endometrioid carcinoma	True	70	1	69	4.248495242049359
TCGA-BG-A0YV	uterine corpus endometrioid carcinoma	False	104	0	104	4.653960350157523
TCGA-D1-A168	uterine corpus endometrioid carcinoma	False	72	0	72	4.290459441148391
TCGA-D1-A176	uterine corpus endometrioid carcinoma	True	640	1	639	6.461468176353717
TCGA-D1-A17T	uterine corpus endometrioid carcinoma	False	99	0	99	4.605170185988092
TCGA-D1-A1NY	uterine corpus endometrioid carcinoma	True	1070	1	1069	6.975413927455952
TCGA-DI-A2QU	uterine corpus endometrioid carcinoma	False	102	0	102	4.634728988229636
TCGA-EY-A1GE	uterine corpus endometrioid carcinoma	False	63	0	63	4.1588830833596715
TCGA-EY-A1GR	uterine corpus endometrioid carcinoma	False	83	0	83	4.430816798843313
TCGA-EY-A54A	uterine corpus endometrioid carcinoma	False	157	0	157	5.062595033026967
TCGA-AP-A05J	uterine corpus endometrioid carcinoma	False	0	0	0	0.0
TCGA-AW-A1PO	uterine corpus endometrioid carcinoma	False	113	0	113	4.736198448394496
TCGA-AX-A2H4	uterine corpus endometrioid carcinoma	False	288	0	288	5.666426688112432
TCGA-AX-A3FW	uterine corpus endometrioid carcinoma	False	77	0	77	4.356708826689592
TCGA-AX-A3GI	uterine corpus endometrioid carcinoma	False	75	0	75	4.330733340286331
TCGA-B5-A11X	uterine corpus endometrioid carcinoma	False	82	0	82	4.418840607796598
TCGA-BG-A0M0	uterine corpus endometrioid carcinoma	False	0	0	0	0.0
TCGA-D1-A1NX	uterine corpus endometrioid carcinoma	False	53	0	53	3.9889840465642745
TCGA-EY-A1GU	uterine corpus endometrioid carcinoma	True	2368	3	2365	7.768956044538332
TCGA-EY-A214	uterine corpus endometrioid carcinoma	False	88	0	88	4.48863636973214
TCGA-FI-A2D2	uterine corpus endometrioid carcinoma	False	53	0	53	3.9889840465642745
TCGA-A5-A0GB	uterine corpus endometrioid carcinoma	False	0	0	0	0.0
TCGA-A5-A0GN	uterine corpus endometrioid carcinoma	False	0	0	0	0.0
TCGA-A5-A1OG	uterine corpus endometrioid carcinoma	False	47	0	47	3.871201010907891
TCGA-AJ-A2QK	uterine corpus endometrioid carcinoma	False	114	0	114	4.74493212836325
TCGA-AJ-A3BF	uterine corpus endometrioid carcinoma	False	50	0	50	3.9318256327243257
TCGA-AJ-A3BG	uterine corpus endometrioid carcinoma	True	2310	4	2306	7.7437032581737535
TCGA-AJ-A5DV	uterine corpus endometrioid carcinoma	True	122	1	121	4.804021044733257
TCGA-AX-A1CC	uterine corpus endometrioid carcinoma	False	30	0	30	3.4339872044851463
TCGA-B5-A11I	uterine corpus endometrioid carcinoma	False	74	0	74	4.31748811353631
TCGA-B5-A1MR	uterine corpus endometrioid carcinoma	True	10729	12	10717	9.279679850054796
TCGA-BG-A187	uterine corpus endometrioid carcinoma	False	117	0	117	4.770684624465665
TCGA-BS-A0TD	uterine corpus endometrioid carcinoma	False	53	0	53	3.9889840465642745
TCGA-BS-A0UF	uterine corpus endometrioid carcinoma	True	11897	6	11891	9.383621184117988
TCGA-D1-A2G7	uterine corpus endometrioid carcinoma	False	81	0	81	4.406719247264253
TCGA-E6-A2P9	uterine corpus endometrioid carcinoma	False	1757	0	1757	7.471932078245122
TCGA-EO-A1Y7	uterine corpus endometrioid carcinoma	False	78	0	78	4.3694478524670215
TCGA-EY-A1GO	uterine corpus endometrioid carcinoma	True	542	1	541	6.295266001439646
TCGA-A5-A0R6	uterine corpus endometrioid carcinoma	False	71	0	71	4.276666119016055
TCGA-A5-A0VO	uterine corpus endometrioid carcinoma	False	98	0	98	4.59511985013459
TCGA-A5-A3LO	uterine corpus endometrioid carcinoma	False	48	0	48	3.8918202981106265
TCGA-A5-A7WJ	uterine corpus endometrioid carcinoma	False	0	0	0	0.0
TCGA-AJ-A6NU	uterine corpus endometrioid carcinoma	False	65	0	65	4.189654742026425
TCGA-AJ-A8CW	uterine corpus endometrioid carcinoma	True	1196	1	1195	7.086737934510577
TCGA-AP-A054	uterine corpus endometrioid carcinoma	False	0	0	0	0.0
TCGA-AP-A056	uterine corpus endometrioid carcinoma	False	0	0	0	0.0
TCGA-AX-A2H8	uterine corpus endometrioid carcinoma	False	78	0	78	4.3694478524670215
TCGA-AX-A3FT	uterine corpus endometrioid carcinoma	True	2307	11	2296	7.739359202689098
TCGA-B5-A0K7	uterine corpus endometrioid carcinoma	False	0	0	0	0.0
TCGA-B5-A11J	uterine corpus endometrioid carcinoma	True	668	2	666	6.502790045915623
TCGA-B5-A11Q	uterine corpus endometrioid carcinoma	False	54	0	54	4.007333185232471
TCGA-B5-A11V	uterine corpus endometrioid carcinoma	False	79	0	79	4.382026634673881
TCGA-BG-A0MT	uterine corpus endometrioid carcinoma	False	0	0	0	0.0
TCGA-BS-A0TI	uterine corpus endometrioid carcinoma	False	116	0	116	4.762173934797756
TCGA-BS-A0UM	uterine corpus endometrioid carcinoma	False	0	0	0	0.0
TCGA-D1-A165	uterine corpus endometrioid carcinoma	False	87	0	87	4.477336814478207
TCGA-D1-A16B	uterine corpus endometrioid carcinoma	False	65	0	65	4.189654742026425
TCGA-DI-A0WH	uterine corpus endometrioid carcinoma	False	913	0	913	6.81783057145415
TCGA-DI-A2QY	uterine corpus endometrioid carcinoma	False	157	0	157	5.062595033026967
TCGA-EY-A3QX	uterine corpus endometrioid carcinoma	False	87	0	87	4.477336814478207
TCGA-FI-A2F4	uterine corpus endometrioid carcinoma	True	3600	6	3594	8.187299270155147
TCGA-FI-A2F8	uterine corpus endometrioid carcinoma	False	107	0	107	4.68213122712422
TCGA-SJ-A6ZI	uterine corpus endometrioid carcinoma	True	2404	4	2400	7.783640596221253
TCGA-A5-A0GI	uterine corpus endometrioid carcinoma	False	0	0	0	0.0
TCGA-A5-A1OK	uterine corpus endometrioid carcinoma	False	88	0	88	4.48863636973214
TCGA-AJ-A3NC	uterine corpus endometrioid carcinoma	False	0	0	0	0.0
TCGA-AP-A0LD	uterine corpus endometrioid carcinoma	False	0	0	0	0.0
TCGA-AP-A0LS	uterine corpus endometrioid carcinoma	False	822	0	822	6.71295620067707
TCGA-AX-A063	uterine corpus endometrioid carcinoma	False	0	0	0	0.0
TCGA-AX-A06L	uterine corpus endometrioid carcinoma	False	57	0	57	4.060443010546419
TCGA-AX-A2IN	uterine corpus endometrioid carcinoma	True	981	2	979	6.887552571664617
TCGA-AX-A3G9	uterine corpus endometrioid carcinoma	True	1303	1	1302	7.172424577124845
TCGA-B5-A0JT	uterine corpus endometrioid carcinoma	False	81	0	81	4.406719247264253
TCGA-B5-A0JV	uterine corpus endometrioid carcinoma	False	0	0	0	0.0
TCGA-B5-A11S	uterine corpus endometrioid carcinoma	False	64	0	64	4.174387269895637
TCGA-BG-A0MO	uterine corpus endometrioid carcinoma	False	0	0	0	0.0
TCGA-BG-A2AD	uterine corpus endometrioid carcinoma	False	0	0	0	0.0
TCGA-BS-A0U7	uterine corpus endometrioid carcinoma	False	288	0	288	5.666426688112432
TCGA-D1-A169	uterine corpus endometrioid carcinoma	False	78	0	78	4.3694478524670215
TCGA-DI-A1BY	uterine corpus endometrioid carcinoma	False	95	0	95	4.564348191467836
TCGA-DI-A1NN	uterine corpus endometrioid carcinoma	False	73	0	73	4.30406509320417
TCGA-EO-A1Y5	uterine corpus endometrioid carcinoma	False	108	0	108	4.6913478822291435
TCGA-EO-A3B1	uterine corpus endometrioid carcinoma	False	61	0	61	4.127134385045092
TCGA-EY-A2OP	uterine corpus endometrioid carcinoma	True	881	1	880	6.78105762593618
TCGA-FI-A2EY	uterine corpus endometrioid carcinoma	False	154	0	154	5.043425116919247
TCGA-KP-A3W4	uterine corpus endometrioid carcinoma	False	73	0	73	4.30406509320417
TCGA-A5-A0VQ	uterine corpus endometrioid carcinoma	True	551	1	550	6.311734809152915
TCGA-AP-A1DH	uterine corpus endometrioid carcinoma	False	1059	0	1059	6.966024187106113
TCGA-AP-A1DO	uterine corpus endometrioid carcinoma	True	1131	1	1130	7.030857476116121
TCGA-AX-A3FV	uterine corpus endometrioid carcinoma	True	150	1	149	5.0106352940962555
TCGA-B5-A0JX	uterine corpus endometrioid carcinoma	False	108	0	108	4.6913478822291435
TCGA-B5-A0K3	uterine corpus endometrioid carcinoma	False	0	0	0	0.0
TCGA-B5-A0KB	uterine corpus endometrioid carcinoma	False	56	0	56	4.04305126783455
TCGA-B5-A11O	uterine corpus endometrioid carcinoma	False	132	0	132	4.890349128221754
TCGA-B5-A1MY	uterine corpus endometrioid carcinoma	False	64	0	64	4.174387269895637
TCGA-BG-A0M2	uterine corpus endometrioid carcinoma	False	0	0	0	0.0
TCGA-BG-A3EW	uterine corpus endometrioid carcinoma	False	909	0	909	6.813444599510896
TCGA-BK-A6W4	uterine corpus endometrioid carcinoma	False	37	0	37	3.6375861597263857
TCGA-BS-A0UT	uterine corpus endometrioid carcinoma	False	46	0	46	3.8501476017100584
TCGA-D1-A16I	uterine corpus endometrioid carcinoma	False	57	0	57	4.060443010546419
TCGA-EY-A1GC	uterine corpus endometrioid carcinoma	False	69	0	69	4.248495242049359
TCGA-PG-A7D5	uterine corpus endometrioid carcinoma	False	61	0	61	4.127134385045092
TCGA-A5-A0G3	uterine corpus endometrioid carcinoma	False	0	0	0	0.0
TCGA-AJ-A23M	uterine corpus endometrioid carcinoma	False	158	0	158	5.0689042022202315
TCGA-AX-A1CI	uterine corpus endometrioid carcinoma	False	63	0	63	4.1588830833596715
TCGA-B5-A11W	uterine corpus endometrioid carcinoma	False	94	0	94	4.553876891600541
TCGA-B5-A11Z	uterine corpus endometrioid carcinoma	False	81	0	81	4.406719247264253
TCGA-BG-A0MH	uterine corpus endometrioid carcinoma	False	0	0	0	0.0
TCGA-BG-A186	uterine corpus endometrioid carcinoma	False	46	0	46	3.8501476017100584
TCGA-BK-A0CA	uterine corpus endometrioid carcinoma	False	80	0	80	4.394449154672439
TCGA-D1-A16J	uterine corpus endometrioid carcinoma	True	322	1	321	5.7745515455444085
TCGA-D1-A17H	uterine corpus endometrioid carcinoma	False	999	0	999	6.907755278982137
TCGA-D1-A1O5	uterine corpus endometrioid carcinoma	False	92	0	92	4.532599493153256
TCGA-D1-A3JP	uterine corpus endometrioid carcinoma	False	74	0	74	4.31748811353631
TCGA-D1-A3JQ	uterine corpus endometrioid carcinoma	False	51	0	51	3.9512437185814275
TCGA-E6-A8L9	uterine corpus endometrioid carcinoma	True	81	1	80	4.394449154672439
TCGA-EY-A2ON	uterine corpus endometrioid carcinoma	False	110	0	110	4.709530201312334
TCGA-EY-A2OQ	uterine corpus endometrioid carcinoma	True	72	1	71	4.276666119016055
TCGA-JU-AAVI	uterine corpus endometrioid carcinoma	False	78	0	78	4.3694478524670215
TCGA-QS-A5YR	uterine corpus endometrioid carcinoma	False	450	0	450	6.111467339502679
TCGA-SJ-A6ZJ	uterine corpus endometrioid carcinoma	False	108	0	108	4.6913478822291435
TCGA-AJ-A2QL	uterine corpus endometrioid carcinoma	False	67	0	67	4.219507705176107
TCGA-AJ-A2QN	uterine corpus endometrioid carcinoma	False	104	0	104	4.653960350157523
TCGA-AJ-A3NF	uterine corpus endometrioid carcinoma	False	80	0	80	4.394449154672439
TCGA-AP-A0LH	uterine corpus endometrioid carcinoma	False	0	0	0	0.0
TCGA-AP-A1DM	uterine corpus endometrioid carcinoma	False	669	0	669	6.507277712385012
TCGA-AX-A05W	uterine corpus endometrioid carcinoma	False	0	0	0	0.0
TCGA-AX-A06H	uterine corpus endometrioid carcinoma	False	622	0	622	6.434546518787453
TCGA-AX-A1CE	uterine corpus endometrioid carcinoma	True	20186	18	20168	9.911902051137146
TCGA-AX-A2HH	uterine corpus endometrioid carcinoma	False	73	0	73	4.30406509320417
TCGA-AX-A3G4	uterine corpus endometrioid carcinoma	False	64	0	64	4.174387269895637
TCGA-B5-A0JZ	uterine corpus endometrioid carcinoma	False	0	0	0	0.0
TCGA-B5-A1MS	uterine corpus endometrioid carcinoma	False	68	0	68	4.23410650459726
TCGA-BG-A0M4	uterine corpus endometrioid carcinoma	False	0	0	0	0.0
TCGA-BG-A0M7	uterine corpus endometrioid carcinoma	False	0	0	0	0.0
TCGA-BG-A0MA	uterine corpus endometrioid carcinoma	False	66	0	66	4.204692619390966
TCGA-BK-A0CB	uterine corpus endometrioid carcinoma	False	80	0	80	4.394449154672439
TCGA-BS-A0TG	uterine corpus endometrioid carcinoma	False	57	0	57	4.060443010546419
TCGA-D1-A0ZN	uterine corpus endometrioid carcinoma	False	60	0	60	4.110873864173311
TCGA-D1-A101	uterine corpus endometrioid carcinoma	False	678	0	678	6.520621127558696
TCGA-D1-A16F	uterine corpus endometrioid carcinoma	False	735	0	735	6.601230118728877
TCGA-D1-A1NZ	uterine corpus endometrioid carcinoma	False	1376	0	1376	7.227662498728654
TCGA-D1-A1O7	uterine corpus endometrioid carcinoma	False	610	0	610	6.415096959171596
TCGA-DF-A2L0	uterine corpus endometrioid carcinoma	False	76	0	76	4.343805421853684
TCGA-EY-A1GM	uterine corpus endometrioid carcinoma	False	60	0	60	4.110873864173311
TCGA-EY-A215	uterine corpus endometrioid carcinoma	True	8286	6	8280	9.0217190130337
TCGA-FI-A2CY	uterine corpus endometrioid carcinoma	False	59	0	59	4.0943445622221
TCGA-K6-A3WQ	uterine corpus endometrioid carcinoma	False	53	0	53	3.9889840465642745
TCGA-PG-A915	uterine corpus endometrioid carcinoma	False	121	0	121	4.804021044733257
TCGA-2E-A9G8	uterine corpus endometrioid carcinoma	False	112	0	112	4.727387818712341
TCGA-AP-A052	uterine corpus endometrioid carcinoma	False	0	0	0	0.0
TCGA-AP-A0LQ	uterine corpus endometrioid carcinoma	False	75	0	75	4.330733340286331
TCGA-AP-A1DR	uterine corpus endometrioid carcinoma	True	1540	1	1539	7.3395376954076745
TCGA-AP-A1DV	uterine corpus endometrioid carcinoma	True	21329	13	21316	9.967260155433195
TCGA-AX-A06F	uterine corpus endometrioid carcinoma	False	0	0	0	0.0
TCGA-AX-A1CJ	uterine corpus endometrioid carcinoma	False	90	0	90	4.51085950651685
TCGA-B5-A11Y	uterine corpus endometrioid carcinoma	False	1479	0	1479	7.299797366758161
TCGA-BS-A0TJ	uterine corpus endometrioid carcinoma	True	1065	1	1064	6.970730078143525
TCGA-BS-A0U9	uterine corpus endometrioid carcinoma	False	42	0	42	3.7612001156935624
TCGA-D1-A0ZP	uterine corpus endometrioid carcinoma	False	47	0	47	3.871201010907891
TCGA-D1-A17A	uterine corpus endometrioid carcinoma	True	363	1	362	5.8944028342648505
TCGA-D1-A17S	uterine corpus endometrioid carcinoma	False	60	0	60	4.110873864173311
TCGA-A5-A0GP	uterine corpus endometrioid carcinoma	False	0	0	0	0.0
TCGA-A5-A0GU	uterine corpus endometrioid carcinoma	False	0	0	0	0.0
TCGA-AJ-A8CT	uterine corpus endometrioid carcinoma	True	1060	1	1059	6.966024187106113
TCGA-AJ-A8CV	uterine corpus endometrioid carcinoma	False	383	0	383	5.950642552587727
TCGA-AP-A05N	uterine corpus endometrioid carcinoma	False	0	0	0	0.0
TCGA-AX-A1CK	uterine corpus endometrioid carcinoma	False	89	0	89	4.499809670330265
TCGA-AX-A3G3	uterine corpus endometrioid carcinoma	False	237	0	237	5.472270673671475
TCGA-B5-A0K6	uterine corpus endometrioid carcinoma	False	0	0	0	0.0
TCGA-BG-A0VX	uterine corpus endometrioid carcinoma	True	277	1	276	5.6240175061873385
TCGA-BG-A0VZ	uterine corpus endometrioid carcinoma	False	509	0	509	6.234410725718371
TCGA-BK-A13B	uterine corpus endometrioid carcinoma	True	1197	1	1196	7.087573705557973
TCGA-BS-A0TA	uterine corpus endometrioid carcinoma	False	680	0	680	6.523562306149512
TCGA-BS-A0VI	uterine corpus endometrioid carcinoma	False	549	0	549	6.309918278226516
TCGA-D1-A0ZV	uterine corpus endometrioid carcinoma	False	56	0	56	4.04305126783455
TCGA-D1-A15W	uterine corpus endometrioid carcinoma	False	92	0	92	4.532599493153256
TCGA-D1-A17D	uterine corpus endometrioid carcinoma	True	706	1	705	6.559615237493242
TCGA-D1-A17R	uterine corpus endometrioid carcinoma	False	364	0	364	5.8998973535824915
TCGA-EO-A22S	uterine corpus endometrioid carcinoma	True	1315	3	1312	7.180069874302796
TCGA-EO-A3AY	uterine corpus endometrioid carcinoma	True	6325	6	6319	8.751474487140904
TCGA-FI-A2EX	uterine corpus endometrioid carcinoma	False	78	0	78	4.3694478524670215
TCGA-A5-A0G2	uterine corpus endometrioid carcinoma	False	0	0	0	0.0
TCGA-A5-A0GH	uterine corpus endometrioid carcinoma	False	0	0	0	0.0
TCGA-AJ-A3BD	uterine corpus endometrioid carcinoma	False	115	0	115	4.7535901911063645
TCGA-AJ-A3QS	uterine corpus endometrioid carcinoma	False	396	0	396	5.983936280687191
TCGA-AP-A0LE	uterine corpus endometrioid carcinoma	True	786	1	785	6.666956792429207
TCGA-AP-A0LT	uterine corpus endometrioid carcinoma	False	0	0	0	0.0
TCGA-AX-A05Y	uterine corpus endometrioid carcinoma	False	0	0	0	0.0
TCGA-B5-A0JU	uterine corpus endometrioid carcinoma	True	891	2	889	6.7912214627261855
TCGA-B5-A121	uterine corpus endometrioid carcinoma	False	47	0	47	3.871201010907891
TCGA-BG-A0LX	uterine corpus endometrioid carcinoma	False	0	0	0	0.0
TCGA-BG-A0W2	uterine corpus endometrioid carcinoma	False	51	0	51	3.9512437185814275
TCGA-BG-A2AE	uterine corpus endometrioid carcinoma	False	88	0	88	4.48863636973214
TCGA-BK-A0C9	uterine corpus endometrioid carcinoma	False	0	0	0	0.0
TCGA-D1-A0ZR	uterine corpus endometrioid carcinoma	False	73	0	73	4.30406509320417
TCGA-EC-A24G	uterine corpus endometrioid carcinoma	True	1870	2	1868	7.533158807455563
TCGA-EY-A1H0	uterine corpus endometrioid carcinoma	False	694	0	694	6.543911845564792
TCGA-FI-A3PX	uterine corpus endometrioid carcinoma	True	130	1	129	4.867534450455582
TCGA-QF-A5YS	uterine corpus endometrioid carcinoma	False	2788	0	2788	7.933438387627489
TCGA-QF-A5YT	uterine corpus endometrioid carcinoma	False	12	0	12	2.5649493574615367
TCGA-AJ-A5DW	uterine corpus endometrioid carcinoma	True	5618	3	5615	8.633374945705647
TCGA-AP-A0LL	uterine corpus endometrioid carcinoma	False	61	0	61	4.127134385045092
TCGA-AP-A0LN	uterine corpus endometrioid carcinoma	False	0	0	0	0.0
TCGA-AP-A3K1	uterine corpus endometrioid carcinoma	False	0	0	0	0.0
TCGA-AX-A05U	uterine corpus endometrioid carcinoma	False	0	0	0	0.0
TCGA-AX-A2HG	uterine corpus endometrioid carcinoma	True	1612	1	1611	7.385230923066573
TCGA-B5-A3F9	uterine corpus endometrioid carcinoma	False	100	0	100	4.61512051684126
TCGA-BG-A0VT	uterine corpus endometrioid carcinoma	False	0	0	0	0.0
TCGA-BS-A0V4	uterine corpus endometrioid carcinoma	False	616	0	616	6.424869023905388
TCGA-D1-A16Y	uterine corpus endometrioid carcinoma	False	1520	0	1520	7.327123292259293
TCGA-D1-A17M	uterine corpus endometrioid carcinoma	False	631	0	631	6.448889394146858
TCGA-E6-A1M0	uterine corpus endometrioid carcinoma	True	3152	3	3149	8.055157731819678
TCGA-EO-A22R	uterine corpus endometrioid carcinoma	True	22823	18	22805	10.034778938217304
TCGA-EO-A22T	uterine corpus endometrioid carcinoma	True	1814	1	1813	7.503289630675082
TCGA-EY-A2OO	uterine corpus endometrioid carcinoma	False	92	0	92	4.532599493153256
TCGA-EY-A4KR	uterine corpus endometrioid carcinoma	False	138	0	138	4.9344739331306915
TCGA-FI-A2D5	uterine corpus endometrioid carcinoma	True	24192	23	24169	10.09286747369753
TCGA-A5-A0R7	uterine corpus endometrioid carcinoma	False	100	0	100	4.61512051684126
TCGA-AJ-A3OL	uterine corpus endometrioid carcinoma	True	542	1	541	6.295266001439646
TCGA-B5-A11F	uterine corpus endometrioid carcinoma	False	59	0	59	4.0943445622221
TCGA-B5-A1MW	uterine corpus endometrioid carcinoma	True	1162	2	1160	7.057036981697891
TCGA-BS-A0U8	uterine corpus endometrioid carcinoma	False	659	0	659	6.492239835020471
TCGA-BS-A0UV	uterine corpus endometrioid carcinoma	True	13267	14	13253	9.492054672648171
TCGA-BS-A0V6	uterine corpus endometrioid carcinoma	True	76	1	75	4.330733340286331
TCGA-BS-A0WQ	uterine corpus endometrioid carcinoma	False	67	0	67	4.219507705176107
TCGA-DF-A2KV	uterine corpus endometrioid carcinoma	True	2367	5	2362	7.767687277186908
TCGA-DI-A1BU	uterine corpus endometrioid carcinoma	True	14425	19	14406	9.575469478561473
TCGA-EY-A2OM	uterine corpus endometrioid carcinoma	True	1248	1	1247	7.129297548929373
TCGA-FI-A2D0	uterine corpus endometrioid carcinoma	True	11710	21	11689	9.366489054466115
TCGA-KJ-A3U4	uterine corpus endometrioid carcinoma	False	74	0	74	4.31748811353631
TCGA-QS-A5YQ	uterine corpus endometrioid carcinoma	True	1658	1	1657	7.4133673356952405
TCGA-4E-A92E	uterine corpus endometrioid carcinoma	True	266	1	265	5.583496308781699
TCGA-AJ-A3OJ	uterine corpus endometrioid carcinoma	False	1695	0	1695	7.4360278163518485
TCGA-AP-A05P	uterine corpus endometrioid carcinoma	False	0	0	0	0.0
TCGA-AP-A0LG	uterine corpus endometrioid carcinoma	False	0	0	0	0.0
TCGA-AP-A1E4	uterine corpus endometrioid carcinoma	False	42	0	42	3.7612001156935624
TCGA-AX-A1CN	uterine corpus endometrioid carcinoma	False	49	0	49	3.912023005428146
TCGA-B5-A0JS	uterine corpus endometrioid carcinoma	False	39	0	39	3.6888794541139363
TCGA-B5-A0K2	uterine corpus endometrioid carcinoma	False	0	0	0	0.0
TCGA-B5-A1MZ	uterine corpus endometrioid carcinoma	False	81	0	81	4.406719247264253
TCGA-BS-A0UL	uterine corpus endometrioid carcinoma	False	560	0	560	6.329720905522696
TCGA-D1-A0ZS	uterine corpus endometrioid carcinoma	False	612	0	612	6.418364935936212
TCGA-D1-A16Q	uterine corpus endometrioid carcinoma	False	43	0	43	3.784189633918261
TCGA-D1-A16X	uterine corpus endometrioid carcinoma	True	3822	2	3820	8.2482674474469
TCGA-D1-A17Q	uterine corpus endometrioid carcinoma	True	8578	9	8569	9.056023011591826
TCGA-EY-A1GP	uterine corpus endometrioid carcinoma	False	52	0	52	3.970291913552122
TCGA-A5-A0GM	uterine corpus endometrioid carcinoma	False	0	0	0	0.0
TCGA-A5-A0GX	uterine corpus endometrioid carcinoma	False	0	0	0	0.0
TCGA-AJ-A3EK	uterine corpus endometrioid carcinoma	True	10444	17	10427	9.252249775053393
TCGA-AP-A1DK	uterine corpus endometrioid carcinoma	True	19064	15	19049	9.854822380554847
TCGA-AX-A062	uterine corpus endometrioid carcinoma	False	0	0	0	0.0
TCGA-AX-A0IZ	uterine corpus endometrioid carcinoma	False	0	0	0	0.0
TCGA-AX-A2HC	uterine corpus endometrioid carcinoma	True	23087	30	23057	10.045768059792898
TCGA-B5-A11E	uterine corpus endometrioid carcinoma	True	13641	12	13629	9.520028524690579
TCGA-B5-A3FC	uterine corpus endometrioid carcinoma	True	22662	21	22641	10.027561867638054
TCGA-BG-A0MS	uterine corpus endometrioid carcinoma	False	0	0	0	0.0
TCGA-BG-A0VV	uterine corpus endometrioid carcinoma	True	62	1	61	4.127134385045092
TCGA-BG-A18B	uterine corpus endometrioid carcinoma	False	545	0	545	6.302618975744905
TCGA-D1-A17U	uterine corpus endometrioid carcinoma	False	613	0	613	6.419994928147142
TCGA-D1-A1NS	uterine corpus endometrioid carcinoma	True	544	1	543	6.298949246855942
TCGA-D1-A2G6	uterine corpus endometrioid carcinoma	False	137	0	137	4.927253685157205
TCGA-E6-A2P8	uterine corpus endometrioid carcinoma	True	1107	2	1105	7.00850518208228
TCGA-A5-AB3J	uterine corpus endometrioid carcinoma	False	61	0	61	4.127134385045092
TCGA-AJ-A3I9	uterine corpus endometrioid carcinoma	False	50	0	50	3.9318256327243257
TCGA-AX-A0IS	uterine corpus endometrioid carcinoma	False	69	0	69	4.248495242049359
TCGA-AX-A1C4	uterine corpus endometrioid carcinoma	True	1725	5	1720	7.450660796211539
TCGA-BG-A0MK	uterine corpus endometrioid carcinoma	False	141	0	141	4.955827057601261
TCGA-EY-A1GI	uterine corpus endometrioid carcinoma	True	7839	5	7834	8.966356154790121
TCGA-5S-A9Q8	uterine corpus endometrioid carcinoma	False	88	0	88	4.48863636973214
TCGA-A5-A0R9	uterine corpus endometrioid carcinoma	False	61	0	61	4.127134385045092
TCGA-B5-A0K4	uterine corpus endometrioid carcinoma	False	0	0	0	0.0
TCGA-B5-A11R	uterine corpus endometrioid carcinoma	True	961	3	958	6.8658910748834385
TCGA-D1-A16N	uterine corpus endometrioid carcinoma	True	192	1	191	5.2574953720277815
TCGA-D1-A174	uterine corpus endometrioid carcinoma	True	1187	1	1186	7.079184394609668
TCGA-DI-A2QT	uterine corpus endometrioid carcinoma	False	38	0	38	3.6635616461296463
TCGA-EO-A3AV	uterine corpus endometrioid carcinoma	True	7314	6	7308	8.896861744480391
TCGA-EY-A1GD	uterine corpus endometrioid carcinoma	True	1902	2	1900	7.550135342488429
TCGA-EY-A1GL	uterine corpus endometrioid carcinoma	False	73	0	73	4.30406509320417
TCGA-B5-A0JY	uterine corpus endometrioid carcinoma	True	14225	11	14214	9.5620530240851
TCGA-BG-A0M8	uterine corpus endometrioid carcinoma	False	105	0	105	4.663439094112067
TCGA-D1-A163	uterine corpus endometrioid carcinoma	True	869	1	868	6.767343125265392
TCGA-D1-A2G5	uterine corpus endometrioid carcinoma	True	375	2	373	5.924255797414532
TCGA-BG-A222	uterine corpus endometrioid carcinoma	True	7937	11	7926	8.978029932837156
TCGA-D1-A102	uterine corpus endometrioid carcinoma	False	68	0	68	4.23410650459726
TCGA-D1-A16D	uterine corpus endometrioid carcinoma	False	52	0	52	3.970291913552122
TCGA-DF-A2KY	uterine corpus endometrioid carcinoma	False	0	0	0	0.0
TCGA-B5-A0K0	uterine corpus endometrioid carcinoma	False	0	0	0	0.0
TCGA-BS-A0V7	uterine corpus endometrioid carcinoma	False	71	0	71	4.276666119016055
TCGA-D1-A175	uterine corpus endometrioid carcinoma	False	0	0	0	0.0
TCGA-A5-A1OF	uterine corpus endometrioid carcinoma	True	18643	18	18625	9.832313733081604
TCGA-AJ-A3EL	uterine corpus endometrioid carcinoma	True	13292	10	13282	9.494240301132503
TCGA-AX-A0J0	uterine corpus endometrioid carcinoma	True	11005	11	10994	9.305195902988862
TCGA-AX-A1C5	uterine corpus endometrioid carcinoma	True	1606	4	1602	7.3796321526095525
TCGA-B5-A1MX	uterine corpus endometrioid carcinoma	True	10460	12	10448	9.254261559034111
TCGA-BG-A0LW	uterine corpus endometrioid carcinoma	False	0	0	0	0.0
TCGA-BK-A13C	uterine corpus endometrioid carcinoma	False	60	0	60	4.110873864173311
TCGA-A5-A0GW	uterine corpus endometrioid carcinoma	False	0	0	0	0.0
TCGA-AJ-A3NE	uterine corpus endometrioid carcinoma	False	0	0	0	0.0
TCGA-D1-A17N	uterine corpus endometrioid carcinoma	False	39	0	39	3.6888794541139363
TCGA-AP-A0LO	uterine corpus endometrioid carcinoma	False	0	0	0	0.0
TCGA-AP-A1E3	uterine corpus endometrioid carcinoma	False	65	0	65	4.189654742026425
TCGA-D1-A15X	uterine corpus endometrioid carcinoma	True	2366	4	2362	7.767687277186908
TCGA-A5-A0GJ	uterine corpus endometrioid carcinoma	False	0	0	0	0.0
TCGA-D1-A16O	uterine corpus endometrioid carcinoma	False	45	0	45	3.828641396489095
TCGA-FI-A2D4	uterine corpus endometrioid carcinoma	True	689	1	688	6.535241271013659
TCGA-B5-A11M	uterine corpus endometrioid carcinoma	False	42	0	42	3.7612001156935624
TCGA-EO-A3B0	uterine corpus endometrioid carcinoma	True	19430	22	19408	9.873492155000728
TCGA-AP-A0LJ	uterine corpus endometrioid carcinoma	False	0	0	0	0.0
TCGA-BK-A4ZD	uterine corpus endometrioid carcinoma	False	118	0	118	4.77912349311153
TCGA-A5-A2K7	uterine corpus endometrioid carcinoma	True	1227	2	1225	7.111512116496157
TCGA-AP-A1E0	uterine corpus endometrioid carcinoma	True	8391	10	8381	9.033841828485016
TCGA-E6-A1LX	uterine corpus endometrioid carcinoma	True	22062	21	22041	10.000705003251488
TCGA-AP-A0LV	uterine corpus endometrioid carcinoma	False	0	0	0	0.0
TCGA-BS-A0T9	uterine corpus endometrioid carcinoma	False	79	0	79	4.382026634673881
TCGA-D1-A16R	uterine corpus endometrioid carcinoma	False	61	0	61	4.127134385045092
TCGA-A5-A0GE	uterine corpus endometrioid carcinoma	False	0	0	0	0.0
TCGA-DI-A1C3	uterine corpus endometrioid carcinoma	False	57	0	57	4.060443010546419
TCGA-AX-A05Z	uterine corpus endometrioid carcinoma	False	0	0	0	0.0
TCGA-BG-A0YU	uterine corpus endometrioid carcinoma	False	30	0	30	3.4339872044851463
TCGA-EO-A22X	uterine corpus endometrioid carcinoma	True	16775	16	16759	9.726750374036074
TCGA-AX-A2HA	uterine corpus endometrioid carcinoma	True	2905	2	2903	7.973844375944687
TCGA-AX-A2HJ	uterine corpus endometrioid carcinoma	True	3037	5	3032	8.017307507688582
TCGA-BS-A0TE	uterine corpus endometrioid carcinoma	False	465	0	465	6.144185634125646
TCGA-BK-A6W3	uterine corpus endometrioid carcinoma	True	6940	4	6936	8.844624683385302
TCGA-D1-A0ZU	uterine corpus endometrioid carcinoma	False	46	0	46	3.8501476017100584
TCGA-AP-A0LM	uterine corpus endometrioid carcinoma	True	19838	23	19815	9.894244971169195
TCGA-AX-A3FZ	uterine corpus endometrioid carcinoma	False	61	0	61	4.127134385045092
TCGA-A5-A1OJ	uterine corpus endometrioid carcinoma	False	71	0	71	4.276666119016055
TCGA-AJ-A3BH	uterine corpus endometrioid carcinoma	True	4791	3	4788	8.47407690034261
TCGA-DF-A2KN	uterine corpus endometrioid carcinoma	True	7926	8	7918	8.977020214210413
TCGA-DF-A2KU	uterine corpus endometrioid carcinoma	True	18114	13	18101	9.803777708387116
TCGA-AA-3525	colon adenocarcinoma	False	0	0	0	0.0
TCGA-G4-6298	colon adenocarcinoma	False	112	0	112	4.727387818712341
TCGA-G4-6626	colon adenocarcinoma	True	194	2	192	5.262690188904886
TCGA-AA-3852	colon adenocarcinoma	False	0	0	0	0.0
TCGA-DM-A1D6	colon adenocarcinoma	False	156	0	156	5.056245805348308
TCGA-AA-3521	colon adenocarcinoma	False	0	0	0	0.0
TCGA-A6-2671	colon adenocarcinoma	False	104	0	104	4.653960350157523
TCGA-AA-3524	colon adenocarcinoma	False	0	0	0	0.0
TCGA-AA-3552	colon adenocarcinoma	False	0	0	0	0.0
TCGA-AA-3543	colon adenocarcinoma	False	0	0	0	0.0
TCGA-AA-3675	colon adenocarcinoma	False	0	0	0	0.0
TCGA-AA-3979	colon adenocarcinoma	False	0	0	0	0.0
TCGA-AA-3989	colon adenocarcinoma	False	0	0	0	0.0
TCGA-AD-6895	colon adenocarcinoma	True	2457	3	2454	7.805882040228621
TCGA-AD-6899	colon adenocarcinoma	False	218	0	218	5.389071729816501
TCGA-AZ-4615	colon adenocarcinoma	False	1267	0	1267	7.145196134997171
TCGA-G4-6627	colon adenocarcinoma	False	136	0	136	4.919980925828125
TCGA-AA-3939	colon adenocarcinoma	False	0	0	0	0.0
TCGA-D5-5537	colon adenocarcinoma	True	147	1	146	4.990432586778736
TCGA-A6-5659	colon adenocarcinoma	False	315	0	315	5.755742213586912
TCGA-A6-6653	colon adenocarcinoma	True	1660	1	1659	7.414572881350589
TCGA-A6-6782	colon adenocarcinoma	True	193	1	192	5.262690188904886
TCGA-AA-3562	colon adenocarcinoma	False	0	0	0	0.0
TCGA-AA-3862	colon adenocarcinoma	False	0	0	0	0.0
TCGA-AA-A02O	colon adenocarcinoma	False	0	0	0	0.0
TCGA-CM-6676	colon adenocarcinoma	False	147	0	147	4.997212273764115
TCGA-DM-A1D7	colon adenocarcinoma	False	197	0	197	5.288267030694535
TCGA-DM-A1HA	colon adenocarcinoma	False	197	0	197	5.288267030694535
TCGA-T9-A92H	colon adenocarcinoma	False	268	0	268	5.594711379601839
TCGA-AA-A024	colon adenocarcinoma	False	0	0	0	0.0
TCGA-AZ-6606	colon adenocarcinoma	False	211	0	211	5.356586274672012
TCGA-CK-5912	colon adenocarcinoma	False	94	0	94	4.553876891600541
TCGA-CK-5914	colon adenocarcinoma	False	198	0	198	5.293304824724492
TCGA-A6-5664	colon adenocarcinoma	False	80	0	80	4.394449154672439
TCGA-AA-3530	colon adenocarcinoma	False	0	0	0	0.0
TCGA-AA-3688	colon adenocarcinoma	False	0	0	0	0.0
TCGA-AA-3975	colon adenocarcinoma	False	0	0	0	0.0
TCGA-AA-A00A	colon adenocarcinoma	False	0	0	0	0.0
TCGA-AA-A00J	colon adenocarcinoma	False	0	0	0	0.0
TCGA-AA-A00W	colon adenocarcinoma	False	0	0	0	0.0
TCGA-CM-5862	colon adenocarcinoma	False	137	0	137	4.927253685157205
TCGA-D5-6928	colon adenocarcinoma	True	2403	2	2401	7.784057002639929
TCGA-DM-A1D4	colon adenocarcinoma	True	242	1	241	5.488937726156687
TCGA-G4-6311	colon adenocarcinoma	False	209	0	209	5.3471075307174685
TCGA-A6-4105	colon adenocarcinoma	False	223	0	223	5.4116460518550396
TCGA-AA-3495	colon adenocarcinoma	False	0	0	0	0.0
TCGA-AA-A00K	colon adenocarcinoma	False	0	0	0	0.0
TCGA-NH-A8F8	colon adenocarcinoma	False	164	0	164	5.10594547390058
TCGA-A6-2675	colon adenocarcinoma	False	143	0	143	4.969813299576001
TCGA-A6-5666	colon adenocarcinoma	False	129	0	129	4.867534450455582
TCGA-AA-3556	colon adenocarcinoma	False	26	0	26	3.295836866004329
TCGA-AD-6901	colon adenocarcinoma	False	346	0	346	5.849324779946859
TCGA-DM-A28A	colon adenocarcinoma	False	198	0	198	5.293304824724492
TCGA-G4-6628	colon adenocarcinoma	True	2856	4	2852	7.9561263512135
TCGA-AA-3506	colon adenocarcinoma	False	217	0	217	5.384495062789089
TCGA-AA-3697	colon adenocarcinoma	False	291	0	291	5.676753802268282
TCGA-AA-3715	colon adenocarcinoma	False	0	0	0	0.0
TCGA-AZ-6605	colon adenocarcinoma	True	173	1	172	5.153291594497779
TCGA-CA-6719	colon adenocarcinoma	False	166	0	166	5.117993812416755
TCGA-D5-6931	colon adenocarcinoma	False	421	0	421	6.045005314036012
TCGA-5M-AATE	colon adenocarcinoma	True	188	1	187	5.236441962829949
TCGA-AA-3869	colon adenocarcinoma	False	0	0	0	0.0
TCGA-AA-A004	colon adenocarcinoma	False	0	0	0	0.0
TCGA-AA-A01I	colon adenocarcinoma	False	0	0	0	0.0
TCGA-AD-6889	colon adenocarcinoma	True	2601	3	2598	7.8628820346414905
TCGA-D5-6922	colon adenocarcinoma	False	155	0	155	5.049856007249537
TCGA-AA-3489	colon adenocarcinoma	False	154	0	154	5.043425116919247
TCGA-AA-3982	colon adenocarcinoma	False	0	0	0	0.0
TCGA-AA-A00N	colon adenocarcinoma	True	7352	10	7342	8.90150275745161
TCGA-AA-A01C	colon adenocarcinoma	False	0	0	0	0.0
TCGA-D5-6531	colon adenocarcinoma	False	265	0	265	5.583496308781699
TCGA-DM-A1HB	colon adenocarcinoma	True	1773	1	1772	7.480428306074208
TCGA-DM-A28G	colon adenocarcinoma	False	170	0	170	5.14166355650266
TCGA-DM-A28K	colon adenocarcinoma	True	150	1	149	5.0106352940962555
TCGA-G4-6294	colon adenocarcinoma	False	213	0	213	5.365976015021851
TCGA-5M-AAT4	colon adenocarcinoma	False	265	0	265	5.583496308781699
TCGA-A6-5656	colon adenocarcinoma	False	172	0	172	5.153291594497779
TCGA-A6-6780	colon adenocarcinoma	True	1852	1	1851	7.524021415206125
TCGA-AA-3850	colon adenocarcinoma	False	0	0	0	0.0
TCGA-AA-3851	colon adenocarcinoma	False	0	0	0	0.0
TCGA-AA-3867	colon adenocarcinoma	False	0	0	0	0.0
TCGA-CM-6163	colon adenocarcinoma	True	143	1	142	4.962844630259907
TCGA-CM-6165	colon adenocarcinoma	False	161	0	161	5.087596335232384
TCGA-DM-A28C	colon adenocarcinoma	False	146	0	146	4.990432586778736
TCGA-A6-3808	colon adenocarcinoma	False	0	0	0	0.0
TCGA-A6-5660	colon adenocarcinoma	False	176	0	176	5.176149732573829
TCGA-AA-3502	colon adenocarcinoma	False	254	0	254	5.541263545158426
TCGA-AA-3986	colon adenocarcinoma	False	0	0	0	0.0
TCGA-AA-A02Y	colon adenocarcinoma	False	0	0	0	0.0
TCGA-AD-6888	colon adenocarcinoma	False	152	0	152	5.030437921392435
TCGA-D5-5540	colon adenocarcinoma	True	179	1	178	5.187385805840755
TCGA-D5-6536	colon adenocarcinoma	False	142	0	142	4.962844630259907
TCGA-DM-A28F	colon adenocarcinoma	False	345	0	345	5.846438775057725
TCGA-G4-6320	colon adenocarcinoma	True	1575	4	1571	7.360103972989152
TCGA-AA-3561	colon adenocarcinoma	False	0	0	0	0.0
TCGA-AA-3855	colon adenocarcinoma	False	0	0	0	0.0
TCGA-AA-3861	colon adenocarcinoma	False	0	0	0	0.0
TCGA-AA-3972	colon adenocarcinoma	False	0	0	0	0.0
TCGA-AA-A01F	colon adenocarcinoma	False	0	0	0	0.0
TCGA-AZ-6599	colon adenocarcinoma	False	426	0	426	6.056784013228625
TCGA-CM-5348	colon adenocarcinoma	False	260	0	260	5.564520407322694
TCGA-A6-2674	colon adenocarcinoma	False	170	0	170	5.14166355650266
TCGA-AA-3864	colon adenocarcinoma	False	0	0	0	0.0
TCGA-G4-6306	colon adenocarcinoma	False	156	0	156	5.056245805348308
TCGA-QG-A5Z1	colon adenocarcinoma	True	140	1	139	4.941642422609304
TCGA-A6-2682	colon adenocarcinoma	False	0	0	0	0.0
TCGA-AA-3510	colon adenocarcinoma	True	4591	3	4588	8.431417414394833
TCGA-AA-3558	colon adenocarcinoma	False	0	0	0	0.0
TCGA-AA-3976	colon adenocarcinoma	False	0	0	0	0.0
TCGA-AA-A00D	colon adenocarcinoma	False	0	0	0	0.0
TCGA-AA-A00Z	colon adenocarcinoma	False	0	0	0	0.0
TCGA-AA-3542	colon adenocarcinoma	False	0	0	0	0.0
TCGA-AA-3549	colon adenocarcinoma	False	0	0	0	0.0
TCGA-AA-3685	colon adenocarcinoma	False	0	0	0	0.0
TCGA-AA-3973	colon adenocarcinoma	False	0	0	0	0.0
TCGA-AA-3994	colon adenocarcinoma	False	0	0	0	0.0
TCGA-AZ-6607	colon adenocarcinoma	False	103	0	103	4.6443908991413725
TCGA-CM-4743	colon adenocarcinoma	True	1708	2	1706	7.442492722794441
TCGA-CM-4744	colon adenocarcinoma	False	215	0	215	5.375278407684165
TCGA-D5-6529	colon adenocarcinoma	False	154	0	154	5.043425116919247
TCGA-D5-6932	colon adenocarcinoma	False	181	0	181	5.204006687076795
TCGA-G4-6299	colon adenocarcinoma	False	225	0	225	5.420534999272286
TCGA-G4-6310	colon adenocarcinoma	False	165	0	165	5.111987788356544
TCGA-NH-A50V	colon adenocarcinoma	False	227	0	227	5.429345628954441
TCGA-AA-3544	colon adenocarcinoma	False	0	0	0	0.0
TCGA-AA-3655	colon adenocarcinoma	False	111	0	111	4.718498871295094
TCGA-AA-3666	colon adenocarcinoma	False	0	0	0	0.0
TCGA-AA-3713	colon adenocarcinoma	True	1534	1	1533	7.335633981927201
TCGA-AA-3952	colon adenocarcinoma	False	0	0	0	0.0
TCGA-AA-A01Z	colon adenocarcinoma	False	0	0	0	0.0
TCGA-AZ-6601	colon adenocarcinoma	True	2895	4	2891	7.969703583278656
TCGA-D5-6924	colon adenocarcinoma	True	207	1	206	5.332718793265369
TCGA-DM-A1DB	colon adenocarcinoma	False	97	0	97	4.584967478670572
TCGA-DM-A288	colon adenocarcinoma	False	127	0	127	4.852030263919617
TCGA-4N-A93T	colon adenocarcinoma	False	149	0	149	5.0106352940962555
TCGA-AA-3522	colon adenocarcinoma	False	16	0	16	2.833213344056216
TCGA-AA-3837	colon adenocarcinoma	False	0	0	0	0.0
TCGA-AA-3858	colon adenocarcinoma	False	0	0	0	0.0
TCGA-AA-A029	colon adenocarcinoma	False	0	0	0	0.0
TCGA-AD-5900	colon adenocarcinoma	True	2305	3	2302	7.741967899820685
TCGA-CM-6169	colon adenocarcinoma	False	141	0	141	4.955827057601261
TCGA-D5-6930	colon adenocarcinoma	True	1837	1	1836	7.515889085215125
TCGA-A6-6649	colon adenocarcinoma	False	169	0	169	5.135798437050262
TCGA-AA-3831	colon adenocarcinoma	False	0	0	0	0.0
TCGA-AA-3841	colon adenocarcinoma	False	0	0	0	0.0
TCGA-AA-3930	colon adenocarcinoma	False	0	0	0	0.0
TCGA-AA-A00F	colon adenocarcinoma	False	0	0	0	0.0
TCGA-AA-A00L	colon adenocarcinoma	False	0	0	0	0.0
TCGA-D5-6540	colon adenocarcinoma	False	1850	0	1850	7.523481312573497
TCGA-G4-6315	colon adenocarcinoma	False	203	0	203	5.318119993844216
TCGA-A6-5657	colon adenocarcinoma	False	164	0	164	5.10594547390058
TCGA-AA-3712	colon adenocarcinoma	False	200	0	200	5.303304908059076
TCGA-AA-3956	colon adenocarcinoma	False	0	0	0	0.0
TCGA-AA-3970	colon adenocarcinoma	False	0	0	0	0.0
TCGA-AA-3977	colon adenocarcinoma	False	0	0	0	0.0
TCGA-AA-A00E	colon adenocarcinoma	False	0	0	0	0.0
TCGA-AD-6890	colon adenocarcinoma	False	153	0	153	5.0369526024136295
TCGA-CA-6716	colon adenocarcinoma	False	216	0	216	5.37989735354046
TCGA-D5-6926	colon adenocarcinoma	False	167	0	167	5.123963979403259
TCGA-DM-A0XD	colon adenocarcinoma	False	236	0	236	5.4680601411351315
TCGA-G4-6322	colon adenocarcinoma	False	129	0	129	4.867534450455582
TCGA-AA-3511	colon adenocarcinoma	False	183	0	183	5.214935757608986
TCGA-AZ-6600	colon adenocarcinoma	False	188	0	188	5.241747015059643
TCGA-D5-6537	colon adenocarcinoma	False	147	0	147	4.997212273764115
TCGA-F4-6703	colon adenocarcinoma	True	759	1	758	6.63200177739563
TCGA-AA-3519	colon adenocarcinoma	False	0	0	0	0.0
TCGA-AA-3532	colon adenocarcinoma	False	0	0	0	0.0
TCGA-AA-A01G	colon adenocarcinoma	False	0	0	0	0.0
TCGA-CA-6715	colon adenocarcinoma	False	132	0	132	4.890349128221754
TCGA-CK-5915	colon adenocarcinoma	False	136	0	136	4.919980925828125
TCGA-D5-5541	colon adenocarcinoma	False	93	0	93	4.543294782270004
TCGA-DM-A28M	colon adenocarcinoma	False	139	0	139	4.941642422609304
TCGA-A6-3810	colon adenocarcinoma	False	251	0	251	5.529429087511423
TCGA-A6-6140	colon adenocarcinoma	False	0	0	0	0.0
TCGA-AD-6965	colon adenocarcinoma	False	169	0	169	5.135798437050262
TCGA-CM-4751	colon adenocarcinoma	False	131	0	131	4.882801922586371
TCGA-A6-6138	colon adenocarcinoma	False	157	0	157	5.062595033026967
TCGA-AZ-4315	colon adenocarcinoma	True	9756	11	9745	9.184612223403452
TCGA-AZ-4682	colon adenocarcinoma	False	110	0	110	4.709530201312334
TCGA-CM-4746	colon adenocarcinoma	True	1110	1	1109	7.01211529430638
TCGA-D5-6532	colon adenocarcinoma	False	169	0	169	5.135798437050262
TCGA-QG-A5Z2	colon adenocarcinoma	True	1543	2	1541	7.340835554123275
TCGA-AA-3517	colon adenocarcinoma	False	0	0	0	0.0
TCGA-AY-6197	colon adenocarcinoma	True	1624	2	1622	7.392031567514591
TCGA-CM-5864	colon adenocarcinoma	False	272	0	272	5.60947179518496
TCGA-D5-5539	colon adenocarcinoma	False	150	0	150	5.017279836814924
TCGA-F4-6569	colon adenocarcinoma	False	165	0	165	5.111987788356544
TCGA-F4-6704	colon adenocarcinoma	False	105	0	105	4.663439094112067
TCGA-A6-6652	colon adenocarcinoma	False	115	0	115	4.7535901911063645
TCGA-A6-A5ZU	colon adenocarcinoma	False	0	0	0	0.0
TCGA-AA-3679	colon adenocarcinoma	False	0	0	0	0.0
TCGA-AA-3856	colon adenocarcinoma	False	0	0	0	0.0
TCGA-AA-A01V	colon adenocarcinoma	False	0	0	0	0.0
TCGA-AA-3488	colon adenocarcinoma	False	0	0	0	0.0
TCGA-AA-3971	colon adenocarcinoma	False	0	0	0	0.0
TCGA-AD-6963	colon adenocarcinoma	False	115	0	115	4.7535901911063645
TCGA-AD-6964	colon adenocarcinoma	True	2166	3	2163	7.679713639966372
TCGA-CM-4752	colon adenocarcinoma	False	184	0	184	5.220355825078324
TCGA-CM-6679	colon adenocarcinoma	True	109	1	108	4.6913478822291435
TCGA-NH-A6GA	colon adenocarcinoma	False	133	0	133	4.897839799950911
TCGA-A6-A56B	colon adenocarcinoma	False	135	0	135	4.912654885736052
TCGA-AA-3526	colon adenocarcinoma	False	0	0	0	0.0
TCGA-CA-6717	colon adenocarcinoma	True	13015	12	13003	9.473012281423795
TCGA-D5-6923	colon adenocarcinoma	False	0	0	0	0.0
TCGA-A6-6648	colon adenocarcinoma	False	122	0	122	4.812184355372417
TCGA-A6-A567	colon adenocarcinoma	False	79	0	79	4.382026634673881
TCGA-CA-5797	colon adenocarcinoma	False	97	0	97	4.584967478670572
TCGA-A6-6137	colon adenocarcinoma	False	168	0	168	5.1298987149230735
TCGA-AA-3494	colon adenocarcinoma	False	0	0	0	0.0
TCGA-CM-4748	colon adenocarcinoma	False	99	0	99	4.605170185988092
TCGA-D5-6530	colon adenocarcinoma	True	1646	1	1645	7.406103381237015
TCGA-AA-3842	colon adenocarcinoma	False	0	0	0	0.0
TCGA-AD-A5EK	colon adenocarcinoma	False	128	0	128	4.859812404361672
TCGA-F4-6463	colon adenocarcinoma	False	102	0	102	4.634728988229636
TCGA-RU-A8FL	colon adenocarcinoma	False	215	0	215	5.375278407684165
TCGA-AA-A00U	colon adenocarcinoma	False	0	0	0	0.0
TCGA-AA-A02K	colon adenocarcinoma	False	0	0	0	0.0
TCGA-DM-A28H	colon adenocarcinoma	False	177	0	177	5.181783550292085
TCGA-G4-6323	colon adenocarcinoma	False	139	0	139	4.941642422609304
TCGA-AZ-4684	colon adenocarcinoma	False	0	0	0	0.0
TCGA-D5-6541	colon adenocarcinoma	False	121	0	121	4.804021044733257
TCGA-AA-A01R	colon adenocarcinoma	True	2590	6	2584	7.85748078694253
TCGA-AY-6196	colon adenocarcinoma	False	326	0	326	5.7899601708972535
TCGA-CM-4747	colon adenocarcinoma	False	144	0	144	4.976733742420574
TCGA-A6-5662	colon adenocarcinoma	False	96	0	96	4.574710978503383
TCGA-CA-6718	colon adenocarcinoma	True	4442	3	4439	8.39840965542627
TCGA-A6-2670	colon adenocarcinoma	False	0	0	0	0.0
TCGA-AA-3872	colon adenocarcinoma	False	0	0	0	0.0
TCGA-CA-5255	colon adenocarcinoma	False	78	0	78	4.3694478524670215
TCGA-F4-6856	colon adenocarcinoma	False	1499	0	1499	7.313220387090301
TCGA-AY-A8YK	colon adenocarcinoma	False	97	0	97	4.584967478670572
TCGA-CM-5860	colon adenocarcinoma	False	163	0	163	5.099866427824199
TCGA-A6-6781	colon adenocarcinoma	True	2936	1	2935	7.984803389734406
TCGA-AZ-5403	colon adenocarcinoma	False	107	0	107	4.68213122712422
TCGA-AA-3663	colon adenocarcinoma	True	2878	4	2874	7.963807953231451
TCGA-NH-A50U	colon adenocarcinoma	False	125	0	125	4.836281906951478
TCGA-CM-6674	colon adenocarcinoma	True	1285	2	1283	7.157735484249907
TCGA-AA-3955	colon adenocarcinoma	False	0	0	0	0.0
TCGA-AZ-4323	colon adenocarcinoma	False	79	0	79	4.382026634673881
TCGA-CM-6675	colon adenocarcinoma	False	135	0	135	4.912654885736052
TCGA-D5-6927	colon adenocarcinoma	False	1009	0	1009	6.917705609835305
TCGA-A6-6141	colon adenocarcinoma	False	0	0	0	0.0
TCGA-AA-3492	colon adenocarcinoma	True	3139	5	3134	8.050384453067021
TCGA-AA-3527	colon adenocarcinoma	False	0	0	0	0.0
TCGA-AA-3672	colon adenocarcinoma	False	0	0	0	0.0
TCGA-AA-A03F	colon adenocarcinoma	False	0	0	0	0.0
TCGA-G4-6302	colon adenocarcinoma	True	1354	1	1353	7.21081845347222
TCGA-NH-A5IV	colon adenocarcinoma	True	3794	6	3788	8.239857411018601
TCGA-AA-3966	colon adenocarcinoma	False	0	0	0	0.0
TCGA-AA-3980	colon adenocarcinoma	False	0	0	0	0.0
TCGA-AA-A022	colon adenocarcinoma	True	2323	3	2320	7.749753406274437
TCGA-CK-6751	colon adenocarcinoma	False	235	0	235	5.4638318050256105
TCGA-AA-3949	colon adenocarcinoma	False	0	0	0	0.0
TCGA-CK-6747	colon adenocarcinoma	False	236	0	236	5.4680601411351315
TCGA-AA-3520	colon adenocarcinoma	False	0	0	0	0.0
TCGA-AA-3845	colon adenocarcinoma	False	0	0	0	0.0
TCGA-AA-3814	colon adenocarcinoma	False	0	0	0	0.0
TCGA-A6-5665	colon adenocarcinoma	True	2736	3	2733	7.913521017283895
TCGA-AA-3811	colon adenocarcinoma	False	0	0	0	0.0
TCGA-AA-3941	colon adenocarcinoma	False	0	0	0	0.0
TCGA-AA-A02R	colon adenocarcinoma	False	0	0	0	0.0
TCGA-CK-6746	colon adenocarcinoma	False	1820	0	1820	7.507141079727608
TCGA-CM-6168	colon adenocarcinoma	False	316	0	316	5.75890177387728
TCGA-QL-A97D	colon adenocarcinoma	False	341	0	341	5.834810737062605
TCGA-AA-3496	colon adenocarcinoma	False	184	0	184	5.220355825078324
TCGA-AA-3877	colon adenocarcinoma	False	0	0	0	0.0
TCGA-AA-A00O	colon adenocarcinoma	False	0	0	0	0.0
TCGA-A6-2672	colon adenocarcinoma	False	0	0	0	0.0
TCGA-AA-3812	colon adenocarcinoma	False	0	0	0	0.0
TCGA-AA-3848	colon adenocarcinoma	False	0	0	0	0.0
TCGA-AA-A02E	colon adenocarcinoma	False	0	0	0	0.0
TCGA-AZ-4616	colon adenocarcinoma	False	132	0	132	4.890349128221754
TCGA-CM-5341	colon adenocarcinoma	False	213	0	213	5.365976015021851
TCGA-A6-2686	colon adenocarcinoma	True	3111	2	3109	8.04237800517328
TCGA-AA-3514	colon adenocarcinoma	False	0	0	0	0.0
TCGA-AA-3518	colon adenocarcinoma	False	0	0	0	0.0
TCGA-AA-3555	colon adenocarcinoma	False	0	0	0	0.0
TCGA-AA-3821	colon adenocarcinoma	False	0	0	0	0.0
TCGA-AD-6548	colon adenocarcinoma	False	178	0	178	5.187385805840755
TCGA-A6-5661	colon adenocarcinoma	True	1846	3	1843	7.519692404116539
TCGA-AA-3662	colon adenocarcinoma	False	117	0	117	4.770684624465665
TCGA-AA-3710	colon adenocarcinoma	False	0	0	0	0.0
TCGA-AA-A01P	colon adenocarcinoma	True	1295	2	1293	7.165493475060845
TCGA-AA-A01X	colon adenocarcinoma	False	0	0	0	0.0
TCGA-AU-3779	colon adenocarcinoma	False	143	0	143	4.969813299576001
TCGA-D5-6535	colon adenocarcinoma	False	235	0	235	5.4638318050256105
TCGA-AA-3950	colon adenocarcinoma	False	0	0	0	0.0
TCGA-AZ-4681	colon adenocarcinoma	False	113	0	113	4.736198448394496
TCGA-CK-4951	colon adenocarcinoma	True	6770	11	6759	8.81877816903701
TCGA-D5-6538	colon adenocarcinoma	False	187	0	187	5.236441962829949
TCGA-D5-7000	colon adenocarcinoma	False	154	0	154	5.043425116919247
TCGA-DM-A1D0	colon adenocarcinoma	True	160	1	159	5.075173815233827
TCGA-AA-3529	colon adenocarcinoma	False	0	0	0	0.0
TCGA-AA-3534	colon adenocarcinoma	False	0	0	0	0.0
TCGA-AA-3818	colon adenocarcinoma	False	0	0	0	0.0
TCGA-AA-3844	colon adenocarcinoma	False	0	0	0	0.0
TCGA-AA-3866	colon adenocarcinoma	False	0	0	0	0.0
TCGA-AA-3875	colon adenocarcinoma	False	0	0	0	0.0
TCGA-CM-6680	colon adenocarcinoma	False	131	0	131	4.882801922586371
TCGA-F4-6570	colon adenocarcinoma	True	2445	4	2441	7.80057265467065
TCGA-AA-3681	colon adenocarcinoma	False	0	0	0	0.0
TCGA-AA-3693	colon adenocarcinoma	False	0	0	0	0.0
TCGA-AZ-6598	colon adenocarcinoma	False	3518	0	3518	8.165932137321585
TCGA-AZ-6603	colon adenocarcinoma	False	107	0	107	4.68213122712422
TCGA-CM-6171	colon adenocarcinoma	True	1794	3	1791	7.491087593534876
TCGA-D5-6920	colon adenocarcinoma	False	157	0	157	5.062595033026967
TCGA-F4-6854	colon adenocarcinoma	False	158	0	158	5.0689042022202315
TCGA-G4-6625	colon adenocarcinoma	True	170	1	169	5.135798437050262
TCGA-G4-6314	colon adenocarcinoma	False	193	0	193	5.267858159063328
TCGA-A6-2676	colon adenocarcinoma	False	0	0	0	0.0
TCGA-A6-2684	colon adenocarcinoma	False	150	0	150	5.017279836814924
TCGA-AA-3531	colon adenocarcinoma	False	0	0	0	0.0
TCGA-AA-3696	colon adenocarcinoma	False	0	0	0	0.0
TCGA-CM-6677	colon adenocarcinoma	False	194	0	194	5.272999558563747
TCGA-AA-3516	colon adenocarcinoma	False	0	0	0	0.0
TCGA-AA-3664	colon adenocarcinoma	False	0	0	0	0.0
TCGA-AA-3846	colon adenocarcinoma	False	0	0	0	0.0
TCGA-AA-A01K	colon adenocarcinoma	False	0	0	0	0.0
TCGA-AA-A02H	colon adenocarcinoma	False	0	0	0	0.0
TCGA-AD-A5EJ	colon adenocarcinoma	False	2185	0	2185	7.689828668736484
TCGA-AY-A54L	colon adenocarcinoma	False	212	0	212	5.3612921657094255
TCGA-A6-2679	colon adenocarcinoma	False	0	0	0	0.0
TCGA-A6-2681	colon adenocarcinoma	True	186	1	185	5.225746673713202
TCGA-AA-A02W	colon adenocarcinoma	False	0	0	0	0.0
TCGA-CM-6170	colon adenocarcinoma	False	133	0	133	4.897839799950911
TCGA-G4-6586	colon adenocarcinoma	True	1693	1	1692	7.4342573821331355
TCGA-A6-2680	colon adenocarcinoma	False	0	0	0	0.0
TCGA-AA-3560	colon adenocarcinoma	False	0	0	0	0.0
TCGA-DM-A28E	colon adenocarcinoma	False	128	0	128	4.859812404361672
TCGA-A6-3809	colon adenocarcinoma	True	1819	1	1818	7.506042178518122
TCGA-AA-3548	colon adenocarcinoma	False	0	0	0	0.0
TCGA-AA-3854	colon adenocarcinoma	False	0	0	0	0.0
TCGA-AA-3870	colon adenocarcinoma	False	0	0	0	0.0
TCGA-AZ-4614	colon adenocarcinoma	True	283	1	282	5.645446897643238
TCGA-CK-5916	colon adenocarcinoma	True	2202	3	2199	7.696212639346407
TCGA-DM-A0X9	colon adenocarcinoma	False	245	0	245	5.5053315359323625
TCGA-DM-A1DA	colon adenocarcinoma	True	382	1	381	5.945420608606575
TCGA-DM-A285	colon adenocarcinoma	False	242	0	242	5.493061443340548
TCGA-NH-A6GB	colon adenocarcinoma	False	247	0	247	5.5134287461649825
TCGA-AA-A02J	colon adenocarcinoma	False	0	0	0	0.0
TCGA-CM-6172	colon adenocarcinoma	False	144	0	144	4.976733742420574
TCGA-DM-A280	colon adenocarcinoma	False	182	0	182	5.209486152841421
TCGA-F4-6855	colon adenocarcinoma	False	156	0	156	5.056245805348308
TCGA-G4-6295	colon adenocarcinoma	False	216	0	216	5.37989735354046
TCGA-A6-6650	colon adenocarcinoma	False	0	0	0	0.0
TCGA-AU-6004	colon adenocarcinoma	True	1457	1	1456	7.284134806195205
TCGA-A6-2677	colon adenocarcinoma	False	204	0	204	5.3230099791384085
TCGA-AA-A02F	colon adenocarcinoma	False	0	0	0	0.0
TCGA-AM-5821	colon adenocarcinoma	False	1880	0	1880	7.53955882930103
TCGA-CK-4950	colon adenocarcinoma	False	235	0	235	5.4638318050256105
TCGA-CM-5349	colon adenocarcinoma	False	155	0	155	5.049856007249537
TCGA-D5-6533	colon adenocarcinoma	False	235	0	235	5.4638318050256105
TCGA-DM-A0XF	colon adenocarcinoma	True	179	1	178	5.187385805840755
TCGA-NH-A50T	colon adenocarcinoma	True	169	1	168	5.1298987149230735
TCGA-AA-3680	colon adenocarcinoma	False	0	0	0	0.0
TCGA-DM-A1D9	colon adenocarcinoma	False	195	0	195	5.278114659230517
TCGA-AA-A00Q	colon adenocarcinoma	False	0	0	0	0.0
TCGA-AY-6386	colon adenocarcinoma	False	158	0	158	5.0689042022202315
TCGA-G4-6304	colon adenocarcinoma	False	1388	0	1388	7.236339342754344
TCGA-NH-A6GC	colon adenocarcinoma	False	166	0	166	5.117993812416755
TCGA-A6-6654	colon adenocarcinoma	False	251	0	251	5.529429087511423
TCGA-AA-3684	colon adenocarcinoma	False	0	0	0	0.0
TCGA-AA-3815	colon adenocarcinoma	False	0	0	0	0.0
TCGA-AA-A03J	colon adenocarcinoma	False	0	0	0	0.0
TCGA-AY-5543	colon adenocarcinoma	False	167	0	167	5.123963979403259
TCGA-AA-A00R	colon adenocarcinoma	False	0	0	0	0.0
TCGA-QG-A5YV	colon adenocarcinoma	False	238	0	238	5.476463551931511
TCGA-AA-3695	colon adenocarcinoma	False	0	0	0	0.0
TCGA-AA-3833	colon adenocarcinoma	False	0	0	0	0.0
TCGA-AA-A01T	colon adenocarcinoma	False	0	0	0	0.0
TCGA-AY-4071	colon adenocarcinoma	False	0	0	0	0.0
TCGA-CM-5861	colon adenocarcinoma	True	2167	5	2162	7.679251425953058
TCGA-CM-6678	colon adenocarcinoma	False	186	0	186	5.231108616854587
TCGA-AA-3554	colon adenocarcinoma	False	0	0	0	0.0
TCGA-D5-6534	colon adenocarcinoma	True	216	1	215	5.375278407684165
TCGA-3L-AA1B	colon adenocarcinoma	False	183	0	183	5.214935757608986
TCGA-AA-3553	colon adenocarcinoma	False	0	0	0	0.0
TCGA-AA-3984	colon adenocarcinoma	True	7587	9	7578	8.93313654381203
TCGA-F4-6459	colon adenocarcinoma	False	187	0	187	5.236441962829949
TCGA-QG-A5YX	colon adenocarcinoma	False	130	0	130	4.875197323201151
TCGA-AA-3678	colon adenocarcinoma	False	0	0	0	0.0
TCGA-AA-3947	colon adenocarcinoma	False	3491	0	3491	8.158229916959494
TCGA-CM-5863	colon adenocarcinoma	True	90	2	88	4.48863636973214
TCGA-D5-5538	colon adenocarcinoma	False	167	0	167	5.123963979403259
TCGA-DM-A282	colon adenocarcinoma	False	145	0	145	4.983606621708336
TCGA-G4-6321	colon adenocarcinoma	False	103	0	103	4.6443908991413725
TCGA-AM-5820	colon adenocarcinoma	False	104	0	104	4.653960350157523
TCGA-CM-5868	colon adenocarcinoma	False	134	0	134	4.90527477843843
TCGA-F4-6806	colon adenocarcinoma	False	157	0	157	5.062595033026967
TCGA-CK-5913	colon adenocarcinoma	False	1266	0	1266	7.144407180321139
TCGA-F4-6805	colon adenocarcinoma	False	103	0	103	4.6443908991413725
TCGA-G4-6588	colon adenocarcinoma	True	3104	4	3100	8.03947991910045
TCGA-A6-2683	colon adenocarcinoma	False	0	0	0	0.0
TCGA-A6-4107	colon adenocarcinoma	False	253	0	253	5.537334267018537
TCGA-AA-A017	colon adenocarcinoma	False	0	0	0	0.0
TCGA-CM-6167	colon adenocarcinoma	False	109	0	109	4.700480365792417
TCGA-A6-6142	colon adenocarcinoma	False	124	0	124	4.8283137373023015
TCGA-A6-6651	colon adenocarcinoma	False	126	0	126	4.844187086458591
TCGA-A6-A566	colon adenocarcinoma	True	228	1	227	5.429345628954441
TCGA-AA-3968	colon adenocarcinoma	False	0	0	0	0.0
TCGA-AY-A69D	colon adenocarcinoma	False	288	0	288	5.666426688112432
TCGA-AZ-6608	colon adenocarcinoma	False	230	0	230	5.442417710521793
TCGA-G4-6297	colon adenocarcinoma	True	116	2	114	4.74493212836325
TCGA-QG-A5YW	colon adenocarcinoma	False	211	0	211	5.356586274672012
TCGA-AA-3509	colon adenocarcinoma	False	0	0	0	0.0
TCGA-AA-3538	colon adenocarcinoma	False	0	0	0	0.0
TCGA-AY-A71X	colon adenocarcinoma	False	125	0	125	4.836281906951478
TCGA-CA-5256	colon adenocarcinoma	False	114	0	114	4.74493212836325
TCGA-F4-6808	colon adenocarcinoma	False	186	0	186	5.231108616854587
TCGA-G4-6303	colon adenocarcinoma	False	136	0	136	4.919980925828125
TCGA-A6-3807	colon adenocarcinoma	False	0	0	0	0.0
TCGA-AA-3673	colon adenocarcinoma	False	0	0	0	0.0
TCGA-AA-3860	colon adenocarcinoma	False	0	0	0	0.0
TCGA-NH-A8F7	colon adenocarcinoma	False	179	0	179	5.19295685089021
TCGA-CA-5796	colon adenocarcinoma	False	99	0	99	4.605170185988092
TCGA-F4-6809	colon adenocarcinoma	True	214	1	213	5.365976015021851
TCGA-WS-AB45	colon adenocarcinoma	True	3886	4	3882	8.264363329731667
TCGA-AA-3660	colon adenocarcinoma	False	187	0	187	5.236441962829949
TCGA-AZ-4313	colon adenocarcinoma	False	0	0	0	0.0
TCGA-AZ-5407	colon adenocarcinoma	False	133	0	133	4.897839799950911
TCGA-D5-6898	colon adenocarcinoma	False	104	0	104	4.653960350157523
TCGA-F4-6460	colon adenocarcinoma	False	206	0	206	5.332718793265369
TCGA-F4-6807	colon adenocarcinoma	False	229	0	229	5.438079308923196
TCGA-G4-6317	colon adenocarcinoma	False	147	0	147	4.997212273764115
TCGA-AY-4070	colon adenocarcinoma	False	0	0	0	0.0
TCGA-DM-A1D8	colon adenocarcinoma	False	231	0	231	5.44673737166631
TCGA-D5-6929	colon adenocarcinoma	True	174	1	173	5.159055299214529
TCGA-G4-6293	colon adenocarcinoma	False	166	0	166	5.117993812416755
TCGA-A6-2685	colon adenocarcinoma	True	68	1	67	4.219507705176107
TCGA-AA-A01Q	colon adenocarcinoma	False	0	0	0	0.0
TCGA-CK-4952	colon adenocarcinoma	False	212	0	212	5.3612921657094255
TCGA-CM-6162	colon adenocarcinoma	False	0	0	0	0.0
TCGA-CM-6166	colon adenocarcinoma	False	122	0	122	4.812184355372417
TCGA-AA-3692	colon adenocarcinoma	False	0	0	0	0.0
TCGA-AA-A01D	colon adenocarcinoma	False	0	0	0	0.0
TCGA-AA-A01S	colon adenocarcinoma	False	0	0	0	0.0
TCGA-AZ-4308	colon adenocarcinoma	False	96	0	96	4.574710978503383
TCGA-AA-A010	colon adenocarcinoma	True	11239	11	11228	9.326254996572539
TCGA-CK-4947	colon adenocarcinoma	False	138	0	138	4.9344739331306915
TCGA-CM-6164	colon adenocarcinoma	False	101	0	101	4.624972813284271
TCGA-CK-4948	colon adenocarcinoma	False	146	0	146	4.990432586778736
TCGA-CK-6748	colon adenocarcinoma	False	95	0	95	4.564348191467836
TCGA-D5-6539	colon adenocarcinoma	False	131	0	131	4.882801922586371
TCGA-SS-A7HO	colon adenocarcinoma	False	227	0	227	5.429345628954441
TCGA-A6-2678	colon adenocarcinoma	False	0	0	0	0.0
TCGA-4T-AA8H	colon adenocarcinoma	False	185	0	185	5.225746673713202
TCGA-CA-5254	colon adenocarcinoma	False	275	0	275	5.62040086571715
TCGA-AA-3819	colon adenocarcinoma	False	0	0	0	0.0
TCGA-F4-6461	colon adenocarcinoma	False	197	0	197	5.288267030694535
TCGA-5M-AAT6	colon adenocarcinoma	True	2915	3	2912	7.976938756959434
TCGA-A6-5667	colon adenocarcinoma	False	95	0	95	4.564348191467836
TCGA-G4-6309	colon adenocarcinoma	False	1181	0	1181	7.074963197966044
TCGA-CM-5344	colon adenocarcinoma	False	107	0	107	4.68213122712422
TCGA-G4-6307	colon adenocarcinoma	False	115	0	115	4.7535901911063645
TCGA-AA-3667	colon adenocarcinoma	False	0	0	0	0.0
TCGA-CM-6161	colon adenocarcinoma	False	141	0	141	4.955827057601261
TCGA-A6-A565	colon adenocarcinoma	True	553	3	550	6.311734809152915
TCGA-CM-4750	colon adenocarcinoma	False	123	0	123	4.820281565605037
TCGA-5M-AAT5	colon adenocarcinoma	False	130	0	130	4.875197323201151
TCGA-5M-AATA	colon adenocarcinoma	False	121	0	121	4.804021044733257
TCGA-F4-6857	colon adenocarcinoma	False	0	0	0	0.0
TCGA-EK-A2PG	cervical & endocervical cancer	True	930	1	929	6.835184586147301
TCGA-ZJ-AAX4	cervical & endocervical cancer	False	92	0	92	4.532599493153256
TCGA-EK-A2PM	cervical & endocervical cancer	False	473	0	473	6.161207321695077
TCGA-DS-A5RQ	cervical & endocervical cancer	False	170	0	170	5.14166355650266
TCGA-C5-A1MK	cervical & endocervical cancer	False	440	0	440	6.089044875446846
TCGA-C5-A8YQ	cervical & endocervical cancer	False	261	0	261	5.568344503761097
TCGA-VS-A8Q9	cervical & endocervical cancer	False	82	0	82	4.418840607796598
TCGA-VS-A9UL	cervical & endocervical cancer	False	217	0	217	5.384495062789089
TCGA-C5-A1BM	cervical & endocervical cancer	False	178	0	178	5.187385805840755
TCGA-FU-A3TX	cervical & endocervical cancer	False	93	0	93	4.543294782270004
TCGA-DS-A1OA	cervical & endocervical cancer	False	98	0	98	4.59511985013459
TCGA-C5-A3HL	cervical & endocervical cancer	False	0	0	0	0.0
TCGA-VS-A8QH	cervical & endocervical cancer	False	192	0	192	5.262690188904886
TCGA-VS-A959	cervical & endocervical cancer	True	419	1	418	6.037870919922137
TCGA-VS-A9UI	cervical & endocervical cancer	False	217	0	217	5.384495062789089
TCGA-DS-A1O9	cervical & endocervical cancer	False	0	0	0	0.0
TCGA-MA-AA42	cervical & endocervical cancer	True	822	2	820	6.710523109452428
TCGA-C5-A8XJ	cervical & endocervical cancer	False	550	0	550	6.311734809152915
TCGA-EK-A2RA	cervical & endocervical cancer	True	362	2	360	5.8888779583328805
TCGA-VS-A9UV	cervical & endocervical cancer	False	147	0	147	4.997212273764115
TCGA-VS-A9UD	cervical & endocervical cancer	False	308	0	308	5.733341276897746
TCGA-ZJ-A8QO	cervical & endocervical cancer	False	104	0	104	4.653960350157523
TCGA-C5-A7X5	cervical & endocervical cancer	False	364	0	364	5.8998973535824915
TCGA-VS-A9UT	cervical & endocervical cancer	False	50	0	50	3.9318256327243257
TCGA-C5-A1MH	cervical & endocervical cancer	True	634	1	633	6.452048954437226
TCGA-C5-A7X3	cervical & endocervical cancer	False	105	0	105	4.663439094112067
TCGA-C5-A8XI	cervical & endocervical cancer	False	74	0	74	4.31748811353631
TCGA-IR-A3LK	cervical & endocervical cancer	True	2130	2	2128	7.663407664893479
TCGA-C5-A7CO	cervical & endocervical cancer	False	168	0	168	5.1298987149230735
TCGA-EA-A3HT	cervical & endocervical cancer	False	169	0	169	5.135798437050262
TCGA-MY-A5BF	cervical & endocervical cancer	False	0	0	0	0.0
TCGA-EK-A2RK	cervical & endocervical cancer	False	352	0	352	5.8664680569332965
TCGA-VS-A954	cervical & endocervical cancer	True	145	1	144	4.976733742420574
TCGA-ZJ-AAXI	cervical & endocervical cancer	False	122	0	122	4.812184355372417
TCGA-VS-A952	cervical & endocervical cancer	True	205	1	204	5.3230099791384085
TCGA-C5-A1BQ	cervical & endocervical cancer	False	0	0	0	0.0
TCGA-C5-A2LZ	cervical & endocervical cancer	False	0	0	0	0.0
TCGA-EK-A3GM	cervical & endocervical cancer	False	300	0	300	5.707110264748875
TCGA-VS-A8EK	cervical & endocervical cancer	True	364	1	363	5.8971538676367405
TCGA-C5-A1BE	cervical & endocervical cancer	False	97	0	97	4.584967478670572
TCGA-EK-A2GZ	cervical & endocervical cancer	False	115	0	115	4.7535901911063645
TCGA-FU-A3HZ	cervical & endocervical cancer	True	3244	2	3242	8.084254106307318
TCGA-HM-A3JK	cervical & endocervical cancer	False	86	0	86	4.465908118654584
TCGA-IR-A3LF	cervical & endocervical cancer	False	204	0	204	5.3230099791384085
TCGA-Q1-A5R2	cervical & endocervical cancer	False	640	0	640	6.46302945692067
TCGA-VS-A957	cervical & endocervical cancer	False	108	0	108	4.6913478822291435
TCGA-ZJ-AAXA	cervical & endocervical cancer	False	112	0	112	4.727387818712341
TCGA-ZX-AA5X	cervical & endocervical cancer	False	97	0	97	4.584967478670572
TCGA-JX-A3Q0	cervical & endocervical cancer	True	1221	2	1219	7.106606137727303
TCGA-LP-A4AV	cervical & endocervical cancer	False	616	0	616	6.424869023905388
TCGA-VS-A953	cervical & endocervical cancer	True	649	1	648	6.47543271670409
TCGA-VS-A9V4	cervical & endocervical cancer	True	193	1	192	5.262690188904886
TCGA-EX-A69M	cervical & endocervical cancer	False	82	0	82	4.418840607796598
TCGA-MY-A5BD	cervical & endocervical cancer	False	0	0	0	0.0
TCGA-VS-A9V3	cervical & endocervical cancer	False	282	0	282	5.645446897643238
TCGA-ZJ-AAXF	cervical & endocervical cancer	False	84	0	84	4.442651256490317
TCGA-C5-A1MJ	cervical & endocervical cancer	False	127	0	127	4.852030263919617
TCGA-DR-A0ZM	cervical & endocervical cancer	True	1762	5	1757	7.471932078245122
TCGA-VS-A9UZ	cervical & endocervical cancer	True	308	1	307	5.730099782973574
TCGA-EA-A3HQ	cervical & endocervical cancer	False	149	0	149	5.0106352940962555
TCGA-FU-A23L	cervical & endocervical cancer	True	213	1	212	5.3612921657094255
TCGA-IR-A3LA	cervical & endocervical cancer	True	1811	3	1808	7.500529485395295
TCGA-IR-A3LL	cervical & endocervical cancer	True	598	2	596	6.391917113392602
TCGA-MU-A5YI	cervical & endocervical cancer	False	107	0	107	4.68213122712422
TCGA-VS-A8EJ	cervical & endocervical cancer	False	216	0	216	5.37989735354046
TCGA-VS-A9UA	cervical & endocervical cancer	False	297	0	297	5.697093486505405
TCGA-EA-A3QD	cervical & endocervical cancer	True	163	1	162	5.093750200806762
TCGA-EA-A5FO	cervical & endocervical cancer	False	127	0	127	4.852030263919617
TCGA-EK-A2RO	cervical & endocervical cancer	False	186	0	186	5.231108616854587
TCGA-C5-A7CK	cervical & endocervical cancer	False	211	0	211	5.356586274672012
TCGA-EK-A2R9	cervical & endocervical cancer	False	82	0	82	4.418840607796598
TCGA-EX-A1H5	cervical & endocervical cancer	False	61	0	61	4.127134385045092
TCGA-VS-A9V0	cervical & endocervical cancer	False	76	0	76	4.343805421853684
TCGA-ZJ-AAX8	cervical & endocervical cancer	True	104	1	103	4.6443908991413725
TCGA-EA-A3HR	cervical & endocervical cancer	False	123	0	123	4.820281565605037
TCGA-VS-A9U5	cervical & endocervical cancer	False	146	0	146	4.990432586778736
TCGA-WL-A834	cervical & endocervical cancer	False	145	0	145	4.983606621708336
TCGA-C5-A2M2	cervical & endocervical cancer	False	80	0	80	4.394449154672439
TCGA-C5-A8YR	cervical & endocervical cancer	False	203	0	203	5.318119993844216
TCGA-EA-A5ZF	cervical & endocervical cancer	False	114	0	114	4.74493212836325
TCGA-JW-A5VJ	cervical & endocervical cancer	False	338	0	338	5.82600010738045
TCGA-Q1-A5R3	cervical & endocervical cancer	False	92	0	92	4.532599493153256
TCGA-VS-A8EH	cervical & endocervical cancer	False	114	0	114	4.74493212836325
TCGA-C5-A1M6	cervical & endocervical cancer	False	199	0	199	5.298317366548036
TCGA-C5-A7CG	cervical & endocervical cancer	False	75	0	75	4.330733340286331
TCGA-C5-A7UH	cervical & endocervical cancer	False	335	0	335	5.817111159963204
TCGA-FU-A3EO	cervical & endocervical cancer	False	86	0	86	4.465908118654584
TCGA-FU-A3TQ	cervical & endocervical cancer	False	86	0	86	4.465908118654584
TCGA-Q1-A6DT	cervical & endocervical cancer	True	255	1	254	5.541263545158426
TCGA-VS-A8EC	cervical & endocervical cancer	False	220	0	220	5.3981627015177525
TCGA-VS-A9UJ	cervical & endocervical cancer	True	590	2	588	6.3784261836515865
TCGA-C5-A2LX	cervical & endocervical cancer	False	305	0	305	5.723585101952381
TCGA-EA-A5ZE	cervical & endocervical cancer	False	96	0	96	4.574710978503383
TCGA-EA-A78R	cervical & endocervical cancer	False	92	0	92	4.532599493153256
TCGA-MA-AA3W	cervical & endocervical cancer	False	95	0	95	4.564348191467836
TCGA-VS-A9UB	cervical & endocervical cancer	False	173	0	173	5.159055299214529
TCGA-ZJ-AAXT	cervical & endocervical cancer	False	283	0	283	5.648974238161206
TCGA-BI-A0VR	cervical & endocervical cancer	True	174	1	173	5.159055299214529
TCGA-C5-A1M5	cervical & endocervical cancer	False	95	0	95	4.564348191467836
TCGA-DG-A2KL	cervical & endocervical cancer	False	293	0	293	5.683579767338681
TCGA-DR-A0ZL	cervical & endocervical cancer	False	87	0	87	4.477336814478207
TCGA-IR-A3LB	cervical & endocervical cancer	False	69	0	69	4.248495242049359
TCGA-JW-A5VH	cervical & endocervical cancer	False	101	0	101	4.624972813284271
TCGA-LP-A7HU	cervical & endocervical cancer	False	262	0	262	5.572154032177765
TCGA-VS-A9UH	cervical & endocervical cancer	False	341	0	341	5.834810737062605
TCGA-VS-A9UR	cervical & endocervical cancer	False	194	0	194	5.272999558563747
TCGA-LP-A4AW	cervical & endocervical cancer	False	174	0	174	5.1647859739235145
TCGA-VS-A9U6	cervical & endocervical cancer	True	778	2	776	6.655440350367647
TCGA-2W-A8YY	cervical & endocervical cancer	True	20114	18	20096	9.908325829176377
TCGA-C5-A3HD	cervical & endocervical cancer	False	0	0	0	0.0
TCGA-DG-A2KK	cervical & endocervical cancer	False	576	0	576	6.3578422665081
TCGA-DS-A0VM	cervical & endocervical cancer	False	412	0	412	6.023447592961033
TCGA-EA-A410	cervical & endocervical cancer	True	2644	3	2641	7.879291485082271
TCGA-EK-A2RJ	cervical & endocervical cancer	False	558	0	558	6.326149473155099
TCGA-EK-A3GJ	cervical & endocervical cancer	False	371	0	371	5.918893854273146
TCGA-HM-A4S6	cervical & endocervical cancer	False	0	0	0	0.0
TCGA-VS-A8QC	cervical & endocervical cancer	False	232	0	232	5.4510384535657
TCGA-VS-AA62	cervical & endocervical cancer	False	163	0	163	5.099866427824199
TCGA-ZJ-AAXU	cervical & endocervical cancer	True	652	1	651	6.480044561926653
TCGA-C5-A1MI	cervical & endocervical cancer	False	75	0	75	4.330733340286331
TCGA-DG-A2KJ	cervical & endocervical cancer	False	134	0	134	4.90527477843843
TCGA-EA-A411	cervical & endocervical cancer	False	82	0	82	4.418840607796598
TCGA-EA-A439	cervical & endocervical cancer	False	161	0	161	5.087596335232384
TCGA-MA-AA3X	cervical & endocervical cancer	True	117	1	116	4.762173934797756
TCGA-VS-A9V5	cervical & endocervical cancer	False	227	0	227	5.429345628954441
TCGA-BI-A20A	cervical & endocervical cancer	True	72	1	71	4.276666119016055
TCGA-C5-A1MF	cervical & endocervical cancer	False	128	0	128	4.859812404361672
TCGA-C5-A1ML	cervical & endocervical cancer	False	99	0	99	4.605170185988092
TCGA-DS-A1OD	cervical & endocervical cancer	False	240	0	240	5.484796933490655
TCGA-EA-A4BA	cervical & endocervical cancer	False	0	0	0	0.0
TCGA-EA-A6QX	cervical & endocervical cancer	False	111	0	111	4.718498871295094
TCGA-FU-A57G	cervical & endocervical cancer	False	0	0	0	0.0
TCGA-HG-A9SC	cervical & endocervical cancer	True	131	1	130	4.875197323201151
TCGA-IR-A3LH	cervical & endocervical cancer	True	1375	1	1374	7.226209010100671
TCGA-BI-A0VS	cervical & endocervical cancer	False	165	0	165	5.111987788356544
TCGA-C5-A7CL	cervical & endocervical cancer	True	179	1	178	5.187385805840755
TCGA-C5-A7UC	cervical & endocervical cancer	False	101	0	101	4.624972813284271
TCGA-EK-A2IR	cervical & endocervical cancer	False	0	0	0	0.0
TCGA-EK-A2R8	cervical & endocervical cancer	True	471	1	470	6.154858094016418
TCGA-EK-A2RB	cervical & endocervical cancer	False	158	0	158	5.0689042022202315
TCGA-IR-A3LI	cervical & endocervical cancer	True	577	1	576	6.3578422665081
TCGA-MA-AA3Y	cervical & endocervical cancer	False	276	0	276	5.6240175061873385
TCGA-MA-AA43	cervical & endocervical cancer	False	101	0	101	4.624972813284271
TCGA-ZJ-AB0H	cervical & endocervical cancer	False	182	0	182	5.209486152841421
TCGA-C5-A907	cervical & endocervical cancer	True	77	2	75	4.330733340286331
TCGA-DS-A0VN	cervical & endocervical cancer	False	195	0	195	5.278114659230517
TCGA-DS-A1OC	cervical & endocervical cancer	False	445	0	445	6.100318952020064
TCGA-EA-A1QT	cervical & endocervical cancer	False	92	0	92	4.532599493153256
TCGA-EK-A2RD	cervical & endocervical cancer	False	299	0	299	5.703782474656201
TCGA-EK-A3GN	cervical & endocervical cancer	False	106	0	106	4.672828834461906
TCGA-FU-A3HY	cervical & endocervical cancer	False	305	0	305	5.723585101952381
TCGA-VS-A8QM	cervical & endocervical cancer	False	162	0	162	5.093750200806762
TCGA-VS-A94Y	cervical & endocervical cancer	False	76	0	76	4.343805421853684
TCGA-C5-A1BF	cervical & endocervical cancer	False	100	0	100	4.61512051684126
TCGA-C5-A1M9	cervical & endocervical cancer	False	63	0	63	4.1588830833596715
TCGA-DG-A2KM	cervical & endocervical cancer	True	289	1	288	5.666426688112432
TCGA-DS-A3LQ	cervical & endocervical cancer	False	67	0	67	4.219507705176107
TCGA-EA-A1QS	cervical & endocervical cancer	False	95	0	95	4.564348191467836
TCGA-JW-AAVH	cervical & endocervical cancer	False	169	0	169	5.135798437050262
TCGA-MU-A8JM	cervical & endocervical cancer	False	182	0	182	5.209486152841421
TCGA-Q1-A73Q	cervical & endocervical cancer	False	111	0	111	4.718498871295094
TCGA-VS-A958	cervical & endocervical cancer	True	1369	2	1367	7.221105098182496
TCGA-VS-A9V1	cervical & endocervical cancer	False	277	0	277	5.627621113690637
TCGA-C5-A7UE	cervical & endocervical cancer	True	229	1	228	5.43372200355424
TCGA-DS-A0VK	cervical & endocervical cancer	True	181	1	180	5.198497031265826
TCGA-DS-A1OB	cervical & endocervical cancer	False	883	0	883	6.784457062637643
TCGA-EA-A3QE	cervical & endocervical cancer	False	107	0	107	4.68213122712422
TCGA-EA-A50E	cervical & endocervical cancer	False	0	0	0	0.0
TCGA-EK-A2R7	cervical & endocervical cancer	False	202	0	202	5.313205979041787
TCGA-EK-A2RN	cervical & endocervical cancer	False	237	0	237	5.472270673671475
TCGA-FU-A3NI	cervical & endocervical cancer	False	163	0	163	5.099866427824199
TCGA-JW-A5VI	cervical & endocervical cancer	False	100	0	100	4.61512051684126
TCGA-LP-A4AX	cervical & endocervical cancer	False	73	0	73	4.30406509320417
TCGA-Q1-A73P	cervical & endocervical cancer	True	415	1	414	6.028278520230698
TCGA-Q1-A73R	cervical & endocervical cancer	False	83	0	83	4.430816798843313
TCGA-C5-A3HE	cervical & endocervical cancer	False	0	0	0	0.0
TCGA-C5-A901	cervical & endocervical cancer	True	162	1	161	5.087596335232384
TCGA-EK-A2PI	cervical & endocervical cancer	False	129	0	129	4.867534450455582
TCGA-EX-A8YF	cervical & endocervical cancer	False	71	0	71	4.276666119016055
TCGA-JW-A69B	cervical & endocervical cancer	False	69	0	69	4.248495242049359
TCGA-Q1-A6DW	cervical & endocervical cancer	False	151	0	151	5.0238805208462765
TCGA-UC-A7PF	cervical & endocervical cancer	True	711	2	709	6.565264970035361
TCGA-UC-A7PG	cervical & endocervical cancer	False	435	0	435	6.077642243349034
TCGA-UC-A7PI	cervical & endocervical cancer	False	85	0	85	4.454347296253507
TCGA-VS-A8QA	cervical & endocervical cancer	False	304	0	304	5.720311776607412
TCGA-C5-A1M8	cervical & endocervical cancer	False	86	0	86	4.465908118654584
TCGA-C5-A7CH	cervical & endocervical cancer	False	104	0	104	4.653960350157523
TCGA-DS-A7WI	cervical & endocervical cancer	False	51	0	51	3.9512437185814275
TCGA-EA-A3HU	cervical & endocervical cancer	True	1775	1	1774	7.4815557019095165
TCGA-EA-A43B	cervical & endocervical cancer	False	313	0	313	5.749392985908253
TCGA-EK-A2PK	cervical & endocervical cancer	False	42	0	42	3.7612001156935624
TCGA-FU-A3WB	cervical & endocervical cancer	False	103	0	103	4.6443908991413725
TCGA-JW-A5VK	cervical & endocervical cancer	True	78	1	77	4.356708826689592
TCGA-MA-AA3Z	cervical & endocervical cancer	True	299	1	298	5.700443573390687
TCGA-PN-A8MA	cervical & endocervical cancer	False	237	0	237	5.472270673671475
TCGA-VS-A9UO	cervical & endocervical cancer	False	77	0	77	4.356708826689592
TCGA-VS-A9UP	cervical & endocervical cancer	False	315	0	315	5.755742213586912
TCGA-ZJ-AAXJ	cervical & endocervical cancer	False	163	0	163	5.099866427824199
TCGA-C5-A1MN	cervical & endocervical cancer	False	197	0	197	5.288267030694535
TCGA-C5-A7CJ	cervical & endocervical cancer	False	110	0	110	4.709530201312334
TCGA-C5-A7UI	cervical & endocervical cancer	False	188	0	188	5.241747015059643
TCGA-EX-A449	cervical & endocervical cancer	False	54	0	54	4.007333185232471
TCGA-JW-A852	cervical & endocervical cancer	False	142	0	142	4.962844630259907
TCGA-MY-A5BE	cervical & endocervical cancer	False	0	0	0	0.0
TCGA-R2-A69V	cervical & endocervical cancer	False	164	0	164	5.10594547390058
TCGA-VS-A8QF	cervical & endocervical cancer	False	182	0	182	5.209486152841421
TCGA-VS-A950	cervical & endocervical cancer	False	160	0	160	5.081404364984463
TCGA-VS-A9UU	cervical & endocervical cancer	False	100	0	100	4.61512051684126
TCGA-ZJ-AAXB	cervical & endocervical cancer	False	247	0	247	5.5134287461649825
TCGA-C5-A8ZZ	cervical & endocervical cancer	False	141	0	141	4.955827057601261
TCGA-DS-A7WF	cervical & endocervical cancer	False	62	0	62	4.143134726391533
TCGA-EX-A69L	cervical & endocervical cancer	False	96	0	96	4.574710978503383
TCGA-VS-A8EB	cervical & endocervical cancer	False	118	0	118	4.77912349311153
TCGA-XS-A8TJ	cervical & endocervical cancer	False	147	0	147	4.997212273764115
TCGA-C5-A1ME	cervical & endocervical cancer	False	87	0	87	4.477336814478207
TCGA-EA-A3Y4	cervical & endocervical cancer	True	223	1	222	5.407171771460119
TCGA-EA-A5ZD	cervical & endocervical cancer	False	34	0	34	3.5553480614894135
TCGA-EK-A2RM	cervical & endocervical cancer	False	133	0	133	4.897839799950911
TCGA-HM-A3JJ	cervical & endocervical cancer	True	94	1	93	4.543294782270004
TCGA-IR-A3LC	cervical & endocervical cancer	False	69	0	69	4.248495242049359
TCGA-JX-A3Q8	cervical & endocervical cancer	False	90	0	90	4.51085950651685
TCGA-LP-A5U3	cervical & endocervical cancer	False	61	0	61	4.127134385045092
TCGA-VS-A94X	cervical & endocervical cancer	False	473	0	473	6.161207321695077
TCGA-C5-A8XH	cervical & endocervical cancer	False	407	0	407	6.0112671744041615
TCGA-EA-A5O9	cervical & endocervical cancer	False	85	0	85	4.454347296253507
TCGA-VS-A94W	cervical & endocervical cancer	False	118	0	118	4.77912349311153
TCGA-VS-A9UM	cervical & endocervical cancer	False	118	0	118	4.77912349311153
TCGA-C5-A2LT	cervical & endocervical cancer	False	55	0	55	4.02535169073515
TCGA-EA-A556	cervical & endocervical cancer	False	0	0	0	0.0
TCGA-EA-A97N	cervical & endocervical cancer	False	211	0	211	5.356586274672012
TCGA-EX-A1H6	cervical & endocervical cancer	False	166	0	166	5.117993812416755
TCGA-FU-A40J	cervical & endocervical cancer	True	333	1	332	5.808142489980444
TCGA-HG-A2PA	cervical & endocervical cancer	False	104	0	104	4.653960350157523
TCGA-VS-A8EI	cervical & endocervical cancer	False	187	0	187	5.236441962829949
TCGA-VS-A8EL	cervical & endocervical cancer	True	522	1	521	6.257667587882639
TCGA-VS-A94Z	cervical & endocervical cancer	True	1192	1	1191	7.083387847625295
TCGA-ZJ-A8QR	cervical & endocervical cancer	False	210	0	210	5.351858133476067
TCGA-C5-A1M7	cervical & endocervical cancer	False	153	0	153	5.0369526024136295
TCGA-C5-A2LS	cervical & endocervical cancer	False	84	0	84	4.442651256490317
TCGA-C5-A2M1	cervical & endocervical cancer	False	141	0	141	4.955827057601261
TCGA-C5-A905	cervical & endocervical cancer	False	129	0	129	4.867534450455582
TCGA-IR-A3L7	cervical & endocervical cancer	False	50	0	50	3.9318256327243257
TCGA-JW-A5VL	cervical & endocervical cancer	True	3378	3	3375	8.124446855715847
TCGA-JX-A5QV	cervical & endocervical cancer	False	78	0	78	4.3694478524670215
TCGA-Q1-A73O	cervical & endocervical cancer	True	2404	1	2403	7.784889295655098
TCGA-C5-A1BK	cervical & endocervical cancer	False	233	0	233	5.455321115357702
TCGA-C5-A2LV	cervical & endocervical cancer	False	110	0	110	4.709530201312334
TCGA-C5-A8YT	cervical & endocervical cancer	False	5	0	5	1.791759469228055
TCGA-EK-A2PL	cervical & endocervical cancer	False	270	0	270	5.602118820879701
TCGA-Q1-A6DV	cervical & endocervical cancer	False	57	0	57	4.060443010546419
TCGA-VS-A8EG	cervical & endocervical cancer	False	63	0	63	4.1588830833596715
TCGA-C5-A1MQ	cervical & endocervical cancer	False	58	0	58	4.07753744390572
TCGA-C5-A7CM	cervical & endocervical cancer	False	27	0	27	3.332204510175204
TCGA-C5-A7X8	cervical & endocervical cancer	True	110	1	109	4.700480365792417
TCGA-C5-A902	cervical & endocervical cancer	True	491	2	489	6.194405391104672
TCGA-EA-A3HS	cervical & endocervical cancer	True	1193	1	1192	7.084226422097916
TCGA-FU-A3YQ	cervical & endocervical cancer	False	128	0	128	4.859812404361672
TCGA-JW-A5VG	cervical & endocervical cancer	False	38	0	38	3.6635616461296463
TCGA-LP-A4AU	cervical & endocervical cancer	False	83	0	83	4.430816798843313
TCGA-ZJ-AAXD	cervical & endocervical cancer	False	134	0	134	4.90527477843843
TCGA-C5-A1BJ	cervical & endocervical cancer	False	192	0	192	5.262690188904886
TCGA-C5-A1MP	cervical & endocervical cancer	False	66	0	66	4.204692619390966
TCGA-DS-A7WH	cervical & endocervical cancer	False	162	0	162	5.093750200806762
TCGA-HM-A6W2	cervical & endocervical cancer	False	78	0	78	4.3694478524670215
TCGA-RA-A741	cervical & endocervical cancer	False	69	0	69	4.248495242049359
TCGA-ZJ-AAXN	cervical & endocervical cancer	False	89	0	89	4.499809670330265
TCGA-EK-A2RC	cervical & endocervical cancer	False	276	0	276	5.6240175061873385
TCGA-EK-A3GK	cervical & endocervical cancer	True	2041	3	2038	7.620214770574455
TCGA-FU-A770	cervical & endocervical cancer	False	81	0	81	4.406719247264253
TCGA-MA-AA41	cervical & endocervical cancer	False	803	0	803	6.6895992691789665
TCGA-Q1-A73S	cervical & endocervical cancer	False	39	0	39	3.6888794541139363
TCGA-C5-A1BL	cervical & endocervical cancer	False	299	0	299	5.703782474656201
TCGA-EK-A2RL	cervical & endocervical cancer	False	48	0	48	3.8918202981106265
TCGA-EX-A3L1	cervical & endocervical cancer	True	62	1	61	4.127134385045092
TCGA-FU-A5XV	cervical & endocervical cancer	False	155	0	155	5.049856007249537
TCGA-Q1-A5R1	cervical & endocervical cancer	False	105	0	105	4.663439094112067
TCGA-VS-A9UC	cervical & endocervical cancer	False	276	0	276	5.6240175061873385
TCGA-VS-A9UQ	cervical & endocervical cancer	False	46	0	46	3.8501476017100584
TCGA-4J-AA1J	cervical & endocervical cancer	False	255	0	255	5.545177444479562
TCGA-C5-A1BI	cervical & endocervical cancer	False	168	0	168	5.1298987149230735
TCGA-EA-A44S	cervical & endocervical cancer	False	0	0	0	0.0
TCGA-C5-A2LY	cervical & endocervical cancer	True	161	2	159	5.075173815233827
TCGA-C5-A8XK	cervical & endocervical cancer	False	360	0	360	5.8888779583328805
TCGA-LP-A5U2	cervical & endocervical cancer	False	318	0	318	5.765191102784844
TCGA-VS-A9U7	cervical & endocervical cancer	False	283	0	283	5.648974238161206
TCGA-FU-A2QG	cervical & endocervical cancer	False	149	0	149	5.0106352940962555
TCGA-VS-A9UY	cervical & endocervical cancer	False	202	0	202	5.313205979041787
TCGA-VS-A9V2	cervical & endocervical cancer	False	67	0	67	4.219507705176107
TCGA-EK-A2IP	cervical & endocervical cancer	True	214	2	212	5.3612921657094255
TCGA-FU-A23K	cervical & endocervical cancer	False	147	0	147	4.997212273764115
TCGA-MY-A913	cervical & endocervical cancer	True	275	1	274	5.616771097666572
TCGA-GH-A9DA	cervical & endocervical cancer	False	123	0	123	4.820281565605037
TCGA-MU-A51Y	cervical & endocervical cancer	False	0	0	0	0.0
TCGA-C5-A1BN	cervical & endocervical cancer	False	89	0	89	4.499809670330265
TCGA-C5-A7XC	cervical & endocervical cancer	False	116	0	116	4.762173934797756
TCGA-EK-A2RE	cervical & endocervical cancer	False	31	0	31	3.4657359027997265
TCGA-VS-A8Q8	cervical & endocervical cancer	True	141	1	140	4.948759890378168
TCGA-DG-A2KH	cervical & endocervical cancer	False	101	0	101	4.624972813284271
TCGA-DS-A0VL	cervical & endocervical cancer	False	98	0	98	4.59511985013459
TCGA-JX-A3PZ	cervical & endocervical cancer	False	80	0	80	4.394449154672439
TCGA-ZJ-AB0I	cervical & endocervical cancer	False	160	0	160	5.081404364984463
TCGA-C5-A3HF	cervical & endocervical cancer	False	60	0	60	4.110873864173311
TCGA-EK-A2H0	cervical & endocervical cancer	True	282	2	280	5.638354669333745
TCGA-ZJ-A8QQ	cervical & endocervical cancer	False	0	0	0	0.0
TCGA-C5-A0TN	cervical & endocervical cancer	False	31	0	31	3.4657359027997265
TCGA-UC-A7PD	cervical & endocervical cancer	False	62	0	62	4.143134726391533
TCGA-EK-A2H1	cervical & endocervical cancer	False	54	0	54	4.007333185232471
TCGA-PN-A8M9	cervical & endocervical cancer	False	0	0	0	0.0
TCGA-AO-A1KQ	breast invasive carcinoma	False	0	0	0	0.0
TCGA-E2-A14W	breast invasive carcinoma	False	126	0	126	4.844187086458591
TCGA-A1-A0SM	breast invasive carcinoma	False	33	0	33	3.5263605246161616
TCGA-AR-A1AV	breast invasive carcinoma	False	54	0	54	4.007333185232471
TCGA-BH-A0B4	breast invasive carcinoma	False	0	0	0	0.0
TCGA-EW-A1PD	breast invasive carcinoma	False	99	0	99	4.605170185988092
TCGA-EW-A6SA	breast invasive carcinoma	False	127	0	127	4.852030263919617
TCGA-AC-A62V	breast invasive carcinoma	False	113	0	113	4.736198448394496
TCGA-BH-A0DD	breast invasive carcinoma	False	37	0	37	3.6375861597263857
TCGA-AQ-A54O	breast invasive carcinoma	False	26	0	26	3.295836866004329
TCGA-D8-A1XS	breast invasive carcinoma	False	27	0	27	3.332204510175204
TCGA-A8-A085	breast invasive carcinoma	False	0	0	0	0.0
TCGA-A2-A25D	breast invasive carcinoma	False	71	0	71	4.276666119016055
TCGA-AC-A23H	breast invasive carcinoma	True	6405	3	6402	8.764521909518802
TCGA-AC-A3W6	breast invasive carcinoma	False	0	0	0	0.0
TCGA-B6-A0IC	breast invasive carcinoma	False	0	0	0	0.0
TCGA-BH-A1F8	breast invasive carcinoma	False	196	0	196	5.2832037287379885
TCGA-C8-A26Y	breast invasive carcinoma	True	940	6	934	6.840546529288687
TCGA-D8-A1JK	breast invasive carcinoma	True	278	1	277	5.627621113690637
TCGA-E2-A9RU	breast invasive carcinoma	False	112	0	112	4.727387818712341
TCGA-LL-A6FP	breast invasive carcinoma	False	81	0	81	4.406719247264253
TCGA-A8-A08A	breast invasive carcinoma	False	0	0	0	0.0
TCGA-A8-A08L	breast invasive carcinoma	False	0	0	0	0.0
TCGA-E2-A15O	breast invasive carcinoma	False	37	0	37	3.6375861597263857
TCGA-AC-A5EI	breast invasive carcinoma	False	51	0	51	3.9512437185814275
TCGA-AN-A0FK	breast invasive carcinoma	False	0	0	0	0.0
TCGA-BH-A18N	breast invasive carcinoma	False	46	0	46	3.8501476017100584
TCGA-BH-A1FG	breast invasive carcinoma	False	24	0	24	3.2188758248682006
TCGA-D8-A73U	breast invasive carcinoma	False	210	0	210	5.351858133476067
TCGA-LL-A5YM	breast invasive carcinoma	False	46	0	46	3.8501476017100584
TCGA-AC-A2FM	breast invasive carcinoma	False	0	0	0	0.0
TCGA-AC-A3HN	breast invasive carcinoma	False	23	0	23	3.1780538303479458
TCGA-BH-A8FY	breast invasive carcinoma	False	59	0	59	4.0943445622221
TCGA-D8-A1XG	breast invasive carcinoma	False	31	0	31	3.4657359027997265
TCGA-A2-A0CO	breast invasive carcinoma	False	0	0	0	0.0
TCGA-A2-A1G1	breast invasive carcinoma	False	43	0	43	3.784189633918261
TCGA-A8-A07Z	breast invasive carcinoma	False	0	0	0	0.0
TCGA-D8-A1XC	breast invasive carcinoma	False	35	0	35	3.58351893845611
TCGA-E9-A54X	breast invasive carcinoma	False	0	0	0	0.0
TCGA-A7-A56D	breast invasive carcinoma	True	230	1	229	5.438079308923196
TCGA-A8-A06Z	breast invasive carcinoma	False	0	0	0	0.0
TCGA-A8-A09I	breast invasive carcinoma	False	0	0	0	0.0
TCGA-A8-A0A1	breast invasive carcinoma	False	0	0	0	0.0
TCGA-AC-A2B8	breast invasive carcinoma	False	131	0	131	4.882801922586371
TCGA-AQ-A1H2	breast invasive carcinoma	True	37	1	36	3.6109179126442243
TCGA-D8-A1XV	breast invasive carcinoma	False	37	0	37	3.6375861597263857
TCGA-E2-A1LK	breast invasive carcinoma	False	61	0	61	4.127134385045092
TCGA-LL-A50Y	breast invasive carcinoma	False	48	0	48	3.8918202981106265
TCGA-A8-A09Q	breast invasive carcinoma	False	0	0	0	0.0
TCGA-A8-A09Z	breast invasive carcinoma	False	0	0	0	0.0
TCGA-A8-A0AD	breast invasive carcinoma	False	0	0	0	0.0
TCGA-AR-A1AJ	breast invasive carcinoma	False	55	0	55	4.02535169073515
TCGA-BH-A1EU	breast invasive carcinoma	False	37	0	37	3.6375861597263857
TCGA-A2-A0SW	breast invasive carcinoma	False	0	0	0	0.0
TCGA-A8-A09R	breast invasive carcinoma	False	0	0	0	0.0
TCGA-BH-A0H6	breast invasive carcinoma	False	0	0	0	0.0
TCGA-BH-A0WA	breast invasive carcinoma	False	120	0	120	4.795790545596741
TCGA-C8-A131	breast invasive carcinoma	False	82	0	82	4.418840607796598
TCGA-S3-AA12	breast invasive carcinoma	False	67	0	67	4.219507705176107
TCGA-A8-A07E	breast invasive carcinoma	False	0	0	0	0.0
TCGA-A8-A084	breast invasive carcinoma	False	0	0	0	0.0
TCGA-B6-A0IH	breast invasive carcinoma	False	44	0	44	3.8066624897703196
TCGA-BH-A0HK	breast invasive carcinoma	False	63	0	63	4.1588830833596715
TCGA-BH-A18G	breast invasive carcinoma	True	1899	3	1896	7.5480289699350145
TCGA-D8-A1X5	breast invasive carcinoma	False	70	0	70	4.2626798770413155
TCGA-D8-A1XZ	breast invasive carcinoma	False	101	0	101	4.624972813284271
TCGA-A2-A0EV	breast invasive carcinoma	False	0	0	0	0.0
TCGA-A8-A06U	breast invasive carcinoma	False	0	0	0	0.0
TCGA-A8-A07R	breast invasive carcinoma	False	0	0	0	0.0
TCGA-A8-A081	breast invasive carcinoma	False	0	0	0	0.0
TCGA-A8-A0A9	breast invasive carcinoma	False	0	0	0	0.0
TCGA-AR-A1AP	breast invasive carcinoma	False	52	0	52	3.970291913552122
TCGA-BH-A1F0	breast invasive carcinoma	False	96	0	96	4.574710978503383
TCGA-BH-A204	breast invasive carcinoma	False	54	0	54	4.007333185232471
TCGA-BH-A42U	breast invasive carcinoma	False	33	0	33	3.5263605246161616
TCGA-C8-A12K	breast invasive carcinoma	False	180	0	180	5.198497031265826
TCGA-D8-A145	breast invasive carcinoma	True	51	1	50	3.9318256327243257
TCGA-D8-A1JN	breast invasive carcinoma	False	213	0	213	5.365976015021851
TCGA-D8-A1X6	breast invasive carcinoma	False	48	0	48	3.8918202981106265
TCGA-D8-A1Y1	breast invasive carcinoma	False	281	0	281	5.641907070938114
TCGA-E2-A1IH	breast invasive carcinoma	False	88	0	88	4.48863636973214
TCGA-EW-A1IW	breast invasive carcinoma	False	129	0	129	4.867534450455582
TCGA-OL-A66J	breast invasive carcinoma	False	70	0	70	4.2626798770413155
TCGA-A2-A0EU	breast invasive carcinoma	False	0	0	0	0.0
TCGA-A7-A0CH	breast invasive carcinoma	False	19	0	19	2.995732273553991
TCGA-A7-A13G	breast invasive carcinoma	False	34	0	34	3.5553480614894135
TCGA-A7-A3RF	breast invasive carcinoma	False	43	0	43	3.784189633918261
TCGA-A8-A09G	breast invasive carcinoma	False	0	0	0	0.0
TCGA-AC-A2FG	breast invasive carcinoma	False	42	0	42	3.7612001156935624
TCGA-AC-A3EH	breast invasive carcinoma	False	0	0	0	0.0
TCGA-AC-A3QP	breast invasive carcinoma	False	37	0	37	3.6375861597263857
TCGA-AC-A62Y	breast invasive carcinoma	False	94	0	94	4.553876891600541
TCGA-AN-A0AJ	breast invasive carcinoma	False	0	0	0	0.0
TCGA-BH-A0E7	breast invasive carcinoma	False	0	0	0	0.0
TCGA-BH-A18S	breast invasive carcinoma	False	38	0	38	3.6635616461296463
TCGA-BH-A1EY	breast invasive carcinoma	False	57	0	57	4.060443010546419
TCGA-D8-A1JF	breast invasive carcinoma	True	55	1	54	4.007333185232471
TCGA-D8-A73W	breast invasive carcinoma	False	55	0	55	4.02535169073515
TCGA-E2-A105	breast invasive carcinoma	False	74	0	74	4.31748811353631
TCGA-E2-A14P	breast invasive carcinoma	False	116	0	116	4.762173934797756
TCGA-LD-A74U	breast invasive carcinoma	False	355	0	355	5.87493073085203
TCGA-A7-A0CG	breast invasive carcinoma	False	0	0	0	0.0
TCGA-AC-A2BK	breast invasive carcinoma	False	124	0	124	4.8283137373023015
TCGA-AO-A1KT	breast invasive carcinoma	False	55	0	55	4.02535169073515
TCGA-BH-A0BV	breast invasive carcinoma	False	25	0	25	3.258096538021482
TCGA-BH-A0DO	breast invasive carcinoma	False	35	0	35	3.58351893845611
TCGA-BH-A0HI	breast invasive carcinoma	False	38	0	38	3.6635616461296463
TCGA-BH-A1EN	breast invasive carcinoma	False	0	0	0	0.0
TCGA-BH-A1FC	breast invasive carcinoma	False	134	0	134	4.90527477843843
TCGA-BH-A203	breast invasive carcinoma	False	101	0	101	4.624972813284271
TCGA-C8-A12Q	breast invasive carcinoma	False	144	0	144	4.976733742420574
TCGA-E2-A1IL	breast invasive carcinoma	False	34	0	34	3.5553480614894135
TCGA-E2-A2P5	breast invasive carcinoma	False	0	0	0	0.0
TCGA-E9-A3Q9	breast invasive carcinoma	False	0	0	0	0.0
TCGA-A2-A4S0	breast invasive carcinoma	False	0	0	0	0.0
TCGA-A8-A06X	breast invasive carcinoma	False	0	0	0	0.0
TCGA-AO-A1KP	breast invasive carcinoma	False	0	0	0	0.0
TCGA-BH-A0HF	breast invasive carcinoma	False	0	0	0	0.0
TCGA-BH-A0W5	breast invasive carcinoma	False	31	0	31	3.4657359027997265
TCGA-BH-A209	breast invasive carcinoma	False	123	0	123	4.820281565605037
TCGA-D8-A1J8	breast invasive carcinoma	True	1034	3	1031	6.939253946041508
TCGA-D8-A1JS	breast invasive carcinoma	False	32	0	32	3.4965075614664802
TCGA-E2-A2P6	breast invasive carcinoma	True	191	1	190	5.25227342804663
TCGA-EW-A1P5	breast invasive carcinoma	False	21	0	21	3.091042453358316
TCGA-LL-A6FQ	breast invasive carcinoma	False	73	0	73	4.30406509320417
TCGA-WT-AB44	breast invasive carcinoma	False	65	0	65	4.189654742026425
TCGA-A2-A0D1	breast invasive carcinoma	False	0	0	0	0.0
TCGA-A8-A07W	breast invasive carcinoma	False	0	0	0	0.0
TCGA-A8-A08Z	breast invasive carcinoma	False	0	0	0	0.0
TCGA-A8-A099	breast invasive carcinoma	False	0	0	0	0.0
TCGA-AC-A23G	breast invasive carcinoma	False	0	0	0	0.0
TCGA-AC-A2QI	breast invasive carcinoma	False	0	0	0	0.0
TCGA-AC-A5EH	breast invasive carcinoma	False	212	0	212	5.3612921657094255
TCGA-AN-A0AK	breast invasive carcinoma	False	0	0	0	0.0
TCGA-B6-A40B	breast invasive carcinoma	False	68	0	68	4.23410650459726
TCGA-BH-A0BP	breast invasive carcinoma	False	202	0	202	5.313205979041787
TCGA-D8-A1XJ	breast invasive carcinoma	False	0	0	0	0.0
TCGA-E2-A14O	breast invasive carcinoma	False	38	0	38	3.6635616461296463
TCGA-E2-A15G	breast invasive carcinoma	False	78	0	78	4.3694478524670215
TCGA-A8-A06T	breast invasive carcinoma	False	0	0	0	0.0
TCGA-A8-A094	breast invasive carcinoma	False	0	0	0	0.0
TCGA-A8-A09M	breast invasive carcinoma	False	0	0	0	0.0
TCGA-AC-A3TN	breast invasive carcinoma	False	0	0	0	0.0
TCGA-AC-A8OR	breast invasive carcinoma	False	35	0	35	3.58351893845611
TCGA-AO-A12G	breast invasive carcinoma	False	49	0	49	3.912023005428146
TCGA-B6-A0IM	breast invasive carcinoma	False	0	0	0	0.0
TCGA-BH-A42T	breast invasive carcinoma	False	0	0	0	0.0
TCGA-D8-A27G	breast invasive carcinoma	False	1181	0	1181	7.074963197966044
TCGA-E9-A1ND	breast invasive carcinoma	False	0	0	0	0.0
TCGA-EW-A423	breast invasive carcinoma	False	92	0	92	4.532599493153256
TCGA-OL-A66P	breast invasive carcinoma	False	140	0	140	4.948759890378168
TCGA-V7-A7HQ	breast invasive carcinoma	False	34	0	34	3.5553480614894135
TCGA-A2-A1FV	breast invasive carcinoma	False	56	0	56	4.04305126783455
TCGA-A8-A090	breast invasive carcinoma	False	0	0	0	0.0
TCGA-AC-A3YI	breast invasive carcinoma	False	19	0	19	2.995732273553991
TCGA-AC-A5XS	breast invasive carcinoma	False	723	0	723	6.584791392385716
TCGA-AC-A5XU	breast invasive carcinoma	False	118	0	118	4.77912349311153
TCGA-AN-A03X	breast invasive carcinoma	False	0	0	0	0.0
TCGA-B6-A0IP	breast invasive carcinoma	False	0	0	0	0.0
TCGA-C8-A1HM	breast invasive carcinoma	False	451	0	451	6.113682179832232
TCGA-D8-A142	breast invasive carcinoma	False	171	0	171	5.147494476813453
TCGA-D8-A1XY	breast invasive carcinoma	False	61	0	61	4.127134385045092
TCGA-E2-A14U	breast invasive carcinoma	False	0	0	0	0.0
TCGA-E2-A1B4	breast invasive carcinoma	False	43	0	43	3.784189633918261
TCGA-E2-A1IF	breast invasive carcinoma	False	26	0	26	3.295836866004329
TCGA-E9-A1RE	breast invasive carcinoma	False	67	0	67	4.219507705176107
TCGA-E9-A22A	breast invasive carcinoma	False	38	0	38	3.6635616461296463
TCGA-OL-A66H	breast invasive carcinoma	False	30	0	30	3.4339872044851463
TCGA-A2-A0CS	breast invasive carcinoma	False	57	0	57	4.060443010546419
TCGA-A2-A0CU	breast invasive carcinoma	False	0	0	0	0.0
TCGA-A2-A0EM	breast invasive carcinoma	False	0	0	0	0.0
TCGA-A8-A07S	breast invasive carcinoma	False	0	0	0	0.0
TCGA-A8-A096	breast invasive carcinoma	False	0	0	0	0.0
TCGA-A8-A09E	breast invasive carcinoma	False	0	0	0	0.0
TCGA-A8-A0A4	breast invasive carcinoma	False	0	0	0	0.0
TCGA-AC-A6IW	breast invasive carcinoma	True	237	1	236	5.4680601411351315
TCGA-AR-A0U0	breast invasive carcinoma	False	54	0	54	4.007333185232471
TCGA-B6-A0I1	breast invasive carcinoma	False	89	0	89	4.499809670330265
TCGA-B6-A0RP	breast invasive carcinoma	False	30	0	30	3.4339872044851463
TCGA-BH-A0BG	breast invasive carcinoma	False	47	0	47	3.871201010907891
TCGA-BH-A1FR	breast invasive carcinoma	False	17	0	17	2.8903717578961645
TCGA-D8-A1JP	breast invasive carcinoma	False	143	0	143	4.969813299576001
TCGA-E2-A1LL	breast invasive carcinoma	False	62	0	62	4.143134726391533
TCGA-LD-A9QF	breast invasive carcinoma	False	40	0	40	3.713572066704308
TCGA-LQ-A4E4	breast invasive carcinoma	False	0	0	0	0.0
TCGA-UL-AAZ6	breast invasive carcinoma	False	146	0	146	4.990432586778736
TCGA-A7-A26H	breast invasive carcinoma	False	154	0	154	5.043425116919247
TCGA-AC-A62X	breast invasive carcinoma	False	91	0	91	4.5217885770490405
TCGA-AC-A8OP	breast invasive carcinoma	False	254	0	254	5.541263545158426
TCGA-AC-A8OQ	breast invasive carcinoma	True	144	1	143	4.969813299576001
TCGA-AO-A125	breast invasive carcinoma	False	46	0	46	3.8501476017100584
TCGA-BH-A0EA	breast invasive carcinoma	False	33	0	33	3.5263605246161616
TCGA-BH-A18U	breast invasive carcinoma	False	185	0	185	5.225746673713202
TCGA-D8-A1JL	breast invasive carcinoma	True	131	1	130	4.875197323201151
TCGA-D8-A27H	breast invasive carcinoma	False	166	0	166	5.117993812416755
TCGA-E2-A572	breast invasive carcinoma	False	29	0	29	3.4011973816621555
TCGA-E9-A2JS	breast invasive carcinoma	False	94	0	94	4.553876891600541
TCGA-GM-A3NY	breast invasive carcinoma	False	0	0	0	0.0
TCGA-OL-A66K	breast invasive carcinoma	False	51	0	51	3.9512437185814275
TCGA-PE-A5DC	breast invasive carcinoma	True	170	1	169	5.135798437050262
TCGA-A2-A0CT	breast invasive carcinoma	False	0	0	0	0.0
TCGA-A2-A1G4	breast invasive carcinoma	False	0	0	0	0.0
TCGA-A7-A3IY	breast invasive carcinoma	False	0	0	0	0.0
TCGA-A8-A08S	breast invasive carcinoma	False	0	0	0	0.0
TCGA-AC-A8OS	breast invasive carcinoma	False	83	0	83	4.430816798843313
TCGA-AN-A0FD	breast invasive carcinoma	False	0	0	0	0.0
TCGA-AO-A0J7	breast invasive carcinoma	False	0	0	0	0.0
TCGA-B6-A0RO	breast invasive carcinoma	False	47	0	47	3.871201010907891
TCGA-BH-A0BW	breast invasive carcinoma	False	118	0	118	4.77912349311153
TCGA-BH-A0DS	breast invasive carcinoma	False	0	0	0	0.0
TCGA-D8-A1Y2	breast invasive carcinoma	False	22	0	22	3.1354942159291497
TCGA-E2-A1IK	breast invasive carcinoma	False	19	0	19	2.995732273553991
TCGA-E2-A1LE	breast invasive carcinoma	False	0	0	0	0.0
TCGA-E9-A1NH	breast invasive carcinoma	False	42	0	42	3.7612001156935624
TCGA-E9-A22B	breast invasive carcinoma	False	77	0	77	4.356708826689592
TCGA-E9-A295	breast invasive carcinoma	False	113	0	113	4.736198448394496
TCGA-OL-A5D6	breast invasive carcinoma	True	61	1	60	4.110873864173311
TCGA-OL-A66L	breast invasive carcinoma	False	96	0	96	4.574710978503383
TCGA-S3-A6ZG	breast invasive carcinoma	False	65	0	65	4.189654742026425
TCGA-A1-A0SB	breast invasive carcinoma	False	18	0	18	2.9444389791664403
TCGA-A2-A0EN	breast invasive carcinoma	False	43	0	43	3.784189633918261
TCGA-A2-A259	breast invasive carcinoma	False	31	0	31	3.4657359027997265
TCGA-A7-A425	breast invasive carcinoma	False	36	0	36	3.6109179126442243
TCGA-A8-A08P	breast invasive carcinoma	False	0	0	0	0.0
TCGA-A8-A09W	breast invasive carcinoma	False	0	0	0	0.0
TCGA-AN-A0AS	breast invasive carcinoma	False	0	0	0	0.0
TCGA-AQ-A0Y5	breast invasive carcinoma	False	73	0	73	4.30406509320417
TCGA-AR-A1AK	breast invasive carcinoma	False	84	0	84	4.442651256490317
TCGA-AR-A2LL	breast invasive carcinoma	False	39	0	39	3.6888794541139363
TCGA-BH-A18T	breast invasive carcinoma	False	105	0	105	4.663439094112067
TCGA-C8-A12M	breast invasive carcinoma	False	86	0	86	4.465908118654584
TCGA-D8-A1JT	breast invasive carcinoma	False	45	0	45	3.828641396489095
TCGA-E9-A1N3	breast invasive carcinoma	False	32	0	32	3.4965075614664802
TCGA-E9-A1R3	breast invasive carcinoma	False	27	0	27	3.332204510175204
TCGA-EW-A1J6	breast invasive carcinoma	False	47	0	47	3.871201010907891
TCGA-EW-A1PB	breast invasive carcinoma	False	191	0	191	5.2574953720277815
TCGA-LL-A7T0	breast invasive carcinoma	False	80	0	80	4.394449154672439
TCGA-OL-A5D7	breast invasive carcinoma	False	85	0	85	4.454347296253507
TCGA-A8-A06R	breast invasive carcinoma	False	0	0	0	0.0
TCGA-A8-A079	breast invasive carcinoma	False	0	0	0	0.0
TCGA-A8-A07B	breast invasive carcinoma	False	0	0	0	0.0
TCGA-A8-A07I	breast invasive carcinoma	False	0	0	0	0.0
TCGA-A8-A09C	breast invasive carcinoma	False	0	0	0	0.0
TCGA-AN-A0XP	breast invasive carcinoma	False	38	0	38	3.6635616461296463
TCGA-AO-A03O	breast invasive carcinoma	False	0	0	0	0.0
TCGA-AO-A12H	breast invasive carcinoma	False	32	0	32	3.4965075614664802
TCGA-AO-A1KS	breast invasive carcinoma	False	0	0	0	0.0
TCGA-AR-A2LE	breast invasive carcinoma	False	397	0	397	5.986452005284438
TCGA-BH-A0E6	breast invasive carcinoma	False	0	0	0	0.0
TCGA-BH-A0EB	breast invasive carcinoma	False	0	0	0	0.0
TCGA-BH-A0H0	breast invasive carcinoma	False	0	0	0	0.0
TCGA-BH-A0H9	breast invasive carcinoma	False	24	0	24	3.2188758248682006
TCGA-BH-A1FL	breast invasive carcinoma	False	29	0	29	3.4011973816621555
TCGA-D8-A1XQ	breast invasive carcinoma	True	1163	2	1161	7.057897937411856
TCGA-E2-A56Z	breast invasive carcinoma	False	62	0	62	4.143134726391533
TCGA-E2-A576	breast invasive carcinoma	False	75	0	75	4.330733340286331
TCGA-E9-A24A	breast invasive carcinoma	False	24	0	24	3.2188758248682006
TCGA-GM-A2D9	breast invasive carcinoma	True	646	1	645	6.470799503782602
TCGA-LL-A9Q3	breast invasive carcinoma	False	74	0	74	4.31748811353631
TCGA-A7-A6VX	breast invasive carcinoma	True	193	1	192	5.262690188904886
TCGA-A8-A07P	breast invasive carcinoma	False	0	0	0	0.0
TCGA-A8-A09K	breast invasive carcinoma	False	0	0	0	0.0
TCGA-A8-A09T	breast invasive carcinoma	False	0	0	0	0.0
TCGA-AC-A3OD	breast invasive carcinoma	False	41	0	41	3.7376696182833684
TCGA-AN-A046	breast invasive carcinoma	False	0	0	0	0.0
TCGA-AN-A0XN	breast invasive carcinoma	False	187	0	187	5.236441962829949
TCGA-AO-A0JF	breast invasive carcinoma	False	0	0	0	0.0
TCGA-AR-A0TR	breast invasive carcinoma	False	46	0	46	3.8501476017100584
TCGA-AR-A5QN	breast invasive carcinoma	False	56	0	56	4.04305126783455
TCGA-AR-A5QQ	breast invasive carcinoma	False	102	0	102	4.634728988229636
TCGA-B6-A0RQ	breast invasive carcinoma	False	57	0	57	4.060443010546419
TCGA-B6-A1KF	breast invasive carcinoma	False	0	0	0	0.0
TCGA-BH-A0EE	breast invasive carcinoma	False	0	0	0	0.0
TCGA-BH-A1EO	breast invasive carcinoma	False	53	0	53	3.9889840465642745
TCGA-BH-A1FD	breast invasive carcinoma	False	0	0	0	0.0
TCGA-C8-A3M8	breast invasive carcinoma	False	68	0	68	4.23410650459726
TCGA-D8-A4Z1	breast invasive carcinoma	False	46	0	46	3.8501476017100584
TCGA-E2-A154	breast invasive carcinoma	False	61	0	61	4.127134385045092
TCGA-E9-A1RF	breast invasive carcinoma	False	174	0	174	5.1647859739235145
TCGA-EW-A1P1	breast invasive carcinoma	False	3	0	3	1.3862943611198906
TCGA-XX-A89A	breast invasive carcinoma	False	269	0	269	5.598421958998375
TCGA-A1-A0SO	breast invasive carcinoma	False	379	0	379	5.940171252720432
TCGA-A2-A0CW	breast invasive carcinoma	False	89	0	89	4.499809670330265
TCGA-A2-A0YF	breast invasive carcinoma	False	45	0	45	3.828641396489095
TCGA-A2-A0YM	breast invasive carcinoma	False	113	0	113	4.736198448394496
TCGA-A2-A4RX	breast invasive carcinoma	False	0	0	0	0.0
TCGA-A8-A083	breast invasive carcinoma	False	0	0	0	0.0
TCGA-AN-A0FW	breast invasive carcinoma	False	0	0	0	0.0
TCGA-AN-A0XV	breast invasive carcinoma	False	47	0	47	3.871201010907891
TCGA-AO-A0J3	breast invasive carcinoma	False	0	0	0	0.0
TCGA-B6-A0WV	breast invasive carcinoma	False	46	0	46	3.8501476017100584
TCGA-B6-A1KC	breast invasive carcinoma	False	0	0	0	0.0
TCGA-BH-A0GY	breast invasive carcinoma	False	0	0	0	0.0
TCGA-BH-A0HN	breast invasive carcinoma	False	37	0	37	3.6375861597263857
TCGA-BH-A1EX	breast invasive carcinoma	False	35	0	35	3.58351893845611
TCGA-C8-A12L	breast invasive carcinoma	False	101	0	101	4.624972813284271
TCGA-E2-A10B	breast invasive carcinoma	False	75	0	75	4.330733340286331
TCGA-E9-A1RD	breast invasive carcinoma	False	25	0	25	3.258096538021482
TCGA-GM-A4E0	breast invasive carcinoma	False	37	0	37	3.6375861597263857
TCGA-LL-A73Y	breast invasive carcinoma	False	196	0	196	5.2832037287379885
TCGA-OL-A97C	breast invasive carcinoma	False	93	0	93	4.543294782270004
TCGA-S3-AA11	breast invasive carcinoma	False	103	0	103	4.6443908991413725
TCGA-A2-A04N	breast invasive carcinoma	False	57	0	57	4.060443010546419
TCGA-A2-A0SU	breast invasive carcinoma	False	42	0	42	3.7612001156935624
TCGA-A2-A0T2	breast invasive carcinoma	False	0	0	0	0.0
TCGA-A2-A25F	breast invasive carcinoma	False	6	0	6	1.9459101490553132
TCGA-A2-A4S1	breast invasive carcinoma	False	104	0	104	4.653960350157523
TCGA-A7-A0CD	breast invasive carcinoma	False	0	0	0	0.0
TCGA-A8-A06N	breast invasive carcinoma	False	0	0	0	0.0
TCGA-A8-A06Y	breast invasive carcinoma	False	0	0	0	0.0
TCGA-A8-A076	breast invasive carcinoma	False	0	0	0	0.0
TCGA-A8-A07U	breast invasive carcinoma	False	0	0	0	0.0
TCGA-A8-A08H	breast invasive carcinoma	False	0	0	0	0.0
TCGA-A8-A0A2	breast invasive carcinoma	False	0	0	0	0.0
TCGA-AC-A3W7	breast invasive carcinoma	False	0	0	0	0.0
TCGA-AC-A3YJ	breast invasive carcinoma	False	41	0	41	3.7376696182833684
TCGA-AN-A03Y	breast invasive carcinoma	False	0	0	0	0.0
TCGA-AR-A0TV	breast invasive carcinoma	False	83	0	83	4.430816798843313
TCGA-B6-A0IO	breast invasive carcinoma	False	0	0	0	0.0
TCGA-BH-A0B1	breast invasive carcinoma	False	0	0	0	0.0
TCGA-BH-A1FJ	breast invasive carcinoma	False	47	0	47	3.871201010907891
TCGA-D8-A1X9	breast invasive carcinoma	False	105	0	105	4.663439094112067
TCGA-D8-A27E	breast invasive carcinoma	False	14	0	14	2.70805020110221
TCGA-E2-A15M	breast invasive carcinoma	False	114	0	114	4.74493212836325
TCGA-E9-A1R4	breast invasive carcinoma	False	157	0	157	5.062595033026967
TCGA-EW-A1PC	breast invasive carcinoma	False	0	0	0	0.0
TCGA-OL-A5S0	breast invasive carcinoma	False	51	0	51	3.9512437185814275
TCGA-W8-A86G	breast invasive carcinoma	False	37	0	37	3.6375861597263857
TCGA-A7-A26I	breast invasive carcinoma	False	47	0	47	3.871201010907891
TCGA-A8-A07F	breast invasive carcinoma	False	0	0	0	0.0
TCGA-A8-A07G	breast invasive carcinoma	False	0	0	0	0.0
TCGA-A8-A08C	breast invasive carcinoma	False	0	0	0	0.0
TCGA-A8-A097	breast invasive carcinoma	False	0	0	0	0.0
TCGA-AC-A2FB	breast invasive carcinoma	False	17	0	17	2.8903717578961645
TCGA-AC-A2FO	breast invasive carcinoma	False	30	0	30	3.4339872044851463
TCGA-AC-A3W5	breast invasive carcinoma	False	219	0	219	5.393627546352362
TCGA-AR-A1AW	breast invasive carcinoma	False	42	0	42	3.7612001156935624
TCGA-AR-A1AY	breast invasive carcinoma	False	77	0	77	4.356708826689592
TCGA-AR-A24H	breast invasive carcinoma	False	165	0	165	5.111987788356544
TCGA-AR-A2LN	breast invasive carcinoma	False	57	0	57	4.060443010546419
TCGA-BH-A0H7	breast invasive carcinoma	False	18	0	18	2.9444389791664403
TCGA-BH-A0HP	breast invasive carcinoma	False	359	0	359	5.886104031450156
TCGA-C8-A133	breast invasive carcinoma	False	35	0	35	3.58351893845611
TCGA-D8-A1Y0	breast invasive carcinoma	False	83	0	83	4.430816798843313
TCGA-E2-A14S	breast invasive carcinoma	False	0	0	0	0.0
TCGA-E2-A15L	breast invasive carcinoma	False	38	0	38	3.6635616461296463
TCGA-E2-A15T	breast invasive carcinoma	False	41	0	41	3.7376696182833684
TCGA-E9-A5FL	breast invasive carcinoma	False	140	0	140	4.948759890378168
TCGA-GM-A5PX	breast invasive carcinoma	False	44	0	44	3.8066624897703196
TCGA-S3-AA10	breast invasive carcinoma	False	165	0	165	5.111987788356544
TCGA-A2-A0EQ	breast invasive carcinoma	False	0	0	0	0.0
TCGA-A8-A08T	breast invasive carcinoma	False	0	0	0	0.0
TCGA-A8-A0A6	breast invasive carcinoma	False	0	0	0	0.0
TCGA-AO-A0JC	breast invasive carcinoma	False	0	0	0	0.0
TCGA-AR-A0TX	breast invasive carcinoma	False	411	0	411	6.021023349349527
TCGA-AR-A1AX	breast invasive carcinoma	False	34	0	34	3.5553480614894135
TCGA-B6-A0IB	breast invasive carcinoma	False	0	0	0	0.0
TCGA-BH-A0B8	breast invasive carcinoma	False	34	0	34	3.5553480614894135
TCGA-BH-A0DL	breast invasive carcinoma	True	66	1	65	4.189654742026425
TCGA-BH-A201	breast invasive carcinoma	False	28	0	28	3.367295829986474
TCGA-C8-A135	breast invasive carcinoma	False	83	0	83	4.430816798843313
TCGA-D8-A1XA	breast invasive carcinoma	False	33	0	33	3.5263605246161616
TCGA-D8-A27P	breast invasive carcinoma	False	30	0	30	3.4339872044851463
TCGA-E2-A108	breast invasive carcinoma	False	189	0	189	5.247024072160486
TCGA-E2-A109	breast invasive carcinoma	False	90	0	90	4.51085950651685
TCGA-E2-A10E	breast invasive carcinoma	False	0	0	0	0.0
TCGA-E2-A14Z	breast invasive carcinoma	False	99	0	99	4.605170185988092
TCGA-E2-A15F	breast invasive carcinoma	False	31	0	31	3.4657359027997265
TCGA-E2-A15R	breast invasive carcinoma	False	49	0	49	3.912023005428146
TCGA-E9-A1R7	breast invasive carcinoma	False	64	0	64	4.174387269895637
TCGA-EW-A1P6	breast invasive carcinoma	False	28	0	28	3.367295829986474
TCGA-LL-A5YL	breast invasive carcinoma	False	95	0	95	4.564348191467836
TCGA-PE-A5DD	breast invasive carcinoma	False	90	0	90	4.51085950651685
TCGA-S3-A6ZF	breast invasive carcinoma	False	56	0	56	4.04305126783455
TCGA-S3-AA17	breast invasive carcinoma	False	153	0	153	5.0369526024136295
TCGA-5L-AAT1	breast invasive carcinoma	True	1995	3	1992	7.597396320212795
TCGA-A2-A0CY	breast invasive carcinoma	False	0	0	0	0.0
TCGA-A2-A0ER	breast invasive carcinoma	False	0	0	0	0.0
TCGA-A2-A0SV	breast invasive carcinoma	False	0	0	0	0.0
TCGA-A2-A0YD	breast invasive carcinoma	True	92	1	91	4.5217885770490405
TCGA-A2-A0YG	breast invasive carcinoma	False	79	0	79	4.382026634673881
TCGA-A2-A1FZ	breast invasive carcinoma	False	32	0	32	3.4965075614664802
TCGA-A7-A0DC	breast invasive carcinoma	False	0	0	0	0.0
TCGA-A7-A3J1	breast invasive carcinoma	False	0	0	0	0.0
TCGA-A8-A06P	breast invasive carcinoma	False	0	0	0	0.0
TCGA-A8-A06Q	breast invasive carcinoma	False	0	0	0	0.0
TCGA-AC-A4ZE	breast invasive carcinoma	False	79	0	79	4.382026634673881
TCGA-AN-A0FT	breast invasive carcinoma	False	0	0	0	0.0
TCGA-AN-A0XS	breast invasive carcinoma	False	35	0	35	3.58351893845611
TCGA-AO-A12B	breast invasive carcinoma	False	25	0	25	3.258096538021482
TCGA-B6-A0IK	breast invasive carcinoma	False	0	0	0	0.0
TCGA-B6-A1KI	breast invasive carcinoma	False	0	0	0	0.0
TCGA-BH-A0DH	breast invasive carcinoma	False	56	0	56	4.04305126783455
TCGA-BH-A0DI	breast invasive carcinoma	False	64	0	64	4.174387269895637
TCGA-BH-A18H	breast invasive carcinoma	False	56	0	56	4.04305126783455
TCGA-BH-A5J0	breast invasive carcinoma	False	107	0	107	4.68213122712422
TCGA-C8-A274	breast invasive carcinoma	True	289	1	288	5.666426688112432
TCGA-E2-A1AZ	breast invasive carcinoma	False	82	0	82	4.418840607796598
TCGA-E2-A1BC	breast invasive carcinoma	True	45	1	44	3.8066624897703196
TCGA-E9-A1R5	breast invasive carcinoma	False	56	0	56	4.04305126783455
TCGA-E9-A1R6	breast invasive carcinoma	False	39	0	39	3.6888794541139363
TCGA-E9-A1RH	breast invasive carcinoma	False	118	0	118	4.77912349311153
TCGA-E9-A2JT	breast invasive carcinoma	False	28	0	28	3.367295829986474
TCGA-E9-A54Y	breast invasive carcinoma	False	61	0	61	4.127134385045092
TCGA-E9-A5UP	breast invasive carcinoma	False	0	0	0	0.0
TCGA-EW-A1OY	breast invasive carcinoma	False	0	0	0	0.0
TCGA-GI-A2C8	breast invasive carcinoma	False	148	0	148	5.003946305945459
TCGA-GM-A3NW	breast invasive carcinoma	False	97	0	97	4.584967478670572
TCGA-GM-A5PV	breast invasive carcinoma	False	48	0	48	3.8918202981106265
TCGA-OL-A5RU	breast invasive carcinoma	False	50	0	50	3.9318256327243257
TCGA-S3-AA0Z	breast invasive carcinoma	False	80	0	80	4.394449154672439
TCGA-UU-A93S	breast invasive carcinoma	True	208	1	207	5.337538079701318
TCGA-3C-AALJ	breast invasive carcinoma	False	72	0	72	4.290459441148391
TCGA-A2-A04T	breast invasive carcinoma	False	0	0	0	0.0
TCGA-A2-A0CQ	breast invasive carcinoma	False	0	0	0	0.0
TCGA-A2-A0EY	breast invasive carcinoma	False	0	0	0	0.0
TCGA-A2-A0ST	breast invasive carcinoma	False	28	0	28	3.367295829986474
TCGA-A2-A0SY	breast invasive carcinoma	False	181	0	181	5.204006687076795
TCGA-A2-A0T4	breast invasive carcinoma	False	45	0	45	3.828641396489095
TCGA-A2-A0YI	breast invasive carcinoma	False	18	0	18	2.9444389791664403
TCGA-A2-A1FW	breast invasive carcinoma	True	98	1	97	4.584967478670572
TCGA-A2-A3XS	breast invasive carcinoma	False	0	0	0	0.0
TCGA-A2-A4S2	breast invasive carcinoma	False	46	0	46	3.8501476017100584
TCGA-A7-A0DA	breast invasive carcinoma	False	204	0	204	5.3230099791384085
TCGA-A7-A3IZ	breast invasive carcinoma	False	0	0	0	0.0
TCGA-A7-A3J0	breast invasive carcinoma	False	0	0	0	0.0
TCGA-A7-A4SC	breast invasive carcinoma	True	41	1	40	3.713572066704308
TCGA-A7-A5ZV	breast invasive carcinoma	False	279	0	279	5.634789603169249
TCGA-A8-A09X	breast invasive carcinoma	False	0	0	0	0.0
TCGA-AC-A23C	breast invasive carcinoma	True	152	1	151	5.0238805208462765
TCGA-AC-A2FE	breast invasive carcinoma	False	0	0	0	0.0
TCGA-AN-A049	breast invasive carcinoma	False	0	0	0	0.0
TCGA-AN-A0AT	breast invasive carcinoma	False	0	0	0	0.0
TCGA-AN-A0FL	breast invasive carcinoma	False	0	0	0	0.0
TCGA-AR-A1AT	breast invasive carcinoma	False	37	0	37	3.6375861597263857
TCGA-AR-A255	breast invasive carcinoma	False	93	0	93	4.543294782270004
TCGA-AR-A2LK	breast invasive carcinoma	False	51	0	51	3.9512437185814275
TCGA-AR-A5QM	breast invasive carcinoma	False	38	0	38	3.6635616461296463
TCGA-B6-A0I9	breast invasive carcinoma	False	0	0	0	0.0
TCGA-B6-A0X4	breast invasive carcinoma	False	24	0	24	3.2188758248682006
TCGA-B6-A0X7	breast invasive carcinoma	False	26	0	26	3.295836866004329
TCGA-B6-A2IU	breast invasive carcinoma	False	55	0	55	4.02535169073515
TCGA-BH-A0AY	breast invasive carcinoma	False	49	0	49	3.912023005428146
TCGA-BH-A0C0	breast invasive carcinoma	False	49	0	49	3.912023005428146
TCGA-BH-A0DE	breast invasive carcinoma	False	37	0	37	3.6375861597263857
TCGA-BH-A0DX	breast invasive carcinoma	False	77	0	77	4.356708826689592
TCGA-BH-A0GZ	breast invasive carcinoma	False	0	0	0	0.0
TCGA-BH-A0HW	breast invasive carcinoma	False	0	0	0	0.0
TCGA-BH-A1F5	breast invasive carcinoma	False	45	0	45	3.828641396489095
TCGA-C8-A12X	breast invasive carcinoma	False	67	0	67	4.219507705176107
TCGA-D8-A140	breast invasive carcinoma	False	144	0	144	4.976733742420574
TCGA-D8-A1JE	breast invasive carcinoma	False	41	0	41	3.7376696182833684
TCGA-D8-A1JG	breast invasive carcinoma	True	176	1	175	5.170483995038151
TCGA-D8-A1X8	breast invasive carcinoma	False	0	0	0	0.0
TCGA-D8-A1XB	breast invasive carcinoma	False	53	0	53	3.9889840465642745
TCGA-D8-A27V	breast invasive carcinoma	True	3332	5	3327	8.1101268019411
TCGA-E2-A14R	breast invasive carcinoma	False	152	0	152	5.030437921392435
TCGA-E9-A1NG	breast invasive carcinoma	False	21	0	21	3.091042453358316
TCGA-E9-A1RG	breast invasive carcinoma	False	43	0	43	3.784189633918261
TCGA-EW-A6SB	breast invasive carcinoma	False	83	0	83	4.430816798843313
TCGA-GM-A2DB	breast invasive carcinoma	False	156	0	156	5.056245805348308
TCGA-LL-A441	breast invasive carcinoma	False	0	0	0	0.0
TCGA-A1-A0SG	breast invasive carcinoma	False	36	0	36	3.6109179126442243
TCGA-A2-A0YK	breast invasive carcinoma	True	479	1	478	6.171700597410915
TCGA-A2-A1FX	breast invasive carcinoma	False	28	0	28	3.367295829986474
TCGA-A7-A13H	breast invasive carcinoma	False	0	0	0	0.0
TCGA-A8-A091	breast invasive carcinoma	False	0	0	0	0.0
TCGA-A8-A093	breast invasive carcinoma	False	0	0	0	0.0
TCGA-AN-A0FN	breast invasive carcinoma	False	0	0	0	0.0
TCGA-AN-A0XL	breast invasive carcinoma	False	44	0	44	3.8066624897703196
TCGA-AO-A0J6	breast invasive carcinoma	False	0	0	0	0.0
TCGA-AO-A0J8	breast invasive carcinoma	False	0	0	0	0.0
TCGA-AO-A0J9	breast invasive carcinoma	False	0	0	0	0.0
TCGA-AO-A128	breast invasive carcinoma	True	1252	4	1248	7.130098510125578
TCGA-AQ-A04H	breast invasive carcinoma	False	84	0	84	4.442651256490317
TCGA-AR-A24S	breast invasive carcinoma	False	59	0	59	4.0943445622221
TCGA-B6-A0RE	breast invasive carcinoma	False	0	0	0	0.0
TCGA-B6-A0WT	breast invasive carcinoma	False	23	0	23	3.1780538303479458
TCGA-B6-A0X5	breast invasive carcinoma	False	52	0	52	3.970291913552122
TCGA-BH-A0C1	breast invasive carcinoma	False	53	0	53	3.9889840465642745
TCGA-BH-A6R9	breast invasive carcinoma	False	26	0	26	3.295836866004329
TCGA-C8-A278	breast invasive carcinoma	False	54	0	54	4.007333185232471
TCGA-D8-A1XT	breast invasive carcinoma	False	47	0	47	3.871201010907891
TCGA-D8-A1Y3	breast invasive carcinoma	False	70	0	70	4.2626798770413155
TCGA-E2-A156	breast invasive carcinoma	False	30	0	30	3.4339872044851463
TCGA-E2-A15C	breast invasive carcinoma	False	53	0	53	3.9889840465642745
TCGA-E2-A15P	breast invasive carcinoma	False	53	0	53	3.9889840465642745
TCGA-E2-A1IE	breast invasive carcinoma	False	31	0	31	3.4657359027997265
TCGA-E9-A1NC	breast invasive carcinoma	False	0	0	0	0.0
TCGA-E9-A1QZ	breast invasive carcinoma	False	25	0	25	3.258096538021482
TCGA-EW-A1J3	breast invasive carcinoma	False	30	0	30	3.4339872044851463
TCGA-EW-A3U0	breast invasive carcinoma	False	0	0	0	0.0
TCGA-LL-A440	breast invasive carcinoma	False	6	0	6	1.9459101490553132
TCGA-LL-A740	breast invasive carcinoma	False	77	0	77	4.356708826689592
TCGA-LL-A8F5	breast invasive carcinoma	False	215	0	215	5.375278407684165
TCGA-OL-A5DA	breast invasive carcinoma	False	114	0	114	4.74493212836325
TCGA-Z7-A8R5	breast invasive carcinoma	False	36	0	36	3.6109179126442243
TCGA-A2-A0CK	breast invasive carcinoma	False	30	0	30	3.4339872044851463
TCGA-A2-A0CP	breast invasive carcinoma	False	0	0	0	0.0
TCGA-A2-A0D0	breast invasive carcinoma	False	0	0	0	0.0
TCGA-A8-A06O	breast invasive carcinoma	False	0	0	0	0.0
TCGA-AR-A1AL	breast invasive carcinoma	False	33	0	33	3.5263605246161616
TCGA-B6-A0RL	breast invasive carcinoma	False	72	0	72	4.290459441148391
TCGA-B6-A0RN	breast invasive carcinoma	False	37	0	37	3.6375861597263857
TCGA-BH-A0BC	breast invasive carcinoma	False	46	0	46	3.8501476017100584
TCGA-BH-A0DP	breast invasive carcinoma	False	22	0	22	3.1354942159291497
TCGA-BH-A0HY	breast invasive carcinoma	False	0	0	0	0.0
TCGA-BH-A18P	breast invasive carcinoma	False	444	0	444	6.09807428216624
TCGA-BH-A1FB	breast invasive carcinoma	False	0	0	0	0.0
TCGA-BH-A202	breast invasive carcinoma	False	31	0	31	3.4657359027997265
TCGA-C8-A3M7	breast invasive carcinoma	False	223	0	223	5.4116460518550396
TCGA-D8-A1JA	breast invasive carcinoma	False	0	0	0	0.0
TCGA-E2-A1IN	breast invasive carcinoma	False	251	0	251	5.529429087511423
TCGA-E2-A1IU	breast invasive carcinoma	False	32	0	32	3.4965075614664802
TCGA-E9-A1NF	breast invasive carcinoma	False	66	0	66	4.204692619390966
TCGA-E9-A5FK	breast invasive carcinoma	False	43	0	43	3.784189633918261
TCGA-EW-A3E8	breast invasive carcinoma	False	0	0	0	0.0
TCGA-EW-A6SC	breast invasive carcinoma	False	40	0	40	3.713572066704308
TCGA-A1-A0SD	breast invasive carcinoma	False	44	0	44	3.8066624897703196
TCGA-A2-A0T0	breast invasive carcinoma	False	238	0	238	5.476463551931511
TCGA-A2-A0YC	breast invasive carcinoma	False	35	0	35	3.58351893845611
TCGA-A2-A4S3	breast invasive carcinoma	False	111	0	111	4.718498871295094
TCGA-A8-A086	breast invasive carcinoma	False	0	0	0	0.0
TCGA-A8-A08F	breast invasive carcinoma	False	0	0	0	0.0
TCGA-AN-A0FJ	breast invasive carcinoma	False	0	0	0	0.0
TCGA-AN-A0XO	breast invasive carcinoma	False	46	0	46	3.8501476017100584
TCGA-AO-A03N	breast invasive carcinoma	False	134	0	134	4.90527477843843
TCGA-AO-A0JD	breast invasive carcinoma	False	0	0	0	0.0
TCGA-AO-A0JL	breast invasive carcinoma	False	0	0	0	0.0
TCGA-AR-A0U3	breast invasive carcinoma	False	43	0	43	3.784189633918261
TCGA-AR-A2LQ	breast invasive carcinoma	False	13	0	13	2.6390573296152584
TCGA-BH-A0BR	breast invasive carcinoma	False	0	0	0	0.0
TCGA-BH-A0BZ	breast invasive carcinoma	False	331	0	331	5.805134968916488
TCGA-BH-A0RX	breast invasive carcinoma	False	52	0	52	3.970291913552122
TCGA-C8-A1HE	breast invasive carcinoma	False	55	0	55	4.02535169073515
TCGA-C8-A26Z	breast invasive carcinoma	False	52	0	52	3.970291913552122
TCGA-C8-A8HP	breast invasive carcinoma	True	275	1	274	5.616771097666572
TCGA-D8-A1JC	breast invasive carcinoma	False	126	0	126	4.844187086458591
TCGA-D8-A1JM	breast invasive carcinoma	False	55	0	55	4.02535169073515
TCGA-D8-A27M	breast invasive carcinoma	False	94	0	94	4.553876891600541
TCGA-E2-A1LA	breast invasive carcinoma	False	113	0	113	4.736198448394496
TCGA-E2-A1LH	breast invasive carcinoma	False	243	0	243	5.497168225293202
TCGA-E9-A247	breast invasive carcinoma	False	48	0	48	3.8918202981106265
TCGA-EW-A1J5	breast invasive carcinoma	False	544	0	544	6.300785794663244
TCGA-EW-A1P7	breast invasive carcinoma	False	23	0	23	3.1780538303479458
TCGA-EW-A1PA	breast invasive carcinoma	False	44	0	44	3.8066624897703196
TCGA-EW-A2FR	breast invasive carcinoma	False	54	0	54	4.007333185232471
TCGA-OK-A5Q2	breast invasive carcinoma	False	44	0	44	3.8066624897703196
TCGA-OL-A66N	breast invasive carcinoma	False	62	0	62	4.143134726391533
TCGA-A2-A0ET	breast invasive carcinoma	False	0	0	0	0.0
TCGA-A8-A07L	breast invasive carcinoma	False	0	0	0	0.0
TCGA-A8-A082	breast invasive carcinoma	False	0	0	0	0.0
TCGA-A8-A09B	breast invasive carcinoma	False	0	0	0	0.0
TCGA-AC-A2QH	breast invasive carcinoma	True	33	1	32	3.4965075614664802
TCGA-AN-A04D	breast invasive carcinoma	False	0	0	0	0.0
TCGA-AN-A0FV	breast invasive carcinoma	False	0	0	0	0.0
TCGA-AR-A250	breast invasive carcinoma	False	163	0	163	5.099866427824199
TCGA-B6-A0WS	breast invasive carcinoma	False	19	0	19	2.995732273553991
TCGA-B6-A0WW	breast invasive carcinoma	False	51	0	51	3.9512437185814275
TCGA-BH-A0W3	breast invasive carcinoma	False	24	0	24	3.2188758248682006
TCGA-BH-A8FZ	breast invasive carcinoma	False	96	0	96	4.574710978503383
TCGA-C8-A12N	breast invasive carcinoma	False	31	0	31	3.4657359027997265
TCGA-C8-A26W	breast invasive carcinoma	False	70	0	70	4.2626798770413155
TCGA-C8-A26X	breast invasive carcinoma	True	84	1	83	4.430816798843313
TCGA-D8-A27I	breast invasive carcinoma	False	38	0	38	3.6635616461296463
TCGA-E2-A155	breast invasive carcinoma	False	85	0	85	4.454347296253507
TCGA-E2-A15K	breast invasive carcinoma	False	56	0	56	4.04305126783455
TCGA-E9-A1N9	breast invasive carcinoma	False	67	0	67	4.219507705176107
TCGA-E9-A1NA	breast invasive carcinoma	False	123	0	123	4.820281565605037
TCGA-E9-A1R0	breast invasive carcinoma	False	35	0	35	3.58351893845611
TCGA-E9-A228	breast invasive carcinoma	False	53	0	53	3.9889840465642745
TCGA-EW-A1OW	breast invasive carcinoma	False	0	0	0	0.0
TCGA-EW-A1P8	breast invasive carcinoma	False	42	0	42	3.7612001156935624
TCGA-GI-A2C9	breast invasive carcinoma	False	0	0	0	0.0
TCGA-GM-A2DH	breast invasive carcinoma	False	242	0	242	5.493061443340548
TCGA-GM-A2DK	breast invasive carcinoma	False	38	0	38	3.6635616461296463
TCGA-GM-A2DN	breast invasive carcinoma	False	21	0	21	3.091042453358316
TCGA-A2-A3Y0	breast invasive carcinoma	True	249	1	248	5.517452896464707
TCGA-A7-A0CE	breast invasive carcinoma	False	61	0	61	4.127134385045092
TCGA-A7-A0CJ	breast invasive carcinoma	False	0	0	0	0.0
TCGA-A8-A07C	breast invasive carcinoma	False	0	0	0	0.0
TCGA-A8-A09N	breast invasive carcinoma	False	0	0	0	0.0
TCGA-A8-A0A7	breast invasive carcinoma	False	0	0	0	0.0
TCGA-AO-A03R	breast invasive carcinoma	False	0	0	0	0.0
TCGA-AR-A24Z	breast invasive carcinoma	False	59	0	59	4.0943445622221
TCGA-B6-A0RM	breast invasive carcinoma	False	40	0	40	3.713572066704308
TCGA-B6-A1KN	breast invasive carcinoma	False	76	0	76	4.343805421853684
TCGA-D8-A146	breast invasive carcinoma	False	44	0	44	3.8066624897703196
TCGA-D8-A1XM	breast invasive carcinoma	False	66	0	66	4.204692619390966
TCGA-E2-A1IJ	breast invasive carcinoma	False	21	0	21	3.091042453358316
TCGA-E2-A1LI	breast invasive carcinoma	False	37	0	37	3.6375861597263857
TCGA-GM-A2DC	breast invasive carcinoma	False	30	0	30	3.4339872044851463
TCGA-GM-A2DM	breast invasive carcinoma	False	27	0	27	3.332204510175204
TCGA-OL-A5RZ	breast invasive carcinoma	False	161	0	161	5.087596335232384
TCGA-A1-A0SE	breast invasive carcinoma	False	38	0	38	3.6635616461296463
TCGA-A2-A0EP	breast invasive carcinoma	False	16	0	16	2.833213344056216
TCGA-A2-A0YT	breast invasive carcinoma	False	85	0	85	4.454347296253507
TCGA-A7-A4SB	breast invasive carcinoma	False	0	0	0	0.0
TCGA-AC-A7VC	breast invasive carcinoma	False	28	0	28	3.367295829986474
TCGA-AN-A0AM	breast invasive carcinoma	False	0	0	0	0.0
TCGA-AN-A0G0	breast invasive carcinoma	False	0	0	0	0.0
TCGA-AO-A0JI	breast invasive carcinoma	False	0	0	0	0.0
TCGA-BH-A0AW	breast invasive carcinoma	False	0	0	0	0.0
TCGA-BH-A0B0	breast invasive carcinoma	False	99	0	99	4.605170185988092
TCGA-BH-A0BF	breast invasive carcinoma	False	36	0	36	3.6109179126442243
TCGA-BH-A0BT	breast invasive carcinoma	False	49	0	49	3.912023005428146
TCGA-BH-A0HL	breast invasive carcinoma	False	0	0	0	0.0
TCGA-BH-A0HQ	breast invasive carcinoma	False	0	0	0	0.0
TCGA-BH-A18J	breast invasive carcinoma	False	112	0	112	4.727387818712341
TCGA-BH-A18Q	breast invasive carcinoma	False	118	0	118	4.77912349311153
TCGA-C8-A132	breast invasive carcinoma	False	86	0	86	4.465908118654584
TCGA-C8-A1HN	breast invasive carcinoma	False	75	0	75	4.330733340286331
TCGA-C8-A275	breast invasive carcinoma	False	143	0	143	4.969813299576001
TCGA-D8-A1JH	breast invasive carcinoma	False	27	0	27	3.332204510175204
TCGA-D8-A1XO	breast invasive carcinoma	False	29	0	29	3.4011973816621555
TCGA-D8-A1XR	breast invasive carcinoma	False	35	0	35	3.58351893845611
TCGA-D8-A1XU	breast invasive carcinoma	False	38	0	38	3.6635616461296463
TCGA-D8-A3Z6	breast invasive carcinoma	False	42	0	42	3.7612001156935624
TCGA-E2-A152	breast invasive carcinoma	False	172	0	172	5.153291594497779
TCGA-E9-A1RC	breast invasive carcinoma	False	58	0	58	4.07753744390572
TCGA-E9-A22E	breast invasive carcinoma	False	149	0	149	5.0106352940962555
TCGA-EW-A1OV	breast invasive carcinoma	False	143	0	143	4.969813299576001
TCGA-EW-A1OZ	breast invasive carcinoma	False	78	0	78	4.3694478524670215
TCGA-EW-A1PE	breast invasive carcinoma	False	41	0	41	3.7376696182833684
TCGA-HN-A2NL	breast invasive carcinoma	False	99	0	99	4.605170185988092
TCGA-LL-A442	breast invasive carcinoma	False	0	0	0	0.0
TCGA-3C-AAAU	breast invasive carcinoma	False	50	0	50	3.9318256327243257
TCGA-A2-A0T1	breast invasive carcinoma	False	34	0	34	3.5553480614894135
TCGA-A2-A3KC	breast invasive carcinoma	False	0	0	0	0.0
TCGA-A7-A26F	breast invasive carcinoma	True	50	1	49	3.912023005428146
TCGA-AN-A0AR	breast invasive carcinoma	False	0	0	0	0.0
TCGA-AN-A0FS	breast invasive carcinoma	False	0	0	0	0.0
TCGA-AN-A0FY	breast invasive carcinoma	False	0	0	0	0.0
TCGA-AN-A0XR	breast invasive carcinoma	False	42	0	42	3.7612001156935624
TCGA-AQ-A7U7	breast invasive carcinoma	False	99	0	99	4.605170185988092
TCGA-AR-A24W	breast invasive carcinoma	False	15	0	15	2.772588722239781
TCGA-AR-A2LH	breast invasive carcinoma	False	73	0	73	4.30406509320417
TCGA-B6-A408	breast invasive carcinoma	False	0	0	0	0.0
TCGA-BH-A0BS	breast invasive carcinoma	False	26	0	26	3.295836866004329
TCGA-BH-A0HB	breast invasive carcinoma	False	0	0	0	0.0
TCGA-BH-A1ET	breast invasive carcinoma	False	33	0	33	3.5263605246161616
TCGA-C8-A12P	breast invasive carcinoma	False	209	0	209	5.3471075307174685
TCGA-C8-A12V	breast invasive carcinoma	False	53	0	53	3.9889840465642745
TCGA-D8-A1XK	breast invasive carcinoma	True	1413	3	1410	7.252053951852814
TCGA-D8-A27W	breast invasive carcinoma	False	56	0	56	4.04305126783455
TCGA-E2-A14X	breast invasive carcinoma	False	39	0	39	3.6888794541139363
TCGA-EW-A1P0	breast invasive carcinoma	False	29	0	29	3.4011973816621555
TCGA-LL-A73Z	breast invasive carcinoma	False	55	0	55	4.02535169073515
TCGA-WT-AB41	breast invasive carcinoma	False	64	0	64	4.174387269895637
TCGA-A1-A0SF	breast invasive carcinoma	False	65	0	65	4.189654742026425
TCGA-A1-A0SK	breast invasive carcinoma	True	88	1	87	4.477336814478207
TCGA-A2-A0CR	breast invasive carcinoma	False	211	0	211	5.356586274672012
TCGA-A2-A0EO	breast invasive carcinoma	False	0	0	0	0.0
TCGA-A7-A4SE	breast invasive carcinoma	True	157	1	156	5.056245805348308
TCGA-A7-A4SF	breast invasive carcinoma	False	0	0	0	0.0
TCGA-A8-A0AB	breast invasive carcinoma	False	0	0	0	0.0
TCGA-AC-A3QQ	breast invasive carcinoma	False	37	0	37	3.6375861597263857
TCGA-AN-A0XT	breast invasive carcinoma	False	22	0	22	3.1354942159291497
TCGA-AN-A0XU	breast invasive carcinoma	True	151	1	150	5.017279836814924
TCGA-AO-A03P	breast invasive carcinoma	False	0	0	0	0.0
TCGA-AO-A0JJ	breast invasive carcinoma	False	0	0	0	0.0
TCGA-AR-A0TY	breast invasive carcinoma	False	0	0	0	0.0
TCGA-AR-A0U4	breast invasive carcinoma	False	208	0	208	5.342334251964811
TCGA-AR-A1AS	breast invasive carcinoma	False	43	0	43	3.784189633918261
TCGA-AR-A24N	breast invasive carcinoma	False	48	0	48	3.8918202981106265
TCGA-AR-A5QP	breast invasive carcinoma	False	36	0	36	3.6109179126442243
TCGA-B6-A0X0	breast invasive carcinoma	False	27	0	27	3.332204510175204
TCGA-BH-A0BM	breast invasive carcinoma	False	21	0	21	3.091042453358316
TCGA-BH-A0BO	breast invasive carcinoma	False	34	0	34	3.5553480614894135
TCGA-BH-A0DV	breast invasive carcinoma	False	19	0	19	2.995732273553991
TCGA-BH-A0HX	breast invasive carcinoma	False	0	0	0	0.0
TCGA-BH-A8G0	breast invasive carcinoma	False	17	0	17	2.8903717578961645
TCGA-C8-A138	breast invasive carcinoma	False	55	0	55	4.02535169073515
TCGA-D8-A1JB	breast invasive carcinoma	False	66	0	66	4.204692619390966
TCGA-D8-A1JI	breast invasive carcinoma	False	43	0	43	3.784189633918261
TCGA-D8-A1JJ	breast invasive carcinoma	False	98	0	98	4.59511985013459
TCGA-D8-A3Z5	breast invasive carcinoma	False	0	0	0	0.0
TCGA-E2-A107	breast invasive carcinoma	False	41	0	41	3.7376696182833684
TCGA-E2-A10C	breast invasive carcinoma	False	521	0	521	6.257667587882639
TCGA-E9-A244	breast invasive carcinoma	False	128	0	128	4.859812404361672
TCGA-GM-A2DO	breast invasive carcinoma	False	220	0	220	5.3981627015177525
TCGA-LD-A7W6	breast invasive carcinoma	False	48	0	48	3.8918202981106265
TCGA-PL-A8LV	breast invasive carcinoma	False	162	0	162	5.093750200806762
TCGA-A2-A04Y	breast invasive carcinoma	False	0	0	0	0.0
TCGA-A2-A0EW	breast invasive carcinoma	False	20	0	20	3.044522437723423
TCGA-A2-A0YH	breast invasive carcinoma	False	101	0	101	4.624972813284271
TCGA-A7-A2KD	breast invasive carcinoma	False	58	0	58	4.07753744390572
TCGA-A8-A08I	breast invasive carcinoma	False	0	0	0	0.0
TCGA-AO-A0JE	breast invasive carcinoma	False	0	0	0	0.0
TCGA-AR-A0TT	breast invasive carcinoma	True	78	2	76	4.343805421853684
TCGA-BH-A0B3	breast invasive carcinoma	False	20	0	20	3.044522437723423
TCGA-BH-A0E9	breast invasive carcinoma	False	34	0	34	3.5553480614894135
TCGA-BH-A18I	breast invasive carcinoma	False	37	0	37	3.6375861597263857
TCGA-BH-A1F2	breast invasive carcinoma	False	74	0	74	4.31748811353631
TCGA-BH-AB28	breast invasive carcinoma	False	51	0	51	3.9512437185814275
TCGA-C8-A1HJ	breast invasive carcinoma	False	133	0	133	4.897839799950911
TCGA-C8-A1HK	breast invasive carcinoma	False	76	0	76	4.343805421853684
TCGA-C8-A8HQ	breast invasive carcinoma	True	376	1	375	5.929589143389895
TCGA-D8-A1XW	breast invasive carcinoma	False	128	0	128	4.859812404361672
TCGA-D8-A27T	breast invasive carcinoma	False	32	0	32	3.4965075614664802
TCGA-D8-A73X	breast invasive carcinoma	False	56	0	56	4.04305126783455
TCGA-E2-A14V	breast invasive carcinoma	False	148	0	148	5.003946305945459
TCGA-E2-A1BD	breast invasive carcinoma	False	48	0	48	3.8918202981106265
TCGA-EW-A1IZ	breast invasive carcinoma	True	528	2	526	6.267200548541362
TCGA-EW-A1PG	breast invasive carcinoma	False	14	0	14	2.70805020110221
TCGA-GM-A2DD	breast invasive carcinoma	False	70	0	70	4.2626798770413155
TCGA-GM-A2DF	breast invasive carcinoma	False	54	0	54	4.007333185232471
TCGA-3C-AALK	breast invasive carcinoma	False	68	0	68	4.23410650459726
TCGA-5T-A9QA	breast invasive carcinoma	False	54	0	54	4.007333185232471
TCGA-A1-A0SI	breast invasive carcinoma	True	279	2	277	5.627621113690637
TCGA-A2-A0CX	breast invasive carcinoma	False	0	0	0	0.0
TCGA-A2-A0ES	breast invasive carcinoma	False	21	0	21	3.091042453358316
TCGA-A7-A4SD	breast invasive carcinoma	False	67	0	67	4.219507705176107
TCGA-A8-A08B	breast invasive carcinoma	False	0	0	0	0.0
TCGA-A8-A08J	breast invasive carcinoma	False	0	0	0	0.0
TCGA-A8-A08R	breast invasive carcinoma	False	0	0	0	0.0
TCGA-AN-A0FX	breast invasive carcinoma	False	0	0	0	0.0
TCGA-AR-A1AM	breast invasive carcinoma	False	0	0	0	0.0
TCGA-AR-A24V	breast invasive carcinoma	False	28	0	28	3.367295829986474
TCGA-AR-A24X	breast invasive carcinoma	False	36	0	36	3.6109179126442243
TCGA-BH-A0AV	breast invasive carcinoma	False	92	0	92	4.532599493153256
TCGA-BH-A0E1	breast invasive carcinoma	False	19	0	19	2.995732273553991
TCGA-BH-A0HU	breast invasive carcinoma	False	0	0	0	0.0
TCGA-C8-A130	breast invasive carcinoma	False	57	0	57	4.060443010546419
TCGA-C8-A134	breast invasive carcinoma	False	124	0	124	4.8283137373023015
TCGA-D8-A13Y	breast invasive carcinoma	False	91	0	91	4.5217885770490405
TCGA-E2-A14T	breast invasive carcinoma	False	49	0	49	3.912023005428146
TCGA-E2-A1L8	breast invasive carcinoma	False	39	0	39	3.6888794541139363
TCGA-E9-A1N6	breast invasive carcinoma	False	0	0	0	0.0
TCGA-E9-A243	breast invasive carcinoma	False	92	0	92	4.532599493153256
TCGA-EW-A1PH	breast invasive carcinoma	False	64	0	64	4.174387269895637
TCGA-EW-A2FW	breast invasive carcinoma	False	28	0	28	3.367295829986474
TCGA-GM-A2DI	breast invasive carcinoma	False	92	0	92	4.532599493153256
TCGA-LD-A7W5	breast invasive carcinoma	False	67	0	67	4.219507705176107
TCGA-OL-A5RY	breast invasive carcinoma	False	14	0	14	2.70805020110221
TCGA-A2-A0T7	breast invasive carcinoma	False	32	0	32	3.4965075614664802
TCGA-A7-A6VV	breast invasive carcinoma	False	67	0	67	4.219507705176107
TCGA-A8-A07O	breast invasive carcinoma	False	0	0	0	0.0
TCGA-A8-A09V	breast invasive carcinoma	False	0	0	0	0.0
TCGA-AC-A7VB	breast invasive carcinoma	False	39	0	39	3.6888794541139363
TCGA-AN-A04C	breast invasive carcinoma	False	0	0	0	0.0
TCGA-AO-A12E	breast invasive carcinoma	False	36	0	36	3.6109179126442243
TCGA-AO-A1KR	breast invasive carcinoma	True	93	1	92	4.532599493153256
TCGA-AQ-A54N	breast invasive carcinoma	False	0	0	0	0.0
TCGA-AR-A1AH	breast invasive carcinoma	False	128	0	128	4.859812404361672
TCGA-AR-A251	breast invasive carcinoma	False	219	0	219	5.393627546352362
TCGA-B6-A0IA	breast invasive carcinoma	False	0	0	0	0.0
TCGA-B6-A0RH	breast invasive carcinoma	False	49	0	49	3.912023005428146
TCGA-B6-A40C	breast invasive carcinoma	False	57	0	57	4.060443010546419
TCGA-BH-A0BA	breast invasive carcinoma	False	31	0	31	3.4657359027997265
TCGA-BH-A0EI	breast invasive carcinoma	False	25	0	25	3.258096538021482
TCGA-BH-A1F6	breast invasive carcinoma	False	58	0	58	4.07753744390572
TCGA-BH-A5IZ	breast invasive carcinoma	False	104	0	104	4.653960350157523
TCGA-D8-A13Z	breast invasive carcinoma	False	107	0	107	4.68213122712422
TCGA-D8-A143	breast invasive carcinoma	False	69	0	69	4.248495242049359
TCGA-D8-A1JU	breast invasive carcinoma	False	21	0	21	3.091042453358316
TCGA-E2-A153	breast invasive carcinoma	False	29	0	29	3.4011973816621555
TCGA-E2-A15J	breast invasive carcinoma	False	25	0	25	3.258096538021482
TCGA-E2-A1II	breast invasive carcinoma	False	37	0	37	3.6375861597263857
TCGA-E9-A1NI	breast invasive carcinoma	False	0	0	0	0.0
TCGA-E9-A1R2	breast invasive carcinoma	False	74	0	74	4.31748811353631
TCGA-E9-A248	breast invasive carcinoma	False	33	0	33	3.5263605246161616
TCGA-EW-A424	breast invasive carcinoma	False	0	0	0	0.0
TCGA-OL-A5RX	breast invasive carcinoma	False	37	0	37	3.6375861597263857
TCGA-S3-AA15	breast invasive carcinoma	False	63	0	63	4.1588830833596715
TCGA-3C-AALI	breast invasive carcinoma	False	816	0	816	6.705639094860003
TCGA-4H-AAAK	breast invasive carcinoma	False	34	0	34	3.5553480614894135
TCGA-A1-A0SN	breast invasive carcinoma	False	78	0	78	4.3694478524670215
TCGA-A2-A04W	breast invasive carcinoma	False	188	0	188	5.241747015059643
TCGA-A2-A0T6	breast invasive carcinoma	False	29	0	29	3.4011973816621555
TCGA-A2-A1G6	breast invasive carcinoma	False	10	0	10	2.3978952727983707
TCGA-A2-A25C	breast invasive carcinoma	False	40	0	40	3.713572066704308
TCGA-A7-A26G	breast invasive carcinoma	False	71	0	71	4.276666119016055
TCGA-A7-A426	breast invasive carcinoma	False	0	0	0	0.0
TCGA-AC-A23E	breast invasive carcinoma	False	26	0	26	3.295836866004329
TCGA-AC-A3TM	breast invasive carcinoma	False	0	0	0	0.0
TCGA-AO-A0JB	breast invasive carcinoma	False	0	0	0	0.0
TCGA-AR-A0TW	breast invasive carcinoma	False	71	0	71	4.276666119016055
TCGA-AR-A1AR	breast invasive carcinoma	False	69	0	69	4.248495242049359
TCGA-AR-A252	breast invasive carcinoma	False	19	0	19	2.995732273553991
TCGA-AR-A254	breast invasive carcinoma	False	43	0	43	3.784189633918261
TCGA-B6-A0IG	breast invasive carcinoma	False	0	0	0	0.0
TCGA-B6-A0WZ	breast invasive carcinoma	False	95	0	95	4.564348191467836
TCGA-B6-A3ZX	breast invasive carcinoma	False	0	0	0	0.0
TCGA-BH-A18F	breast invasive carcinoma	True	71	1	70	4.2626798770413155
TCGA-BH-A18L	breast invasive carcinoma	False	66	0	66	4.204692619390966
TCGA-BH-A18R	breast invasive carcinoma	False	45	0	45	3.828641396489095
TCGA-BH-A28O	breast invasive carcinoma	False	0	0	0	0.0
TCGA-C8-A12O	breast invasive carcinoma	False	52	0	52	3.970291913552122
TCGA-C8-A1HG	breast invasive carcinoma	False	73	0	73	4.30406509320417
TCGA-E2-A14Q	breast invasive carcinoma	False	44	0	44	3.8066624897703196
TCGA-E2-A159	breast invasive carcinoma	False	202	0	202	5.313205979041787
TCGA-E2-A1B0	breast invasive carcinoma	False	61	0	61	4.127134385045092
TCGA-E2-A1LG	breast invasive carcinoma	False	221	0	221	5.402677381872279
TCGA-EW-A1J2	breast invasive carcinoma	False	0	0	0	0.0
TCGA-EW-A1PF	breast invasive carcinoma	False	0	0	0	0.0
TCGA-GM-A2DL	breast invasive carcinoma	False	51	0	51	3.9512437185814275
TCGA-LL-A5YO	breast invasive carcinoma	False	61	0	61	4.127134385045092
TCGA-LL-A6FR	breast invasive carcinoma	False	70	0	70	4.2626798770413155
TCGA-A2-A1G0	breast invasive carcinoma	False	26	0	26	3.295836866004329
TCGA-A2-A3XX	breast invasive carcinoma	False	54	0	54	4.007333185232471
TCGA-A2-A3XY	breast invasive carcinoma	False	0	0	0	0.0
TCGA-A2-A4RW	breast invasive carcinoma	False	0	0	0	0.0
TCGA-AC-A6IX	breast invasive carcinoma	False	74	0	74	4.31748811353631
TCGA-AO-A0JG	breast invasive carcinoma	False	22	0	22	3.1354942159291497
TCGA-AQ-A1H3	breast invasive carcinoma	False	32	0	32	3.4965075614664802
TCGA-AR-A1AQ	breast invasive carcinoma	False	50	0	50	3.9318256327243257
TCGA-AR-A24Q	breast invasive carcinoma	False	240	0	240	5.484796933490655
TCGA-AR-A2LM	breast invasive carcinoma	False	18	0	18	2.9444389791664403
TCGA-AR-A2LR	breast invasive carcinoma	False	77	0	77	4.356708826689592
TCGA-B6-A0I5	breast invasive carcinoma	False	0	0	0	0.0
TCGA-B6-A0I6	breast invasive carcinoma	False	0	0	0	0.0
TCGA-BH-A0DK	breast invasive carcinoma	False	57	0	57	4.060443010546419
TCGA-BH-A0E2	breast invasive carcinoma	False	0	0	0	0.0
TCGA-BH-A0W7	breast invasive carcinoma	True	261	1	260	5.564520407322694
TCGA-C8-A12W	breast invasive carcinoma	False	79	0	79	4.382026634673881
TCGA-C8-A8HR	breast invasive carcinoma	False	62	0	62	4.143134726391533
TCGA-C8-A9FZ	breast invasive carcinoma	False	32	0	32	3.4965075614664802
TCGA-D8-A27L	breast invasive carcinoma	False	56	0	56	4.04305126783455
TCGA-E9-A3HO	breast invasive carcinoma	False	82	0	82	4.418840607796598
TCGA-GM-A3XL	breast invasive carcinoma	True	155	1	154	5.043425116919247
TCGA-JL-A3YW	breast invasive carcinoma	False	0	0	0	0.0
TCGA-LL-A5YP	breast invasive carcinoma	False	105	0	105	4.663439094112067
TCGA-LL-A7SZ	breast invasive carcinoma	False	75	0	75	4.330733340286331
TCGA-OL-A6VQ	breast invasive carcinoma	False	87	0	87	4.477336814478207
TCGA-A2-A04Q	breast invasive carcinoma	False	0	0	0	0.0
TCGA-A2-A0SX	breast invasive carcinoma	False	42	0	42	3.7612001156935624
TCGA-A2-A0YE	breast invasive carcinoma	False	47	0	47	3.871201010907891
TCGA-A2-A0YL	breast invasive carcinoma	False	45	0	45	3.828641396489095
TCGA-A7-A5ZX	breast invasive carcinoma	False	45	0	45	3.828641396489095
TCGA-A7-A6VW	breast invasive carcinoma	False	96	0	96	4.574710978503383
TCGA-A7-A6VY	breast invasive carcinoma	False	142	0	142	4.962844630259907
TCGA-A8-A092	breast invasive carcinoma	False	0	0	0	0.0
TCGA-AC-A2QJ	breast invasive carcinoma	False	0	0	0	0.0
TCGA-AO-A0J5	breast invasive carcinoma	False	0	0	0	0.0
TCGA-AQ-A04L	breast invasive carcinoma	False	0	0	0	0.0
TCGA-B6-A0X1	breast invasive carcinoma	False	99	0	99	4.605170185988092
TCGA-BH-A0C7	breast invasive carcinoma	False	62	0	62	4.143134726391533
TCGA-BH-A0HO	breast invasive carcinoma	False	0	0	0	0.0
TCGA-BH-A18V	breast invasive carcinoma	False	259	0	259	5.560681631015528
TCGA-BH-A208	breast invasive carcinoma	False	84	0	84	4.442651256490317
TCGA-C8-A1HF	breast invasive carcinoma	False	41	0	41	3.7376696182833684
TCGA-C8-A27A	breast invasive carcinoma	False	40	0	40	3.713572066704308
TCGA-C8-A27B	breast invasive carcinoma	True	169	1	168	5.1298987149230735
TCGA-D8-A1J9	breast invasive carcinoma	False	280	0	280	5.638354669333745
TCGA-E2-A150	breast invasive carcinoma	False	93	0	93	4.543294782270004
TCGA-E2-A573	breast invasive carcinoma	False	77	0	77	4.356708826689592
TCGA-E9-A1N8	breast invasive carcinoma	False	40	0	40	3.713572066704308
TCGA-E9-A1RA	breast invasive carcinoma	False	27	0	27	3.332204510175204
TCGA-E9-A3X8	breast invasive carcinoma	False	41	0	41	3.7376696182833684
TCGA-EW-A1IX	breast invasive carcinoma	False	42	0	42	3.7612001156935624
TCGA-EW-A1P3	breast invasive carcinoma	False	30	0	30	3.4339872044851463
TCGA-OL-A6VR	breast invasive carcinoma	False	18	0	18	2.9444389791664403
TCGA-A2-A04U	breast invasive carcinoma	False	70	0	70	4.2626798770413155
TCGA-A2-A3KD	breast invasive carcinoma	False	18	0	18	2.9444389791664403
TCGA-A7-A5ZW	breast invasive carcinoma	False	38	0	38	3.6635616461296463
TCGA-A8-A09D	breast invasive carcinoma	False	0	0	0	0.0
TCGA-AC-A6IV	breast invasive carcinoma	False	28	0	28	3.367295829986474
TCGA-AO-A12A	breast invasive carcinoma	False	21	0	21	3.091042453358316
TCGA-AR-A0U2	breast invasive carcinoma	False	60	0	60	4.110873864173311
TCGA-AR-A1AI	breast invasive carcinoma	False	91	0	91	4.5217885770490405
TCGA-AR-A1AO	breast invasive carcinoma	False	125	0	125	4.836281906951478
TCGA-AR-A24P	breast invasive carcinoma	False	22	0	22	3.1354942159291497
TCGA-AR-A24U	breast invasive carcinoma	False	45	0	45	3.828641396489095
TCGA-B6-A401	breast invasive carcinoma	False	30	0	30	3.4339872044851463
TCGA-B6-A402	breast invasive carcinoma	False	0	0	0	0.0
TCGA-BH-A0AZ	breast invasive carcinoma	False	79	0	79	4.382026634673881
TCGA-BH-A0B6	breast invasive carcinoma	False	1296	0	1296	7.167809184316444
TCGA-BH-A0BD	breast invasive carcinoma	False	0	0	0	0.0
TCGA-BH-A0C3	breast invasive carcinoma	False	19	0	19	2.995732273553991
TCGA-BH-A1FH	breast invasive carcinoma	False	37	0	37	3.6375861597263857
TCGA-C8-A26V	breast invasive carcinoma	False	97	0	97	4.584967478670572
TCGA-D8-A27K	breast invasive carcinoma	False	24	0	24	3.2188758248682006
TCGA-E2-A10F	breast invasive carcinoma	False	32	0	32	3.4965075614664802
TCGA-E2-A15D	breast invasive carcinoma	False	37	0	37	3.6375861597263857
TCGA-E2-A570	breast invasive carcinoma	False	36	0	36	3.6109179126442243
TCGA-E9-A22G	breast invasive carcinoma	False	126	0	126	4.844187086458591
TCGA-E9-A245	breast invasive carcinoma	False	26	0	26	3.295836866004329
TCGA-S3-AA14	breast invasive carcinoma	False	25	0	25	3.258096538021482
TCGA-A2-A0CZ	breast invasive carcinoma	False	0	0	0	0.0
TCGA-A2-A0EX	breast invasive carcinoma	False	0	0	0	0.0
TCGA-A2-A3XV	breast invasive carcinoma	False	54	0	54	4.007333185232471
TCGA-A2-A3XZ	breast invasive carcinoma	False	55	0	55	4.02535169073515
TCGA-A2-A4RY	breast invasive carcinoma	False	0	0	0	0.0
TCGA-AC-A3BB	breast invasive carcinoma	False	0	0	0	0.0
TCGA-AO-A1KO	breast invasive carcinoma	False	10	0	10	2.3978952727983707
TCGA-AR-A0TS	breast invasive carcinoma	False	95	0	95	4.564348191467836
TCGA-AR-A1AN	breast invasive carcinoma	False	32	0	32	3.4965075614664802
TCGA-AR-A24K	breast invasive carcinoma	False	35	0	35	3.58351893845611
TCGA-AR-A24T	breast invasive carcinoma	False	28	0	28	3.367295829986474
TCGA-AR-A2LO	breast invasive carcinoma	False	17	0	17	2.8903717578961645
TCGA-B6-A0I8	breast invasive carcinoma	False	0	0	0	0.0
TCGA-BH-A0H3	breast invasive carcinoma	False	20	0	20	3.044522437723423
TCGA-BH-A0W4	breast invasive carcinoma	False	42	0	42	3.7612001156935624
TCGA-BH-A18K	breast invasive carcinoma	False	72	0	72	4.290459441148391
TCGA-BH-A28Q	breast invasive carcinoma	False	28	0	28	3.367295829986474
TCGA-BH-A6R8	breast invasive carcinoma	False	39	0	39	3.6888794541139363
TCGA-C8-A12U	breast invasive carcinoma	False	64	0	64	4.174387269895637
TCGA-E2-A1B5	breast invasive carcinoma	False	49	0	49	3.912023005428146
TCGA-E2-A1LS	breast invasive carcinoma	False	0	0	0	0.0
TCGA-GM-A2DA	breast invasive carcinoma	False	47	0	47	3.871201010907891
TCGA-GM-A3XG	breast invasive carcinoma	False	0	0	0	0.0
TCGA-JL-A3YX	breast invasive carcinoma	False	53	0	53	3.9889840465642745
TCGA-LL-A5YN	breast invasive carcinoma	False	48	0	48	3.8918202981106265
TCGA-XX-A899	breast invasive carcinoma	False	61	0	61	4.127134385045092
TCGA-Z7-A8R6	breast invasive carcinoma	False	113	0	113	4.736198448394496
TCGA-A1-A0SQ	breast invasive carcinoma	False	0	0	0	0.0
TCGA-A2-A0D2	breast invasive carcinoma	False	0	0	0	0.0
TCGA-A2-A3XT	breast invasive carcinoma	False	127	0	127	4.852030263919617
TCGA-A8-A08O	breast invasive carcinoma	False	0	0	0	0.0
TCGA-A8-A095	breast invasive carcinoma	False	0	0	0	0.0
TCGA-AC-A2FK	breast invasive carcinoma	False	3	0	3	1.3862943611198906
TCGA-AN-A0FZ	breast invasive carcinoma	False	0	0	0	0.0
TCGA-AQ-A04J	breast invasive carcinoma	False	0	0	0	0.0
TCGA-AR-A24R	breast invasive carcinoma	False	31	0	31	3.4657359027997265
TCGA-AR-A256	breast invasive carcinoma	True	244	1	243	5.497168225293202
TCGA-B6-A0I2	breast invasive carcinoma	False	0	0	0	0.0
TCGA-B6-A0IN	breast invasive carcinoma	False	0	0	0	0.0
TCGA-BH-A0AU	breast invasive carcinoma	True	25	1	24	3.2188758248682006
TCGA-BH-A0H5	breast invasive carcinoma	False	169	0	169	5.135798437050262
TCGA-BH-A1EV	breast invasive carcinoma	False	130	0	130	4.875197323201151
TCGA-BH-A2L8	breast invasive carcinoma	False	629	0	629	6.4457198193855785
TCGA-C8-A12Z	breast invasive carcinoma	False	62	0	62	4.143134726391533
TCGA-D8-A147	breast invasive carcinoma	False	211	0	211	5.356586274672012
TCGA-D8-A1XF	breast invasive carcinoma	False	55	0	55	4.02535169073515
TCGA-E2-A15A	breast invasive carcinoma	False	66	0	66	4.204692619390966
TCGA-E2-A1B1	breast invasive carcinoma	True	67	1	66	4.204692619390966
TCGA-E2-A1IG	breast invasive carcinoma	False	63	0	63	4.1588830833596715
TCGA-E9-A1N5	breast invasive carcinoma	False	42	0	42	3.7612001156935624
TCGA-E9-A226	breast invasive carcinoma	False	85	0	85	4.454347296253507
TCGA-E9-A249	breast invasive carcinoma	False	28	0	28	3.367295829986474
TCGA-E9-A6HE	breast invasive carcinoma	True	27	1	26	3.295836866004329
TCGA-HN-A2OB	breast invasive carcinoma	False	22	0	22	3.1354942159291497
TCGA-A2-A25A	breast invasive carcinoma	False	130	0	130	4.875197323201151
TCGA-A7-A13F	breast invasive carcinoma	False	49	0	49	3.912023005428146
TCGA-B6-A0RI	breast invasive carcinoma	False	0	0	0	0.0
TCGA-B6-A409	breast invasive carcinoma	False	58	0	58	4.07753744390572
TCGA-BH-A0B9	breast invasive carcinoma	False	0	0	0	0.0
TCGA-BH-A1FM	breast invasive carcinoma	False	64	0	64	4.174387269895637
TCGA-BH-A1FU	breast invasive carcinoma	False	118	0	118	4.77912349311153
TCGA-C8-A12Y	breast invasive carcinoma	False	48	0	48	3.8918202981106265
TCGA-E2-A15I	breast invasive carcinoma	False	45	0	45	3.828641396489095
TCGA-E2-A1B6	breast invasive carcinoma	False	58	0	58	4.07753744390572
TCGA-E2-A1L6	breast invasive carcinoma	False	30	0	30	3.4339872044851463
TCGA-E2-A574	breast invasive carcinoma	False	162	0	162	5.093750200806762
TCGA-GM-A3XN	breast invasive carcinoma	False	0	0	0	0.0
TCGA-LD-A66U	breast invasive carcinoma	False	47	0	47	3.871201010907891
TCGA-MS-A51U	breast invasive carcinoma	False	0	0	0	0.0
TCGA-A8-A08X	breast invasive carcinoma	False	0	0	0	0.0
TCGA-AC-A6NO	breast invasive carcinoma	False	46	0	46	3.8501476017100584
TCGA-AO-A12D	breast invasive carcinoma	False	74	0	74	4.31748811353631
TCGA-AR-A0TP	breast invasive carcinoma	False	82	0	82	4.418840607796598
TCGA-AR-A0TZ	breast invasive carcinoma	False	69	0	69	4.248495242049359
TCGA-AR-A24O	breast invasive carcinoma	False	23	0	23	3.1780538303479458
TCGA-B6-A400	breast invasive carcinoma	False	0	0	0	0.0
TCGA-BH-A0DZ	breast invasive carcinoma	True	217	2	215	5.375278407684165
TCGA-C8-A12T	breast invasive carcinoma	False	214	0	214	5.3706380281276624
TCGA-E2-A158	breast invasive carcinoma	False	103	0	103	4.6443908991413725
TCGA-E2-A3DX	breast invasive carcinoma	False	0	0	0	0.0
TCGA-E9-A1RI	breast invasive carcinoma	False	30	0	30	3.4339872044851463
TCGA-EW-A1OX	breast invasive carcinoma	False	22	0	22	3.1354942159291497
TCGA-EW-A1P4	breast invasive carcinoma	False	81	0	81	4.406719247264253
TCGA-OL-A5RV	breast invasive carcinoma	False	17	0	17	2.8903717578961645
TCGA-OL-A6VO	breast invasive carcinoma	False	41	0	41	3.7376696182833684
TCGA-5L-AAT0	breast invasive carcinoma	False	281	0	281	5.641907070938114
TCGA-A2-A0D3	breast invasive carcinoma	False	37	0	37	3.6375861597263857
TCGA-A2-A3XW	breast invasive carcinoma	False	17	0	17	2.8903717578961645
TCGA-A8-A075	breast invasive carcinoma	False	110	0	110	4.709530201312334
TCGA-AO-A03T	breast invasive carcinoma	False	0	0	0	0.0
TCGA-AO-A12C	breast invasive carcinoma	False	0	0	0	0.0
TCGA-B6-A0IJ	breast invasive carcinoma	False	0	0	0	0.0
TCGA-B6-A0RV	breast invasive carcinoma	False	67	0	67	4.219507705176107
TCGA-BH-A0B7	breast invasive carcinoma	False	43	0	43	3.784189633918261
TCGA-BH-A0DQ	breast invasive carcinoma	False	38	0	38	3.6635616461296463
TCGA-E9-A227	breast invasive carcinoma	False	23	0	23	3.1780538303479458
TCGA-E9-A22H	breast invasive carcinoma	False	29	0	29	3.4011973816621555
TCGA-A2-A0CV	breast invasive carcinoma	False	25	0	25	3.258096538021482
TCGA-A8-A08G	breast invasive carcinoma	False	0	0	0	0.0
TCGA-AC-A2BM	breast invasive carcinoma	False	27	0	27	3.332204510175204
TCGA-AN-A0AL	breast invasive carcinoma	False	0	0	0	0.0
TCGA-AO-A03V	breast invasive carcinoma	False	73	0	73	4.30406509320417
TCGA-AO-A0J2	breast invasive carcinoma	False	0	0	0	0.0
TCGA-AO-A0J4	breast invasive carcinoma	False	0	0	0	0.0
TCGA-BH-A0BJ	breast invasive carcinoma	False	18	0	18	2.9444389791664403
TCGA-BH-A0DT	breast invasive carcinoma	False	19	0	19	2.995732273553991
TCGA-BH-A42V	breast invasive carcinoma	False	58	0	58	4.07753744390572
TCGA-D8-A1JD	breast invasive carcinoma	False	131	0	131	4.882801922586371
TCGA-D8-A27R	breast invasive carcinoma	False	36	0	36	3.6109179126442243
TCGA-E2-A10A	breast invasive carcinoma	False	33	0	33	3.5263605246161616
TCGA-E2-A1LB	breast invasive carcinoma	False	57	0	57	4.060443010546419
TCGA-E9-A1N4	breast invasive carcinoma	False	34	0	34	3.5553480614894135
TCGA-E9-A5UO	breast invasive carcinoma	False	43	0	43	3.784189633918261
TCGA-EW-A2FS	breast invasive carcinoma	False	49	0	49	3.912023005428146
TCGA-PE-A5DE	breast invasive carcinoma	False	690	0	690	6.53813982376767
TCGA-A1-A0SP	breast invasive carcinoma	False	75	0	75	4.330733340286331
TCGA-A2-A0CM	breast invasive carcinoma	False	0	0	0	0.0
TCGA-A7-A4SA	breast invasive carcinoma	False	0	0	0	0.0
TCGA-A8-A09A	breast invasive carcinoma	False	0	0	0	0.0
TCGA-AC-A2FF	breast invasive carcinoma	False	14	0	14	2.70805020110221
TCGA-AO-A0JM	breast invasive carcinoma	False	0	0	0	0.0
TCGA-AR-A2LJ	breast invasive carcinoma	False	0	0	0	0.0
TCGA-B6-A0IQ	breast invasive carcinoma	False	0	0	0	0.0
TCGA-B6-A0RU	breast invasive carcinoma	True	62	1	61	4.127134385045092
TCGA-B6-A0WX	breast invasive carcinoma	False	46	0	46	3.8501476017100584
TCGA-B6-A0WY	breast invasive carcinoma	False	39	0	39	3.6888794541139363
TCGA-BH-A0B5	breast invasive carcinoma	False	0	0	0	0.0
TCGA-C8-A1HI	breast invasive carcinoma	False	75	0	75	4.330733340286331
TCGA-D8-A141	breast invasive carcinoma	False	23	0	23	3.1780538303479458
TCGA-D8-A1X7	breast invasive carcinoma	False	32	0	32	3.4965075614664802
TCGA-D8-A27F	breast invasive carcinoma	False	78	0	78	4.3694478524670215
TCGA-E2-A15E	breast invasive carcinoma	False	41	0	41	3.7376696182833684
TCGA-E2-A1L7	breast invasive carcinoma	False	83	0	83	4.430816798843313
TCGA-E2-A1L9	breast invasive carcinoma	False	31	0	31	3.4657359027997265
TCGA-E9-A1RB	breast invasive carcinoma	False	40	0	40	3.713572066704308
TCGA-OL-A5D8	breast invasive carcinoma	False	46	0	46	3.8501476017100584
TCGA-OL-A5RW	breast invasive carcinoma	False	260	0	260	5.564520407322694
TCGA-A1-A0SH	breast invasive carcinoma	False	141	0	141	4.955827057601261
TCGA-A1-A0SJ	breast invasive carcinoma	False	42	0	42	3.7612001156935624
TCGA-A2-A04V	breast invasive carcinoma	False	0	0	0	0.0
TCGA-A2-A0T5	breast invasive carcinoma	False	17	0	17	2.8903717578961645
TCGA-A2-A0YJ	breast invasive carcinoma	False	99	0	99	4.605170185988092
TCGA-A2-A25B	breast invasive carcinoma	True	134	1	133	4.897839799950911
TCGA-AO-A126	breast invasive carcinoma	False	26	0	26	3.295836866004329
TCGA-AR-A1AU	breast invasive carcinoma	False	27	0	27	3.332204510175204
TCGA-B6-A0RT	breast invasive carcinoma	False	73	0	73	4.30406509320417
TCGA-BH-A0BQ	breast invasive carcinoma	False	30	0	30	3.4339872044851463
TCGA-BH-A18M	breast invasive carcinoma	False	18	0	18	2.9444389791664403
TCGA-EW-A2FV	breast invasive carcinoma	True	4231	4	4227	8.349484346990128
TCGA-OL-A66O	breast invasive carcinoma	False	44	0	44	3.8066624897703196
TCGA-AO-A124	breast invasive carcinoma	False	191	0	191	5.2574953720277815
TCGA-AR-A24M	breast invasive carcinoma	False	27	0	27	3.332204510175204
TCGA-B6-A0IE	breast invasive carcinoma	False	0	0	0	0.0
TCGA-B6-A0RS	breast invasive carcinoma	False	0	0	0	0.0
TCGA-BH-A0E0	breast invasive carcinoma	False	25	0	25	3.258096538021482
TCGA-BH-A1EW	breast invasive carcinoma	False	21	0	21	3.091042453358316
TCGA-C8-A1HL	breast invasive carcinoma	False	38	0	38	3.6635616461296463
TCGA-E2-A15H	breast invasive carcinoma	False	37	0	37	3.6375861597263857
TCGA-E9-A22D	breast invasive carcinoma	False	42	0	42	3.7612001156935624
TCGA-EW-A1IY	breast invasive carcinoma	False	40	0	40	3.713572066704308
TCGA-EW-A1J1	breast invasive carcinoma	False	25	0	25	3.258096538021482
TCGA-A2-A0CL	breast invasive carcinoma	False	200	0	200	5.303304908059076
TCGA-A2-A0D4	breast invasive carcinoma	False	0	0	0	0.0
TCGA-A2-A0T3	breast invasive carcinoma	False	47	0	47	3.871201010907891
TCGA-A7-A0D9	breast invasive carcinoma	False	12	0	12	2.5649493574615367
TCGA-E2-A14N	breast invasive carcinoma	False	112	0	112	4.727387818712341
TCGA-E2-A1IO	breast invasive carcinoma	False	17	0	17	2.8903717578961645
TCGA-E9-A229	breast invasive carcinoma	False	33	0	33	3.5263605246161616
TCGA-A2-A04P	breast invasive carcinoma	False	0	0	0	0.0
TCGA-A2-A04R	breast invasive carcinoma	False	107	0	107	4.68213122712422
TCGA-AN-A04A	breast invasive carcinoma	False	0	0	0	0.0
TCGA-AN-A0XW	breast invasive carcinoma	False	425	0	425	6.054439346269371
TCGA-AO-A0JA	breast invasive carcinoma	False	0	0	0	0.0
TCGA-AO-A12F	breast invasive carcinoma	False	44	0	44	3.8066624897703196
TCGA-AR-A0U1	breast invasive carcinoma	False	111	0	111	4.718498871295094
TCGA-D8-A1XD	breast invasive carcinoma	False	0	0	0	0.0
TCGA-D8-A27N	breast invasive carcinoma	False	63	0	63	4.1588830833596715
TCGA-OL-A66I	breast invasive carcinoma	False	60	0	60	4.110873864173311
TCGA-A2-A3XU	breast invasive carcinoma	False	35	0	35	3.58351893845611
TCGA-A8-A07J	breast invasive carcinoma	False	0	0	0	0.0
TCGA-AR-A0TU	breast invasive carcinoma	False	98	0	98	4.59511985013459
TCGA-BH-A0BL	breast invasive carcinoma	False	73	0	73	4.30406509320417
TCGA-BH-A1ES	breast invasive carcinoma	False	0	0	0	0.0
TCGA-E2-A14Y	breast invasive carcinoma	False	53	0	53	3.9889840465642745
TCGA-PL-A8LX	breast invasive carcinoma	False	53	0	53	3.9889840465642745
TCGA-A2-A04X	breast invasive carcinoma	False	0	0	0	0.0
TCGA-A2-A25E	breast invasive carcinoma	False	65	0	65	4.189654742026425
TCGA-AO-A03L	breast invasive carcinoma	False	0	0	0	0.0
TCGA-BH-A1FN	breast invasive carcinoma	False	155	0	155	5.049856007249537
TCGA-C8-A137	breast invasive carcinoma	False	63	0	63	4.1588830833596715
TCGA-C8-A1HO	breast invasive carcinoma	False	51	0	51	3.9512437185814275
TCGA-D8-A1XL	breast invasive carcinoma	False	118	0	118	4.77912349311153
TCGA-E2-A106	breast invasive carcinoma	False	0	0	0	0.0
TCGA-E2-A15S	breast invasive carcinoma	False	73	0	73	4.30406509320417
TCGA-EW-A6S9	breast invasive carcinoma	False	35	0	35	3.58351893845611
TCGA-E9-A3QA	breast invasive carcinoma	False	62	0	62	4.143134726391533
TCGA-AN-A0FF	breast invasive carcinoma	False	0	0	0	0.0
TCGA-EW-A6SD	breast invasive carcinoma	False	71	0	71	4.276666119016055
TCGA-AO-A03U	breast invasive carcinoma	False	7	0	7	2.0794415416798357
TCGA-BH-A0HA	breast invasive carcinoma	True	456	1	455	6.1224928095143865
TCGA-BH-A1FE	breast invasive carcinoma	False	28	0	28	3.367295829986474
TCGA-BH-A0DG	breast invasive carcinoma	False	48	0	48	3.8918202981106265
TCGA-PL-A8LY	breast invasive carcinoma	False	7	0	7	2.0794415416798357
TCGA-AN-A041	breast invasive carcinoma	False	0	0	0	0.0
TCGA-AO-A03M	breast invasive carcinoma	False	1151	0	1151	7.049254841255837
TCGA-AO-A129	breast invasive carcinoma	False	152	0	152	5.030437921392435
TCGA-C8-A273	breast invasive carcinoma	False	27	0	27	3.332204510175204
TCGA-PL-A8LZ	breast invasive carcinoma	False	140	0	140	4.948759890378168
TCGA-S3-A6ZH	breast invasive carcinoma	False	49	0	49	3.912023005428146
TCGA-E9-A1NE	breast invasive carcinoma	False	63	0	63	4.1588830833596715
TCGA-AR-A0TQ	breast invasive carcinoma	False	51	0	51	3.9512437185814275
TCGA-AR-A24L	breast invasive carcinoma	False	57	0	57	4.060443010546419
TCGA-B6-A0RG	breast invasive carcinoma	False	0	0	0	0.0
TCGA-AN-A0FE	breast invasive carcinoma	False	0	0	0	0.0
TCGA-AN-A0FG	breast invasive carcinoma	False	0	0	0	0.0
TCGA-BH-A0B2	breast invasive carcinoma	False	0	0	0	0.0
TCGA-E2-A1IP	breast invasive carcinoma	False	0	0	0	0.0
TCGA-41-2571	glioblastoma multiforme	False	70	0	70	4.2626798770413155
TCGA-41-3392	glioblastoma multiforme	False	88	0	88	4.48863636973214
TCGA-06-0126	glioblastoma multiforme	False	78	0	78	4.3694478524670215
TCGA-06-0140	glioblastoma multiforme	False	63	0	63	4.1588830833596715
TCGA-12-1600	glioblastoma multiforme	False	0	0	0	0.0
TCGA-16-0846	glioblastoma multiforme	False	95	0	95	4.564348191467836
TCGA-06-2559	glioblastoma multiforme	False	85	0	85	4.454347296253507
TCGA-19-2621	glioblastoma multiforme	False	0	0	0	0.0
TCGA-19-5955	glioblastoma multiforme	False	94	0	94	4.553876891600541
TCGA-32-2634	glioblastoma multiforme	False	59	0	59	4.0943445622221
TCGA-06-0142	glioblastoma multiforme	False	35	0	35	3.58351893845611
TCGA-06-2562	glioblastoma multiforme	False	78	0	78	4.3694478524670215
TCGA-19-1387	glioblastoma multiforme	False	0	0	0	0.0
TCGA-27-2527	glioblastoma multiforme	False	78	0	78	4.3694478524670215
TCGA-02-0048	glioblastoma multiforme	False	0	0	0	0.0
TCGA-32-2632	glioblastoma multiforme	False	124	0	124	4.8283137373023015
TCGA-06-A6S0	glioblastoma multiforme	False	85	0	85	4.454347296253507
TCGA-08-0352	glioblastoma multiforme	False	0	0	0	0.0
TCGA-02-0047	glioblastoma multiforme	False	87	0	87	4.477336814478207
TCGA-06-0877	glioblastoma multiforme	False	89	0	89	4.499809670330265
TCGA-14-0813	glioblastoma multiforme	False	133	0	133	4.897839799950911
TCGA-28-1756	glioblastoma multiforme	False	0	0	0	0.0
TCGA-76-6193	glioblastoma multiforme	False	58	0	58	4.07753744390572
TCGA-06-0648	glioblastoma multiforme	False	86	0	86	4.465908118654584
TCGA-12-3651	glioblastoma multiforme	False	0	0	0	0.0
TCGA-74-6581	glioblastoma multiforme	False	57	0	57	4.060443010546419
TCGA-06-0148	glioblastoma multiforme	False	0	0	0	0.0
TCGA-06-0182	glioblastoma multiforme	False	0	0	0	0.0
TCGA-06-0209	glioblastoma multiforme	False	101	0	101	4.624972813284271
TCGA-06-2557	glioblastoma multiforme	False	65	0	65	4.189654742026425
TCGA-06-6700	glioblastoma multiforme	False	66	0	66	4.204692619390966
TCGA-12-3649	glioblastoma multiforme	False	94	0	94	4.553876891600541
TCGA-28-1745	glioblastoma multiforme	False	0	0	0	0.0
TCGA-76-4925	glioblastoma multiforme	True	84	1	83	4.430816798843313
TCGA-06-1087	glioblastoma multiforme	False	0	0	0	0.0
TCGA-08-0510	glioblastoma multiforme	False	0	0	0	0.0
TCGA-12-0829	glioblastoma multiforme	False	0	0	0	0.0
TCGA-41-2575	glioblastoma multiforme	False	85	0	85	4.454347296253507
TCGA-02-0321	glioblastoma multiforme	False	0	0	0	0.0
TCGA-06-0159	glioblastoma multiforme	False	0	0	0	0.0
TCGA-06-0878	glioblastoma multiforme	False	65	0	65	4.189654742026425
TCGA-08-0386	glioblastoma multiforme	True	17	1	16	2.833213344056216
TCGA-12-0688	glioblastoma multiforme	False	81	0	81	4.406719247264253
TCGA-14-3476	glioblastoma multiforme	False	81	0	81	4.406719247264253
TCGA-26-5132	glioblastoma multiforme	False	67	0	67	4.219507705176107
TCGA-26-5134	glioblastoma multiforme	False	67	0	67	4.219507705176107
TCGA-76-6192	glioblastoma multiforme	True	66	1	65	4.189654742026425
TCGA-76-6657	glioblastoma multiforme	False	74	0	74	4.31748811353631
TCGA-06-0158	glioblastoma multiforme	False	70	0	70	4.2626798770413155
TCGA-28-1749	glioblastoma multiforme	False	0	0	0	0.0
TCGA-32-4210	glioblastoma multiforme	False	101	0	101	4.624972813284271
TCGA-32-4719	glioblastoma multiforme	False	65	0	65	4.189654742026425
TCGA-76-6660	glioblastoma multiforme	False	107	0	107	4.68213122712422
TCGA-16-1063	glioblastoma multiforme	False	0	0	0	0.0
TCGA-28-5204	glioblastoma multiforme	True	56	1	55	4.02535169073515
TCGA-28-5213	glioblastoma multiforme	False	68	0	68	4.23410650459726
TCGA-32-1980	glioblastoma multiforme	False	21	0	21	3.091042453358316
TCGA-06-0188	glioblastoma multiforme	False	70	0	70	4.2626798770413155
TCGA-06-0402	glioblastoma multiforme	False	0	0	0	0.0
TCGA-06-0644	glioblastoma multiforme	False	72	0	72	4.290459441148391
TCGA-19-0955	glioblastoma multiforme	False	0	0	0	0.0
TCGA-28-1757	glioblastoma multiforme	False	0	0	0	0.0
TCGA-28-5207	glioblastoma multiforme	False	65	0	65	4.189654742026425
TCGA-02-0070	glioblastoma multiforme	False	0	0	0	0.0
TCGA-08-0520	glioblastoma multiforme	False	0	0	0	0.0
TCGA-14-0740	glioblastoma multiforme	False	61	0	61	4.127134385045092
TCGA-14-1825	glioblastoma multiforme	False	71	0	71	4.276666119016055
TCGA-19-0964	glioblastoma multiforme	False	0	0	0	0.0
TCGA-19-2620	glioblastoma multiforme	False	95	0	95	4.564348191467836
TCGA-06-0175	glioblastoma multiforme	False	0	0	0	0.0
TCGA-06-0187	glioblastoma multiforme	False	50	0	50	3.9318256327243257
TCGA-06-0743	glioblastoma multiforme	True	132	1	131	4.882801922586371
TCGA-08-0346	glioblastoma multiforme	False	0	0	0	0.0
TCGA-08-0390	glioblastoma multiforme	False	0	0	0	0.0
TCGA-12-0657	glioblastoma multiforme	False	0	0	0	0.0
TCGA-14-0787	glioblastoma multiforme	False	48	0	48	3.8918202981106265
TCGA-14-1453	glioblastoma multiforme	False	0	0	0	0.0
TCGA-19-1385	glioblastoma multiforme	False	0	0	0	0.0
TCGA-4W-AA9S	glioblastoma multiforme	False	68	0	68	4.23410650459726
TCGA-02-0269	glioblastoma multiforme	False	0	0	0	0.0
TCGA-06-0152	glioblastoma multiforme	False	78	0	78	4.3694478524670215
TCGA-06-0169	glioblastoma multiforme	False	67	0	67	4.219507705176107
TCGA-19-A6J4	glioblastoma multiforme	False	43	0	43	3.784189633918261
TCGA-26-1799	glioblastoma multiforme	False	0	0	0	0.0
TCGA-32-1986	glioblastoma multiforme	False	60	0	60	4.110873864173311
TCGA-76-4926	glioblastoma multiforme	False	78	0	78	4.3694478524670215
TCGA-OX-A56R	glioblastoma multiforme	False	53	0	53	3.9889840465642745
TCGA-02-0339	glioblastoma multiforme	False	0	0	0	0.0
TCGA-06-0124	glioblastoma multiforme	False	78	0	78	4.3694478524670215
TCGA-06-0127	glioblastoma multiforme	False	0	0	0	0.0
TCGA-06-0219	glioblastoma multiforme	False	54	0	54	4.007333185232471
TCGA-06-5413	glioblastoma multiforme	False	62	0	62	4.143134726391533
TCGA-14-0865	glioblastoma multiforme	False	0	0	0	0.0
TCGA-14-0867	glioblastoma multiforme	False	0	0	0	0.0
TCGA-28-5220	glioblastoma multiforme	False	47	0	47	3.871201010907891
TCGA-32-2638	glioblastoma multiforme	False	80	0	80	4.394449154672439
TCGA-41-2572	glioblastoma multiforme	False	77	0	77	4.356708826689592
TCGA-74-6573	glioblastoma multiforme	False	56	0	56	4.04305126783455
TCGA-06-0128	glioblastoma multiforme	False	76	0	76	4.343805421853684
TCGA-06-0214	glioblastoma multiforme	False	99	0	99	4.605170185988092
TCGA-06-0744	glioblastoma multiforme	False	92	0	92	4.532599493153256
TCGA-08-0344	glioblastoma multiforme	False	0	0	0	0.0
TCGA-14-1795	glioblastoma multiforme	False	0	0	0	0.0
TCGA-27-1831	glioblastoma multiforme	False	65	0	65	4.189654742026425
TCGA-32-5222	glioblastoma multiforme	False	89	0	89	4.499809670330265
TCGA-76-6656	glioblastoma multiforme	False	118	0	118	4.77912349311153
TCGA-06-0171	glioblastoma multiforme	False	71	0	71	4.276666119016055
TCGA-06-2567	glioblastoma multiforme	False	75	0	75	4.330733340286331
TCGA-06-6697	glioblastoma multiforme	False	78	0	78	4.3694478524670215
TCGA-14-0812	glioblastoma multiforme	False	0	0	0	0.0
TCGA-15-0742	glioblastoma multiforme	False	85	0	85	4.454347296253507
TCGA-15-1449	glioblastoma multiforme	False	0	0	0	0.0
TCGA-16-0861	glioblastoma multiforme	False	71	0	71	4.276666119016055
TCGA-19-2623	glioblastoma multiforme	False	105	0	105	4.663439094112067
TCGA-28-2502	glioblastoma multiforme	False	67	0	67	4.219507705176107
TCGA-32-1976	glioblastoma multiforme	False	0	0	0	0.0
TCGA-02-2486	glioblastoma multiforme	False	74	0	74	4.31748811353631
TCGA-06-0133	glioblastoma multiforme	False	0	0	0	0.0
TCGA-06-0177	glioblastoma multiforme	False	0	0	0	0.0
TCGA-06-0179	glioblastoma multiforme	False	0	0	0	0.0
TCGA-06-6695	glioblastoma multiforme	False	73	0	73	4.30406509320417
TCGA-06-A7TK	glioblastoma multiforme	False	73	0	73	4.30406509320417
TCGA-08-0531	glioblastoma multiforme	False	0	0	0	0.0
TCGA-12-1089	glioblastoma multiforme	False	0	0	0	0.0
TCGA-81-5910	glioblastoma multiforme	False	60	0	60	4.110873864173311
TCGA-02-0075	glioblastoma multiforme	False	0	0	0	0.0
TCGA-06-0184	glioblastoma multiforme	False	71	0	71	4.276666119016055
TCGA-06-0195	glioblastoma multiforme	False	91	0	91	4.5217885770490405
TCGA-06-0414	glioblastoma multiforme	False	0	0	0	0.0
TCGA-06-5859	glioblastoma multiforme	False	57	0	57	4.060443010546419
TCGA-08-0348	glioblastoma multiforme	False	0	0	0	0.0
TCGA-08-0509	glioblastoma multiforme	False	0	0	0	0.0
TCGA-12-0691	glioblastoma multiforme	False	0	0	0	0.0
TCGA-26-1439	glioblastoma multiforme	False	59	0	59	4.0943445622221
TCGA-27-2523	glioblastoma multiforme	True	62	1	61	4.127134385045092
TCGA-28-5218	glioblastoma multiforme	False	27	0	27	3.332204510175204
TCGA-32-2491	glioblastoma multiforme	False	105	0	105	4.663439094112067
TCGA-76-6282	glioblastoma multiforme	False	61	0	61	4.127134385045092
TCGA-02-0440	glioblastoma multiforme	False	0	0	0	0.0
TCGA-06-0141	glioblastoma multiforme	False	23	0	23	3.1780538303479458
TCGA-06-0190	glioblastoma multiforme	False	78	0	78	4.3694478524670215
TCGA-08-0244	glioblastoma multiforme	False	0	0	0	0.0
TCGA-12-0821	glioblastoma multiforme	False	89	0	89	4.499809670330265
TCGA-19-5952	glioblastoma multiforme	False	55	0	55	4.02535169073515
TCGA-27-2528	glioblastoma multiforme	False	63	0	63	4.1588830833596715
TCGA-32-2615	glioblastoma multiforme	False	49	0	49	3.912023005428146
TCGA-02-0046	glioblastoma multiforme	False	0	0	0	0.0
TCGA-02-0325	glioblastoma multiforme	False	0	0	0	0.0
TCGA-02-0446	glioblastoma multiforme	False	0	0	0	0.0
TCGA-02-2466	glioblastoma multiforme	False	0	0	0	0.0
TCGA-06-0155	glioblastoma multiforme	False	93	0	93	4.543294782270004
TCGA-06-1800	glioblastoma multiforme	False	0	0	0	0.0
TCGA-06-1802	glioblastoma multiforme	False	0	0	0	0.0
TCGA-06-5414	glioblastoma multiforme	False	47	0	47	3.871201010907891
TCGA-12-1097	glioblastoma multiforme	False	0	0	0	0.0
TCGA-14-1043	glioblastoma multiforme	False	31	0	31	3.4657359027997265
TCGA-14-1455	glioblastoma multiforme	False	0	0	0	0.0
TCGA-19-0963	glioblastoma multiforme	False	0	0	0	0.0
TCGA-4W-AA9R	glioblastoma multiforme	False	102	0	102	4.634728988229636
TCGA-02-0034	glioblastoma multiforme	False	0	0	0	0.0
TCGA-06-0646	glioblastoma multiforme	True	45	1	44	3.8066624897703196
TCGA-06-5415	glioblastoma multiforme	False	64	0	64	4.174387269895637
TCGA-06-6701	glioblastoma multiforme	False	49	0	49	3.912023005428146
TCGA-08-0392	glioblastoma multiforme	False	0	0	0	0.0
TCGA-12-0619	glioblastoma multiforme	False	70	0	70	4.2626798770413155
TCGA-12-0670	glioblastoma multiforme	False	0	0	0	0.0
TCGA-12-3652	glioblastoma multiforme	False	79	0	79	4.382026634673881
TCGA-14-0862	glioblastoma multiforme	False	51	0	51	3.9512437185814275
TCGA-14-1452	glioblastoma multiforme	False	0	0	0	0.0
TCGA-19-2629	glioblastoma multiforme	False	120	0	120	4.795790545596741
TCGA-28-6450	glioblastoma multiforme	False	73	0	73	4.30406509320417
TCGA-32-1991	glioblastoma multiforme	False	71	0	71	4.276666119016055
TCGA-76-6286	glioblastoma multiforme	False	91	0	91	4.5217885770490405
TCGA-06-0745	glioblastoma multiforme	False	66	0	66	4.204692619390966
TCGA-06-2565	glioblastoma multiforme	False	68	0	68	4.23410650459726
TCGA-08-0389	glioblastoma multiforme	False	0	0	0	0.0
TCGA-12-5301	glioblastoma multiforme	False	84	0	84	4.442651256490317
TCGA-14-1794	glioblastoma multiforme	False	0	0	0	0.0
TCGA-26-5133	glioblastoma multiforme	False	54	0	54	4.007333185232471
TCGA-28-2499	glioblastoma multiforme	False	36	0	36	3.6109179126442243
TCGA-32-1970	glioblastoma multiforme	False	98	0	98	4.59511985013459
TCGA-41-2573	glioblastoma multiforme	False	61	0	61	4.127134385045092
TCGA-06-0143	glioblastoma multiforme	False	0	0	0	0.0
TCGA-06-0192	glioblastoma multiforme	False	91	0	91	4.5217885770490405
TCGA-06-5856	glioblastoma multiforme	False	73	0	73	4.30406509320417
TCGA-06-6390	glioblastoma multiforme	False	63	0	63	4.1588830833596715
TCGA-08-0353	glioblastoma multiforme	False	0	0	0	0.0
TCGA-12-1090	glioblastoma multiforme	False	0	0	0	0.0
TCGA-12-1092	glioblastoma multiforme	False	0	0	0	0.0
TCGA-12-1602	glioblastoma multiforme	False	0	0	0	0.0
TCGA-19-1388	glioblastoma multiforme	False	0	0	0	0.0
TCGA-19-5953	glioblastoma multiforme	False	70	0	70	4.2626798770413155
TCGA-74-6578	glioblastoma multiforme	False	83	0	83	4.430816798843313
TCGA-76-4927	glioblastoma multiforme	False	69	0	69	4.248495242049359
TCGA-76-6662	glioblastoma multiforme	False	48	0	48	3.8918202981106265
TCGA-02-0068	glioblastoma multiforme	False	0	0	0	0.0
TCGA-02-0079	glioblastoma multiforme	False	0	0	0	0.0
TCGA-02-0289	glioblastoma multiforme	False	0	0	0	0.0
TCGA-02-2470	glioblastoma multiforme	False	75	0	75	4.330733340286331
TCGA-06-0156	glioblastoma multiforme	False	0	0	0	0.0
TCGA-06-0240	glioblastoma multiforme	False	7	0	7	2.0794415416798357
TCGA-12-0620	glioblastoma multiforme	False	0	0	0	0.0
TCGA-12-0828	glioblastoma multiforme	False	0	0	0	0.0
TCGA-14-1829	glioblastoma multiforme	False	74	0	74	4.31748811353631
TCGA-16-0848	glioblastoma multiforme	False	493	0	493	6.202535517187923
TCGA-26-6173	glioblastoma multiforme	False	44	0	44	3.8066624897703196
TCGA-27-1830	glioblastoma multiforme	False	60	0	60	4.110873864173311
TCGA-32-1978	glioblastoma multiforme	False	0	0	0	0.0
TCGA-76-6191	glioblastoma multiforme	False	71	0	71	4.276666119016055
TCGA-76-6280	glioblastoma multiforme	False	72	0	72	4.290459441148391
TCGA-02-0107	glioblastoma multiforme	False	0	0	0	0.0
TCGA-02-0111	glioblastoma multiforme	False	0	0	0	0.0
TCGA-12-1094	glioblastoma multiforme	False	0	0	0	0.0
TCGA-19-1790	glioblastoma multiforme	False	142	0	142	4.962844630259907
TCGA-19-5958	glioblastoma multiforme	False	56	0	56	4.04305126783455
TCGA-19-5960	glioblastoma multiforme	False	48	0	48	3.8918202981106265
TCGA-27-1834	glioblastoma multiforme	False	74	0	74	4.31748811353631
TCGA-27-2524	glioblastoma multiforme	False	59	0	59	4.0943445622221
TCGA-32-4211	glioblastoma multiforme	False	92	0	92	4.532599493153256
TCGA-06-0189	glioblastoma multiforme	False	29	0	29	3.4011973816621555
TCGA-12-0707	glioblastoma multiforme	False	0	0	0	0.0
TCGA-12-1096	glioblastoma multiforme	False	0	0	0	0.0
TCGA-14-0866	glioblastoma multiforme	False	0	0	0	0.0
TCGA-15-1446	glioblastoma multiforme	False	0	0	0	0.0
TCGA-16-1056	glioblastoma multiforme	False	0	0	0	0.0
TCGA-RR-A6KC	glioblastoma multiforme	False	62	0	62	4.143134726391533
TCGA-02-0033	glioblastoma multiforme	False	41	0	41	3.7376696182833684
TCGA-02-0039	glioblastoma multiforme	False	0	0	0	0.0
TCGA-02-0106	glioblastoma multiforme	False	0	0	0	0.0
TCGA-02-0260	glioblastoma multiforme	False	0	0	0	0.0
TCGA-06-0130	glioblastoma multiforme	False	39	0	39	3.6888794541139363
TCGA-06-0154	glioblastoma multiforme	False	70	0	70	4.2626798770413155
TCGA-06-0174	glioblastoma multiforme	False	89	0	89	4.499809670330265
TCGA-06-0185	glioblastoma multiforme	False	80	0	80	4.394449154672439
TCGA-06-1084	glioblastoma multiforme	False	0	0	0	0.0
TCGA-14-0789	glioblastoma multiforme	False	92	0	92	4.532599493153256
TCGA-14-1401	glioblastoma multiforme	False	0	0	0	0.0
TCGA-14-1458	glioblastoma multiforme	False	0	0	0	0.0
TCGA-16-0849	glioblastoma multiforme	False	0	0	0	0.0
TCGA-76-6661	glioblastoma multiforme	False	70	0	70	4.2626798770413155
TCGA-02-0071	glioblastoma multiforme	False	0	0	0	0.0
TCGA-02-2485	glioblastoma multiforme	True	75	1	74	4.31748811353631
TCGA-06-0686	glioblastoma multiforme	False	85	0	85	4.454347296253507
TCGA-06-0747	glioblastoma multiforme	False	94	0	94	4.553876891600541
TCGA-12-0778	glioblastoma multiforme	False	0	0	0	0.0
TCGA-28-1753	glioblastoma multiforme	False	68	0	68	4.23410650459726
TCGA-28-5214	glioblastoma multiforme	False	61	0	61	4.127134385045092
TCGA-02-0089	glioblastoma multiforme	False	0	0	0	0.0
TCGA-02-0115	glioblastoma multiforme	False	0	0	0	0.0
TCGA-06-0165	glioblastoma multiforme	False	2	0	2	1.0986122886681098
TCGA-06-0879	glioblastoma multiforme	False	75	0	75	4.330733340286331
TCGA-08-0525	glioblastoma multiforme	False	0	0	0	0.0
TCGA-12-0769	glioblastoma multiforme	False	0	0	0	0.0
TCGA-12-0776	glioblastoma multiforme	False	0	0	0	0.0
TCGA-14-1395	glioblastoma multiforme	False	63	0	63	4.1588830833596715
TCGA-27-2518	glioblastoma multiforme	True	64	1	63	4.1588830833596715
TCGA-28-5208	glioblastoma multiforme	False	76	0	76	4.343805421853684
TCGA-28-5216	glioblastoma multiforme	False	67	0	67	4.219507705176107
TCGA-02-0116	glioblastoma multiforme	False	0	0	0	0.0
TCGA-06-0166	glioblastoma multiforme	False	49	0	49	3.912023005428146
TCGA-06-0394	glioblastoma multiforme	False	0	0	0	0.0
TCGA-06-5411	glioblastoma multiforme	False	42	0	42	3.7612001156935624
TCGA-12-0662	glioblastoma multiforme	False	0	0	0	0.0
TCGA-14-1827	glioblastoma multiforme	False	0	0	0	0.0
TCGA-19-1386	glioblastoma multiforme	False	0	0	0	0.0
TCGA-19-1389	glioblastoma multiforme	False	0	0	0	0.0
TCGA-19-2624	glioblastoma multiforme	False	56	0	56	4.04305126783455
TCGA-74-6577	glioblastoma multiforme	False	43	0	43	3.784189633918261
TCGA-RR-A6KB	glioblastoma multiforme	False	61	0	61	4.127134385045092
TCGA-02-0003	glioblastoma multiforme	False	61	0	61	4.127134385045092
TCGA-02-0015	glioblastoma multiforme	False	0	0	0	0.0
TCGA-02-0016	glioblastoma multiforme	False	0	0	0	0.0
TCGA-02-0064	glioblastoma multiforme	False	0	0	0	0.0
TCGA-02-0422	glioblastoma multiforme	False	0	0	0	0.0
TCGA-06-0749	glioblastoma multiforme	False	68	0	68	4.23410650459726
TCGA-06-0881	glioblastoma multiforme	False	26	0	26	3.295836866004329
TCGA-06-2564	glioblastoma multiforme	False	81	0	81	4.406719247264253
TCGA-08-0347	glioblastoma multiforme	False	0	0	0	0.0
TCGA-08-0358	glioblastoma multiforme	False	0	0	0	0.0
TCGA-02-0052	glioblastoma multiforme	False	0	0	0	0.0
TCGA-02-0290	glioblastoma multiforme	False	0	0	0	0.0
TCGA-06-0132	glioblastoma multiforme	False	28	0	28	3.367295829986474
TCGA-08-0357	glioblastoma multiforme	False	0	0	0	0.0
TCGA-12-0618	glioblastoma multiforme	False	58	0	58	4.07753744390572
TCGA-14-0736	glioblastoma multiforme	False	84	0	84	4.442651256490317
TCGA-14-0781	glioblastoma multiforme	False	38	0	38	3.6635616461296463
TCGA-02-0337	glioblastoma multiforme	False	0	0	0	0.0
TCGA-08-0512	glioblastoma multiforme	False	0	0	0	0.0
TCGA-16-1055	glioblastoma multiforme	False	0	0	0	0.0
TCGA-19-1787	glioblastoma multiforme	False	879	0	879	6.779921907472252
TCGA-26-1440	glioblastoma multiforme	False	0	0	0	0.0
TCGA-27-2519	glioblastoma multiforme	False	54	0	54	4.007333185232471
TCGA-28-1760	glioblastoma multiforme	False	0	0	0	0.0
TCGA-41-3915	glioblastoma multiforme	False	54	0	54	4.007333185232471
TCGA-02-0025	glioblastoma multiforme	False	0	0	0	0.0
TCGA-06-0164	glioblastoma multiforme	False	0	0	0	0.0
TCGA-06-0211	glioblastoma multiforme	False	85	0	85	4.454347296253507
TCGA-06-1806	glioblastoma multiforme	False	35	0	35	3.58351893845611
TCGA-26-A7UX	glioblastoma multiforme	False	44	0	44	3.8066624897703196
TCGA-02-0099	glioblastoma multiforme	False	0	0	0	0.0
TCGA-06-0238	glioblastoma multiforme	False	54	0	54	4.007333185232471
TCGA-08-0349	glioblastoma multiforme	False	0	0	0	0.0
TCGA-12-0703	glioblastoma multiforme	False	0	0	0	0.0
TCGA-12-0772	glioblastoma multiforme	False	0	0	0	0.0
TCGA-12-0822	glioblastoma multiforme	False	0	0	0	0.0
TCGA-12-3650	glioblastoma multiforme	False	63	0	63	4.1588830833596715
TCGA-06-0150	glioblastoma multiforme	False	0	0	0	0.0
TCGA-28-2514	glioblastoma multiforme	False	71	0	71	4.276666119016055
TCGA-06-0167	glioblastoma multiforme	False	4	0	4	1.6094379124341003
TCGA-28-1747	glioblastoma multiforme	False	60	0	60	4.110873864173311
TCGA-02-0051	glioblastoma multiforme	False	0	0	0	0.0
TCGA-02-2483	glioblastoma multiforme	False	70	0	70	4.2626798770413155
TCGA-06-0138	glioblastoma multiforme	False	0	0	0	0.0
TCGA-06-0409	glioblastoma multiforme	False	0	0	0	0.0
TCGA-06-0750	glioblastoma multiforme	False	52	0	52	3.970291913552122
TCGA-26-1442	glioblastoma multiforme	False	57	0	57	4.060443010546419
TCGA-02-0102	glioblastoma multiforme	False	0	0	0	0.0
TCGA-06-1086	glioblastoma multiforme	False	0	0	0	0.0
TCGA-28-5211	glioblastoma multiforme	False	53	0	53	3.9889840465642745
TCGA-02-0338	glioblastoma multiforme	False	0	0	0	0.0
TCGA-02-0317	glioblastoma multiforme	False	0	0	0	0.0
TCGA-06-0139	glioblastoma multiforme	False	4	0	4	1.6094379124341003
TCGA-06-0206	glioblastoma multiforme	False	0	0	0	0.0
TCGA-08-0351	glioblastoma multiforme	False	0	0	0	0.0
TCGA-12-0820	glioblastoma multiforme	False	0	0	0	0.0
TCGA-14-4157	glioblastoma multiforme	False	42	0	42	3.7612001156935624
TCGA-19-A6J5	glioblastoma multiforme	False	58	0	58	4.07753744390572
TCGA-32-4209	glioblastoma multiforme	False	39	0	39	3.6888794541139363
TCGA-02-0028	glioblastoma multiforme	False	0	0	0	0.0
TCGA-14-1451	glioblastoma multiforme	False	0	0	0	0.0
TCGA-19-1788	glioblastoma multiforme	False	0	0	0	0.0
TCGA-19-A60I	glioblastoma multiforme	False	43	0	43	3.784189633918261
TCGA-06-0178	glioblastoma multiforme	False	0	0	0	0.0
TCGA-28-2512	glioblastoma multiforme	False	0	0	0	0.0
TCGA-02-0432	glioblastoma multiforme	False	0	0	0	0.0
TCGA-19-4065	glioblastoma multiforme	False	65	0	65	4.189654742026425
TCGA-26-1438	glioblastoma multiforme	False	0	0	0	0.0
TCGA-27-1837	glioblastoma multiforme	False	49	0	49	3.912023005428146
TCGA-02-0024	glioblastoma multiforme	False	0	0	0	0.0
TCGA-06-0176	glioblastoma multiforme	False	0	0	0	0.0
TCGA-27-2521	glioblastoma multiforme	False	81	0	81	4.406719247264253
TCGA-81-5911	glioblastoma multiforme	False	36	0	36	3.6109179126442243
TCGA-08-0350	glioblastoma multiforme	False	0	0	0	0.0
TCGA-06-0221	glioblastoma multiforme	False	47	0	47	3.871201010907891
TCGA-14-1821	glioblastoma multiforme	False	0	0	0	0.0
TCGA-06-0129	glioblastoma multiforme	False	48	0	48	3.8918202981106265
TCGA-06-0882	glioblastoma multiforme	False	47	0	47	3.871201010907891
TCGA-02-0080	glioblastoma multiforme	False	0	0	0	0.0
TCGA-02-0026	glioblastoma multiforme	False	0	0	0	0.0
TCGA-02-0271	glioblastoma multiforme	False	0	0	0	0.0
TCGA-02-0014	glioblastoma multiforme	False	0	0	0	0.0
TCGA-32-4208	glioblastoma multiforme	False	52	0	52	3.970291913552122
TCGA-12-0773	glioblastoma multiforme	False	0	0	0	0.0
TCGA-14-1456	glioblastoma multiforme	True	33	1	32	3.4965075614664802
TCGA-15-1444	glioblastoma multiforme	False	0	0	0	0.0
TCGA-32-1973	glioblastoma multiforme	False	0	0	0	0.0
TCGA-08-0521	glioblastoma multiforme	False	0	0	0	0.0
TCGA-02-0266	glioblastoma multiforme	False	0	0	0	0.0
TCGA-08-0516	glioblastoma multiforme	False	0	0	0	0.0
TCGA-76-4928	glioblastoma multiforme	False	96	0	96	4.574710978503383
TCGA-06-0122	glioblastoma multiforme	False	104	0	104	4.653960350157523
TCGA-19-0960	glioblastoma multiforme	False	0	0	0	0.0
TCGA-02-0326	glioblastoma multiforme	False	0	0	0	0.0
TCGA-19-1791	glioblastoma multiforme	False	0	0	0	0.0
TCGA-06-0119	glioblastoma multiforme	False	86	0	86	4.465908118654584
TCGA-06-1804	glioblastoma multiforme	False	108	0	108	4.6913478822291435
TCGA-41-3393	glioblastoma multiforme	False	84	0	84	4.442651256490317
TCGA-06-0939	glioblastoma multiforme	False	97	0	97	4.584967478670572
TCGA-27-2526	glioblastoma multiforme	False	63	0	63	4.1588830833596715
TCGA-02-0281	glioblastoma multiforme	False	0	0	0	0.0
TCGA-06-5412	glioblastoma multiforme	False	71	0	71	4.276666119016055
TCGA-06-A5U1	glioblastoma multiforme	True	95	1	94	4.553876891600541
TCGA-12-0615	glioblastoma multiforme	False	80	0	80	4.394449154672439
TCGA-14-1396	glioblastoma multiforme	False	0	0	0	0.0
TCGA-26-5136	glioblastoma multiforme	False	65	0	65	4.189654742026425
TCGA-02-0333	glioblastoma multiforme	False	0	0	0	0.0
TCGA-06-0413	glioblastoma multiforme	False	0	0	0	0.0
TCGA-19-0962	glioblastoma multiforme	False	0	0	0	0.0
TCGA-19-5959	glioblastoma multiforme	False	114	0	114	4.74493212836325
TCGA-28-1746	glioblastoma multiforme	False	0	0	0	0.0
TCGA-28-2509	glioblastoma multiforme	False	81	0	81	4.406719247264253
TCGA-06-0410	glioblastoma multiforme	False	0	0	0	0.0
TCGA-06-6694	glioblastoma multiforme	True	121	1	120	4.795790545596741
TCGA-19-2625	glioblastoma multiforme	False	72	0	72	4.290459441148391
TCGA-19-5951	glioblastoma multiforme	False	94	0	94	4.553876891600541
TCGA-32-1982	glioblastoma multiforme	False	99	0	99	4.605170185988092
TCGA-76-4929	glioblastoma multiforme	False	88	0	88	4.48863636973214
TCGA-06-0237	glioblastoma multiforme	False	58	0	58	4.07753744390572
TCGA-06-2558	glioblastoma multiforme	False	98	0	98	4.59511985013459
TCGA-06-5418	glioblastoma multiforme	False	60	0	60	4.110873864173311
TCGA-12-0692	glioblastoma multiforme	False	91	0	91	4.5217885770490405
TCGA-12-0775	glioblastoma multiforme	False	0	0	0	0.0
TCGA-12-1098	glioblastoma multiforme	False	0	0	0	0.0
TCGA-12-1598	glioblastoma multiforme	False	0	0	0	0.0
TCGA-02-0037	glioblastoma multiforme	False	0	0	0	0.0
TCGA-06-0149	glioblastoma multiforme	False	0	0	0	0.0
TCGA-08-0380	glioblastoma multiforme	False	0	0	0	0.0
TCGA-14-0871	glioblastoma multiforme	False	68	0	68	4.23410650459726
TCGA-19-2631	glioblastoma multiforme	False	114	0	114	4.74493212836325
TCGA-06-0649	glioblastoma multiforme	True	126	1	125	4.836281906951478
TCGA-41-6646	glioblastoma multiforme	False	69	0	69	4.248495242049359
TCGA-74-6575	glioblastoma multiforme	False	129	0	129	4.867534450455582
TCGA-06-0173	glioblastoma multiforme	False	98	0	98	4.59511985013459
TCGA-06-0210	glioblastoma multiforme	False	76	0	76	4.343805421853684
TCGA-06-0876	glioblastoma multiforme	False	94	0	94	4.553876891600541
TCGA-06-2563	glioblastoma multiforme	False	93	0	93	4.543294782270004
TCGA-06-5410	glioblastoma multiforme	False	32	0	32	3.4965075614664802
TCGA-19-1392	glioblastoma multiforme	False	0	0	0	0.0
TCGA-19-5954	glioblastoma multiforme	False	105	0	105	4.663439094112067
TCGA-26-5135	glioblastoma multiforme	False	79	0	79	4.382026634673881
TCGA-RR-A6KA	glioblastoma multiforme	False	69	0	69	4.248495242049359
TCGA-08-0345	glioblastoma multiforme	False	0	0	0	0.0
TCGA-76-6283	glioblastoma multiforme	False	127	0	127	4.852030263919617
TCGA-16-1060	glioblastoma multiforme	False	0	0	0	0.0
TCGA-76-4931	glioblastoma multiforme	False	59	0	59	4.0943445622221
TCGA-02-0324	glioblastoma multiforme	False	0	0	0	0.0
TCGA-08-0514	glioblastoma multiforme	False	0	0	0	0.0
TCGA-14-0817	glioblastoma multiforme	False	87	0	87	4.477336814478207
TCGA-19-1789	glioblastoma multiforme	False	0	0	0	0.0
TCGA-28-2513	glioblastoma multiforme	False	97	0	97	4.584967478670572
TCGA-32-1979	glioblastoma multiforme	False	98	0	98	4.59511985013459
TCGA-02-0059	glioblastoma multiforme	False	0	0	0	0.0
TCGA-02-0074	glioblastoma multiforme	False	0	0	0	0.0
TCGA-12-1099	glioblastoma multiforme	False	0	0	0	0.0
TCGA-19-4068	glioblastoma multiforme	True	79	1	78	4.3694478524670215
TCGA-02-0430	glioblastoma multiforme	False	0	0	0	0.0
TCGA-02-0456	glioblastoma multiforme	False	0	0	0	0.0
TCGA-27-1833	glioblastoma multiforme	False	89	0	89	4.499809670330265
TCGA-02-0057	glioblastoma multiforme	False	0	0	0	0.0
TCGA-02-0060	glioblastoma multiforme	False	0	0	0	0.0
TCGA-12-1093	glioblastoma multiforme	False	0	0	0	0.0
TCGA-14-1037	glioblastoma multiforme	False	0	0	0	0.0
TCGA-16-1047	glioblastoma multiforme	False	0	0	0	0.0
TCGA-28-5209	glioblastoma multiforme	False	109	0	109	4.700480365792417
TCGA-76-4934	glioblastoma multiforme	False	68	0	68	4.23410650459726
TCGA-06-0197	glioblastoma multiforme	False	0	0	0	0.0
TCGA-06-0241	glioblastoma multiforme	False	76	0	76	4.343805421853684
TCGA-12-1095	glioblastoma multiforme	False	0	0	0	0.0
TCGA-26-5139	glioblastoma multiforme	False	60	0	60	4.110873864173311
TCGA-26-6174	glioblastoma multiforme	False	110	0	110	4.709530201312334
TCGA-06-6388	glioblastoma multiforme	False	69	0	69	4.248495242049359
TCGA-06-6693	glioblastoma multiforme	False	65	0	65	4.189654742026425
TCGA-14-0790	glioblastoma multiforme	False	85	0	85	4.454347296253507
TCGA-19-1786	glioblastoma multiforme	False	0	0	0	0.0
TCGA-76-6285	glioblastoma multiforme	False	74	0	74	4.31748811353631
TCGA-02-0085	glioblastoma multiforme	False	0	0	0	0.0
TCGA-06-0125	glioblastoma multiforme	False	82	0	82	4.418840607796598
TCGA-06-0137	glioblastoma multiforme	False	105	0	105	4.663439094112067
TCGA-06-0157	glioblastoma multiforme	False	72	0	72	4.290459441148391
TCGA-14-1459	glioblastoma multiforme	False	0	0	0	0.0
TCGA-19-1390	glioblastoma multiforme	False	147	0	147	4.997212273764115
TCGA-28-2506	glioblastoma multiforme	False	0	0	0	0.0
TCGA-32-1977	glioblastoma multiforme	False	103	0	103	4.6443908991413725
TCGA-41-4097	glioblastoma multiforme	False	67	0	67	4.219507705176107
TCGA-02-0055	glioblastoma multiforme	False	76	0	76	4.343805421853684
TCGA-02-0451	glioblastoma multiforme	False	0	0	0	0.0
TCGA-12-1597	glioblastoma multiforme	False	97	0	97	4.584967478670572
TCGA-28-5215	glioblastoma multiforme	False	47	0	47	3.871201010907891
TCGA-02-0009	glioblastoma multiforme	False	0	0	0	0.0
TCGA-06-0216	glioblastoma multiforme	False	74	0	74	4.31748811353631
TCGA-06-0875	glioblastoma multiforme	False	85	0	85	4.454347296253507
TCGA-12-3648	glioblastoma multiforme	False	0	0	0	0.0
TCGA-28-1751	glioblastoma multiforme	False	0	0	0	0.0
TCGA-08-0518	glioblastoma multiforme	False	0	0	0	0.0
TCGA-12-5295	glioblastoma multiforme	False	90	0	90	4.51085950651685
TCGA-14-1034	glioblastoma multiforme	False	102	0	102	4.634728988229636
TCGA-26-1443	glioblastoma multiforme	False	0	0	0	0.0
TCGA-02-0083	glioblastoma multiforme	False	0	0	0	0.0
TCGA-06-0168	glioblastoma multiforme	False	53	0	53	3.9889840465642745
TCGA-08-0356	glioblastoma multiforme	False	0	0	0	0.0
TCGA-08-0359	glioblastoma multiforme	False	0	0	0	0.0
TCGA-12-3646	glioblastoma multiforme	False	0	0	0	0.0
TCGA-27-1832	glioblastoma multiforme	False	47	0	47	3.871201010907891
TCGA-27-1838	glioblastoma multiforme	False	125	0	125	4.836281906951478
TCGA-32-2495	glioblastoma multiforme	False	89	0	89	4.499809670330265
TCGA-41-5651	glioblastoma multiforme	False	118	0	118	4.77912349311153
TCGA-06-6699	glioblastoma multiforme	True	74	1	73	4.30406509320417
TCGA-14-1402	glioblastoma multiforme	False	0	0	0	0.0
TCGA-14-1823	glioblastoma multiforme	False	72	0	72	4.290459441148391
TCGA-32-2494	glioblastoma multiforme	False	84	0	84	4.442651256490317
TCGA-06-0397	glioblastoma multiforme	False	0	0	0	0.0
TCGA-08-0246	glioblastoma multiforme	False	0	0	0	0.0
TCGA-14-1450	glioblastoma multiforme	False	74	0	74	4.31748811353631
TCGA-16-1062	glioblastoma multiforme	False	0	0	0	0.0
TCGA-02-0006	glioblastoma multiforme	False	0	0	0	0.0
TCGA-06-0160	glioblastoma multiforme	False	0	0	0	0.0
TCGA-06-0412	glioblastoma multiforme	False	0	0	0	0.0
TCGA-06-1801	glioblastoma multiforme	False	0	0	0	0.0
TCGA-08-0529	glioblastoma multiforme	False	0	0	0	0.0
TCGA-12-5299	glioblastoma multiforme	True	48	1	47	3.871201010907891
TCGA-06-0213	glioblastoma multiforme	False	77	0	77	4.356708826689592
TCGA-06-0645	glioblastoma multiforme	False	76	0	76	4.343805421853684
TCGA-19-2619	glioblastoma multiforme	False	76	0	76	4.343805421853684
TCGA-74-6584	glioblastoma multiforme	True	44	1	43	3.784189633918261
TCGA-02-0043	glioblastoma multiforme	False	0	0	0	0.0
TCGA-06-5408	glioblastoma multiforme	False	64	0	64	4.174387269895637
TCGA-14-1454	glioblastoma multiforme	False	0	0	0	0.0
TCGA-4W-AA9T	glioblastoma multiforme	False	65	0	65	4.189654742026425
TCGA-06-0145	glioblastoma multiforme	False	126	0	126	4.844187086458591
TCGA-06-2561	glioblastoma multiforme	False	46	0	46	3.8501476017100584
TCGA-06-6698	glioblastoma multiforme	False	44	0	44	3.8066624897703196
TCGA-06-A6S1	glioblastoma multiforme	False	57	0	57	4.060443010546419
TCGA-12-1088	glioblastoma multiforme	False	0	0	0	0.0
TCGA-19-5956	glioblastoma multiforme	True	9886	8	9878	9.198166571044474
TCGA-27-1835	glioblastoma multiforme	False	86	0	86	4.465908118654584
TCGA-06-0208	glioblastoma multiforme	False	0	0	0	0.0
TCGA-08-0354	glioblastoma multiforme	False	0	0	0	0.0
TCGA-14-2554	glioblastoma multiforme	True	94	1	93	4.543294782270004
TCGA-16-0850	glioblastoma multiforme	False	0	0	0	0.0
TCGA-19-5950	glioblastoma multiforme	True	77	1	76	4.343805421853684
TCGA-28-1755	glioblastoma multiforme	False	0	0	0	0.0
TCGA-76-4935	glioblastoma multiforme	False	68	0	68	4.23410650459726
TCGA-02-0330	glioblastoma multiforme	False	0	0	0	0.0
TCGA-06-0147	glioblastoma multiforme	False	0	0	0	0.0
TCGA-06-0201	glioblastoma multiforme	False	0	0	0	0.0
TCGA-08-0375	glioblastoma multiforme	False	0	0	0	0.0
TCGA-12-0780	glioblastoma multiforme	False	0	0	0	0.0
TCGA-02-0285	glioblastoma multiforme	False	0	0	0	0.0
TCGA-14-0786	glioblastoma multiforme	False	51	0	51	3.9512437185814275
TCGA-76-4932	glioblastoma multiforme	False	75	0	75	4.330733340286331
TCGA-87-5896	glioblastoma multiforme	False	72	0	72	4.290459441148391
TCGA-06-6389	glioblastoma multiforme	False	55	0	55	4.02535169073515
TCGA-12-0819	glioblastoma multiforme	False	0	0	0	0.0
TCGA-16-1045	glioblastoma multiforme	False	103	0	103	4.6443908991413725
TCGA-32-1987	glioblastoma multiforme	False	0	0	0	0.0
TCGA-76-6664	glioblastoma multiforme	False	66	0	66	4.204692619390966
TCGA-02-0038	glioblastoma multiforme	False	0	0	0	0.0
TCGA-12-0654	glioblastoma multiforme	False	0	0	0	0.0
TCGA-12-0656	glioblastoma multiforme	False	0	0	0	0.0
TCGA-19-0957	glioblastoma multiforme	False	0	0	0	0.0
TCGA-32-2616	glioblastoma multiforme	True	1498	3	1495	7.310550158534422
TCGA-06-0162	glioblastoma multiforme	False	0	0	0	0.0
TCGA-12-1599	glioblastoma multiforme	False	0	0	0	0.0
TCGA-12-3644	glioblastoma multiforme	False	0	0	0	0.0
TCGA-19-5947	glioblastoma multiforme	False	34	0	34	3.5553480614894135
TCGA-28-5219	glioblastoma multiforme	False	66	0	66	4.204692619390966
TCGA-32-4213	glioblastoma multiforme	False	83	0	83	4.430816798843313
TCGA-02-0332	glioblastoma multiforme	False	0	0	0	0.0
TCGA-02-0086	glioblastoma multiforme	False	0	0	0	0.0
TCGA-06-5417	glioblastoma multiforme	False	70	0	70	4.2626798770413155
TCGA-06-5858	glioblastoma multiforme	False	247	0	247	5.5134287461649825
TCGA-12-0818	glioblastoma multiforme	False	0	0	0	0.0
TCGA-02-0001	glioblastoma multiforme	False	0	0	0	0.0
TCGA-02-0054	glioblastoma multiforme	False	0	0	0	0.0
TCGA-06-6391	glioblastoma multiforme	False	83	0	83	4.430816798843313
TCGA-14-2555	glioblastoma multiforme	False	0	0	0	0.0
TCGA-76-6663	glioblastoma multiforme	False	74	0	74	4.31748811353631
TCGA-02-0021	glioblastoma multiforme	False	0	0	0	0.0
TCGA-02-0113	glioblastoma multiforme	False	0	0	0	0.0
TCGA-28-1752	glioblastoma multiforme	False	0	0	0	0.0
TCGA-02-0007	glioblastoma multiforme	False	0	0	0	0.0
TCGA-28-1750	glioblastoma multiforme	False	0	0	0	0.0
TCGA-06-0650	glioblastoma multiforme	False	44	0	44	3.8066624897703196
TCGA-02-0023	glioblastoma multiforme	False	0	0	0	0.0
TCGA-12-0826	glioblastoma multiforme	False	0	0	0	0.0
TCGA-12-0827	glioblastoma multiforme	False	0	0	0	0.0
TCGA-14-3477	glioblastoma multiforme	False	0	0	0	0.0
TCGA-02-0114	glioblastoma multiforme	False	0	0	0	0.0
TCGA-06-0194	glioblastoma multiforme	False	0	0	0	0.0
TCGA-02-0084	glioblastoma multiforme	False	0	0	0	0.0
TCGA-02-0258	glioblastoma multiforme	False	0	0	0	0.0
TCGA-12-0616	glioblastoma multiforme	False	55	0	55	4.02535169073515
TCGA-14-0783	glioblastoma multiforme	False	0	0	0	0.0
TCGA-15-1447	glioblastoma multiforme	False	0	0	0	0.0
TCGA-16-1460	glioblastoma multiforme	False	0	0	0	0.0
TCGA-08-0517	glioblastoma multiforme	False	0	0	0	0.0
TCGA-12-3653	glioblastoma multiforme	False	32	0	32	3.4965075614664802
TCGA-02-0027	glioblastoma multiforme	False	0	0	0	0.0
TCGA-06-0146	glioblastoma multiforme	False	0	0	0	0.0
TCGA-27-1836	glioblastoma multiforme	False	50	0	50	3.9318256327243257
TCGA-06-0151	glioblastoma multiforme	False	24	0	24	3.2188758248682006
TCGA-02-0069	glioblastoma multiforme	False	0	0	0	0.0
TCGA-08-0245	glioblastoma multiforme	False	0	0	0	0.0
TCGA-06-A7TL	glioblastoma multiforme	False	36	0	36	3.6109179126442243
TCGA-08-0355	glioblastoma multiforme	False	0	0	0	0.0
TCGA-02-0104	glioblastoma multiforme	False	0	0	0	0.0
TCGA-02-0058	glioblastoma multiforme	False	0	0	0	0.0
TCGA-06-1805	glioblastoma multiforme	False	0	0	0	0.0
TCGA-02-0087	glioblastoma multiforme	False	0	0	0	0.0
TCGA-06-2569	glioblastoma multiforme	False	41	0	41	3.7376696182833684
TCGA-06-2566	glioblastoma multiforme	False	0	0	0	0.0
TCGA-06-5416	glioblastoma multiforme	True	18129	15	18114	9.804495603329178
TCGA-06-2570	glioblastoma multiforme	False	44	0	44	3.8066624897703196
TCGA-06-A5U0	glioblastoma multiforme	False	45	0	45	3.828641396489095
TCGA-02-0010	glioblastoma multiforme	False	0	0	0	0.0
TCGA-02-0011	glioblastoma multiforme	False	0	0	0	0.0
TCGA-08-0524	glioblastoma multiforme	False	0	0	0	0.0
TCGA-12-1091	glioblastoma multiforme	False	0	0	0	0.0
TCGA-06-0121	glioblastoma multiforme	False	0	0	0	0.0
TCGA-12-1601	glioblastoma multiforme	False	0	0	0	0.0
TCGA-16-1048	glioblastoma multiforme	False	93	0	93	4.543294782270004
TCGA-28-2501	glioblastoma multiforme	False	66	0	66	4.204692619390966
TCGA-28-2510	glioblastoma multiforme	False	34	0	34	3.5553480614894135
TCGA-32-2498	glioblastoma multiforme	False	0	0	0	0.0
TCGA-DU-A76K	brain lower grade glioma	False	71	0	71	4.276666119016055
TCGA-HT-7616	brain lower grade glioma	False	59	0	59	4.0943445622221
TCGA-HT-7687	brain lower grade glioma	False	61	0	61	4.127134385045092
TCGA-E1-A7YS	brain lower grade glioma	False	73	0	73	4.30406509320417
TCGA-DH-A669	brain lower grade glioma	False	69	0	69	4.248495242049359
TCGA-DU-A5TT	brain lower grade glioma	False	70	0	70	4.2626798770413155
TCGA-FG-6690	brain lower grade glioma	False	43	0	43	3.784189633918261
TCGA-S9-A89V	brain lower grade glioma	False	56	0	56	4.04305126783455
TCGA-DU-7292	brain lower grade glioma	False	59	0	59	4.0943445622221
TCGA-S9-A7R2	brain lower grade glioma	False	57	0	57	4.060443010546419
TCGA-HW-A5KJ	brain lower grade glioma	False	52	0	52	3.970291913552122
TCGA-CS-4941	brain lower grade glioma	False	60	0	60	4.110873864173311
TCGA-DU-7306	brain lower grade glioma	False	78	0	78	4.3694478524670215
TCGA-HT-7475	brain lower grade glioma	False	65	0	65	4.189654742026425
TCGA-DU-6393	brain lower grade glioma	False	38	0	38	3.6635616461296463
TCGA-HT-7882	brain lower grade glioma	False	66	0	66	4.204692619390966
TCGA-HT-A61C	brain lower grade glioma	False	49	0	49	3.912023005428146
TCGA-QH-A6CX	brain lower grade glioma	False	48	0	48	3.8918202981106265
TCGA-S9-A6UA	brain lower grade glioma	True	51	1	50	3.9318256327243257
TCGA-TQ-A7RP	brain lower grade glioma	False	53	0	53	3.9889840465642745
TCGA-VW-A8FI	brain lower grade glioma	False	75	0	75	4.330733340286331
TCGA-WH-A86K	brain lower grade glioma	False	55	0	55	4.02535169073515
TCGA-HT-8109	brain lower grade glioma	False	51	0	51	3.9512437185814275
TCGA-HW-A5KK	brain lower grade glioma	False	51	0	51	3.9512437185814275
TCGA-E1-A7YM	brain lower grade glioma	False	52	0	52	3.970291913552122
TCGA-FG-6692	brain lower grade glioma	False	101	0	101	4.624972813284271
TCGA-FG-A4MW	brain lower grade glioma	False	99	0	99	4.605170185988092
TCGA-TM-A84J	brain lower grade glioma	False	56	0	56	4.04305126783455
TCGA-FG-5964	brain lower grade glioma	False	49	0	49	3.912023005428146
TCGA-HT-7477	brain lower grade glioma	False	60	0	60	4.110873864173311
TCGA-HT-7854	brain lower grade glioma	False	33	0	33	3.5263605246161616
TCGA-HT-8107	brain lower grade glioma	False	2	0	2	1.0986122886681098
TCGA-HT-A74H	brain lower grade glioma	False	66	0	66	4.204692619390966
TCGA-IK-8125	brain lower grade glioma	False	67	0	67	4.219507705176107
TCGA-DB-5281	brain lower grade glioma	False	67	0	67	4.219507705176107
TCGA-HT-7608	brain lower grade glioma	False	31	0	31	3.4657359027997265
TCGA-DU-A6S3	brain lower grade glioma	False	40	0	40	3.713572066704308
TCGA-FG-A6IZ	brain lower grade glioma	False	76	0	76	4.343805421853684
TCGA-HT-7694	brain lower grade glioma	False	46	0	46	3.8501476017100584
TCGA-WY-A85D	brain lower grade glioma	False	48	0	48	3.8918202981106265
TCGA-DB-5279	brain lower grade glioma	False	65	0	65	4.189654742026425
TCGA-DB-A64O	brain lower grade glioma	False	29	0	29	3.4011973816621555
TCGA-DU-7013	brain lower grade glioma	False	51	0	51	3.9512437185814275
TCGA-DU-7014	brain lower grade glioma	False	0	0	0	0.0
TCGA-HT-7688	brain lower grade glioma	True	113	1	112	4.727387818712341
TCGA-CS-6186	brain lower grade glioma	False	70	0	70	4.2626798770413155
TCGA-FG-A4MU	brain lower grade glioma	False	77	0	77	4.356708826689592
TCGA-HT-7684	brain lower grade glioma	False	47	0	47	3.871201010907891
TCGA-S9-A6WD	brain lower grade glioma	False	46	0	46	3.8501476017100584
TCGA-VM-A8CD	brain lower grade glioma	False	32	0	32	3.4965075614664802
TCGA-E1-A7YD	brain lower grade glioma	False	76	0	76	4.343805421853684
TCGA-HT-8110	brain lower grade glioma	False	48	0	48	3.8918202981106265
TCGA-S9-A7IX	brain lower grade glioma	False	38	0	38	3.6635616461296463
TCGA-DU-6410	brain lower grade glioma	False	53	0	53	3.9889840465642745
TCGA-DU-A7TB	brain lower grade glioma	False	43	0	43	3.784189633918261
TCGA-HT-7875	brain lower grade glioma	True	46	1	45	3.828641396489095
TCGA-DU-A7TJ	brain lower grade glioma	False	55	0	55	4.02535169073515
TCGA-E1-A7YJ	brain lower grade glioma	False	59	0	59	4.0943445622221
TCGA-HT-8011	brain lower grade glioma	False	55	0	55	4.02535169073515
TCGA-DB-A64V	brain lower grade glioma	False	41	0	41	3.7376696182833684
TCGA-DU-6399	brain lower grade glioma	False	74	0	74	4.31748811353631
TCGA-DU-A76L	brain lower grade glioma	False	47	0	47	3.871201010907891
TCGA-FG-5962	brain lower grade glioma	False	48	0	48	3.8918202981106265
TCGA-HT-7467	brain lower grade glioma	False	37	0	37	3.6375861597263857
TCGA-HT-8105	brain lower grade glioma	False	62	0	62	4.143134726391533
TCGA-QH-A65Z	brain lower grade glioma	False	39	0	39	3.6888794541139363
TCGA-VM-A8CA	brain lower grade glioma	True	32	1	31	3.4657359027997265
TCGA-DU-6394	brain lower grade glioma	False	39	0	39	3.6888794541139363
TCGA-DU-7301	brain lower grade glioma	False	36	0	36	3.6109179126442243
TCGA-HT-7677	brain lower grade glioma	False	54	0	54	4.007333185232471
TCGA-HT-8106	brain lower grade glioma	False	43	0	43	3.784189633918261
TCGA-DH-A66B	brain lower grade glioma	False	61	0	61	4.127134385045092
TCGA-DU-6402	brain lower grade glioma	False	62	0	62	4.143134726391533
TCGA-DU-A7TD	brain lower grade glioma	False	54	0	54	4.007333185232471
TCGA-E1-A7YK	brain lower grade glioma	False	72	0	72	4.290459441148391
TCGA-HT-7474	brain lower grade glioma	False	34	0	34	3.5553480614894135
TCGA-R8-A6ML	brain lower grade glioma	False	23	0	23	3.1780538303479458
TCGA-S9-A6UB	brain lower grade glioma	False	34	0	34	3.5553480614894135
TCGA-S9-A6WL	brain lower grade glioma	False	73	0	73	4.30406509320417
TCGA-DU-8164	brain lower grade glioma	False	43	0	43	3.784189633918261
TCGA-DU-A5TR	brain lower grade glioma	False	49	0	49	3.912023005428146
TCGA-DU-A76R	brain lower grade glioma	False	53	0	53	3.9889840465642745
TCGA-QH-A6CV	brain lower grade glioma	False	77	0	77	4.356708826689592
TCGA-TQ-A7RU	brain lower grade glioma	False	37	0	37	3.6375861597263857
TCGA-CS-4944	brain lower grade glioma	False	24	0	24	3.2188758248682006
TCGA-DH-A7US	brain lower grade glioma	False	43	0	43	3.784189633918261
TCGA-HT-7604	brain lower grade glioma	False	55	0	55	4.02535169073515
TCGA-S9-A6TV	brain lower grade glioma	False	39	0	39	3.6888794541139363
TCGA-S9-A6TY	brain lower grade glioma	False	27	0	27	3.332204510175204
TCGA-DH-A66F	brain lower grade glioma	False	23	0	23	3.1780538303479458
TCGA-DH-A7UV	brain lower grade glioma	False	44	0	44	3.8066624897703196
TCGA-FG-7637	brain lower grade glioma	False	41	0	41	3.7376696182833684
TCGA-CS-6188	brain lower grade glioma	False	54	0	54	4.007333185232471
TCGA-DU-5849	brain lower grade glioma	True	46	1	45	3.828641396489095
TCGA-FG-7636	brain lower grade glioma	False	54	0	54	4.007333185232471
TCGA-QH-A6XC	brain lower grade glioma	False	64	0	64	4.174387269895637
TCGA-TM-A84F	brain lower grade glioma	False	21	0	21	3.091042453358316
TCGA-DB-A75M	brain lower grade glioma	False	30	0	30	3.4339872044851463
TCGA-FG-A4MX	brain lower grade glioma	False	29	0	29	3.4011973816621555
TCGA-HT-8564	brain lower grade glioma	True	716	1	715	6.573680166960646
TCGA-HT-A614	brain lower grade glioma	False	50	0	50	3.9318256327243257
TCGA-HT-A617	brain lower grade glioma	False	30	0	30	3.4339872044851463
TCGA-P5-A737	brain lower grade glioma	False	29	0	29	3.4011973816621555
TCGA-QH-A6X4	brain lower grade glioma	False	33	0	33	3.5263605246161616
TCGA-RY-A840	brain lower grade glioma	False	23	0	23	3.1780538303479458
TCGA-W9-A837	brain lower grade glioma	False	35	0	35	3.58351893845611
TCGA-E1-A7YL	brain lower grade glioma	False	70	0	70	4.2626798770413155
TCGA-S9-A6TX	brain lower grade glioma	False	46	0	46	3.8501476017100584
TCGA-S9-A6U0	brain lower grade glioma	False	46	0	46	3.8501476017100584
TCGA-S9-A7R4	brain lower grade glioma	False	34	0	34	3.5553480614894135
TCGA-TM-A84R	brain lower grade glioma	False	14	0	14	2.70805020110221
TCGA-DU-6397	brain lower grade glioma	False	41	0	41	3.7376696182833684
TCGA-E1-A7YO	brain lower grade glioma	False	35	0	35	3.58351893845611
TCGA-RY-A83Y	brain lower grade glioma	False	42	0	42	3.7612001156935624
TCGA-RY-A847	brain lower grade glioma	False	22	0	22	3.1354942159291497
TCGA-F6-A8O4	brain lower grade glioma	False	39	0	39	3.6888794541139363
TCGA-HT-7479	brain lower grade glioma	False	37	0	37	3.6375861597263857
TCGA-TM-A7CA	brain lower grade glioma	False	46	0	46	3.8501476017100584
TCGA-VV-A829	brain lower grade glioma	False	40	0	40	3.713572066704308
TCGA-CS-5395	brain lower grade glioma	False	55	0	55	4.02535169073515
TCGA-CS-6670	brain lower grade glioma	False	47	0	47	3.871201010907891
TCGA-DB-5280	brain lower grade glioma	False	30	0	30	3.4339872044851463
TCGA-DH-A7UU	brain lower grade glioma	False	62	0	62	4.143134726391533
TCGA-DU-7304	brain lower grade glioma	False	39	0	39	3.6888794541139363
TCGA-HT-7692	brain lower grade glioma	False	34	0	34	3.5553480614894135
TCGA-IK-7675	brain lower grade glioma	False	49	0	49	3.912023005428146
TCGA-QH-A6CW	brain lower grade glioma	False	53	0	53	3.9889840465642745
TCGA-S9-A7J1	brain lower grade glioma	False	28	0	28	3.367295829986474
TCGA-DU-A5TS	brain lower grade glioma	False	51	0	51	3.9512437185814275
TCGA-E1-5304	brain lower grade glioma	False	37	0	37	3.6375861597263857
TCGA-E1-A7YU	brain lower grade glioma	False	28	0	28	3.367295829986474
TCGA-HT-7485	brain lower grade glioma	False	19	0	19	2.995732273553991
TCGA-S9-A6WP	brain lower grade glioma	False	46	0	46	3.8501476017100584
TCGA-E1-5302	brain lower grade glioma	False	46	0	46	3.8501476017100584
TCGA-FG-8188	brain lower grade glioma	False	42	0	42	3.7612001156935624
TCGA-HW-7490	brain lower grade glioma	False	60	0	60	4.110873864173311
TCGA-QH-A6CS	brain lower grade glioma	False	27	0	27	3.332204510175204
TCGA-S9-A7QZ	brain lower grade glioma	False	71	0	71	4.276666119016055
TCGA-CS-5394	brain lower grade glioma	False	30	0	30	3.4339872044851463
TCGA-DB-A64P	brain lower grade glioma	False	32	0	32	3.4965075614664802
TCGA-DU-A7TG	brain lower grade glioma	False	13	0	13	2.6390573296152584
TCGA-HT-7620	brain lower grade glioma	False	23	0	23	3.1780538303479458
TCGA-R8-A6MK	brain lower grade glioma	False	37	0	37	3.6375861597263857
TCGA-S9-A6TW	brain lower grade glioma	False	41	0	41	3.7376696182833684
TCGA-S9-A89Z	brain lower grade glioma	False	71	0	71	4.276666119016055
TCGA-TM-A84B	brain lower grade glioma	False	48	0	48	3.8918202981106265
TCGA-TM-A84M	brain lower grade glioma	False	36	0	36	3.6109179126442243
TCGA-CS-5393	brain lower grade glioma	False	35	0	35	3.58351893845611
TCGA-DU-7019	brain lower grade glioma	False	47	0	47	3.871201010907891
TCGA-HT-7481	brain lower grade glioma	False	34	0	34	3.5553480614894135
TCGA-HT-7855	brain lower grade glioma	False	53	0	53	3.9889840465642745
TCGA-HW-7487	brain lower grade glioma	False	24	0	24	3.2188758248682006
TCGA-HW-8322	brain lower grade glioma	False	31	0	31	3.4657359027997265
TCGA-P5-A5EV	brain lower grade glioma	False	120	0	120	4.795790545596741
TCGA-P5-A5EZ	brain lower grade glioma	False	52	0	52	3.970291913552122
TCGA-S9-A7IY	brain lower grade glioma	False	31	0	31	3.4657359027997265
TCGA-TQ-A7RH	brain lower grade glioma	False	52	0	52	3.970291913552122
TCGA-DB-A4XB	brain lower grade glioma	False	39	0	39	3.6888794541139363
TCGA-E1-5303	brain lower grade glioma	False	37	0	37	3.6375861597263857
TCGA-HT-7472	brain lower grade glioma	False	30	0	30	3.4339872044851463
TCGA-HT-7605	brain lower grade glioma	False	39	0	39	3.6888794541139363
TCGA-HT-7881	brain lower grade glioma	False	22	0	22	3.1354942159291497
TCGA-HW-7489	brain lower grade glioma	False	30	0	30	3.4339872044851463
TCGA-QH-A6CY	brain lower grade glioma	False	22	0	22	3.1354942159291497
TCGA-QH-A6CZ	brain lower grade glioma	False	46	0	46	3.8501476017100584
TCGA-S9-A6TU	brain lower grade glioma	False	27	0	27	3.332204510175204
TCGA-TQ-A7RR	brain lower grade glioma	False	40	0	40	3.713572066704308
TCGA-CS-4943	brain lower grade glioma	False	38	0	38	3.6635616461296463
TCGA-FG-8185	brain lower grade glioma	False	50	0	50	3.9318256327243257
TCGA-HT-7470	brain lower grade glioma	False	52	0	52	3.970291913552122
TCGA-HW-7486	brain lower grade glioma	False	18	0	18	2.9444389791664403
TCGA-DB-5275	brain lower grade glioma	False	48	0	48	3.8918202981106265
TCGA-HT-7478	brain lower grade glioma	False	34	0	34	3.5553480614894135
TCGA-HT-7611	brain lower grade glioma	False	41	0	41	3.7376696182833684
TCGA-HT-8114	brain lower grade glioma	False	24	0	24	3.2188758248682006
TCGA-HW-8320	brain lower grade glioma	False	40	0	40	3.713572066704308
TCGA-S9-A6U9	brain lower grade glioma	False	29	0	29	3.4011973816621555
TCGA-TM-A84S	brain lower grade glioma	False	25	0	25	3.258096538021482
TCGA-TQ-A7RG	brain lower grade glioma	False	37	0	37	3.6375861597263857
TCGA-WY-A85C	brain lower grade glioma	False	38	0	38	3.6635616461296463
TCGA-DU-A7T8	brain lower grade glioma	False	22	0	22	3.1354942159291497
TCGA-E1-A7Z4	brain lower grade glioma	False	26	0	26	3.295836866004329
TCGA-FG-8182	brain lower grade glioma	False	40	0	40	3.713572066704308
TCGA-HT-7856	brain lower grade glioma	False	18	0	18	2.9444389791664403
TCGA-HW-7491	brain lower grade glioma	False	25	0	25	3.258096538021482
TCGA-HW-A5KM	brain lower grade glioma	False	24	0	24	3.2188758248682006
TCGA-P5-A5EU	brain lower grade glioma	False	35	0	35	3.58351893845611
TCGA-P5-A72W	brain lower grade glioma	False	44	0	44	3.8066624897703196
TCGA-S9-A7R1	brain lower grade glioma	False	21	0	21	3.091042453358316
TCGA-DB-5277	brain lower grade glioma	False	53	0	53	3.9889840465642745
TCGA-DB-A4XG	brain lower grade glioma	False	30	0	30	3.4339872044851463
TCGA-E1-5305	brain lower grade glioma	False	36	0	36	3.6109179126442243
TCGA-F6-A8O3	brain lower grade glioma	False	28	0	28	3.367295829986474
TCGA-HT-7609	brain lower grade glioma	False	35	0	35	3.58351893845611
TCGA-HT-A74O	brain lower grade glioma	False	28	0	28	3.367295829986474
TCGA-S9-A6WE	brain lower grade glioma	False	15	0	15	2.772588722239781
TCGA-DB-5273	brain lower grade glioma	False	19	0	19	2.995732273553991
TCGA-DU-7007	brain lower grade glioma	False	51	0	51	3.9512437185814275
TCGA-DU-7299	brain lower grade glioma	False	40	0	40	3.713572066704308
TCGA-DU-A5TP	brain lower grade glioma	False	35	0	35	3.58351893845611
TCGA-HT-7480	brain lower grade glioma	False	36	0	36	3.6109179126442243
TCGA-HT-A74J	brain lower grade glioma	False	30	0	30	3.4339872044851463
TCGA-P5-A5F0	brain lower grade glioma	False	39	0	39	3.6888794541139363
TCGA-QH-A86X	brain lower grade glioma	False	22	0	22	3.1354942159291497
TCGA-S9-A6U5	brain lower grade glioma	False	28	0	28	3.367295829986474
TCGA-VM-A8CB	brain lower grade glioma	False	33	0	33	3.5263605246161616
TCGA-DB-5276	brain lower grade glioma	False	21	0	21	3.091042453358316
TCGA-DB-A4XD	brain lower grade glioma	False	39	0	39	3.6888794541139363
TCGA-DH-5141	brain lower grade glioma	False	33	0	33	3.5263605246161616
TCGA-DU-A7TA	brain lower grade glioma	False	47	0	47	3.871201010907891
TCGA-DU-A7TC	brain lower grade glioma	False	37	0	37	3.6375861597263857
TCGA-DU-A7TI	brain lower grade glioma	False	0	0	0	0.0
TCGA-HT-8111	brain lower grade glioma	False	18	0	18	2.9444389791664403
TCGA-TM-A84C	brain lower grade glioma	False	20	0	20	3.044522437723423
TCGA-TQ-A7RN	brain lower grade glioma	False	38	0	38	3.6635616461296463
TCGA-TQ-A7RW	brain lower grade glioma	False	66	0	66	4.204692619390966
TCGA-CS-6290	brain lower grade glioma	False	26	0	26	3.295836866004329
TCGA-DU-6395	brain lower grade glioma	False	35	0	35	3.58351893845611
TCGA-E1-5311	brain lower grade glioma	False	22	0	22	3.1354942159291497
TCGA-FG-7641	brain lower grade glioma	False	34	0	34	3.5553480614894135
TCGA-FG-8187	brain lower grade glioma	False	23	0	23	3.1780538303479458
TCGA-HT-7879	brain lower grade glioma	False	23	0	23	3.1780538303479458
TCGA-HW-8321	brain lower grade glioma	False	45	0	45	3.828641396489095
TCGA-S9-A6WG	brain lower grade glioma	False	28	0	28	3.367295829986474
TCGA-TM-A84L	brain lower grade glioma	False	26	0	26	3.295836866004329
TCGA-TM-A84Q	brain lower grade glioma	False	39	0	39	3.6888794541139363
TCGA-DB-A4XA	brain lower grade glioma	False	19	0	19	2.995732273553991
TCGA-DH-5143	brain lower grade glioma	False	36	0	36	3.6109179126442243
TCGA-DH-A7UT	brain lower grade glioma	False	26	0	26	3.295836866004329
TCGA-DU-A76O	brain lower grade glioma	False	35	0	35	3.58351893845611
TCGA-FG-6689	brain lower grade glioma	False	27	0	27	3.332204510175204
TCGA-FG-8191	brain lower grade glioma	False	32	0	32	3.4965075614664802
TCGA-HT-7468	brain lower grade glioma	False	17	0	17	2.8903717578961645
TCGA-HT-7469	brain lower grade glioma	False	51	0	51	3.9512437185814275
TCGA-HT-7880	brain lower grade glioma	False	11	0	11	2.4849066497880004
TCGA-P5-A5F1	brain lower grade glioma	False	30	0	30	3.4339872044851463
TCGA-RY-A843	brain lower grade glioma	False	27	0	27	3.332204510175204
TCGA-TM-A7C5	brain lower grade glioma	False	36	0	36	3.6109179126442243
TCGA-TM-A84I	brain lower grade glioma	False	45	0	45	3.828641396489095
TCGA-DB-A75O	brain lower grade glioma	False	19	0	19	2.995732273553991
TCGA-DH-5142	brain lower grade glioma	False	49	0	49	3.912023005428146
TCGA-DU-5853	brain lower grade glioma	False	23	0	23	3.1780538303479458
TCGA-DU-8163	brain lower grade glioma	False	24	0	24	3.2188758248682006
TCGA-HT-7603	brain lower grade glioma	False	38	0	38	3.6635616461296463
TCGA-HT-7690	brain lower grade glioma	False	27	0	27	3.332204510175204
TCGA-HT-7873	brain lower grade glioma	False	37	0	37	3.6375861597263857
TCGA-S9-A6WO	brain lower grade glioma	False	36	0	36	3.6109179126442243
TCGA-TQ-A7RK	brain lower grade glioma	False	33	0	33	3.5263605246161616
TCGA-TQ-A7RO	brain lower grade glioma	False	26	0	26	3.295836866004329
TCGA-E1-A7YW	brain lower grade glioma	False	27	0	27	3.332204510175204
TCGA-FG-7634	brain lower grade glioma	False	23	0	23	3.1780538303479458
TCGA-HT-7473	brain lower grade glioma	False	23	0	23	3.1780538303479458
TCGA-HT-7858	brain lower grade glioma	False	27	0	27	3.332204510175204
TCGA-S9-A6U6	brain lower grade glioma	False	43	0	43	3.784189633918261
TCGA-P5-A5ET	brain lower grade glioma	False	32	0	32	3.4965075614664802
TCGA-QH-A6X3	brain lower grade glioma	False	29	0	29	3.4011973816621555
TCGA-S9-A7R7	brain lower grade glioma	False	29	0	29	3.4011973816621555
TCGA-TQ-A7RV	brain lower grade glioma	False	31	0	31	3.4657359027997265
TCGA-DB-A4XC	brain lower grade glioma	False	22	0	22	3.1354942159291497
TCGA-HT-7476	brain lower grade glioma	False	28	0	28	3.367295829986474
TCGA-HT-7676	brain lower grade glioma	False	21	0	21	3.091042453358316
TCGA-KT-A74X	brain lower grade glioma	False	16	0	16	2.833213344056216
TCGA-P5-A5F6	brain lower grade glioma	False	4	0	4	1.6094379124341003
TCGA-DU-6542	brain lower grade glioma	False	32	0	32	3.4965075614664802
TCGA-DU-7011	brain lower grade glioma	False	22	0	22	3.1354942159291497
TCGA-FN-7833	brain lower grade glioma	False	24	0	24	3.2188758248682006
TCGA-S9-A7J2	brain lower grade glioma	False	13	0	13	2.6390573296152584
TCGA-VM-A8CE	brain lower grade glioma	False	21	0	21	3.091042453358316
TCGA-HT-A5RB	brain lower grade glioma	False	28	0	28	3.367295829986474
TCGA-S9-A6U8	brain lower grade glioma	False	24	0	24	3.2188758248682006
TCGA-WY-A85B	brain lower grade glioma	False	19	0	19	2.995732273553991
TCGA-FG-5963	brain lower grade glioma	False	29	0	29	3.4011973816621555
TCGA-FG-8181	brain lower grade glioma	False	2	0	2	1.0986122886681098
TCGA-CS-6666	brain lower grade glioma	False	52	0	52	3.970291913552122
TCGA-HT-A61B	brain lower grade glioma	False	48	0	48	3.8918202981106265
TCGA-P5-A730	brain lower grade glioma	False	24	0	24	3.2188758248682006
TCGA-HT-7602	brain lower grade glioma	False	14	0	14	2.70805020110221
TCGA-HT-8015	brain lower grade glioma	False	3	0	3	1.3862943611198906
TCGA-P5-A5EY	brain lower grade glioma	False	2	0	2	1.0986122886681098
TCGA-P5-A72X	brain lower grade glioma	False	13	0	13	2.6390573296152584
TCGA-DB-A64S	brain lower grade glioma	False	15	0	15	2.772588722239781
TCGA-WY-A85A	brain lower grade glioma	False	19	0	19	2.995732273553991
TCGA-TM-A84T	brain lower grade glioma	False	24	0	24	3.2188758248682006
TCGA-DB-5278	brain lower grade glioma	False	7	0	7	2.0794415416798357
TCGA-HT-7483	brain lower grade glioma	False	20	0	20	3.044522437723423
TCGA-DU-7012	brain lower grade glioma	False	78	0	78	4.3694478524670215
TCGA-DU-A6S8	brain lower grade glioma	True	67	1	66	4.204692619390966
TCGA-FG-A713	brain lower grade glioma	False	40	0	40	3.713572066704308
TCGA-DU-A7T6	brain lower grade glioma	False	139	0	139	4.941642422609304
TCGA-QH-A6X9	brain lower grade glioma	False	66	0	66	4.204692619390966
TCGA-S9-A6WH	brain lower grade glioma	False	103	0	103	4.6443908991413725
TCGA-P5-A72U	brain lower grade glioma	False	73	0	73	4.30406509320417
TCGA-HT-A5RC	brain lower grade glioma	False	71	0	71	4.276666119016055
TCGA-DU-8167	brain lower grade glioma	False	83	0	83	4.430816798843313
TCGA-DB-A64L	brain lower grade glioma	False	97	0	97	4.584967478670572
TCGA-DU-6400	brain lower grade glioma	False	56	0	56	4.04305126783455
TCGA-DB-A64W	brain lower grade glioma	False	55	0	55	4.02535169073515
TCGA-HT-A5RA	brain lower grade glioma	False	68	0	68	4.23410650459726
TCGA-HT-8010	brain lower grade glioma	False	17	0	17	2.8903717578961645
TCGA-P5-A72Z	brain lower grade glioma	False	37	0	37	3.6375861597263857
TCGA-DU-8161	brain lower grade glioma	False	58	0	58	4.07753744390572
TCGA-E1-A7YN	brain lower grade glioma	False	82	0	82	4.418840607796598
TCGA-DU-5874	brain lower grade glioma	False	60	0	60	4.110873864173311
TCGA-DU-A5TU	brain lower grade glioma	False	58	0	58	4.07753744390572
TCGA-E1-5307	brain lower grade glioma	False	88	0	88	4.48863636973214
TCGA-DU-5852	brain lower grade glioma	False	93	0	93	4.543294782270004
TCGA-DU-8162	brain lower grade glioma	False	33	0	33	3.5263605246161616
TCGA-FG-A87Q	brain lower grade glioma	False	81	0	81	4.406719247264253
TCGA-HT-7607	brain lower grade glioma	False	36	0	36	3.6109179126442243
TCGA-TM-A84O	brain lower grade glioma	False	34	0	34	3.5553480614894135
TCGA-DU-6403	brain lower grade glioma	False	77	0	77	4.356708826689592
TCGA-DU-7006	brain lower grade glioma	False	79	0	79	4.382026634673881
TCGA-DU-8165	brain lower grade glioma	False	92	0	92	4.532599493153256
TCGA-HT-7860	brain lower grade glioma	False	101	0	101	4.624972813284271
TCGA-DH-A7UR	brain lower grade glioma	False	86	0	86	4.465908118654584
TCGA-DU-6406	brain lower grade glioma	False	5	0	5	1.791759469228055
TCGA-FG-6688	brain lower grade glioma	False	78	0	78	4.3694478524670215
TCGA-P5-A731	brain lower grade glioma	False	30	0	30	3.4339872044851463
TCGA-S9-A6WM	brain lower grade glioma	False	72	0	72	4.290459441148391
TCGA-DU-7010	brain lower grade glioma	False	117	0	117	4.770684624465665
TCGA-E1-A7YQ	brain lower grade glioma	False	49	0	49	3.912023005428146
TCGA-E1-A7Z2	brain lower grade glioma	False	46	0	46	3.8501476017100584
TCGA-HT-7689	brain lower grade glioma	False	68	0	68	4.23410650459726
TCGA-HT-A74K	brain lower grade glioma	False	40	0	40	3.713572066704308
TCGA-QH-A6X5	brain lower grade glioma	False	34	0	34	3.5553480614894135
TCGA-CS-6668	brain lower grade glioma	False	32	0	32	3.4965075614664802
TCGA-DU-5854	brain lower grade glioma	False	56	0	56	4.04305126783455
TCGA-DU-7018	brain lower grade glioma	False	47	0	47	3.871201010907891
TCGA-DU-8158	brain lower grade glioma	False	50	0	50	3.9318256327243257
TCGA-S9-A6WQ	brain lower grade glioma	False	48	0	48	3.8918202981106265
TCGA-DB-A64X	brain lower grade glioma	False	98	0	98	4.59511985013459
TCGA-DH-5144	brain lower grade glioma	False	53	0	53	3.9889840465642745
TCGA-QH-A6X8	brain lower grade glioma	False	39	0	39	3.6888794541139363
TCGA-S9-A6WI	brain lower grade glioma	False	32	0	32	3.4965075614664802
TCGA-DB-A75K	brain lower grade glioma	False	50	0	50	3.9318256327243257
TCGA-DU-8168	brain lower grade glioma	True	83	1	82	4.418840607796598
TCGA-HT-A4DS	brain lower grade glioma	False	43	0	43	3.784189633918261
TCGA-P5-A77X	brain lower grade glioma	False	41	0	41	3.7376696182833684
TCGA-CS-5397	brain lower grade glioma	False	58	0	58	4.07753744390572
TCGA-RY-A83Z	brain lower grade glioma	True	66	1	65	4.189654742026425
TCGA-S9-A7QW	brain lower grade glioma	False	47	0	47	3.871201010907891
TCGA-TM-A84G	brain lower grade glioma	False	41	0	41	3.7376696182833684
TCGA-CS-5396	brain lower grade glioma	False	39	0	39	3.6888794541139363
TCGA-DB-A4XH	brain lower grade glioma	False	58	0	58	4.07753744390572
TCGA-DU-7294	brain lower grade glioma	False	40	0	40	3.713572066704308
TCGA-DU-7300	brain lower grade glioma	False	64	0	64	4.174387269895637
TCGA-FG-A70Z	brain lower grade glioma	False	81	0	81	4.406719247264253
TCGA-R8-A6MO	brain lower grade glioma	False	42	0	42	3.7612001156935624
TCGA-FG-A6J3	brain lower grade glioma	False	99	0	99	4.605170185988092
TCGA-P5-A733	brain lower grade glioma	False	51	0	51	3.9512437185814275
TCGA-QH-A6CU	brain lower grade glioma	False	16	0	16	2.833213344056216
TCGA-S9-A7J3	brain lower grade glioma	False	36	0	36	3.6109179126442243
TCGA-CS-6665	brain lower grade glioma	False	90	0	90	4.51085950651685
TCGA-DU-6405	brain lower grade glioma	False	64	0	64	4.174387269895637
TCGA-HT-7693	brain lower grade glioma	False	51	0	51	3.9512437185814275
TCGA-HT-8104	brain lower grade glioma	False	82	0	82	4.418840607796598
TCGA-HT-A4DV	brain lower grade glioma	False	23	0	23	3.1780538303479458
TCGA-HT-A619	brain lower grade glioma	False	67	0	67	4.219507705176107
TCGA-FG-A710	brain lower grade glioma	False	51	0	51	3.9512437185814275
TCGA-VM-A8C8	brain lower grade glioma	False	52	0	52	3.970291913552122
TCGA-DH-A66G	brain lower grade glioma	False	43	0	43	3.784189633918261
TCGA-DU-5855	brain lower grade glioma	False	72	0	72	4.290459441148391
TCGA-FG-7643	brain lower grade glioma	False	69	0	69	4.248495242049359
TCGA-HT-8113	brain lower grade glioma	False	27	0	27	3.332204510175204
TCGA-DU-7302	brain lower grade glioma	False	55	0	55	4.02535169073515
TCGA-E1-5319	brain lower grade glioma	False	49	0	49	3.912023005428146
TCGA-HT-A5R9	brain lower grade glioma	False	55	0	55	4.02535169073515
TCGA-R8-A73M	brain lower grade glioma	False	37	0	37	3.6375861597263857
TCGA-S9-A6TS	brain lower grade glioma	False	88	0	88	4.48863636973214
TCGA-S9-A6U2	brain lower grade glioma	False	32	0	32	3.4965075614664802
TCGA-S9-A7IZ	brain lower grade glioma	False	45	0	45	3.828641396489095
TCGA-WY-A85E	brain lower grade glioma	False	81	0	81	4.406719247264253
TCGA-CS-5390	brain lower grade glioma	False	56	0	56	4.04305126783455
TCGA-E1-A7YH	brain lower grade glioma	False	35	0	35	3.58351893845611
TCGA-EZ-7264	brain lower grade glioma	False	38	0	38	3.6635616461296463
TCGA-FG-A60J	brain lower grade glioma	False	48	0	48	3.8918202981106265
TCGA-DU-A5TY	brain lower grade glioma	False	70	0	70	4.2626798770413155
TCGA-RY-A83X	brain lower grade glioma	False	27	0	27	3.332204510175204
TCGA-DU-7290	brain lower grade glioma	False	42	0	42	3.7612001156935624
TCGA-HW-7495	brain lower grade glioma	False	23	0	23	3.1780538303479458
TCGA-KT-A7W1	brain lower grade glioma	False	60	0	60	4.110873864173311
TCGA-S9-A7IQ	brain lower grade glioma	False	20	0	20	3.044522437723423
TCGA-CS-4942	brain lower grade glioma	False	38	0	38	3.6635616461296463
TCGA-FG-A4MY	brain lower grade glioma	False	34	0	34	3.5553480614894135
TCGA-FG-A6J1	brain lower grade glioma	False	38	0	38	3.6635616461296463
TCGA-HT-7884	brain lower grade glioma	False	50	0	50	3.9318256327243257
TCGA-P5-A736	brain lower grade glioma	False	35	0	35	3.58351893845611
TCGA-P5-A780	brain lower grade glioma	False	68	0	68	4.23410650459726
TCGA-S9-A7R8	brain lower grade glioma	False	43	0	43	3.784189633918261
TCGA-TM-A84H	brain lower grade glioma	False	51	0	51	3.9512437185814275
TCGA-VM-A8CF	brain lower grade glioma	False	49	0	49	3.912023005428146
TCGA-DH-A66D	brain lower grade glioma	False	52	0	52	3.970291913552122
TCGA-DU-5872	brain lower grade glioma	True	34	1	33	3.5263605246161616
TCGA-QH-A65V	brain lower grade glioma	False	31	0	31	3.4657359027997265
TCGA-TM-A7C3	brain lower grade glioma	False	76	0	76	4.343805421853684
TCGA-E1-5318	brain lower grade glioma	False	47	0	47	3.871201010907891
TCGA-FG-8186	brain lower grade glioma	False	38	0	38	3.6635616461296463
TCGA-HW-A5KL	brain lower grade glioma	False	24	0	24	3.2188758248682006
TCGA-TQ-A8XE	brain lower grade glioma	False	46	0	46	3.8501476017100584
TCGA-DB-A4XF	brain lower grade glioma	False	43	0	43	3.784189633918261
TCGA-DU-7008	brain lower grade glioma	False	44	0	44	3.8066624897703196
TCGA-DU-7015	brain lower grade glioma	False	37	0	37	3.6375861597263857
TCGA-DU-7309	brain lower grade glioma	False	50	0	50	3.9318256327243257
TCGA-E1-A7Z6	brain lower grade glioma	False	30	0	30	3.4339872044851463
TCGA-HT-7874	brain lower grade glioma	False	30	0	30	3.4339872044851463
TCGA-P5-A5EX	brain lower grade glioma	False	31	0	31	3.4657359027997265
TCGA-TM-A7CF	brain lower grade glioma	False	41	0	41	3.7376696182833684
TCGA-TQ-A7RM	brain lower grade glioma	False	79	0	79	4.382026634673881
TCGA-DU-5851	brain lower grade glioma	False	32	0	32	3.4965075614664802
TCGA-HT-8018	brain lower grade glioma	False	26	0	26	3.295836866004329
TCGA-HW-7493	brain lower grade glioma	False	0	0	0	0.0
TCGA-RY-A845	brain lower grade glioma	False	33	0	33	3.5263605246161616
TCGA-CS-6667	brain lower grade glioma	False	32	0	32	3.4965075614664802
TCGA-FG-5965	brain lower grade glioma	False	51	0	51	3.9512437185814275
TCGA-S9-A6TZ	brain lower grade glioma	False	45	0	45	3.828641396489095
TCGA-TM-A7C4	brain lower grade glioma	False	48	0	48	3.8918202981106265
TCGA-DB-5270	brain lower grade glioma	False	32	0	32	3.4965075614664802
TCGA-DB-A64U	brain lower grade glioma	False	18	0	18	2.9444389791664403
TCGA-DH-5140	brain lower grade glioma	False	38	0	38	3.6635616461296463
TCGA-DU-7298	brain lower grade glioma	False	49	0	49	3.912023005428146
TCGA-E1-5322	brain lower grade glioma	False	36	0	36	3.6109179126442243
TCGA-HT-A615	brain lower grade glioma	False	40	0	40	3.713572066704308
TCGA-P5-A735	brain lower grade glioma	False	30	0	30	3.4339872044851463
TCGA-QH-A65R	brain lower grade glioma	False	41	0	41	3.7376696182833684
TCGA-QH-A870	brain lower grade glioma	False	27	0	27	3.332204510175204
TCGA-S9-A6WN	brain lower grade glioma	False	43	0	43	3.784189633918261
TCGA-TQ-A7RQ	brain lower grade glioma	False	39	0	39	3.6888794541139363
TCGA-DB-5274	brain lower grade glioma	False	66	0	66	4.204692619390966
TCGA-DU-5871	brain lower grade glioma	False	39	0	39	3.6888794541139363
TCGA-DU-A6S2	brain lower grade glioma	False	20	0	20	3.044522437723423
TCGA-FG-A87N	brain lower grade glioma	False	38	0	38	3.6635616461296463
TCGA-HT-7471	brain lower grade glioma	False	25	0	25	3.258096538021482
TCGA-HT-8013	brain lower grade glioma	False	33	0	33	3.5263605246161616
TCGA-HT-A618	brain lower grade glioma	False	35	0	35	3.58351893845611
TCGA-P5-A77W	brain lower grade glioma	False	39	0	39	3.6888794541139363
TCGA-TQ-A7RI	brain lower grade glioma	False	37	0	37	3.6375861597263857
TCGA-VM-A8C9	brain lower grade glioma	False	7	0	7	2.0794415416798357
TCGA-DB-A75L	brain lower grade glioma	False	48	0	48	3.8918202981106265
TCGA-HT-A616	brain lower grade glioma	False	34	0	34	3.5553480614894135
TCGA-P5-A5F2	brain lower grade glioma	False	37	0	37	3.6375861597263857
TCGA-S9-A7QX	brain lower grade glioma	False	33	0	33	3.5263605246161616
TCGA-VV-A86M	brain lower grade glioma	False	17	0	17	2.8903717578961645
TCGA-DU-6392	brain lower grade glioma	True	15764	16	15748	9.664532150174582
TCGA-DU-6407	brain lower grade glioma	False	33	0	33	3.5263605246161616
TCGA-DU-A6S6	brain lower grade glioma	False	17	0	17	2.8903717578961645
TCGA-P5-A5F4	brain lower grade glioma	False	43	0	43	3.784189633918261
TCGA-S9-A7QY	brain lower grade glioma	False	57	0	57	4.060443010546419
TCGA-VW-A7QS	brain lower grade glioma	False	52	0	52	3.970291913552122
TCGA-DU-5847	brain lower grade glioma	False	50	0	50	3.9318256327243257
TCGA-DU-5870	brain lower grade glioma	False	19	0	19	2.995732273553991
TCGA-FG-A60K	brain lower grade glioma	False	28	0	28	3.367295829986474
TCGA-FG-A60L	brain lower grade glioma	False	32	0	32	3.4965075614664802
TCGA-HT-8019	brain lower grade glioma	False	0	0	0	0.0
TCGA-HW-8319	brain lower grade glioma	False	40	0	40	3.713572066704308
TCGA-P5-A781	brain lower grade glioma	False	22	0	22	3.1354942159291497
TCGA-WY-A859	brain lower grade glioma	False	37	0	37	3.6375861597263857
TCGA-DB-A4X9	brain lower grade glioma	False	32	0	32	3.4965075614664802
TCGA-DU-A5TW	brain lower grade glioma	False	65	0	65	4.189654742026425
TCGA-E1-A7YI	brain lower grade glioma	False	52	0	52	3.970291913552122
TCGA-FG-8189	brain lower grade glioma	False	11	0	11	2.4849066497880004
TCGA-FG-A711	brain lower grade glioma	False	55	0	55	4.02535169073515
TCGA-HT-A5R5	brain lower grade glioma	True	38	1	37	3.6375861597263857
TCGA-HT-A5R7	brain lower grade glioma	False	40	0	40	3.713572066704308
TCGA-S9-A7IS	brain lower grade glioma	False	64	0	64	4.174387269895637
TCGA-DU-7009	brain lower grade glioma	False	28	0	28	3.367295829986474
TCGA-E1-A7YE	brain lower grade glioma	False	89	0	89	4.499809670330265
TCGA-HT-7680	brain lower grade glioma	False	4	0	4	1.6094379124341003
TCGA-QH-A65S	brain lower grade glioma	False	24	0	24	3.2188758248682006
TCGA-WY-A858	brain lower grade glioma	False	44	0	44	3.8066624897703196
TCGA-CS-4938	brain lower grade glioma	False	22	0	22	3.1354942159291497
TCGA-DB-A64Q	brain lower grade glioma	False	26	0	26	3.295836866004329
TCGA-DU-6396	brain lower grade glioma	False	53	0	53	3.9889840465642745
TCGA-DU-6401	brain lower grade glioma	False	31	0	31	3.4657359027997265
TCGA-E1-A7Z3	brain lower grade glioma	False	38	0	38	3.6635616461296463
TCGA-FG-7638	brain lower grade glioma	False	24	0	24	3.2188758248682006
TCGA-HT-7691	brain lower grade glioma	False	9	0	9	2.302585092994046
TCGA-HT-7601	brain lower grade glioma	False	32	0	32	3.4965075614664802
TCGA-HT-7606	brain lower grade glioma	False	39	0	39	3.6888794541139363
TCGA-HT-7902	brain lower grade glioma	False	33	0	33	3.5263605246161616
TCGA-HT-8012	brain lower grade glioma	False	33	0	33	3.5263605246161616
TCGA-HT-8563	brain lower grade glioma	False	39	0	39	3.6888794541139363
TCGA-S9-A7J0	brain lower grade glioma	False	52	0	52	3.970291913552122
TCGA-DU-8166	brain lower grade glioma	False	38	0	38	3.6635616461296463
TCGA-HT-7681	brain lower grade glioma	False	19	0	19	2.995732273553991
TCGA-HT-7686	brain lower grade glioma	False	27	0	27	3.332204510175204
TCGA-HT-7695	brain lower grade glioma	False	31	0	31	3.4657359027997265
TCGA-HT-8558	brain lower grade glioma	False	2	0	2	1.0986122886681098
TCGA-QH-A65X	brain lower grade glioma	False	33	0	33	3.5263605246161616
TCGA-S9-A7R3	brain lower grade glioma	False	34	0	34	3.5553480614894135
TCGA-DB-A4XE	brain lower grade glioma	False	33	0	33	3.5263605246161616
TCGA-DU-A6S7	brain lower grade glioma	False	39	0	39	3.6888794541139363
TCGA-E1-A7YY	brain lower grade glioma	False	10	0	10	2.3978952727983707
TCGA-FG-A4MT	brain lower grade glioma	False	21	0	21	3.091042453358316
TCGA-TQ-A7RF	brain lower grade glioma	False	34	0	34	3.5553480614894135
TCGA-CS-6669	brain lower grade glioma	False	0	0	0	0.0
TCGA-E1-A7YV	brain lower grade glioma	False	62	0	62	4.143134726391533
TCGA-HT-8108	brain lower grade glioma	False	28	0	28	3.367295829986474
TCGA-DB-A75P	brain lower grade glioma	False	6	0	6	1.9459101490553132
TCGA-HT-7610	brain lower grade glioma	False	22	0	22	3.1354942159291497
TCGA-TQ-A7RJ	brain lower grade glioma	False	62	0	62	4.143134726391533
TCGA-TQ-A7RS	brain lower grade glioma	False	21	0	21	3.091042453358316
TCGA-DB-A64R	brain lower grade glioma	False	16	0	16	2.833213344056216
TCGA-DU-6404	brain lower grade glioma	False	14	0	14	2.70805020110221
TCGA-HT-7857	brain lower grade glioma	False	24	0	24	3.2188758248682006
TCGA-VM-A8CH	brain lower grade glioma	False	16	0	16	2.833213344056216
TCGA-DU-6408	brain lower grade glioma	False	33	0	33	3.5263605246161616
TCGA-FG-6691	brain lower grade glioma	False	20	0	20	3.044522437723423
TCGA-QH-A6XA	brain lower grade glioma	False	15	0	15	2.772588722239781
TCGA-HT-A74L	brain lower grade glioma	False	18	0	18	2.9444389791664403
TCGA-S9-A6U1	brain lower grade glioma	True	29	1	28	3.367295829986474
TCGA-FG-A70Y	brain lower grade glioma	False	24	0	24	3.2188758248682006
TCGA-HT-7877	brain lower grade glioma	False	18	0	18	2.9444389791664403
TCGA-HT-A61A	brain lower grade glioma	False	8	0	8	2.1972245773362196
TCGA-P5-A5EW	brain lower grade glioma	False	25	0	25	3.258096538021482
TCGA-HT-7482	brain lower grade glioma	False	24	0	24	3.2188758248682006
TCGA-R8-A6YH	brain lower grade glioma	False	14	0	14	2.70805020110221
TCGA-UY-A8OC	bladder urothelial carcinoma	False	129	0	129	4.867534450455582
TCGA-KQ-A41Q	bladder urothelial carcinoma	False	206	0	206	5.332718793265369
TCGA-DK-A3IK	bladder urothelial carcinoma	False	262	0	262	5.572154032177765
TCGA-GU-A762	bladder urothelial carcinoma	False	129	0	129	4.867534450455582
TCGA-K4-A3WU	bladder urothelial carcinoma	False	267	0	267	5.5909869805108565
TCGA-FD-A3B5	bladder urothelial carcinoma	False	193	0	193	5.267858159063328
TCGA-UY-A9PE	bladder urothelial carcinoma	True	305	1	304	5.720311776607412
TCGA-CF-A9FH	bladder urothelial carcinoma	False	45	0	45	3.828641396489095
TCGA-CF-A9FL	bladder urothelial carcinoma	True	78	1	77	4.356708826689592
TCGA-DK-A3X2	bladder urothelial carcinoma	False	162	0	162	5.093750200806762
TCGA-G2-A2ES	bladder urothelial carcinoma	True	623	1	622	6.434546518787453
TCGA-XF-A9SW	bladder urothelial carcinoma	False	84	0	84	4.442651256490317
TCGA-CU-A0YO	bladder urothelial carcinoma	False	133	0	133	4.897839799950911
TCGA-DK-A1AE	bladder urothelial carcinoma	False	156	0	156	5.056245805348308
TCGA-FD-A43X	bladder urothelial carcinoma	True	440	5	435	6.077642243349034
TCGA-FD-A5BT	bladder urothelial carcinoma	False	167	0	167	5.123963979403259
TCGA-KQ-A41O	bladder urothelial carcinoma	False	324	0	324	5.783825182329737
TCGA-2F-A9KT	bladder urothelial carcinoma	True	459	1	458	6.129050210060545
TCGA-CU-A0YR	bladder urothelial carcinoma	True	206	1	205	5.327876168789581
TCGA-K4-A4AC	bladder urothelial carcinoma	False	198	0	198	5.293304824724492
TCGA-S5-A6DX	bladder urothelial carcinoma	False	908	0	908	6.812345094177479
TCGA-XF-A9SJ	bladder urothelial carcinoma	False	393	0	393	5.976350909297934
TCGA-ZF-A9R4	bladder urothelial carcinoma	True	329	1	328	5.796057750765372
TCGA-DK-AA75	bladder urothelial carcinoma	True	656	1	655	6.486160788944089
TCGA-FD-A5BX	bladder urothelial carcinoma	False	473	0	473	6.161207321695077
TCGA-FD-A6TB	bladder urothelial carcinoma	False	268	0	268	5.594711379601839
TCGA-SY-A9G0	bladder urothelial carcinoma	False	68	0	68	4.23410650459726
TCGA-XF-A9SV	bladder urothelial carcinoma	True	98	1	97	4.584967478670572
TCGA-ZF-A9R0	bladder urothelial carcinoma	False	269	0	269	5.598421958998375
TCGA-DK-A2I6	bladder urothelial carcinoma	False	384	0	384	5.953243334287785
TCGA-E7-A677	bladder urothelial carcinoma	False	322	0	322	5.777652323222656
TCGA-GU-A767	bladder urothelial carcinoma	True	530	1	529	6.272877006546167
TCGA-XF-A9SG	bladder urothelial carcinoma	False	265	0	265	5.583496308781699
TCGA-ZF-A9R1	bladder urothelial carcinoma	True	130	1	129	4.867534450455582
TCGA-4Z-AA81	bladder urothelial carcinoma	False	281	0	281	5.641907070938114
TCGA-BT-A3PK	bladder urothelial carcinoma	False	484	0	484	6.184148890937483
TCGA-UY-A78N	bladder urothelial carcinoma	False	322	0	322	5.777652323222656
TCGA-UY-A9PD	bladder urothelial carcinoma	True	392	2	390	5.968707559985366
TCGA-XF-A8HF	bladder urothelial carcinoma	False	201	0	201	5.308267697401205
TCGA-XF-AAMH	bladder urothelial carcinoma	False	85	0	85	4.454347296253507
TCGA-4Z-AA7Q	bladder urothelial carcinoma	True	328	1	327	5.793013608384144
TCGA-DK-A1A5	bladder urothelial carcinoma	False	368	0	368	5.910796644040527
TCGA-DK-A2I4	bladder urothelial carcinoma	True	1276	5	1271	7.148345743900068
TCGA-FD-A3SN	bladder urothelial carcinoma	False	540	0	540	6.293419278846481
TCGA-GC-A3OO	bladder urothelial carcinoma	False	185	0	185	5.225746673713202
TCGA-GV-A3QF	bladder urothelial carcinoma	False	184	0	184	5.220355825078324
TCGA-XF-A8HC	bladder urothelial carcinoma	True	208	1	207	5.337538079701318
TCGA-XF-A9SZ	bladder urothelial carcinoma	False	280	0	280	5.638354669333745
TCGA-DK-AA6W	bladder urothelial carcinoma	False	346	0	346	5.849324779946859
TCGA-HQ-A5ND	bladder urothelial carcinoma	False	121	0	121	4.804021044733257
TCGA-LC-A66R	bladder urothelial carcinoma	False	189	0	189	5.247024072160486
TCGA-XF-AAMY	bladder urothelial carcinoma	False	149	0	149	5.0106352940962555
TCGA-C4-A0F7	bladder urothelial carcinoma	False	109	0	109	4.700480365792417
TCGA-FD-A6TD	bladder urothelial carcinoma	True	187	1	186	5.231108616854587
TCGA-G2-A2EL	bladder urothelial carcinoma	False	318	0	318	5.765191102784844
TCGA-G2-AA3F	bladder urothelial carcinoma	True	185	1	184	5.220355825078324
TCGA-GV-A40G	bladder urothelial carcinoma	False	219	0	219	5.393627546352362
TCGA-K4-A83P	bladder urothelial carcinoma	True	349	1	348	5.855071922202427
TCGA-UY-A9PF	bladder urothelial carcinoma	True	676	3	673	6.513230110912307
TCGA-XF-A8HD	bladder urothelial carcinoma	False	643	0	643	6.467698726104354
TCGA-ZF-A9RC	bladder urothelial carcinoma	False	1336	0	1336	7.198183577101943
TCGA-BT-A3PH	bladder urothelial carcinoma	False	602	0	602	6.401917196727186
TCGA-BT-A3PJ	bladder urothelial carcinoma	True	687	1	686	6.532334292222349
TCGA-CU-A72E	bladder urothelial carcinoma	True	136	1	135	4.912654885736052
TCGA-DK-A3IM	bladder urothelial carcinoma	False	113	0	113	4.736198448394496
TCGA-FD-A43N	bladder urothelial carcinoma	False	248	0	248	5.517452896464707
TCGA-FD-A62P	bladder urothelial carcinoma	True	529	1	528	6.270988431858299
TCGA-FJ-A3Z7	bladder urothelial carcinoma	True	432	2	430	6.066108090103747
TCGA-FT-A61P	bladder urothelial carcinoma	False	225	0	225	5.420534999272286
TCGA-K4-A4AB	bladder urothelial carcinoma	False	139	0	139	4.941642422609304
TCGA-KQ-A41P	bladder urothelial carcinoma	False	413	0	413	6.025865973825314
TCGA-XF-A9SM	bladder urothelial carcinoma	False	321	0	321	5.7745515455444085
TCGA-XF-AAN3	bladder urothelial carcinoma	False	211	0	211	5.356586274672012
TCGA-BT-A0S7	bladder urothelial carcinoma	False	57	0	57	4.060443010546419
TCGA-BT-A20J	bladder urothelial carcinoma	True	633	1	632	6.450470422144176
TCGA-BT-A20O	bladder urothelial carcinoma	True	242	1	241	5.488937726156687
TCGA-CF-A3MH	bladder urothelial carcinoma	False	62	0	62	4.143134726391533
TCGA-CU-A3KJ	bladder urothelial carcinoma	False	305	0	305	5.723585101952381
TCGA-DK-AA74	bladder urothelial carcinoma	False	292	0	292	5.680172609017068
TCGA-E7-A6ME	bladder urothelial carcinoma	False	178	0	178	5.187385805840755
TCGA-FD-A3B6	bladder urothelial carcinoma	False	357	0	357	5.8805329864007
TCGA-GU-AATO	bladder urothelial carcinoma	True	423	1	422	6.0473721790462776
TCGA-GV-A40E	bladder urothelial carcinoma	False	203	0	203	5.318119993844216
TCGA-K4-A5RJ	bladder urothelial carcinoma	False	491	0	491	6.198478716492308
TCGA-MV-A51V	bladder urothelial carcinoma	True	1988	1	1987	7.59488438721652
TCGA-XF-AAML	bladder urothelial carcinoma	True	675	1	674	6.51471269087253
TCGA-ZF-A9R2	bladder urothelial carcinoma	False	195	0	195	5.278114659230517
TCGA-BT-A42E	bladder urothelial carcinoma	False	234	0	234	5.459585514144159
TCGA-DK-A3IQ	bladder urothelial carcinoma	False	248	0	248	5.517452896464707
TCGA-FD-A43P	bladder urothelial carcinoma	False	561	0	561	6.331501849893691
TCGA-FD-A62O	bladder urothelial carcinoma	False	255	0	255	5.545177444479562
TCGA-GU-AATP	bladder urothelial carcinoma	False	432	0	432	6.07073772800249
TCGA-GV-A3JW	bladder urothelial carcinoma	False	102	0	102	4.634728988229636
TCGA-ZF-A9RF	bladder urothelial carcinoma	False	322	0	322	5.777652323222656
TCGA-ZF-AA4N	bladder urothelial carcinoma	True	218	1	217	5.384495062789089
TCGA-4Z-AA7R	bladder urothelial carcinoma	True	471	1	470	6.154858094016418
TCGA-4Z-AA80	bladder urothelial carcinoma	True	545	1	544	6.300785794663244
TCGA-BL-A0C8	bladder urothelial carcinoma	False	160	0	160	5.081404364984463
TCGA-BT-A20Q	bladder urothelial carcinoma	False	127	0	127	4.852030263919617
TCGA-E7-A7DU	bladder urothelial carcinoma	False	357	0	357	5.8805329864007
TCGA-E7-A97P	bladder urothelial carcinoma	True	274	1	273	5.6131281063880705
TCGA-FD-A6TG	bladder urothelial carcinoma	False	534	0	534	6.282266746896006
TCGA-FD-A6TI	bladder urothelial carcinoma	True	161	1	160	5.081404364984463
TCGA-FJ-A3ZF	bladder urothelial carcinoma	True	349	1	348	5.855071922202427
TCGA-KQ-A41N	bladder urothelial carcinoma	False	333	0	333	5.811140992976701
TCGA-UY-A9PH	bladder urothelial carcinoma	True	515	1	514	6.244166900663736
TCGA-XF-AAN2	bladder urothelial carcinoma	True	630	1	629	6.4457198193855785
TCGA-4Z-AA87	bladder urothelial carcinoma	True	333	1	332	5.808142489980444
TCGA-BT-A20N	bladder urothelial carcinoma	True	370	1	369	5.91350300563827
TCGA-DK-A1AC	bladder urothelial carcinoma	True	2117	2	2115	7.65728279297819
TCGA-DK-A3IN	bladder urothelial carcinoma	False	519	0	519	6.253828811575473
TCGA-E5-A4U1	bladder urothelial carcinoma	True	818	1	817	6.706862336602747
TCGA-E7-A519	bladder urothelial carcinoma	False	91	0	91	4.5217885770490405
TCGA-FJ-A3Z9	bladder urothelial carcinoma	False	97	0	97	4.584967478670572
TCGA-GU-A42P	bladder urothelial carcinoma	False	361	0	361	5.8916442118257715
TCGA-GU-A763	bladder urothelial carcinoma	False	85	0	85	4.454347296253507
TCGA-BT-A20W	bladder urothelial carcinoma	False	111	0	111	4.718498871295094
TCGA-C4-A0F1	bladder urothelial carcinoma	False	244	0	244	5.501258210544727
TCGA-DK-AA71	bladder urothelial carcinoma	True	896	4	892	6.794586580876499
TCGA-GC-A4ZW	bladder urothelial carcinoma	True	895	2	893	6.795705775173514
TCGA-YC-A8S6	bladder urothelial carcinoma	False	125	0	125	4.836281906951478
TCGA-YC-A9TC	bladder urothelial carcinoma	False	153	0	153	5.0369526024136295
TCGA-ZF-AA54	bladder urothelial carcinoma	False	251	0	251	5.529429087511423
TCGA-CU-A5W6	bladder urothelial carcinoma	False	298	0	298	5.700443573390687
TCGA-DK-A6AW	bladder urothelial carcinoma	True	5031	1	5030	8.523374050491318
TCGA-DK-A6B2	bladder urothelial carcinoma	False	267	0	267	5.5909869805108565
TCGA-E7-A3X6	bladder urothelial carcinoma	False	151	0	151	5.0238805208462765
TCGA-FD-A3SM	bladder urothelial carcinoma	False	266	0	266	5.58724865840025
TCGA-FD-A43U	bladder urothelial carcinoma	False	97	0	97	4.584967478670572
TCGA-GC-A3BM	bladder urothelial carcinoma	False	173	0	173	5.159055299214529
TCGA-PQ-A6FI	bladder urothelial carcinoma	False	208	0	208	5.342334251964811
TCGA-R3-A69X	bladder urothelial carcinoma	False	290	0	290	5.673323267171493
TCGA-XF-AAMJ	bladder urothelial carcinoma	False	57	0	57	4.060443010546419
TCGA-ZF-A9RM	bladder urothelial carcinoma	False	116	0	116	4.762173934797756
TCGA-ZF-AA4U	bladder urothelial carcinoma	False	86	0	86	4.465908118654584
TCGA-ZF-AA52	bladder urothelial carcinoma	False	158	0	158	5.0689042022202315
TCGA-2F-A9KQ	bladder urothelial carcinoma	False	87	0	87	4.477336814478207
TCGA-DK-A1AD	bladder urothelial carcinoma	True	326	1	325	5.786897381366708
TCGA-FD-A3N5	bladder urothelial carcinoma	True	428	1	427	6.059123195581797
TCGA-FD-A62N	bladder urothelial carcinoma	False	125	0	125	4.836281906951478
TCGA-G2-A2EO	bladder urothelial carcinoma	True	1171	2	1169	7.064759027791802
TCGA-HQ-A2OE	bladder urothelial carcinoma	False	197	0	197	5.288267030694535
TCGA-K4-A5RH	bladder urothelial carcinoma	False	250	0	250	5.5254529391317835
TCGA-XF-A8HG	bladder urothelial carcinoma	False	420	0	420	6.042632833682381
TCGA-XF-A9SL	bladder urothelial carcinoma	False	121	0	121	4.804021044733257
TCGA-DK-A3IS	bladder urothelial carcinoma	False	463	0	463	6.139884552226255
TCGA-DK-AA6R	bladder urothelial carcinoma	False	451	0	451	6.113682179832232
TCGA-FD-A3SO	bladder urothelial carcinoma	True	493	1	492	6.20050917404269
TCGA-FD-A3SR	bladder urothelial carcinoma	False	176	0	176	5.176149732573829
TCGA-FD-A5BS	bladder urothelial carcinoma	False	34	0	34	3.5553480614894135
TCGA-GU-A42R	bladder urothelial carcinoma	False	229	0	229	5.438079308923196
TCGA-GU-AATQ	bladder urothelial carcinoma	False	226	0	226	5.424950017481403
TCGA-XF-A9ST	bladder urothelial carcinoma	False	752	0	752	6.6240652277998935
TCGA-XF-A9T0	bladder urothelial carcinoma	True	1085	1	1084	6.98933526597456
TCGA-XF-AAMF	bladder urothelial carcinoma	False	99	0	99	4.605170185988092
TCGA-XF-AAN0	bladder urothelial carcinoma	True	561	2	559	6.327936783729195
TCGA-CF-A5UA	bladder urothelial carcinoma	False	101	0	101	4.624972813284271
TCGA-CU-A3YL	bladder urothelial carcinoma	False	292	0	292	5.680172609017068
TCGA-DK-A6B1	bladder urothelial carcinoma	False	196	0	196	5.2832037287379885
TCGA-E7-A5KF	bladder urothelial carcinoma	False	274	0	274	5.616771097666572
TCGA-GU-A42Q	bladder urothelial carcinoma	True	245	1	244	5.501258210544727
TCGA-GV-A3QH	bladder urothelial carcinoma	False	219	0	219	5.393627546352362
TCGA-ZF-AA4R	bladder urothelial carcinoma	False	84	0	84	4.442651256490317
TCGA-2F-A9KP	bladder urothelial carcinoma	False	182	0	182	5.209486152841421
TCGA-4Z-AA7S	bladder urothelial carcinoma	False	81	0	81	4.406719247264253
TCGA-4Z-AA86	bladder urothelial carcinoma	True	289	1	288	5.666426688112432
TCGA-E7-A4XJ	bladder urothelial carcinoma	False	60	0	60	4.110873864173311
TCGA-E7-A541	bladder urothelial carcinoma	True	587	1	586	6.375024819828097
TCGA-E7-A6MD	bladder urothelial carcinoma	False	617	0	617	6.42648845745769
TCGA-E7-A7XN	bladder urothelial carcinoma	True	1254	2	1252	7.133295954896068
TCGA-FD-A3B7	bladder urothelial carcinoma	False	90	0	90	4.51085950651685
TCGA-FD-A3SS	bladder urothelial carcinoma	False	671	0	671	6.51025834052315
TCGA-G2-A3IB	bladder urothelial carcinoma	False	122	0	122	4.812184355372417
TCGA-G2-A3VY	bladder urothelial carcinoma	True	987	2	985	6.893656354602635
TCGA-G2-AA3C	bladder urothelial carcinoma	False	331	0	331	5.805134968916488
TCGA-GU-A764	bladder urothelial carcinoma	False	172	0	172	5.153291594497779
TCGA-GV-A3JV	bladder urothelial carcinoma	False	157	0	157	5.062595033026967
TCGA-K4-A3WS	bladder urothelial carcinoma	True	372	1	371	5.918893854273146
TCGA-SY-A9G5	bladder urothelial carcinoma	False	1366	0	1366	7.220373836723949
TCGA-ZF-AA4V	bladder urothelial carcinoma	False	931	0	931	6.837332814685591
TCGA-4Z-AA7M	bladder urothelial carcinoma	True	702	1	701	6.553933404025811
TCGA-4Z-AA7N	bladder urothelial carcinoma	False	25	0	25	3.258096538021482
TCGA-BL-A13J	bladder urothelial carcinoma	False	146	0	146	4.990432586778736
TCGA-DK-A1AG	bladder urothelial carcinoma	True	163	1	162	5.093750200806762
TCGA-FD-A43Y	bladder urothelial carcinoma	False	88	0	88	4.48863636973214
TCGA-FJ-A3ZE	bladder urothelial carcinoma	False	550	0	550	6.311734809152915
TCGA-GV-A3QG	bladder urothelial carcinoma	False	115	0	115	4.7535901911063645
TCGA-XF-A9SK	bladder urothelial carcinoma	False	202	0	202	5.313205979041787
TCGA-ZF-AA4T	bladder urothelial carcinoma	False	130	0	130	4.875197323201151
TCGA-ZF-AA5P	bladder urothelial carcinoma	False	71	0	71	4.276666119016055
TCGA-4Z-AA7O	bladder urothelial carcinoma	False	258	0	258	5.556828061699537
TCGA-BT-A42C	bladder urothelial carcinoma	True	511	1	510	6.236369590203704
TCGA-BT-A42F	bladder urothelial carcinoma	True	226	1	225	5.420534999272286
TCGA-DK-AA6U	bladder urothelial carcinoma	True	584	1	583	6.369900982828227
TCGA-E5-A4TZ	bladder urothelial carcinoma	False	622	0	622	6.434546518787453
TCGA-E7-A85H	bladder urothelial carcinoma	True	567	1	566	6.340359303727752
TCGA-GD-A6C6	bladder urothelial carcinoma	False	372	0	372	5.921578419643816
TCGA-K4-A6MB	bladder urothelial carcinoma	False	469	0	469	6.152732694704104
TCGA-XF-A9T8	bladder urothelial carcinoma	False	948	0	948	6.855408798609928
TCGA-2F-A9KO	bladder urothelial carcinoma	True	738	2	736	6.602587892189336
TCGA-BT-A20T	bladder urothelial carcinoma	True	356	1	355	5.87493073085203
TCGA-DK-AA6T	bladder urothelial carcinoma	False	120	0	120	4.795790545596741
TCGA-DK-AA6X	bladder urothelial carcinoma	False	149	0	149	5.0106352940962555
TCGA-E7-A7PW	bladder urothelial carcinoma	False	126	0	126	4.844187086458591
TCGA-FD-A6TH	bladder urothelial carcinoma	False	210	0	210	5.351858133476067
TCGA-UY-A8OB	bladder urothelial carcinoma	False	413	0	413	6.025865973825314
TCGA-BL-A3JM	bladder urothelial carcinoma	True	277	1	276	5.6240175061873385
TCGA-CF-A1HR	bladder urothelial carcinoma	False	385	0	385	5.955837369464831
TCGA-CF-A3MI	bladder urothelial carcinoma	False	98	0	98	4.59511985013459
TCGA-DK-A3IT	bladder urothelial carcinoma	True	557	3	554	6.318968113746434
TCGA-FD-A3SQ	bladder urothelial carcinoma	False	103	0	103	4.6443908991413725
TCGA-GU-A766	bladder urothelial carcinoma	False	254	0	254	5.541263545158426
TCGA-UY-A78L	bladder urothelial carcinoma	False	281	0	281	5.641907070938114
TCGA-4Z-AA84	bladder urothelial carcinoma	True	683	1	682	6.52649485957079
TCGA-DK-A6B0	bladder urothelial carcinoma	False	33	0	33	3.5263605246161616
TCGA-DK-AA77	bladder urothelial carcinoma	True	482	1	481	6.1779441140506
TCGA-FD-A5C0	bladder urothelial carcinoma	False	169	0	169	5.135798437050262
TCGA-GC-A3YS	bladder urothelial carcinoma	False	338	0	338	5.82600010738045
TCGA-ZF-A9RL	bladder urothelial carcinoma	True	444	1	443	6.095824562432225
TCGA-4Z-AA7Y	bladder urothelial carcinoma	True	403	1	402	5.998936561946683
TCGA-4Z-AA89	bladder urothelial carcinoma	False	181	0	181	5.204006687076795
TCGA-C4-A0F0	bladder urothelial carcinoma	True	138	1	137	4.927253685157205
TCGA-CF-A47X	bladder urothelial carcinoma	True	443	2	441	6.091309882077698
TCGA-CU-A0YN	bladder urothelial carcinoma	False	213	0	213	5.365976015021851
TCGA-DK-A1A3	bladder urothelial carcinoma	True	856	1	855	6.752270376141742
TCGA-DK-A3IV	bladder urothelial carcinoma	False	104	0	104	4.653960350157523
TCGA-DK-AA6S	bladder urothelial carcinoma	True	794	2	792	6.675823221634848
TCGA-FD-A3NA	bladder urothelial carcinoma	False	231	0	231	5.44673737166631
TCGA-FD-A3SL	bladder urothelial carcinoma	False	306	0	306	5.726847747587197
TCGA-FD-A3SP	bladder urothelial carcinoma	False	169	0	169	5.135798437050262
TCGA-FD-A6TK	bladder urothelial carcinoma	False	157	0	157	5.062595033026967
TCGA-G2-AA3D	bladder urothelial carcinoma	False	324	0	324	5.783825182329737
TCGA-UY-A78K	bladder urothelial carcinoma	True	1077	1	1076	6.981934677156389
TCGA-XF-AAN7	bladder urothelial carcinoma	False	190	0	190	5.25227342804663
TCGA-ZF-AA53	bladder urothelial carcinoma	False	245	0	245	5.5053315359323625
TCGA-4Z-AA82	bladder urothelial carcinoma	False	143	0	143	4.969813299576001
TCGA-BT-A42B	bladder urothelial carcinoma	False	91	0	91	4.5217885770490405
TCGA-CF-A5U8	bladder urothelial carcinoma	False	74	0	74	4.31748811353631
TCGA-CF-A8HY	bladder urothelial carcinoma	False	127	0	127	4.852030263919617
TCGA-E7-A8O8	bladder urothelial carcinoma	False	159	0	159	5.075173815233827
TCGA-FD-A3SJ	bladder urothelial carcinoma	False	326	0	326	5.7899601708972535
TCGA-GC-A3RC	bladder urothelial carcinoma	True	507	1	506	6.2285110035911835
TCGA-GV-A3JX	bladder urothelial carcinoma	True	369	1	368	5.910796644040527
TCGA-K4-A54R	bladder urothelial carcinoma	True	1261	3	1258	7.138073034044347
TCGA-XF-A9SP	bladder urothelial carcinoma	False	421	0	421	6.045005314036012
TCGA-ZF-A9R5	bladder urothelial carcinoma	False	128	0	128	4.859812404361672
TCGA-CU-A3QU	bladder urothelial carcinoma	False	140	0	140	4.948759890378168
TCGA-DK-A3IU	bladder urothelial carcinoma	True	552	3	549	6.309918278226516
TCGA-FD-A6TA	bladder urothelial carcinoma	True	353	1	352	5.8664680569332965
TCGA-ZF-A9R9	bladder urothelial carcinoma	True	260	1	259	5.560681631015528
TCGA-DK-A1AA	bladder urothelial carcinoma	False	107	0	107	4.68213122712422
TCGA-DK-A3WW	bladder urothelial carcinoma	True	1634	2	1632	7.398174092970465
TCGA-DK-A6B6	bladder urothelial carcinoma	True	1360	1	1359	7.215239978730097
TCGA-E7-A3Y1	bladder urothelial carcinoma	False	227	0	227	5.429345628954441
TCGA-FD-A5BR	bladder urothelial carcinoma	False	117	0	117	4.770684624465665
TCGA-G2-A2EK	bladder urothelial carcinoma	False	86	0	86	4.465908118654584
TCGA-HQ-A5NE	bladder urothelial carcinoma	False	507	0	507	6.230481447578482
TCGA-YF-AA3M	bladder urothelial carcinoma	False	235	0	235	5.4638318050256105
TCGA-BT-A20X	bladder urothelial carcinoma	False	93	0	93	4.543294782270004
TCGA-E7-A4IJ	bladder urothelial carcinoma	True	475	1	474	6.163314804034641
TCGA-FD-A3B8	bladder urothelial carcinoma	False	51	0	51	3.9512437185814275
TCGA-K4-AAQO	bladder urothelial carcinoma	True	337	2	335	5.817111159963204
TCGA-LT-A5Z6	bladder urothelial carcinoma	True	741	1	740	6.608000625296087
TCGA-ZF-AA4W	bladder urothelial carcinoma	False	693	0	693	6.542471960506805
TCGA-ZF-AA4X	bladder urothelial carcinoma	True	869	1	868	6.767343125265392
TCGA-4Z-AA7W	bladder urothelial carcinoma	False	711	0	711	6.568077911411976
TCGA-CF-A47Y	bladder urothelial carcinoma	False	92	0	92	4.532599493153256
TCGA-E7-A678	bladder urothelial carcinoma	False	66	0	66	4.204692619390966
TCGA-GV-A3JZ	bladder urothelial carcinoma	True	607	4	603	6.403574197934815
TCGA-BT-A2LA	bladder urothelial carcinoma	False	266	0	266	5.58724865840025
TCGA-CF-A7I0	bladder urothelial carcinoma	False	69	0	69	4.248495242049359
TCGA-FD-A6TE	bladder urothelial carcinoma	False	321	0	321	5.7745515455444085
TCGA-GC-A3RB	bladder urothelial carcinoma	False	227	0	227	5.429345628954441
TCGA-GV-A6ZA	bladder urothelial carcinoma	True	411	1	410	6.018593214496234
TCGA-XF-A9T2	bladder urothelial carcinoma	False	123	0	123	4.820281565605037
TCGA-DK-A1A6	bladder urothelial carcinoma	False	0	0	0	0.0
TCGA-H4-A2HO	bladder urothelial carcinoma	False	126	0	126	4.844187086458591
TCGA-4Z-AA83	bladder urothelial carcinoma	False	116	0	116	4.762173934797756
TCGA-CF-A27C	bladder urothelial carcinoma	False	206	0	206	5.332718793265369
TCGA-CF-A47V	bladder urothelial carcinoma	False	106	0	106	4.672828834461906
TCGA-CF-A9FF	bladder urothelial carcinoma	True	190	2	188	5.241747015059643
TCGA-E7-A8O7	bladder urothelial carcinoma	False	42	0	42	3.7612001156935624
TCGA-G2-A3IE	bladder urothelial carcinoma	False	497	0	497	6.210600077024653
TCGA-CF-A9FM	bladder urothelial carcinoma	False	31	0	31	3.4657359027997265
TCGA-G2-A2EF	bladder urothelial carcinoma	False	360	0	360	5.8888779583328805
TCGA-FJ-A871	bladder urothelial carcinoma	False	64	0	64	4.174387269895637
TCGA-UY-A9PB	bladder urothelial carcinoma	True	769	2	767	6.643789733147672
TCGA-XF-AAMG	bladder urothelial carcinoma	True	1304	2	1302	7.172424577124845
TCGA-CF-A3MG	bladder urothelial carcinoma	False	192	0	192	5.262690188904886
TCGA-DK-AA6L	bladder urothelial carcinoma	False	547	0	547	6.306275286948016
TCGA-GD-A3OQ	bladder urothelial carcinoma	False	132	0	132	4.890349128221754
TCGA-UY-A9PA	bladder urothelial carcinoma	True	232	1	231	5.44673737166631
TCGA-XF-A9T4	bladder urothelial carcinoma	False	52	0	52	3.970291913552122
TCGA-XF-AAMR	bladder urothelial carcinoma	False	136	0	136	4.919980925828125
TCGA-GV-A3QI	bladder urothelial carcinoma	False	620	0	620	6.431331081933479
TCGA-XF-A8HE	bladder urothelial carcinoma	False	568	0	568	6.343880434126331
TCGA-S5-AA26	bladder urothelial carcinoma	False	307	0	307	5.730099782973574
TCGA-DK-A6B5	bladder urothelial carcinoma	False	184	0	184	5.220355825078324
TCGA-GC-A3I6	bladder urothelial carcinoma	True	254	1	253	5.537334267018537
TCGA-E7-A7DV	bladder urothelial carcinoma	True	396	1	395	5.981414211254481
TCGA-CF-A47W	bladder urothelial carcinoma	False	41	0	41	3.7376696182833684
TCGA-CF-A47S	bladder urothelial carcinoma	False	35	0	35	3.58351893845611
TCGA-E7-A6MF	bladder urothelial carcinoma	True	62	1	61	4.127134385045092
TCGA-CF-A3MF	bladder urothelial carcinoma	False	30	0	30	3.4339872044851463
TCGA-GC-A6I1	bladder urothelial carcinoma	True	333	1	332	5.808142489980444
TCGA-GC-A6I3	bladder urothelial carcinoma	False	320	0	320	5.771441123130016
TCGA-XF-A9T6	bladder urothelial carcinoma	False	425	0	425	6.054439346269371
TCGA-KQ-A41S	bladder urothelial carcinoma	True	305	1	304	5.720311776607412
TCGA-XF-AAMX	bladder urothelial carcinoma	False	437	0	437	6.082218910376446
TCGA-GD-A76B	bladder urothelial carcinoma	False	254	0	254	5.541263545158426
TCGA-DK-A1AF	bladder urothelial carcinoma	False	142	0	142	4.962844630259907
TCGA-GD-A3OP	bladder urothelial carcinoma	False	485	0	485	6.186208623900494
TCGA-GC-A3RD	bladder urothelial carcinoma	False	120	0	120	4.795790545596741
TCGA-C4-A0F6	bladder urothelial carcinoma	False	272	0	272	5.60947179518496
TCGA-DK-A6AV	bladder urothelial carcinoma	False	168	0	168	5.1298987149230735
TCGA-BT-A20P	bladder urothelial carcinoma	False	124	0	124	4.8283137373023015
TCGA-UY-A78M	bladder urothelial carcinoma	False	202	0	202	5.313205979041787
TCGA-XF-AAMZ	bladder urothelial carcinoma	True	354	1	353	5.869296913133774
TCGA-BL-A5ZZ	bladder urothelial carcinoma	False	227	0	227	5.429345628954441
TCGA-DK-A2HX	bladder urothelial carcinoma	False	139	0	139	4.941642422609304
TCGA-FD-A6TF	bladder urothelial carcinoma	True	194	1	193	5.267858159063328
TCGA-FT-A3EE	bladder urothelial carcinoma	False	167	0	167	5.123963979403259
TCGA-GC-A3WC	bladder urothelial carcinoma	False	208	0	208	5.342334251964811
TCGA-KQ-A41R	bladder urothelial carcinoma	True	1078	1	1077	6.982862751468942
TCGA-BT-A20R	bladder urothelial carcinoma	False	374	0	374	5.926926025970411
TCGA-DK-A3IL	bladder urothelial carcinoma	False	233	0	233	5.455321115357702
TCGA-FD-A6TC	bladder urothelial carcinoma	True	1294	1	1293	7.165493475060845
TCGA-XF-AAMW	bladder urothelial carcinoma	False	42	0	42	3.7612001156935624
TCGA-ZF-AA56	bladder urothelial carcinoma	True	130	1	129	4.867534450455582
TCGA-BT-A2LD	bladder urothelial carcinoma	False	137	0	137	4.927253685157205
TCGA-DK-A3X1	bladder urothelial carcinoma	False	1216	0	1216	7.104144092987527
TCGA-E7-A5KE	bladder urothelial carcinoma	False	294	0	294	5.68697535633982
TCGA-PQ-A6FN	bladder urothelial carcinoma	False	108	0	108	4.6913478822291435
TCGA-UY-A78P	bladder urothelial carcinoma	True	384	1	383	5.950642552587727
TCGA-XF-A9T5	bladder urothelial carcinoma	True	940	1	939	6.84587987526405
TCGA-YC-A89H	bladder urothelial carcinoma	True	2299	5	2294	7.738488122494646
TCGA-ZF-A9RE	bladder urothelial carcinoma	False	87	0	87	4.477336814478207
TCGA-FD-A5BZ	bladder urothelial carcinoma	False	176	0	176	5.176149732573829
TCGA-K4-A3WV	bladder urothelial carcinoma	False	89	0	89	4.499809670330265
TCGA-XF-AAN4	bladder urothelial carcinoma	True	56	1	55	4.02535169073515
TCGA-5N-A9KI	bladder urothelial carcinoma	False	221	0	221	5.402677381872279
TCGA-FD-A5BU	bladder urothelial carcinoma	False	90	0	90	4.51085950651685
TCGA-ZF-A9R7	bladder urothelial carcinoma	True	954	1	953	6.860663671448287
TCGA-CF-A1HS	bladder urothelial carcinoma	True	356	1	355	5.87493073085203
TCGA-G2-AA3B	bladder urothelial carcinoma	False	952	0	952	6.859614903654202
TCGA-K4-A6FZ	bladder urothelial carcinoma	True	524	1	523	6.261491684321042
TCGA-UY-A78O	bladder urothelial carcinoma	False	246	0	246	5.5093883366279774
TCGA-XF-AAMT	bladder urothelial carcinoma	False	141	0	141	4.955827057601261
TCGA-XF-AAN1	bladder urothelial carcinoma	False	111	0	111	4.718498871295094
TCGA-ZF-A9RD	bladder urothelial carcinoma	False	243	0	243	5.497168225293202
TCGA-DK-A1AB	bladder urothelial carcinoma	False	269	0	269	5.598421958998375
TCGA-FD-A3B3	bladder urothelial carcinoma	True	228	1	227	5.429345628954441
TCGA-XF-A9SU	bladder urothelial carcinoma	False	71	0	71	4.276666119016055
TCGA-XF-AAN8	bladder urothelial carcinoma	False	2	0	2	1.0986122886681098
TCGA-5N-A9KM	bladder urothelial carcinoma	False	286	0	286	5.659482215759621
TCGA-BT-A2LB	bladder urothelial carcinoma	False	825	0	825	6.716594773520978
TCGA-DK-A2I1	bladder urothelial carcinoma	True	318	2	316	5.75890177387728
TCGA-XF-A9SI	bladder urothelial carcinoma	False	471	0	471	6.156978985585555
TCGA-DK-AA6P	bladder urothelial carcinoma	False	256	0	256	5.54907608489522
TCGA-FD-A43S	bladder urothelial carcinoma	False	0	0	0	0.0
TCGA-BT-A0YX	bladder urothelial carcinoma	False	904	0	904	6.807934943699926
TCGA-BT-A20U	bladder urothelial carcinoma	False	116	0	116	4.762173934797756
TCGA-ZF-A9RG	bladder urothelial carcinoma	False	325	0	325	5.786897381366708
TCGA-C4-A0EZ	bladder urothelial carcinoma	False	260	0	260	5.564520407322694
TCGA-LT-A8JT	bladder urothelial carcinoma	False	104	0	104	4.653960350157523
TCGA-XF-A9T3	bladder urothelial carcinoma	False	558	0	558	6.326149473155099
TCGA-ZF-AA51	bladder urothelial carcinoma	False	924	0	924	6.829793737512425
TCGA-UY-A8OD	bladder urothelial carcinoma	False	133	0	133	4.897839799950911
TCGA-2F-A9KW	bladder urothelial carcinoma	False	150	0	150	5.017279836814924
TCGA-DK-A1A7	bladder urothelial carcinoma	False	304	0	304	5.720311776607412
TCGA-DK-A3WX	bladder urothelial carcinoma	False	56	0	56	4.04305126783455
TCGA-DK-A3WY	bladder urothelial carcinoma	False	23	0	23	3.1780538303479458
TCGA-K4-A5RI	bladder urothelial carcinoma	False	182	0	182	5.209486152841421
TCGA-ZF-A9RN	bladder urothelial carcinoma	False	257	0	257	5.552959584921617
TCGA-XF-A9SH	bladder urothelial carcinoma	False	58	0	58	4.07753744390572
TCGA-DK-AA6M	bladder urothelial carcinoma	False	93	0	93	4.543294782270004
TCGA-DK-AA76	bladder urothelial carcinoma	True	321	1	320	5.771441123130016
TCGA-H4-A2HQ	bladder urothelial carcinoma	False	602	0	602	6.401917196727186
TCGA-XF-AAME	bladder urothelial carcinoma	False	25	0	25	3.258096538021482
TCGA-DK-A2I2	bladder urothelial carcinoma	False	148	0	148	5.003946305945459
TCGA-FD-A5BY	bladder urothelial carcinoma	False	64	0	64	4.174387269895637
TCGA-XF-A9SX	bladder urothelial carcinoma	False	144	0	144	4.976733742420574
TCGA-ZF-AA5N	bladder urothelial carcinoma	False	69	0	69	4.248495242049359
TCGA-DK-AA6Q	bladder urothelial carcinoma	False	155	0	155	5.049856007249537
TCGA-E5-A2PC	bladder urothelial carcinoma	False	327	0	327	5.793013608384144
TCGA-FD-A5C1	bladder urothelial carcinoma	True	191	1	190	5.25227342804663
TCGA-XF-A8HH	bladder urothelial carcinoma	False	155	0	155	5.049856007249537
TCGA-XF-AAN5	bladder urothelial carcinoma	True	415	1	414	6.028278520230698
TCGA-ZF-AA58	bladder urothelial carcinoma	True	292	1	291	5.676753802268282
TCGA-E7-A97Q	bladder urothelial carcinoma	False	89	0	89	4.499809670330265
TCGA-FD-A62S	bladder urothelial carcinoma	False	101	0	101	4.624972813284271
TCGA-XF-A9SY	bladder urothelial carcinoma	False	576	0	576	6.3578422665081
TCGA-ZF-AA5H	bladder urothelial carcinoma	False	85	0	85	4.454347296253507
TCGA-2F-A9KR	bladder urothelial carcinoma	False	319	0	319	5.768320995793772
TCGA-BT-A20V	bladder urothelial carcinoma	False	138	0	138	4.9344739331306915
TCGA-XF-AAMQ	bladder urothelial carcinoma	False	279	0	279	5.634789603169249
TCGA-CF-A47T	bladder urothelial carcinoma	False	39	0	39	3.6888794541139363
TCGA-G2-A2EC	bladder urothelial carcinoma	False	245	0	245	5.5053315359323625
TCGA-BL-A13I	bladder urothelial carcinoma	False	135	0	135	4.912654885736052
TCGA-XF-A8HI	bladder urothelial carcinoma	False	107	0	107	4.68213122712422
TCGA-G2-A2EJ	bladder urothelial carcinoma	True	407	2	405	6.0063531596017325
TCGA-GV-A3QK	bladder urothelial carcinoma	False	190	0	190	5.25227342804663
TCGA-CF-A8HX	bladder urothelial carcinoma	False	91	0	91	4.5217885770490405
TCGA-FD-A3B4	bladder urothelial carcinoma	False	99	0	99	4.605170185988092
TCGA-GD-A3OS	bladder urothelial carcinoma	False	116	0	116	4.762173934797756
TCGA-GD-A2C5	bladder urothelial carcinoma	False	371	0	371	5.918893854273146
TCGA-ZF-A9R3	bladder urothelial carcinoma	False	118	0	118	4.77912349311153
TCGA-HQ-A2OF	bladder urothelial carcinoma	False	152	0	152	5.030437921392435
TCGA-XF-A8HB	bladder urothelial carcinoma	False	98	0	98	4.59511985013459
TCGA-FD-A5BV	bladder urothelial carcinoma	False	161	0	161	5.087596335232384
TCGA-YF-AA3L	bladder urothelial carcinoma	False	424	0	424	6.052089168924417
TCGA-FD-A3N6	bladder urothelial carcinoma	False	155	0	155	5.049856007249537
TCGA-W5-AA30	cholangiocarcinoma	False	90	0	90	4.51085950651685
TCGA-W5-AA39	cholangiocarcinoma	True	1278	4	1274	7.150701457592526
TCGA-ZH-A8Y8	cholangiocarcinoma	False	46	0	46	3.8501476017100584
TCGA-3X-AAV9	cholangiocarcinoma	False	61	0	61	4.127134385045092
TCGA-W5-AA31	cholangiocarcinoma	False	62	0	62	4.143134726391533
TCGA-ZH-A8Y5	cholangiocarcinoma	False	42	0	42	3.7612001156935624
TCGA-W5-AA2Q	cholangiocarcinoma	False	61	0	61	4.127134385045092
TCGA-W5-AA2X	cholangiocarcinoma	False	76	0	76	4.343805421853684
TCGA-W5-AA2I	cholangiocarcinoma	False	70	0	70	4.2626798770413155
TCGA-4G-AAZT	cholangiocarcinoma	False	72	0	72	4.290459441148391
TCGA-3X-AAVE	cholangiocarcinoma	False	65	0	65	4.189654742026425
TCGA-W5-AA33	cholangiocarcinoma	False	45	0	45	3.828641396489095
TCGA-ZH-A8Y4	cholangiocarcinoma	False	91	0	91	4.5217885770490405
TCGA-W5-AA2O	cholangiocarcinoma	False	47	0	47	3.871201010907891
TCGA-YR-A95A	cholangiocarcinoma	False	48	0	48	3.8918202981106265
TCGA-ZU-A8S4	cholangiocarcinoma	False	76	0	76	4.343805421853684
TCGA-W5-AA2U	cholangiocarcinoma	False	115	0	115	4.7535901911063645
TCGA-W5-AA2R	cholangiocarcinoma	False	37	0	37	3.6375861597263857
TCGA-W5-AA34	cholangiocarcinoma	False	58	0	58	4.07753744390572
TCGA-ZH-A8Y1	cholangiocarcinoma	False	63	0	63	4.1588830833596715
TCGA-ZD-A8I3	cholangiocarcinoma	False	53	0	53	3.9889840465642745
TCGA-3X-AAVC	cholangiocarcinoma	False	83	0	83	4.430816798843313
TCGA-4G-AAZO	cholangiocarcinoma	False	66	0	66	4.204692619390966
TCGA-WD-A7RX	cholangiocarcinoma	False	59	0	59	4.0943445622221
TCGA-3X-AAVB	cholangiocarcinoma	False	43	0	43	3.784189633918261
TCGA-W5-AA2H	cholangiocarcinoma	False	8	0	8	2.1972245773362196
TCGA-W5-AA2T	cholangiocarcinoma	False	63	0	63	4.1588830833596715
TCGA-W5-AA2G	cholangiocarcinoma	False	75	0	75	4.330733340286331
TCGA-ZH-A8Y2	cholangiocarcinoma	False	73	0	73	4.30406509320417
TCGA-W5-AA38	cholangiocarcinoma	False	53	0	53	3.9889840465642745
TCGA-W5-AA36	cholangiocarcinoma	False	69	0	69	4.248495242049359
TCGA-3X-AAVA	cholangiocarcinoma	False	58	0	58	4.07753744390572
TCGA-W6-AA0S	cholangiocarcinoma	False	58	0	58	4.07753744390572
TCGA-ZH-A8Y6	cholangiocarcinoma	False	82	0	82	4.418840607796598
TCGA-W5-AA2W	cholangiocarcinoma	False	41	0	41	3.7376696182833684
TCGA-W5-AA2Z	cholangiocarcinoma	False	42	0	42	3.7612001156935624
TCGA-OR-A5KS	adrenocortical cancer	False	26	0	26	3.295836866004329
TCGA-OR-A5J8	adrenocortical cancer	False	125	0	125	4.836281906951478
TCGA-OR-A5JJ	adrenocortical cancer	False	24	0	24	3.2188758248682006
TCGA-PK-A5HA	adrenocortical cancer	False	75	0	75	4.330733340286331
TCGA-PK-A5HB	adrenocortical cancer	True	1571	5	1566	7.356918242356021
TCGA-OR-A5LK	adrenocortical cancer	False	68	0	68	4.23410650459726
TCGA-OR-A5JG	adrenocortical cancer	False	40	0	40	3.713572066704308
TCGA-OR-A5JZ	adrenocortical cancer	False	21	0	21	3.091042453358316
TCGA-OR-A5L6	adrenocortical cancer	False	55	0	55	4.02535169073515
TCGA-OR-A5LB	adrenocortical cancer	False	336	0	336	5.820082930352362
TCGA-OR-A5J1	adrenocortical cancer	False	42	0	42	3.7612001156935624
TCGA-OR-A5LT	adrenocortical cancer	False	30	0	30	3.4339872044851463
TCGA-OR-A5JV	adrenocortical cancer	False	36	0	36	3.6109179126442243
TCGA-OR-A5K3	adrenocortical cancer	False	20	0	20	3.044522437723423
TCGA-OR-A5JB	adrenocortical cancer	False	429	0	429	6.063785208687608
TCGA-OR-A5LD	adrenocortical cancer	False	90	0	90	4.51085950651685
TCGA-PA-A5YG	adrenocortical cancer	False	11	0	11	2.4849066497880004
TCGA-OR-A5JX	adrenocortical cancer	False	42	0	42	3.7612001156935624
TCGA-OR-A5JK	adrenocortical cancer	False	35	0	35	3.58351893845611
TCGA-OR-A5K1	adrenocortical cancer	False	18	0	18	2.9444389791664403
TCGA-OR-A5JW	adrenocortical cancer	False	37	0	37	3.6375861597263857
TCGA-OR-A5LG	adrenocortical cancer	False	32	0	32	3.4965075614664802
TCGA-OR-A5JR	adrenocortical cancer	False	7	0	7	2.0794415416798357
TCGA-OR-A5KZ	adrenocortical cancer	False	38	0	38	3.6635616461296463
TCGA-PK-A5H8	adrenocortical cancer	False	33	0	33	3.5263605246161616
TCGA-OR-A5JP	adrenocortical cancer	False	103	0	103	4.6443908991413725
TCGA-OR-A5K8	adrenocortical cancer	False	36	0	36	3.6109179126442243
TCGA-OR-A5JC	adrenocortical cancer	False	41	0	41	3.7376696182833684
TCGA-OR-A5J5	adrenocortical cancer	True	535	2	533	6.280395838960195
TCGA-OR-A5LM	adrenocortical cancer	False	32	0	32	3.4965075614664802
TCGA-OR-A5JI	adrenocortical cancer	False	15	0	15	2.772588722239781
TCGA-OR-A5LE	adrenocortical cancer	False	29	0	29	3.4011973816621555
TCGA-OR-A5L2	adrenocortical cancer	False	194	0	194	5.272999558563747
TCGA-OR-A5L5	adrenocortical cancer	False	13	0	13	2.6390573296152584
TCGA-OR-A5LL	adrenocortical cancer	False	75	0	75	4.330733340286331
TCGA-OR-A5LF	adrenocortical cancer	False	29	0	29	3.4011973816621555
TCGA-OR-A5LC	adrenocortical cancer	False	68	0	68	4.23410650459726
TCGA-OR-A5JF	adrenocortical cancer	False	95	0	95	4.564348191467836
TCGA-OR-A5K0	adrenocortical cancer	False	83	0	83	4.430816798843313
TCGA-OR-A5JY	adrenocortical cancer	False	104	0	104	4.653960350157523
TCGA-OR-A5L3	adrenocortical cancer	False	33	0	33	3.5263605246161616
TCGA-OR-A5JS	adrenocortical cancer	False	52	0	52	3.970291913552122
TCGA-OR-A5JT	adrenocortical cancer	False	41	0	41	3.7376696182833684
TCGA-OR-A5K4	adrenocortical cancer	False	341	0	341	5.834810737062605
TCGA-OR-A5K9	adrenocortical cancer	False	171	0	171	5.147494476813453
TCGA-OR-A5KB	adrenocortical cancer	True	2871	3	2868	7.9617188159813645
TCGA-OR-A5LO	adrenocortical cancer	True	100	1	99	4.605170185988092
TCGA-OR-A5K5	adrenocortical cancer	True	169	1	168	5.1298987149230735
TCGA-P6-A5OH	adrenocortical cancer	True	177	1	176	5.176149732573829
TCGA-OR-A5JU	adrenocortical cancer	False	31	0	31	3.4657359027997265
TCGA-OR-A5JD	adrenocortical cancer	False	37	0	37	3.6375861597263857
TCGA-OR-A5K6	adrenocortical cancer	False	38	0	38	3.6635616461296463
TCGA-OR-A5KW	adrenocortical cancer	False	36	0	36	3.6109179126442243
TCGA-P6-A5OF	adrenocortical cancer	False	43	0	43	3.784189633918261
TCGA-OR-A5LJ	adrenocortical cancer	False	623	0	623	6.436150368369428
TCGA-OR-A5JA	adrenocortical cancer	True	668	1	667	6.504288173536645
TCGA-OR-A5L9	adrenocortical cancer	False	12	0	12	2.5649493574615367
TCGA-OU-A5PI	adrenocortical cancer	False	39	0	39	3.6888794541139363
TCGA-OR-A5LA	adrenocortical cancer	False	14	0	14	2.70805020110221
TCGA-OR-A5L4	adrenocortical cancer	False	32	0	32	3.4965075614664802
TCGA-OR-A5KP	adrenocortical cancer	False	90	0	90	4.51085950651685
TCGA-P6-A5OG	adrenocortical cancer	False	320	0	320	5.771441123130016
TCGA-OR-A5J2	adrenocortical cancer	False	45	0	45	3.828641396489095
TCGA-OR-A5KT	adrenocortical cancer	False	42	0	42	3.7612001156935624
TCGA-PK-A5HC	adrenocortical cancer	False	87	0	87	4.477336814478207
TCGA-OR-A5LI	adrenocortical cancer	False	87	0	87	4.477336814478207
TCGA-OR-A5KO	adrenocortical cancer	False	40	0	40	3.713572066704308
TCGA-OR-A5KU	adrenocortical cancer	False	31	0	31	3.4657359027997265
TCGA-OR-A5L1	adrenocortical cancer	False	28	0	28	3.367295829986474
TCGA-OR-A5LP	adrenocortical cancer	False	23	0	23	3.1780538303479458
TCGA-OR-A5JL	adrenocortical cancer	False	14	0	14	2.70805020110221
TCGA-OR-A5L8	adrenocortical cancer	False	22	0	22	3.1354942159291497
TCGA-OR-A5LH	adrenocortical cancer	False	10	0	10	2.3978952727983707
TCGA-OR-A5LS	adrenocortical cancer	False	19	0	19	2.995732273553991
TCGA-OR-A5JH	adrenocortical cancer	False	11	0	11	2.4849066497880004
TCGA-OR-A5K2	adrenocortical cancer	False	77	0	77	4.356708826689592
TCGA-OR-A5LN	adrenocortical cancer	False	18	0	18	2.9444389791664403
TCGA-OR-A5J7	adrenocortical cancer	False	63	0	63	4.1588830833596715
TCGA-OR-A5LR	adrenocortical cancer	False	14	0	14	2.70805020110221
TCGA-OR-A5J6	adrenocortical cancer	False	41	0	41	3.7376696182833684
TCGA-PK-A5H9	adrenocortical cancer	False	21	0	21	3.091042453358316
TCGA-OR-A5JO	adrenocortical cancer	False	18	0	18	2.9444389791664403
TCGA-OR-A5JQ	adrenocortical cancer	False	9	0	9	2.302585092994046
TCGA-OR-A5JM	adrenocortical cancer	False	98	0	98	4.59511985013459
TCGA-OR-A5KX	adrenocortical cancer	False	60	0	60	4.110873864173311
TCGA-OR-A5J3	adrenocortical cancer	False	19	0	19	2.995732273553991
TCGA-OR-A5J4	adrenocortical cancer	False	169	0	169	5.135798437050262
TCGA-OR-A5KY	adrenocortical cancer	False	39	0	39	3.6888794541139363
TCGA-OR-A5J9	adrenocortical cancer	False	43	0	43	3.784189633918261
TCGA-OR-A5KQ	adrenocortical cancer	False	13	0	13	2.6390573296152584
TCGA-OR-A5JE	adrenocortical cancer	False	72	0	72	4.290459441148391
TCGA-OR-A5KV	adrenocortical cancer	False	28	0	28	3.367295829986474
TCGA-44-2662	lung adenocarcinoma	False	274	0	274	5.616771097666572
TCGA-44-6146	lung adenocarcinoma	True	49	1	48	3.8918202981106265
TCGA-44-2656	lung adenocarcinoma	True	1085	1	1084	6.98933526597456
TCGA-44-2668	lung adenocarcinoma	True	455	1	454	6.12029741895095
TCGA-44-2666	lung adenocarcinoma	False	43	0	43	3.784189633918261
TCGA-44-6775	lung adenocarcinoma	False	90	0	90	4.51085950651685
TCGA-44-6147	lung adenocarcinoma	False	167	0	167	5.123963979403259
TCGA-44-5645	lung adenocarcinoma	False	46	0	46	3.8501476017100584
TCGA-44-3918	lung adenocarcinoma	False	1213	0	1213	7.101675971619444
TCGA-44-4112	lung adenocarcinoma	False	636	0	636	6.456769655572163
TCGA-44-2665	lung adenocarcinoma	False	63	0	63	4.1588830833596715
TCGA-44-3917	lung adenocarcinoma	False	278	0	278	5.631211781821365
TCGA-B2-5635	kidney clear cell carcinoma	False	88	0	88	4.48863636973214
TCGA-B2-3924	kidney clear cell carcinoma	False	0	0	0	0.0
TCGA-B2-3923	kidney clear cell carcinoma	False	34	0	34	3.5553480614894135
TCGA-B2-5633	kidney clear cell carcinoma	False	73	0	73	4.30406509320417
TCGA-A7-A26E	breast invasive carcinoma	False	70	0	70	4.2626798770413155
TCGA-A7-A13E	breast invasive carcinoma	False	90	0	90	4.51085950651685
TCGA-A7-A0DB	breast invasive carcinoma	False	55	0	55	4.02535169073515
TCGA-A7-A26J	breast invasive carcinoma	False	47	0	47	3.871201010907891
TCGA-A7-A13D	breast invasive carcinoma	False	153	0	153	5.0369526024136295
