Cancer_Type	Gene1	Gene2	N	CLOCK16_Mutated_Patients	Mean_CLOCK16_Genes_Per_Patient	Observed_CoMutation	Permutation_Expected	Observed_Expected_Ratio	Permutation_SD	Permutation_Z	Permutation_P	Direction	FDR_within_cancer	FDR_global	Robust_Significant
bladder urothelial carcinoma	ARNTL	CLOCK	116	116	1.2413793103448276	0	0.33333333333333337	0.0	0.5667226018527451	-0.5881772356415482	1.0	Depleted	1.0	1.0	False
bladder urothelial carcinoma	ARNTL	CRY1	116	116	1.2413793103448276	0	0.33333333333333337	0.0	0.5604567790473393	-0.5947529689977721	1.0	Depleted	1.0	1.0	False
bladder urothelial carcinoma	ARNTL	CRY2	116	116	1.2413793103448276	0	0.33333333333333337	0.0	0.5642483740541592	-0.5907563914421462	1.0	Depleted	1.0	1.0	False
bladder urothelial carcinoma	ARNTL	CSNK1D	116	116	1.2413793103448276	0	0.33333333333333337	0.0	0.566550313675487	-0.5883561005744364	1.0	Depleted	1.0	1.0	False
bladder urothelial carcinoma	ARNTL	CSNK1E	116	116	1.2413793103448276	1	0.33333333333333337	2.9999999999999996	0.5695991172003618	1.1704137989949874	0.2863713628637136	Enriched	0.9676870150822755	1.0	False
bladder urothelial carcinoma	ARNTL	NPAS2	116	116	1.2413793103448276	0	0.33333333333333337	0.0	0.5553202572019194	-0.6002542298977046	1.0	Depleted	1.0	1.0	False
bladder urothelial carcinoma	ARNTL	NR1D1	116	116	1.2413793103448276	0	0.33333333333333337	0.0	0.5721621509263745	-0.5825854310594315	1.0	Depleted	1.0	1.0	False
bladder urothelial carcinoma	ARNTL	NR1D2	116	116	1.2413793103448276	0	0.33333333333333337	0.0	0.5652806331543846	-0.5896776110535813	1.0	Depleted	1.0	1.0	False
bladder urothelial carcinoma	ARNTL	PER1	116	116	1.2413793103448276	0	0.33333333333333337	0.0	0.5681044219713717	-0.586746591721004	1.0	Depleted	1.0	1.0	False
bladder urothelial carcinoma	ARNTL	PER2	116	116	1.2413793103448276	0	0.33333333333333337	0.0	0.5745525224556115	-0.5801616393722924	1.0	Depleted	1.0	1.0	False
bladder urothelial carcinoma	ARNTL	PER3	116	116	1.2413793103448276	1	0.33333333333333337	2.9999999999999996	0.5659596019391337	1.1779403766319763	0.28347165283471654	Enriched	0.9676870150822755	1.0	False
bladder urothelial carcinoma	ARNTL	RORA	116	116	1.2413793103448276	1	0.33333333333333337	2.9999999999999996	0.5708356552761341	1.1678784611731647	0.29177082291770823	Enriched	0.9676870150822755	1.0	False
bladder urothelial carcinoma	ARNTL	RORB	116	116	1.2413793103448276	0	0.33333333333333337	0.0	0.5739938561471625	-0.580726308763612	1.0	Depleted	1.0	1.0	False
bladder urothelial carcinoma	ARNTL	RORC	116	116	1.2413793103448276	0	0.33333333333333337	0.0	0.557206243575741	-0.598222538201016	1.0	Depleted	1.0	1.0	False
bladder urothelial carcinoma	ARNTL	TIMELESS	116	116	1.2413793103448276	0	0.33333333333333337	0.0	0.5595346798061677	-0.5957331071039345	1.0	Depleted	1.0	1.0	False
bladder urothelial carcinoma	CLOCK	CRY1	116	116	1.2413793103448276	1	0.33333333333333337	2.9999999999999996	0.5703223358388444	1.1689296118590842	0.29027097290270976	Enriched	0.9676870150822755	1.0	False
bladder urothelial carcinoma	CLOCK	CRY2	116	116	1.2413793103448276	1	0.33333333333333337	2.9999999999999996	0.5572417893887572	1.196368756546307	0.2782721727827217	Enriched	0.9676870150822755	1.0	False
bladder urothelial carcinoma	CLOCK	CSNK1D	116	116	1.2413793103448276	0	0.33333333333333337	0.0	0.559197881100262	-0.59609191057283	1.0	Depleted	1.0	1.0	False
bladder urothelial carcinoma	CLOCK	CSNK1E	116	116	1.2413793103448276	1	0.33333333333333337	2.9999999999999996	0.5674257195393239	1.1748968080049553	0.28977102289771023	Enriched	0.9676870150822755	1.0	False
bladder urothelial carcinoma	CLOCK	NPAS2	116	116	1.2413793103448276	1	0.33333333333333337	2.9999999999999996	0.5698791329945521	1.1698387045048022	0.2823717628237176	Enriched	0.9676870150822755	1.0	False
bladder urothelial carcinoma	CLOCK	NR1D1	116	116	1.2413793103448276	0	0.33333333333333337	0.0	0.5627924249058023	-0.592284683627583	1.0	Depleted	1.0	1.0	False
bladder urothelial carcinoma	CLOCK	NR1D2	116	116	1.2413793103448276	1	0.33333333333333337	2.9999999999999996	0.5607729367833855	1.1888353073718063	0.28077192280771923	Enriched	0.9676870150822755	1.0	False
bladder urothelial carcinoma	CLOCK	PER1	116	116	1.2413793103448276	0	0.33333333333333337	0.0	0.5637146152236445	-0.5913157550493681	1.0	Depleted	1.0	1.0	False
bladder urothelial carcinoma	CLOCK	PER2	116	116	1.2413793103448276	1	0.33333333333333337	2.9999999999999996	0.5643607359694952	1.18127754851943	0.2916708329167083	Enriched	0.9676870150822755	1.0	False
bladder urothelial carcinoma	CLOCK	PER3	116	116	1.2413793103448276	1	0.33333333333333337	2.9999999999999996	0.5643766845859337	1.1812441670154747	0.28047195280471954	Enriched	0.9676870150822755	1.0	False
bladder urothelial carcinoma	CLOCK	RORA	116	116	1.2413793103448276	1	0.33333333333333337	2.9999999999999996	0.5730707469484905	1.1633234992652466	0.28447155284471554	Enriched	0.9676870150822755	1.0	False
bladder urothelial carcinoma	CLOCK	RORB	116	116	1.2413793103448276	0	0.33333333333333337	0.0	0.5661357089639342	-0.5887869782023738	1.0	Depleted	1.0	1.0	False
bladder urothelial carcinoma	CLOCK	RORC	116	116	1.2413793103448276	0	0.33333333333333337	0.0	0.5624911373772592	-0.5926019294945244	1.0	Depleted	1.0	1.0	False
bladder urothelial carcinoma	CLOCK	TIMELESS	116	116	1.2413793103448276	1	0.33333333333333337	2.9999999999999996	0.5733008175318942	1.162856647469508	0.286971302869713	Enriched	0.9676870150822755	1.0	False
bladder urothelial carcinoma	CRY1	CRY2	116	116	1.2413793103448276	0	0.33333333333333337	0.0	0.5612657587321647	-0.5938957225651808	1.0	Depleted	1.0	1.0	False
bladder urothelial carcinoma	CRY1	CSNK1D	116	116	1.2413793103448276	0	0.33333333333333337	0.0	0.5675177245133086	-0.5873531679018362	1.0	Depleted	1.0	1.0	False
bladder urothelial carcinoma	CRY1	CSNK1E	116	116	1.2413793103448276	0	0.33333333333333337	0.0	0.5668112273912275	-0.5880852693541624	1.0	Depleted	1.0	1.0	False
bladder urothelial carcinoma	CRY1	NPAS2	116	116	1.2413793103448276	1	0.33333333333333337	2.9999999999999996	0.5748457225730014	1.159731455742031	0.29087091290870914	Enriched	0.9676870150822755	1.0	False
bladder urothelial carcinoma	CRY1	NR1D1	116	116	1.2413793103448276	0	0.33333333333333337	0.0	0.5617135499622748	-0.5934222760973459	1.0	Depleted	1.0	1.0	False
bladder urothelial carcinoma	CRY1	NR1D2	116	116	1.2413793103448276	0	0.33333333333333337	0.0	0.5709994343564655	-0.5837717400000766	1.0	Depleted	1.0	1.0	False
bladder urothelial carcinoma	CRY1	PER1	116	116	1.2413793103448276	0	0.33333333333333337	0.0	0.5647137683499637	-0.5902695347898096	1.0	Depleted	1.0	1.0	False
bladder urothelial carcinoma	CRY1	PER2	116	116	1.2413793103448276	0	0.33333333333333337	0.0	0.560443930951147	-0.5947666036237076	1.0	Depleted	1.0	1.0	False
bladder urothelial carcinoma	CRY1	PER3	116	116	1.2413793103448276	0	0.33333333333333337	0.0	0.5731220174488924	-0.5816097151826104	1.0	Depleted	1.0	1.0	False
bladder urothelial carcinoma	CRY1	RORA	116	116	1.2413793103448276	1	0.33333333333333337	2.9999999999999996	0.5692310975379336	1.1711704956917608	0.29447055294470553	Enriched	0.9676870150822755	1.0	False
bladder urothelial carcinoma	CRY1	RORB	116	116	1.2413793103448276	1	0.33333333333333337	2.9999999999999996	0.5584857210619293	1.1937040492262494	0.28947105289471053	Enriched	0.9676870150822755	1.0	False
bladder urothelial carcinoma	CRY1	RORC	116	116	1.2413793103448276	0	0.33333333333333337	0.0	0.5700207473112154	-0.5847740365691333	1.0	Depleted	1.0	1.0	False
bladder urothelial carcinoma	CRY1	TIMELESS	116	116	1.2413793103448276	0	0.33333333333333337	0.0	0.5794626283840654	-0.5752456103388284	1.0	Depleted	1.0	1.0	False
bladder urothelial carcinoma	CRY2	CSNK1D	116	116	1.2413793103448276	0	0.33333333333333337	0.0	0.5682517408720368	-0.5865944780420759	1.0	Depleted	1.0	1.0	False
bladder urothelial carcinoma	CRY2	CSNK1E	116	116	1.2413793103448276	0	0.33333333333333337	0.0	0.5652793239376505	-0.5896789767780355	1.0	Depleted	1.0	1.0	False
bladder urothelial carcinoma	CRY2	NPAS2	116	116	1.2413793103448276	0	0.33333333333333337	0.0	0.5690188206393741	-0.5858037049790121	1.0	Depleted	1.0	1.0	False
bladder urothelial carcinoma	CRY2	NR1D1	116	116	1.2413793103448276	0	0.33333333333333337	0.0	0.5622195292587301	-0.5928882153432549	1.0	Depleted	1.0	1.0	False
bladder urothelial carcinoma	CRY2	NR1D2	116	116	1.2413793103448276	1	0.33333333333333337	2.9999999999999996	0.5615652549379772	1.1871579674926604	0.28157184281571845	Enriched	0.9676870150822755	1.0	False
bladder urothelial carcinoma	CRY2	PER1	116	116	1.2413793103448276	0	0.33333333333333337	0.0	0.5658024860720609	-0.589133737547558	1.0	Depleted	1.0	1.0	False
bladder urothelial carcinoma	CRY2	PER2	116	116	1.2413793103448276	0	0.33333333333333337	0.0	0.5621737755671226	-0.592936468793952	1.0	Depleted	1.0	1.0	False
bladder urothelial carcinoma	CRY2	PER3	116	116	1.2413793103448276	1	0.33333333333333337	2.9999999999999996	0.568548049586373	1.1725775282347313	0.29387061293870614	Enriched	0.9676870150822755	1.0	False
bladder urothelial carcinoma	CRY2	RORA	116	116	1.2413793103448276	0	0.33333333333333337	0.0	0.5541211194508853	-0.6015532013355764	1.0	Depleted	1.0	1.0	False
bladder urothelial carcinoma	CRY2	RORB	116	116	1.2413793103448276	0	0.33333333333333337	0.0	0.5724126794783312	-0.5823304501869473	1.0	Depleted	1.0	1.0	False
bladder urothelial carcinoma	CRY2	RORC	116	116	1.2413793103448276	1	0.33333333333333337	2.9999999999999996	0.5754259478874325	1.1585620514928239	0.2963703629637036	Enriched	0.9676870150822755	1.0	False
bladder urothelial carcinoma	CRY2	TIMELESS	116	116	1.2413793103448276	2	0.33333333333333337	5.999999999999999	0.5706507813290219	2.920642047987859	0.0435956404359564	Enriched	0.9676870150822755	1.0	False
bladder urothelial carcinoma	CSNK1D	CSNK1E	116	116	1.2413793103448276	0	0.33333333333333337	0.0	0.5690712909762901	-0.585749691855781	1.0	Depleted	1.0	1.0	False
bladder urothelial carcinoma	CSNK1D	NPAS2	116	116	1.2413793103448276	0	0.33333333333333337	0.0	0.5611739940741752	-0.5939928379668887	1.0	Depleted	1.0	1.0	False
bladder urothelial carcinoma	CSNK1D	NR1D1	116	116	1.2413793103448276	0	0.33333333333333337	0.0	0.57316515231579	-0.5815659448006368	1.0	Depleted	1.0	1.0	False
bladder urothelial carcinoma	CSNK1D	NR1D2	116	116	1.2413793103448276	0	0.33333333333333337	0.0	0.5707262766408121	-0.58405114146009	1.0	Depleted	1.0	1.0	False
bladder urothelial carcinoma	CSNK1D	PER1	116	116	1.2413793103448276	0	0.33333333333333337	0.0	0.5642466016049563	-0.5907582471656757	1.0	Depleted	1.0	1.0	False
bladder urothelial carcinoma	CSNK1D	PER2	116	116	1.2413793103448276	0	0.33333333333333337	0.0	0.5650747923523887	-0.5898924139682061	1.0	Depleted	1.0	1.0	False
bladder urothelial carcinoma	CSNK1D	PER3	116	116	1.2413793103448276	0	0.33333333333333337	0.0	0.5673868457968323	-0.5874886522355016	1.0	Depleted	1.0	1.0	False
bladder urothelial carcinoma	CSNK1D	RORA	116	116	1.2413793103448276	0	0.33333333333333337	0.0	0.5738364652310647	-0.5808855894145926	1.0	Depleted	1.0	1.0	False
bladder urothelial carcinoma	CSNK1D	RORB	116	116	1.2413793103448276	2	0.33333333333333337	5.999999999999999	0.5638837703735133	2.9556918539483346	0.04129587041295871	Enriched	0.9676870150822755	1.0	False
bladder urothelial carcinoma	CSNK1D	RORC	116	116	1.2413793103448276	0	0.33333333333333337	0.0	0.5706652310072763	-0.5841136190213824	1.0	Depleted	1.0	1.0	False
bladder urothelial carcinoma	CSNK1D	TIMELESS	116	116	1.2413793103448276	0	0.33333333333333337	0.0	0.5591714471168275	-0.5961200899152673	1.0	Depleted	1.0	1.0	False
bladder urothelial carcinoma	CSNK1E	NPAS2	116	116	1.2413793103448276	0	0.33333333333333337	0.0	0.5633804218731558	-0.5916665194453328	1.0	Depleted	1.0	1.0	False
bladder urothelial carcinoma	CSNK1E	NR1D1	116	116	1.2413793103448276	0	0.33333333333333337	0.0	0.5626533727631856	-0.5924310587464114	1.0	Depleted	1.0	1.0	False
bladder urothelial carcinoma	CSNK1E	NR1D2	116	116	1.2413793103448276	0	0.33333333333333337	0.0	0.5710555581071289	-0.5837143664939177	1.0	Depleted	1.0	1.0	False
bladder urothelial carcinoma	CSNK1E	PER1	116	116	1.2413793103448276	0	0.33333333333333337	0.0	0.5731771220149319	-0.5815537999171043	1.0	Depleted	1.0	1.0	False
bladder urothelial carcinoma	CSNK1E	PER2	116	116	1.2413793103448276	2	0.33333333333333337	5.999999999999999	0.5648375820972034	2.9507007314889475	0.0418958104189581	Enriched	0.9676870150822755	1.0	False
bladder urothelial carcinoma	CSNK1E	PER3	116	116	1.2413793103448276	0	0.33333333333333337	0.0	0.5721053840482938	-0.5826432378150724	1.0	Depleted	1.0	1.0	False
bladder urothelial carcinoma	CSNK1E	RORA	116	116	1.2413793103448276	0	0.33333333333333337	0.0	0.5655350501863691	-0.5894123330171758	1.0	Depleted	1.0	1.0	False
bladder urothelial carcinoma	CSNK1E	RORB	116	116	1.2413793103448276	0	0.33333333333333337	0.0	0.5668824618671469	-0.5880113705324906	1.0	Depleted	1.0	1.0	False
bladder urothelial carcinoma	CSNK1E	RORC	116	116	1.2413793103448276	0	0.33333333333333337	0.0	0.5606084357034045	-0.5945920755100566	1.0	Depleted	1.0	1.0	False
bladder urothelial carcinoma	CSNK1E	TIMELESS	116	116	1.2413793103448276	0	0.33333333333333337	0.0	0.5630235692703773	-0.5920415263703797	1.0	Depleted	1.0	1.0	False
bladder urothelial carcinoma	NPAS2	NR1D1	116	116	1.2413793103448276	0	0.33333333333333337	0.0	0.5716019881729667	-0.5831563574486146	1.0	Depleted	1.0	1.0	False
bladder urothelial carcinoma	NPAS2	NR1D2	116	116	1.2413793103448276	1	0.33333333333333337	2.9999999999999996	0.5699947362914328	1.1696014440487856	0.2813718628137186	Enriched	0.9676870150822755	1.0	False
bladder urothelial carcinoma	NPAS2	PER1	116	116	1.2413793103448276	1	0.33333333333333337	2.9999999999999996	0.5670252126309515	1.175726672846498	0.29257074292570745	Enriched	0.9676870150822755	1.0	False
bladder urothelial carcinoma	NPAS2	PER2	116	116	1.2413793103448276	1	0.33333333333333337	2.9999999999999996	0.5625856825986835	1.185004679797777	0.28217178282171784	Enriched	0.9676870150822755	1.0	False
bladder urothelial carcinoma	NPAS2	PER3	116	116	1.2413793103448276	1	0.33333333333333337	2.9999999999999996	0.5686621559984157	1.1723422415831095	0.2872712728727127	Enriched	0.9676870150822755	1.0	False
bladder urothelial carcinoma	NPAS2	RORA	116	116	1.2413793103448276	1	0.33333333333333337	2.9999999999999996	0.5727210847734648	1.1640337406651637	0.28657134286571345	Enriched	0.9676870150822755	1.0	False
bladder urothelial carcinoma	NPAS2	RORB	116	116	1.2413793103448276	0	0.33333333333333337	0.0	0.5682064113089408	-0.586641274542212	1.0	Depleted	1.0	1.0	False
bladder urothelial carcinoma	NPAS2	RORC	116	116	1.2413793103448276	0	0.33333333333333337	0.0	0.5708119941217628	-0.5839634358878387	1.0	Depleted	1.0	1.0	False
bladder urothelial carcinoma	NPAS2	TIMELESS	116	116	1.2413793103448276	1	0.33333333333333337	2.9999999999999996	0.5587707781176892	1.1930950807993976	0.2830716928307169	Enriched	0.9676870150822755	1.0	False
bladder urothelial carcinoma	NR1D1	NR1D2	116	116	1.2413793103448276	1	0.33333333333333337	2.9999999999999996	0.5606604980015999	1.1890737247280871	0.2896710328967103	Enriched	0.9676870150822755	1.0	False
bladder urothelial carcinoma	NR1D1	PER1	116	116	1.2413793103448276	0	0.33333333333333337	0.0	0.5746105879052119	-0.5801030129788005	1.0	Depleted	1.0	1.0	False
bladder urothelial carcinoma	NR1D1	PER2	116	116	1.2413793103448276	0	0.33333333333333337	0.0	0.5587449593445648	-0.5965751059738412	1.0	Depleted	1.0	1.0	False
bladder urothelial carcinoma	NR1D1	PER3	116	116	1.2413793103448276	0	0.33333333333333337	0.0	0.5684088483318026	-0.5864323440981228	1.0	Depleted	1.0	1.0	False
bladder urothelial carcinoma	NR1D1	RORA	116	116	1.2413793103448276	0	0.33333333333333337	0.0	0.5742333797311332	-0.5804840768563581	1.0	Depleted	1.0	1.0	False
bladder urothelial carcinoma	NR1D1	RORB	116	116	1.2413793103448276	0	0.33333333333333337	0.0	0.5737783214414915	-0.580944453418712	1.0	Depleted	1.0	1.0	False
bladder urothelial carcinoma	NR1D1	RORC	116	116	1.2413793103448276	0	0.33333333333333337	0.0	0.5523162276463839	-0.6035189926498908	1.0	Depleted	1.0	1.0	False
bladder urothelial carcinoma	NR1D1	TIMELESS	116	116	1.2413793103448276	1	0.33333333333333337	2.9999999999999996	0.5613573480477659	1.187597648779579	0.28477152284771523	Enriched	0.9676870150822755	1.0	False
bladder urothelial carcinoma	NR1D2	PER1	116	116	1.2413793103448276	0	0.33333333333333337	0.0	0.5638621764717027	-0.5911610092720266	1.0	Depleted	1.0	1.0	False
bladder urothelial carcinoma	NR1D2	PER2	116	116	1.2413793103448276	0	0.33333333333333337	0.0	0.560091394539341	-0.5951409655338312	1.0	Depleted	1.0	1.0	False
bladder urothelial carcinoma	NR1D2	PER3	116	116	1.2413793103448276	1	0.33333333333333337	2.9999999999999996	0.5677353189112282	1.1742561092467587	0.29327067293270676	Enriched	0.9676870150822755	1.0	False
bladder urothelial carcinoma	NR1D2	RORA	116	116	1.2413793103448276	1	0.33333333333333337	2.9999999999999996	0.5650423765424404	1.179852510790566	0.290970902909709	Enriched	0.9676870150822755	1.0	False
bladder urothelial carcinoma	NR1D2	RORB	116	116	1.2413793103448276	0	0.33333333333333337	0.0	0.5723694616941648	-0.5823744200934395	1.0	Depleted	1.0	1.0	False
bladder urothelial carcinoma	NR1D2	RORC	116	116	1.2413793103448276	0	0.33333333333333337	0.0	0.5726076998764474	-0.5821321183862133	1.0	Depleted	1.0	1.0	False
bladder urothelial carcinoma	NR1D2	TIMELESS	116	116	1.2413793103448276	1	0.33333333333333337	2.9999999999999996	0.5661773977160943	1.1774872493249227	0.2833716628337166	Enriched	0.9676870150822755	1.0	False
bladder urothelial carcinoma	PER1	PER2	116	116	1.2413793103448276	0	0.33333333333333337	0.0	0.5726003380323064	-0.5821396027791492	1.0	Depleted	1.0	1.0	False
bladder urothelial carcinoma	PER1	PER3	116	116	1.2413793103448276	1	0.33333333333333337	2.9999999999999996	0.5854869080448761	1.1386534139471625	0.29317068293170684	Enriched	0.9676870150822755	1.0	False
bladder urothelial carcinoma	PER1	RORA	116	116	1.2413793103448276	0	0.33333333333333337	0.0	0.5537958640021597	-0.6019065056290008	1.0	Depleted	1.0	1.0	False
bladder urothelial carcinoma	PER1	RORB	116	116	1.2413793103448276	0	0.33333333333333337	0.0	0.5589298706099236	-0.5963777405018424	1.0	Depleted	1.0	1.0	False
bladder urothelial carcinoma	PER1	RORC	116	116	1.2413793103448276	0	0.33333333333333337	0.0	0.5607903428027787	-0.5943992039295183	1.0	Depleted	1.0	1.0	False
bladder urothelial carcinoma	PER1	TIMELESS	116	116	1.2413793103448276	1	0.33333333333333337	2.9999999999999996	0.5667182959484335	1.176363409180154	0.2850714928507149	Enriched	0.9676870150822755	1.0	False
bladder urothelial carcinoma	PER2	PER3	116	116	1.2413793103448276	0	0.33333333333333337	0.0	0.5675402718715382	-0.5873298334127429	1.0	Depleted	1.0	1.0	False
bladder urothelial carcinoma	PER2	RORA	116	116	1.2413793103448276	0	0.33333333333333337	0.0	0.5707835135863143	-0.5839925740653448	1.0	Depleted	1.0	1.0	False
bladder urothelial carcinoma	PER2	RORB	116	116	1.2413793103448276	0	0.33333333333333337	0.0	0.569920802368274	-0.584876586269856	1.0	Depleted	1.0	1.0	False
bladder urothelial carcinoma	PER2	RORC	116	116	1.2413793103448276	0	0.33333333333333337	0.0	0.5688658548692157	-0.5859612252698273	1.0	Depleted	1.0	1.0	False
bladder urothelial carcinoma	PER2	TIMELESS	116	116	1.2413793103448276	0	0.33333333333333337	0.0	0.5645379175095597	-0.5904534009049778	1.0	Depleted	1.0	1.0	False
bladder urothelial carcinoma	PER3	RORA	116	116	1.2413793103448276	1	0.33333333333333337	2.9999999999999996	0.5705777036404324	1.1684064456307388	0.2983701629837016	Enriched	0.9676870150822755	1.0	False
bladder urothelial carcinoma	PER3	RORB	116	116	1.2413793103448276	1	0.33333333333333337	2.9999999999999996	0.5635931810511663	1.182886324889979	0.29157084291570845	Enriched	0.9676870150822755	1.0	False
bladder urothelial carcinoma	PER3	RORC	116	116	1.2413793103448276	0	0.33333333333333337	0.0	0.5844624877953795	-0.5703245978893918	1.0	Depleted	1.0	1.0	False
bladder urothelial carcinoma	PER3	TIMELESS	116	116	1.2413793103448276	1	0.33333333333333337	2.9999999999999996	0.5613755910755521	1.1875590554077795	0.290970902909709	Enriched	0.9676870150822755	1.0	False
bladder urothelial carcinoma	RORA	RORB	116	116	1.2413793103448276	0	0.33333333333333337	0.0	0.5588269309489974	-0.596487597273217	1.0	Depleted	1.0	1.0	False
bladder urothelial carcinoma	RORA	RORC	116	116	1.2413793103448276	0	0.33333333333333337	0.0	0.5655758018150705	-0.5893698638866541	1.0	Depleted	1.0	1.0	False
bladder urothelial carcinoma	RORA	TIMELESS	116	116	1.2413793103448276	0	0.33333333333333337	0.0	0.5564518971765547	-0.5990335103980626	1.0	Depleted	1.0	1.0	False
bladder urothelial carcinoma	RORB	RORC	116	116	1.2413793103448276	0	0.33333333333333337	0.0	0.5664593962719326	-0.588450532424948	1.0	Depleted	1.0	1.0	False
bladder urothelial carcinoma	RORB	TIMELESS	116	116	1.2413793103448276	0	0.33333333333333337	0.0	0.5746771140201581	-0.5800358587477018	1.0	Depleted	1.0	1.0	False
bladder urothelial carcinoma	RORC	TIMELESS	116	116	1.2413793103448276	0	0.33333333333333337	0.0	0.5611080058414974	-0.5940626935690058	1.0	Depleted	1.0	1.0	False
breast invasive carcinoma	ARNTL	CLOCK	58	58	1.3620689655172413	0	0.2583333333333333	0.0	0.4952893812278996	-0.5215806014110068	1.0	Depleted	1.0	1.0	False
breast invasive carcinoma	ARNTL	CRY1	58	58	1.3620689655172413	0	0.2583333333333333	0.0	0.5010652119581477	-0.5155682876561605	1.0	Depleted	1.0	1.0	False
breast invasive carcinoma	ARNTL	CRY2	58	58	1.3620689655172413	0	0.2583333333333333	0.0	0.49748923561616426	-0.5192742170860745	1.0	Depleted	1.0	1.0	False
breast invasive carcinoma	ARNTL	CSNK1D	58	58	1.3620689655172413	0	0.2583333333333333	0.0	0.5047405633626352	-0.5118140923968726	1.0	Depleted	1.0	1.0	False
breast invasive carcinoma	ARNTL	CSNK1E	58	58	1.3620689655172413	0	0.2583333333333333	0.0	0.49083607447415734	-0.5263128501915656	1.0	Depleted	1.0	1.0	False
breast invasive carcinoma	ARNTL	NPAS2	58	58	1.3620689655172413	0	0.2583333333333333	0.0	0.5081793626530524	-0.5083506972511679	1.0	Depleted	1.0	1.0	False
breast invasive carcinoma	ARNTL	NR1D1	58	58	1.3620689655172413	0	0.2583333333333333	0.0	0.49794737187630167	-0.5187964590713967	1.0	Depleted	1.0	1.0	False
breast invasive carcinoma	ARNTL	NR1D2	58	58	1.3620689655172413	0	0.2583333333333333	0.0	0.49907521237460856	-0.5176240513011632	1.0	Depleted	1.0	1.0	False
breast invasive carcinoma	ARNTL	PER1	58	58	1.3620689655172413	0	0.2583333333333333	0.0	0.5006701279861879	-0.5159751279198745	1.0	Depleted	1.0	1.0	False
breast invasive carcinoma	ARNTL	PER2	58	58	1.3620689655172413	0	0.2583333333333333	0.0	0.48576470305557756	-0.5318075432577832	1.0	Depleted	1.0	1.0	False
breast invasive carcinoma	ARNTL	PER3	58	58	1.3620689655172413	0	0.2583333333333333	0.0	0.5077856089162652	-0.5087448891761187	1.0	Depleted	1.0	1.0	False
breast invasive carcinoma	ARNTL	RORA	58	58	1.3620689655172413	0	0.2583333333333333	0.0	0.4903187547383077	-0.5268681461536396	1.0	Depleted	1.0	1.0	False
breast invasive carcinoma	ARNTL	RORB	58	58	1.3620689655172413	0	0.2583333333333333	0.0	0.5072302418545499	-0.5093019146271869	1.0	Depleted	1.0	1.0	False
breast invasive carcinoma	ARNTL	RORC	58	58	1.3620689655172413	0	0.2583333333333333	0.0	0.4977944755960972	-0.5189558060562749	1.0	Depleted	1.0	1.0	False
breast invasive carcinoma	ARNTL	TIMELESS	58	58	1.3620689655172413	0	0.2583333333333333	0.0	0.49414109072384804	-0.5227926561519319	1.0	Depleted	1.0	1.0	False
breast invasive carcinoma	CLOCK	CRY1	58	58	1.3620689655172413	0	0.2583333333333333	0.0	0.4991752373583441	-0.5175203295348622	1.0	Depleted	1.0	1.0	False
breast invasive carcinoma	CLOCK	CRY2	58	58	1.3620689655172413	0	0.2583333333333333	0.0	0.5038503116141255	-0.5127184153280394	1.0	Depleted	1.0	1.0	False
breast invasive carcinoma	CLOCK	CSNK1D	58	58	1.3620689655172413	0	0.2583333333333333	0.0	0.5082025452343762	-0.508327507911621	1.0	Depleted	1.0	1.0	False
breast invasive carcinoma	CLOCK	CSNK1E	58	58	1.3620689655172413	0	0.2583333333333333	0.0	0.49336137925972123	-0.5236188809933953	1.0	Depleted	1.0	1.0	False
breast invasive carcinoma	CLOCK	NPAS2	58	58	1.3620689655172413	0	0.2583333333333333	0.0	0.4995037040854047	-0.517180015324098	1.0	Depleted	1.0	1.0	False
breast invasive carcinoma	CLOCK	NR1D1	58	58	1.3620689655172413	0	0.2583333333333333	0.0	0.4954233486922502	-0.5214395607620145	1.0	Depleted	1.0	1.0	False
breast invasive carcinoma	CLOCK	NR1D2	58	58	1.3620689655172413	0	0.2583333333333333	0.0	0.49717316713174653	-0.5196043358970683	1.0	Depleted	1.0	1.0	False
breast invasive carcinoma	CLOCK	PER1	58	58	1.3620689655172413	0	0.2583333333333333	0.0	0.49515201458921193	-0.5217252999518781	1.0	Depleted	1.0	1.0	False
breast invasive carcinoma	CLOCK	PER2	58	58	1.3620689655172413	1	0.2583333333333333	3.8709677419354844	0.5012942445230737	1.4795036543303641	0.23107689231076892	Enriched	1.0	1.0	False
breast invasive carcinoma	CLOCK	PER3	58	58	1.3620689655172413	0	0.2583333333333333	0.0	0.5022425059206711	-0.5143597570655178	1.0	Depleted	1.0	1.0	False
breast invasive carcinoma	CLOCK	RORA	58	58	1.3620689655172413	0	0.2583333333333333	0.0	0.4835010727275927	-0.534297332322321	1.0	Depleted	1.0	1.0	False
breast invasive carcinoma	CLOCK	RORB	58	58	1.3620689655172413	0	0.2583333333333333	0.0	0.49934350340566097	-0.5173459383599235	1.0	Depleted	1.0	1.0	False
breast invasive carcinoma	CLOCK	RORC	58	58	1.3620689655172413	0	0.2583333333333333	0.0	0.499446948859909	-0.5172387856668913	1.0	Depleted	1.0	1.0	False
breast invasive carcinoma	CLOCK	TIMELESS	58	58	1.3620689655172413	2	0.2583333333333333	7.741935483870969	0.5014797485380834	3.4730548376958055	0.025597440255974404	Enriched	0.6167383261673833	1.0	False
breast invasive carcinoma	CRY1	CRY2	58	58	1.3620689655172413	0	0.2583333333333333	0.0	0.5042154929455585	-0.5123470757000842	1.0	Depleted	1.0	1.0	False
breast invasive carcinoma	CRY1	CSNK1D	58	58	1.3620689655172413	1	0.2583333333333333	3.8709677419354844	0.500303328333956	1.482434004859546	0.23677632236776322	Enriched	1.0	1.0	False
breast invasive carcinoma	CRY1	CSNK1E	58	58	1.3620689655172413	0	0.2583333333333333	0.0	0.4981018475623781	-0.5186355653920393	1.0	Depleted	1.0	1.0	False
breast invasive carcinoma	CRY1	NPAS2	58	58	1.3620689655172413	1	0.2583333333333333	3.8709677419354844	0.4943407198226011	1.5003147362265057	0.22457754224577542	Enriched	1.0	1.0	False
breast invasive carcinoma	CRY1	NR1D1	58	58	1.3620689655172413	0	0.2583333333333333	0.0	0.4955758262263747	-0.5212791255385587	1.0	Depleted	1.0	1.0	False
breast invasive carcinoma	CRY1	NR1D2	58	58	1.3620689655172413	0	0.2583333333333333	0.0	0.4983819704391862	-0.5183440586859187	1.0	Depleted	1.0	1.0	False
breast invasive carcinoma	CRY1	PER1	58	58	1.3620689655172413	1	0.2583333333333333	3.8709677419354844	0.49580502444229646	1.4958837246575432	0.2248775122487751	Enriched	1.0	1.0	False
breast invasive carcinoma	CRY1	PER2	58	58	1.3620689655172413	0	0.2583333333333333	0.0	0.5008640898324099	-0.5157753142569517	1.0	Depleted	1.0	1.0	False
breast invasive carcinoma	CRY1	PER3	58	58	1.3620689655172413	0	0.2583333333333333	0.0	0.5076450732076844	-0.5088857293561199	1.0	Depleted	1.0	1.0	False
breast invasive carcinoma	CRY1	RORA	58	58	1.3620689655172413	0	0.2583333333333333	0.0	0.494631646830856	-0.5222741710695128	1.0	Depleted	1.0	1.0	False
breast invasive carcinoma	CRY1	RORB	58	58	1.3620689655172413	0	0.2583333333333333	0.0	0.48816783054916507	-0.5291895884305217	1.0	Depleted	1.0	1.0	False
breast invasive carcinoma	CRY1	RORC	58	58	1.3620689655172413	0	0.2583333333333333	0.0	0.49904443142314836	-0.5176559782395168	1.0	Depleted	1.0	1.0	False
breast invasive carcinoma	CRY1	TIMELESS	58	58	1.3620689655172413	1	0.2583333333333333	3.8709677419354844	0.49327916278030975	1.5035434752328682	0.22417758224177584	Enriched	1.0	1.0	False
breast invasive carcinoma	CRY2	CSNK1D	58	58	1.3620689655172413	0	0.2583333333333333	0.0	0.49616636132028397	-0.5206587013394378	1.0	Depleted	1.0	1.0	False
breast invasive carcinoma	CRY2	CSNK1E	58	58	1.3620689655172413	0	0.2583333333333333	0.0	0.4988747814880609	-0.5178320150053841	1.0	Depleted	1.0	1.0	False
breast invasive carcinoma	CRY2	NPAS2	58	58	1.3620689655172413	1	0.2583333333333333	3.8709677419354844	0.49302030069936287	1.5043329161387313	0.2268773122687731	Enriched	1.0	1.0	False
breast invasive carcinoma	CRY2	NR1D1	58	58	1.3620689655172413	0	0.2583333333333333	0.0	0.5038046565020924	-0.5127648782108079	1.0	Depleted	1.0	1.0	False
breast invasive carcinoma	CRY2	NR1D2	58	58	1.3620689655172413	0	0.2583333333333333	0.0	0.5006606296750431	-0.5159849167708797	1.0	Depleted	1.0	1.0	False
breast invasive carcinoma	CRY2	PER1	58	58	1.3620689655172413	0	0.2583333333333333	0.0	0.4986062783620782	-0.5181108713310999	1.0	Depleted	1.0	1.0	False
breast invasive carcinoma	CRY2	PER2	58	58	1.3620689655172413	0	0.2583333333333333	0.0	0.4954885880563642	-0.5213709045180808	1.0	Depleted	1.0	1.0	False
breast invasive carcinoma	CRY2	PER3	58	58	1.3620689655172413	0	0.2583333333333333	0.0	0.4959408792745095	-0.5208954214688613	1.0	Depleted	1.0	1.0	False
breast invasive carcinoma	CRY2	RORA	58	58	1.3620689655172413	0	0.2583333333333333	0.0	0.4967893718347815	-0.5200057569251861	1.0	Depleted	1.0	1.0	False
breast invasive carcinoma	CRY2	RORB	58	58	1.3620689655172413	0	0.2583333333333333	0.0	0.49935130436649233	-0.5173378562835053	1.0	Depleted	1.0	1.0	False
breast invasive carcinoma	CRY2	RORC	58	58	1.3620689655172413	1	0.2583333333333333	3.8709677419354844	0.49532164737010576	1.497343535467351	0.23407659234076592	Enriched	1.0	1.0	False
breast invasive carcinoma	CRY2	TIMELESS	58	58	1.3620689655172413	0	0.2583333333333333	0.0	0.49296322507275064	-0.5240417949943608	1.0	Depleted	1.0	1.0	False
breast invasive carcinoma	CSNK1D	CSNK1E	58	58	1.3620689655172413	0	0.2583333333333333	0.0	0.5124334286537913	-0.5041305248410476	1.0	Depleted	1.0	1.0	False
breast invasive carcinoma	CSNK1D	NPAS2	58	58	1.3620689655172413	1	0.2583333333333333	3.8709677419354844	0.5022037244566051	1.4768243056523833	0.2328767123287671	Enriched	1.0	1.0	False
breast invasive carcinoma	CSNK1D	NR1D1	58	58	1.3620689655172413	0	0.2583333333333333	0.0	0.4967652137255152	-0.5200310452415735	1.0	Depleted	1.0	1.0	False
breast invasive carcinoma	CSNK1D	NR1D2	58	58	1.3620689655172413	0	0.2583333333333333	0.0	0.5023086117061297	-0.5142920653020149	1.0	Depleted	1.0	1.0	False
breast invasive carcinoma	CSNK1D	PER1	58	58	1.3620689655172413	1	0.2583333333333333	3.8709677419354844	0.4909917486982128	1.5105481276071928	0.22577742225777422	Enriched	1.0	1.0	False
breast invasive carcinoma	CSNK1D	PER2	58	58	1.3620689655172413	0	0.2583333333333333	0.0	0.5017780167741626	-0.514835892959421	1.0	Depleted	1.0	1.0	False
breast invasive carcinoma	CSNK1D	PER3	58	58	1.3620689655172413	0	0.2583333333333333	0.0	0.5009904780990498	-0.5156451961193935	1.0	Depleted	1.0	1.0	False
breast invasive carcinoma	CSNK1D	RORA	58	58	1.3620689655172413	0	0.2583333333333333	0.0	0.49483257363232747	-0.5220621016054638	1.0	Depleted	1.0	1.0	False
breast invasive carcinoma	CSNK1D	RORB	58	58	1.3620689655172413	0	0.2583333333333333	0.0	0.49771023854061397	-0.5190436389068835	1.0	Depleted	1.0	1.0	False
breast invasive carcinoma	CSNK1D	RORC	58	58	1.3620689655172413	0	0.2583333333333333	0.0	0.49204801709295864	-0.5250165113144404	1.0	Depleted	1.0	1.0	False
breast invasive carcinoma	CSNK1D	TIMELESS	58	58	1.3620689655172413	1	0.2583333333333333	3.8709677419354844	0.4945699747720181	1.4996192743171535	0.22907709229077092	Enriched	1.0	1.0	False
breast invasive carcinoma	CSNK1E	NPAS2	58	58	1.3620689655172413	0	0.2583333333333333	0.0	0.5059735081198342	-0.5105669154365092	1.0	Depleted	1.0	1.0	False
breast invasive carcinoma	CSNK1E	NR1D1	58	58	1.3620689655172413	0	0.2583333333333333	0.0	0.49686283546641596	-0.5199288714979662	1.0	Depleted	1.0	1.0	False
breast invasive carcinoma	CSNK1E	NR1D2	58	58	1.3620689655172413	0	0.2583333333333333	0.0	0.50243243708521	-0.5141653170961995	1.0	Depleted	1.0	1.0	False
breast invasive carcinoma	CSNK1E	PER1	58	58	1.3620689655172413	1	0.2583333333333333	3.8709677419354844	0.5038205370103042	1.472085022710176	0.23727627237276272	Enriched	1.0	1.0	False
breast invasive carcinoma	CSNK1E	PER2	58	58	1.3620689655172413	1	0.2583333333333333	3.8709677419354844	0.495272974764375	1.4974906858576584	0.23427657234276572	Enriched	1.0	1.0	False
breast invasive carcinoma	CSNK1E	PER3	58	58	1.3620689655172413	0	0.2583333333333333	0.0	0.4964913396677091	-0.5203179042483002	1.0	Depleted	1.0	1.0	False
breast invasive carcinoma	CSNK1E	RORA	58	58	1.3620689655172413	0	0.2583333333333333	0.0	0.49569306144136827	-0.5211558390229547	1.0	Depleted	1.0	1.0	False
breast invasive carcinoma	CSNK1E	RORB	58	58	1.3620689655172413	0	0.2583333333333333	0.0	0.49545767511542604	-0.521403434255307	1.0	Depleted	1.0	1.0	False
breast invasive carcinoma	CSNK1E	RORC	58	58	1.3620689655172413	0	0.2583333333333333	0.0	0.49601657557416806	-0.520815928448152	1.0	Depleted	1.0	1.0	False
breast invasive carcinoma	CSNK1E	TIMELESS	58	58	1.3620689655172413	0	0.2583333333333333	0.0	0.49499266840446987	-0.5218932518051828	1.0	Depleted	1.0	1.0	False
breast invasive carcinoma	NPAS2	NR1D1	58	58	1.3620689655172413	0	0.2583333333333333	0.0	0.4965954296024785	-0.5202088419140859	1.0	Depleted	1.0	1.0	False
breast invasive carcinoma	NPAS2	NR1D2	58	58	1.3620689655172413	0	0.2583333333333333	0.0	0.49652421253083207	-0.5202834561009286	1.0	Depleted	1.0	1.0	False
breast invasive carcinoma	NPAS2	PER1	58	58	1.3620689655172413	1	0.2583333333333333	3.8709677419354844	0.49108087525641253	1.5102739773350236	0.22917708229177083	Enriched	1.0	1.0	False
breast invasive carcinoma	NPAS2	PER2	58	58	1.3620689655172413	1	0.2583333333333333	3.8709677419354844	0.4947184902936859	1.4991690854861355	0.2298770122987701	Enriched	1.0	1.0	False
breast invasive carcinoma	NPAS2	PER3	58	58	1.3620689655172413	0	0.2583333333333333	0.0	0.4982295286976943	-0.5185026548076792	1.0	Depleted	1.0	1.0	False
breast invasive carcinoma	NPAS2	RORA	58	58	1.3620689655172413	0	0.2583333333333333	0.0	0.503213356706911	-0.5133674015012197	1.0	Depleted	1.0	1.0	False
breast invasive carcinoma	NPAS2	RORB	58	58	1.3620689655172413	0	0.2583333333333333	0.0	0.5019364840529151	-0.514673353184861	1.0	Depleted	1.0	1.0	False
breast invasive carcinoma	NPAS2	RORC	58	58	1.3620689655172413	1	0.2583333333333333	3.8709677419354844	0.5025228879616256	1.4758863415656065	0.23647635236476353	Enriched	1.0	1.0	False
breast invasive carcinoma	NPAS2	TIMELESS	58	58	1.3620689655172413	1	0.2583333333333333	3.8709677419354844	0.49113656096054503	1.5101027405008192	0.22807719228077192	Enriched	1.0	1.0	False
breast invasive carcinoma	NR1D1	NR1D2	58	58	1.3620689655172413	0	0.2583333333333333	0.0	0.4919575614056789	-0.5251130455139117	1.0	Depleted	1.0	1.0	False
breast invasive carcinoma	NR1D1	PER1	58	58	1.3620689655172413	0	0.2583333333333333	0.0	0.4863743064724941	-0.5311409955162646	1.0	Depleted	1.0	1.0	False
breast invasive carcinoma	NR1D1	PER2	58	58	1.3620689655172413	1	0.2583333333333333	3.8709677419354844	0.4933281334616205	1.5033942245752059	0.2253774622537746	Enriched	1.0	1.0	False
breast invasive carcinoma	NR1D1	PER3	58	58	1.3620689655172413	1	0.2583333333333333	3.8709677419354844	0.4930233840354031	1.5043235081389346	0.22597740225977403	Enriched	1.0	1.0	False
breast invasive carcinoma	NR1D1	RORA	58	58	1.3620689655172413	0	0.2583333333333333	0.0	0.4964809053014354	-0.5203288395884788	1.0	Depleted	1.0	1.0	False
breast invasive carcinoma	NR1D1	RORB	58	58	1.3620689655172413	0	0.2583333333333333	0.0	0.4861762918311359	-0.531357323822488	1.0	Depleted	1.0	1.0	False
breast invasive carcinoma	NR1D1	RORC	58	58	1.3620689655172413	0	0.2583333333333333	0.0	0.49006155330999307	-0.5271446649680802	1.0	Depleted	1.0	1.0	False
breast invasive carcinoma	NR1D1	TIMELESS	58	58	1.3620689655172413	0	0.2583333333333333	0.0	0.5069805646465089	-0.5095527350510086	1.0	Depleted	1.0	1.0	False
breast invasive carcinoma	NR1D2	PER1	58	58	1.3620689655172413	0	0.2583333333333333	0.0	0.5058328050677104	-0.5107089353343799	1.0	Depleted	1.0	1.0	False
breast invasive carcinoma	NR1D2	PER2	58	58	1.3620689655172413	0	0.2583333333333333	0.0	0.5090222592048766	-0.5075089127474808	1.0	Depleted	1.0	1.0	False
breast invasive carcinoma	NR1D2	PER3	58	58	1.3620689655172413	0	0.2583333333333333	0.0	0.4889464355751928	-0.5283468996546257	1.0	Depleted	1.0	1.0	False
breast invasive carcinoma	NR1D2	RORA	58	58	1.3620689655172413	0	0.2583333333333333	0.0	0.4979010248463587	-0.5188447511491853	1.0	Depleted	1.0	1.0	False
breast invasive carcinoma	NR1D2	RORB	58	58	1.3620689655172413	0	0.2583333333333333	0.0	0.49449081095224773	-0.5224229199241484	1.0	Depleted	1.0	1.0	False
breast invasive carcinoma	NR1D2	RORC	58	58	1.3620689655172413	0	0.2583333333333333	0.0	0.4983297936691382	-0.5183983310154069	1.0	Depleted	1.0	1.0	False
breast invasive carcinoma	NR1D2	TIMELESS	58	58	1.3620689655172413	0	0.2583333333333333	0.0	0.49532875452320124	-0.5215391413769276	1.0	Depleted	1.0	1.0	False
breast invasive carcinoma	PER1	PER2	58	58	1.3620689655172413	2	0.2583333333333333	7.741935483870969	0.4954034138500112	3.515653340237125	0.024997500249975	Enriched	0.6167383261673833	1.0	False
breast invasive carcinoma	PER1	PER3	58	58	1.3620689655172413	2	0.2583333333333333	7.741935483870969	0.5046245184198436	3.4514111048754352	0.025697430256974303	Enriched	0.6167383261673833	1.0	False
breast invasive carcinoma	PER1	RORA	58	58	1.3620689655172413	0	0.2583333333333333	0.0	0.5100711492112897	-0.5064652916221348	1.0	Depleted	1.0	1.0	False
breast invasive carcinoma	PER1	RORB	58	58	1.3620689655172413	0	0.2583333333333333	0.0	0.500694627004276	-0.5159498812259615	1.0	Depleted	1.0	1.0	False
breast invasive carcinoma	PER1	RORC	58	58	1.3620689655172413	1	0.2583333333333333	3.8709677419354844	0.5002118163199653	1.4827052110105543	0.2385761423857614	Enriched	1.0	1.0	False
breast invasive carcinoma	PER1	TIMELESS	58	58	1.3620689655172413	1	0.2583333333333333	3.8709677419354844	0.49408614847231974	1.5010877535422695	0.2328767123287671	Enriched	1.0	1.0	False
breast invasive carcinoma	PER2	PER3	58	58	1.3620689655172413	3	0.2583333333333333	11.612903225806454	0.5057324653733961	5.4211798814268715	0.0013998600139986002	Enriched	0.16798320167983202	0.35996400359964004	False
breast invasive carcinoma	PER2	RORA	58	58	1.3620689655172413	0	0.2583333333333333	0.0	0.49800191826042106	-0.5187396350514509	1.0	Depleted	1.0	1.0	False
breast invasive carcinoma	PER2	RORB	58	58	1.3620689655172413	0	0.2583333333333333	0.0	0.4902050490345952	-0.5269903560603717	1.0	Depleted	1.0	1.0	False
breast invasive carcinoma	PER2	RORC	58	58	1.3620689655172413	0	0.2583333333333333	0.0	0.48659312293406765	-0.5309021462852382	1.0	Depleted	1.0	1.0	False
breast invasive carcinoma	PER2	TIMELESS	58	58	1.3620689655172413	2	0.2583333333333333	7.741935483870969	0.4968299950731643	3.505558609459932	0.0244975502449755	Enriched	0.6167383261673833	1.0	False
breast invasive carcinoma	PER3	RORA	58	58	1.3620689655172413	0	0.2583333333333333	0.0	0.4934088114591414	-0.5235685446503737	1.0	Depleted	1.0	1.0	False
breast invasive carcinoma	PER3	RORB	58	58	1.3620689655172413	0	0.2583333333333333	0.0	0.4984141668012325	-0.5183105749005658	1.0	Depleted	1.0	1.0	False
breast invasive carcinoma	PER3	RORC	58	58	1.3620689655172413	0	0.2583333333333333	0.0	0.5096782977493937	-0.5068556665529332	1.0	Depleted	1.0	1.0	False
breast invasive carcinoma	PER3	TIMELESS	58	58	1.3620689655172413	0	0.2583333333333333	0.0	0.5009838804640808	-0.5156519868344449	1.0	Depleted	1.0	1.0	False
breast invasive carcinoma	RORA	RORB	58	58	1.3620689655172413	0	0.2583333333333333	0.0	0.5054634500435545	-0.5110821233683135	1.0	Depleted	1.0	1.0	False
breast invasive carcinoma	RORA	RORC	58	58	1.3620689655172413	0	0.2583333333333333	0.0	0.5004082341849342	-0.5162451688152316	1.0	Depleted	1.0	1.0	False
breast invasive carcinoma	RORA	TIMELESS	58	58	1.3620689655172413	0	0.2583333333333333	0.0	0.5032068776518974	-0.5133740113783583	1.0	Depleted	1.0	1.0	False
breast invasive carcinoma	RORB	RORC	58	58	1.3620689655172413	0	0.2583333333333333	0.0	0.5043576386481782	-0.5122026782934032	1.0	Depleted	1.0	1.0	False
breast invasive carcinoma	RORB	TIMELESS	58	58	1.3620689655172413	0	0.2583333333333333	0.0	0.4896608283012613	-0.5275760657219554	1.0	Depleted	1.0	1.0	False
breast invasive carcinoma	RORC	TIMELESS	58	58	1.3620689655172413	0	0.2583333333333333	0.0	0.5053883474499327	-0.5111580720782757	1.0	Depleted	1.0	1.0	False
cervical & endocervical cancer	ARNTL	CLOCK	62	62	1.4193548387096775	0	0.42500000000000004	0.0	0.6103870634578715	-0.696279501063399	1.0	Depleted	1.0	1.0	False
cervical & endocervical cancer	ARNTL	CRY1	62	62	1.4193548387096775	0	0.42500000000000004	0.0	0.6150322483143845	-0.691020676012998	1.0	Depleted	1.0	1.0	False
cervical & endocervical cancer	ARNTL	CRY2	62	62	1.4193548387096775	0	0.42500000000000004	0.0	0.6030992976917546	-0.7046932430971234	1.0	Depleted	1.0	1.0	False
cervical & endocervical cancer	ARNTL	CSNK1D	62	62	1.4193548387096775	0	0.42500000000000004	0.0	0.6060832399013926	-0.7012238122096	1.0	Depleted	1.0	1.0	False
cervical & endocervical cancer	ARNTL	CSNK1E	62	62	1.4193548387096775	0	0.42500000000000004	0.0	0.6054317920009458	-0.701978332844695	1.0	Depleted	1.0	1.0	False
cervical & endocervical cancer	ARNTL	NPAS2	62	62	1.4193548387096775	1	0.42500000000000004	2.352941176470588	0.6118038823013793	0.9398436600909809	0.37196280371962803	Enriched	1.0	1.0	False
cervical & endocervical cancer	ARNTL	NR1D1	62	62	1.4193548387096775	0	0.42500000000000004	0.0	0.6073391853722341	-0.6997737182716449	1.0	Depleted	1.0	1.0	False
cervical & endocervical cancer	ARNTL	NR1D2	62	62	1.4193548387096775	0	0.42500000000000004	0.0	0.6067061885624078	-0.7005038155404989	1.0	Depleted	1.0	1.0	False
cervical & endocervical cancer	ARNTL	PER1	62	62	1.4193548387096775	0	0.42500000000000004	0.0	0.6139639119431344	-0.6922230960691445	1.0	Depleted	1.0	1.0	False
cervical & endocervical cancer	ARNTL	PER2	62	62	1.4193548387096775	0	0.42500000000000004	0.0	0.6031831753242952	-0.7045952496461845	1.0	Depleted	1.0	1.0	False
cervical & endocervical cancer	ARNTL	PER3	62	62	1.4193548387096775	0	0.42500000000000004	0.0	0.615187447498367	-0.6908463456597563	1.0	Depleted	1.0	1.0	False
cervical & endocervical cancer	ARNTL	RORA	62	62	1.4193548387096775	0	0.42500000000000004	0.0	0.5999833314349657	-0.7083530120470809	1.0	Depleted	1.0	1.0	False
cervical & endocervical cancer	ARNTL	RORB	62	62	1.4193548387096775	0	0.42500000000000004	0.0	0.612957650827666	-0.693359483197787	1.0	Depleted	1.0	1.0	False
cervical & endocervical cancer	ARNTL	RORC	62	62	1.4193548387096775	0	0.42500000000000004	0.0	0.6157940891532035	-0.6901657672363013	1.0	Depleted	1.0	1.0	False
cervical & endocervical cancer	ARNTL	TIMELESS	62	62	1.4193548387096775	0	0.42500000000000004	0.0	0.6022773728137065	-0.7056549343942545	1.0	Depleted	1.0	1.0	False
cervical & endocervical cancer	CLOCK	CRY1	62	62	1.4193548387096775	0	0.42500000000000004	0.0	0.608961898199999	-0.6979090173888333	1.0	Depleted	1.0	1.0	False
cervical & endocervical cancer	CLOCK	CRY2	62	62	1.4193548387096775	1	0.42500000000000004	2.352941176470588	0.6021102006023208	0.9549746864025869	0.3578642135786421	Enriched	1.0	1.0	False
cervical & endocervical cancer	CLOCK	CSNK1D	62	62	1.4193548387096775	1	0.42500000000000004	2.352941176470588	0.6108617071011411	0.9412932474171221	0.3691630836916308	Enriched	1.0	1.0	False
cervical & endocervical cancer	CLOCK	CSNK1E	62	62	1.4193548387096775	0	0.42500000000000004	0.0	0.6104197418384522	-0.6962422262425393	1.0	Depleted	1.0	1.0	False
cervical & endocervical cancer	CLOCK	NPAS2	62	62	1.4193548387096775	1	0.42500000000000004	2.352941176470588	0.5974413223182351	0.9624376127329849	0.3604639536046395	Enriched	1.0	1.0	False
cervical & endocervical cancer	CLOCK	NR1D1	62	62	1.4193548387096775	0	0.42500000000000004	0.0	0.6121123002740713	-0.6943170392258213	1.0	Depleted	1.0	1.0	False
cervical & endocervical cancer	CLOCK	NR1D2	62	62	1.4193548387096775	1	0.42500000000000004	2.352941176470588	0.6097517279327478	0.9430067577658743	0.3658634136586341	Enriched	1.0	1.0	False
cervical & endocervical cancer	CLOCK	PER1	62	62	1.4193548387096775	0	0.42500000000000004	0.0	0.6042291777876413	-0.7033754999321928	1.0	Depleted	1.0	1.0	False
cervical & endocervical cancer	CLOCK	PER2	62	62	1.4193548387096775	1	0.42500000000000004	2.352941176470588	0.6079356204170449	0.9458238351053505	0.37496250374962503	Enriched	1.0	1.0	False
cervical & endocervical cancer	CLOCK	PER3	62	62	1.4193548387096775	1	0.42500000000000004	2.352941176470588	0.5942080597920498	0.9676745216166002	0.3685631436856314	Enriched	1.0	1.0	False
cervical & endocervical cancer	CLOCK	RORA	62	62	1.4193548387096775	0	0.42500000000000004	0.0	0.601536719280265	-0.7065237854615258	1.0	Depleted	1.0	1.0	False
cervical & endocervical cancer	CLOCK	RORB	62	62	1.4193548387096775	0	0.42500000000000004	0.0	0.6105354906625297	-0.6961102286433937	1.0	Depleted	1.0	1.0	False
cervical & endocervical cancer	CLOCK	RORC	62	62	1.4193548387096775	1	0.42500000000000004	2.352941176470588	0.6112663941854369	0.9406700670437397	0.36436356364363565	Enriched	1.0	1.0	False
cervical & endocervical cancer	CLOCK	TIMELESS	62	62	1.4193548387096775	0	0.42500000000000004	0.0	0.6052964549539654	-0.7021352868030963	1.0	Depleted	1.0	1.0	False
cervical & endocervical cancer	CRY1	CRY2	62	62	1.4193548387096775	0	0.42500000000000004	0.0	0.6129170553440925	-0.6934054066441412	1.0	Depleted	1.0	1.0	False
cervical & endocervical cancer	CRY1	CSNK1D	62	62	1.4193548387096775	0	0.42500000000000004	0.0	0.6096859205297177	-0.6970802271942648	1.0	Depleted	1.0	1.0	False
cervical & endocervical cancer	CRY1	CSNK1E	62	62	1.4193548387096775	0	0.42500000000000004	0.0	0.6019454076802836	-0.7060440939948726	1.0	Depleted	1.0	1.0	False
cervical & endocervical cancer	CRY1	NPAS2	62	62	1.4193548387096775	0	0.42500000000000004	0.0	0.6019435053211887	-0.7060463253494628	1.0	Depleted	1.0	1.0	False
cervical & endocervical cancer	CRY1	NR1D1	62	62	1.4193548387096775	0	0.42500000000000004	0.0	0.6004598697710952	-0.7077908473084417	1.0	Depleted	1.0	1.0	False
cervical & endocervical cancer	CRY1	NR1D2	62	62	1.4193548387096775	0	0.42500000000000004	0.0	0.6025952805218531	-0.7052826561003699	1.0	Depleted	1.0	1.0	False
cervical & endocervical cancer	CRY1	PER1	62	62	1.4193548387096775	1	0.42500000000000004	2.352941176470588	0.6013844663172077	0.9561271236705158	0.37136286371362864	Enriched	1.0	1.0	False
cervical & endocervical cancer	CRY1	PER2	62	62	1.4193548387096775	0	0.42500000000000004	0.0	0.608587666564801	-0.6983381743487025	1.0	Depleted	1.0	1.0	False
cervical & endocervical cancer	CRY1	PER3	62	62	1.4193548387096775	1	0.42500000000000004	2.352941176470588	0.6055880065550906	0.9494904023461567	0.3715628437156284	Enriched	1.0	1.0	False
cervical & endocervical cancer	CRY1	RORA	62	62	1.4193548387096775	0	0.42500000000000004	0.0	0.6013015186673281	-0.7068001440307897	1.0	Depleted	1.0	1.0	False
cervical & endocervical cancer	CRY1	RORB	62	62	1.4193548387096775	0	0.42500000000000004	0.0	0.6045339164394439	-0.703020936365565	1.0	Depleted	1.0	1.0	False
cervical & endocervical cancer	CRY1	RORC	62	62	1.4193548387096775	0	0.42500000000000004	0.0	0.6179001295169031	-0.6878134178937307	1.0	Depleted	1.0	1.0	False
cervical & endocervical cancer	CRY1	TIMELESS	62	62	1.4193548387096775	1	0.42500000000000004	2.352941176470588	0.6069316902318256	0.9473883292868941	0.37066293370662934	Enriched	1.0	1.0	False
cervical & endocervical cancer	CRY2	CSNK1D	62	62	1.4193548387096775	1	0.42500000000000004	2.352941176470588	0.6158970067408115	0.9335976530276884	0.37436256374362564	Enriched	1.0	1.0	False
cervical & endocervical cancer	CRY2	CSNK1E	62	62	1.4193548387096775	0	0.42500000000000004	0.0	0.6117741958980264	-0.6947007618981713	1.0	Depleted	1.0	1.0	False
cervical & endocervical cancer	CRY2	NPAS2	62	62	1.4193548387096775	1	0.42500000000000004	2.352941176470588	0.6178002652287967	0.930721516908145	0.36806319368063195	Enriched	1.0	1.0	False
cervical & endocervical cancer	CRY2	NR1D1	62	62	1.4193548387096775	0	0.42500000000000004	0.0	0.604958996576424	-0.7025269520829583	1.0	Depleted	1.0	1.0	False
cervical & endocervical cancer	CRY2	NR1D2	62	62	1.4193548387096775	1	0.42500000000000004	2.352941176470588	0.6014396752528859	0.9560393563298448	0.35926407359264073	Enriched	1.0	1.0	False
cervical & endocervical cancer	CRY2	PER1	62	62	1.4193548387096775	1	0.42500000000000004	2.352941176470588	0.6037429590115777	0.9523920592653627	0.36596340365963403	Enriched	1.0	1.0	False
cervical & endocervical cancer	CRY2	PER2	62	62	1.4193548387096775	2	0.42500000000000004	4.705882352941176	0.6062612929055653	2.5978897522084274	0.05449455054494551	Enriched	1.0	1.0	False
cervical & endocervical cancer	CRY2	PER3	62	62	1.4193548387096775	1	0.42500000000000004	2.352941176470588	0.6065743427176296	0.94794645850636	0.36326367363263673	Enriched	1.0	1.0	False
cervical & endocervical cancer	CRY2	RORA	62	62	1.4193548387096775	0	0.42500000000000004	0.0	0.5971763993705683	-0.7116825119813099	1.0	Depleted	1.0	1.0	False
cervical & endocervical cancer	CRY2	RORB	62	62	1.4193548387096775	0	0.42500000000000004	0.0	0.6068824767894221	-0.7003003320319428	1.0	Depleted	1.0	1.0	False
cervical & endocervical cancer	CRY2	RORC	62	62	1.4193548387096775	1	0.42500000000000004	2.352941176470588	0.6127397367549291	0.9384082107114533	0.36636336366363365	Enriched	1.0	1.0	False
cervical & endocervical cancer	CRY2	TIMELESS	62	62	1.4193548387096775	0	0.42500000000000004	0.0	0.6087405165599298	-0.698162827080624	1.0	Depleted	1.0	1.0	False
cervical & endocervical cancer	CSNK1D	CSNK1E	62	62	1.4193548387096775	0	0.42500000000000004	0.0	0.6068957260042488	-0.700285043689737	1.0	Depleted	1.0	1.0	False
cervical & endocervical cancer	CSNK1D	NPAS2	62	62	1.4193548387096775	1	0.42500000000000004	2.352941176470588	0.6107823307083715	0.9414155765330146	0.3798620137986201	Enriched	1.0	1.0	False
cervical & endocervical cancer	CSNK1D	NR1D1	62	62	1.4193548387096775	1	0.42500000000000004	2.352941176470588	0.608918605551529	0.9442969795268331	0.3711628837116288	Enriched	1.0	1.0	False
cervical & endocervical cancer	CSNK1D	NR1D2	62	62	1.4193548387096775	1	0.42500000000000004	2.352941176470588	0.602620241209596	0.9541664230292763	0.36866313368663134	Enriched	1.0	1.0	False
cervical & endocervical cancer	CSNK1D	PER1	62	62	1.4193548387096775	0	0.42500000000000004	0.0	0.608326397668727	-0.6986381022239314	1.0	Depleted	1.0	1.0	False
cervical & endocervical cancer	CSNK1D	PER2	62	62	1.4193548387096775	2	0.42500000000000004	4.705882352941176	0.6082684925720759	2.589317084861785	0.05369463053694631	Enriched	1.0	1.0	False
cervical & endocervical cancer	CSNK1D	PER3	62	62	1.4193548387096775	1	0.42500000000000004	2.352941176470588	0.6117271704061389	0.9399615184956474	0.36776322367763226	Enriched	1.0	1.0	False
cervical & endocervical cancer	CSNK1D	RORA	62	62	1.4193548387096775	0	0.42500000000000004	0.0	0.5980729714072629	-0.7106156277217762	1.0	Depleted	1.0	1.0	False
cervical & endocervical cancer	CSNK1D	RORB	62	62	1.4193548387096775	0	0.42500000000000004	0.0	0.5864080042382979	-0.7247513624102807	1.0	Depleted	1.0	1.0	False
cervical & endocervical cancer	CSNK1D	RORC	62	62	1.4193548387096775	3	0.42500000000000004	7.058823529411764	0.6138956969980156	4.19452361792385	0.0052994700529947	Enriched	0.6359364063593641	0.7826909616730634	False
cervical & endocervical cancer	CSNK1D	TIMELESS	62	62	1.4193548387096775	2	0.42500000000000004	4.705882352941176	0.6023662295542893	2.6146884116750613	0.051294870512948704	Enriched	1.0	1.0	False
cervical & endocervical cancer	CSNK1E	NPAS2	62	62	1.4193548387096775	0	0.42500000000000004	0.0	0.6080346047784294	-0.6989733752980589	1.0	Depleted	1.0	1.0	False
cervical & endocervical cancer	CSNK1E	NR1D1	62	62	1.4193548387096775	0	0.42500000000000004	0.0	0.6055580154295748	-0.7018320114192704	1.0	Depleted	1.0	1.0	False
cervical & endocervical cancer	CSNK1E	NR1D2	62	62	1.4193548387096775	0	0.42500000000000004	0.0	0.5981425979285756	-0.7105329088277866	1.0	Depleted	1.0	1.0	False
cervical & endocervical cancer	CSNK1E	PER1	62	62	1.4193548387096775	0	0.42500000000000004	0.0	0.6037145742225484	-0.7039750540183771	1.0	Depleted	1.0	1.0	False
cervical & endocervical cancer	CSNK1E	PER2	62	62	1.4193548387096775	0	0.42500000000000004	0.0	0.612265046241156	-0.6941438231843846	1.0	Depleted	1.0	1.0	False
cervical & endocervical cancer	CSNK1E	PER3	62	62	1.4193548387096775	0	0.42500000000000004	0.0	0.606629903634826	-0.7005919053008602	1.0	Depleted	1.0	1.0	False
cervical & endocervical cancer	CSNK1E	RORA	62	62	1.4193548387096775	0	0.42500000000000004	0.0	0.6021983263696672	-0.7057475608776573	1.0	Depleted	1.0	1.0	False
cervical & endocervical cancer	CSNK1E	RORB	62	62	1.4193548387096775	0	0.42500000000000004	0.0	0.6018931944637306	-0.7061053421257949	1.0	Depleted	1.0	1.0	False
cervical & endocervical cancer	CSNK1E	RORC	62	62	1.4193548387096775	0	0.42500000000000004	0.0	0.6081093402480919	-0.6988874728130499	1.0	Depleted	1.0	1.0	False
cervical & endocervical cancer	CSNK1E	TIMELESS	62	62	1.4193548387096775	0	0.42500000000000004	0.0	0.6022695931775791	-0.7056640494793979	1.0	Depleted	1.0	1.0	False
cervical & endocervical cancer	NPAS2	NR1D1	62	62	1.4193548387096775	0	0.42500000000000004	0.0	0.6090594431913309	-0.6977972425369487	1.0	Depleted	1.0	1.0	False
cervical & endocervical cancer	NPAS2	NR1D2	62	62	1.4193548387096775	1	0.42500000000000004	2.352941176470588	0.6075406328485826	0.946438754728208	0.3798620137986201	Enriched	1.0	1.0	False
cervical & endocervical cancer	NPAS2	PER1	62	62	1.4193548387096775	0	0.42500000000000004	0.0	0.6146511365009913	-0.6914491404333628	1.0	Depleted	1.0	1.0	False
cervical & endocervical cancer	NPAS2	PER2	62	62	1.4193548387096775	1	0.42500000000000004	2.352941176470588	0.5993058540934462	0.9594433227584386	0.3685631436856314	Enriched	1.0	1.0	False
cervical & endocervical cancer	NPAS2	PER3	62	62	1.4193548387096775	1	0.42500000000000004	2.352941176470588	0.6048527297470586	0.950644630868174	0.3608639136086391	Enriched	1.0	1.0	False
cervical & endocervical cancer	NPAS2	RORA	62	62	1.4193548387096775	0	0.42500000000000004	0.0	0.6086302597466774	-0.6982893032247403	1.0	Depleted	1.0	1.0	False
cervical & endocervical cancer	NPAS2	RORB	62	62	1.4193548387096775	0	0.42500000000000004	0.0	0.6111480918721909	-0.6954124632837438	1.0	Depleted	1.0	1.0	False
cervical & endocervical cancer	NPAS2	RORC	62	62	1.4193548387096775	1	0.42500000000000004	2.352941176470588	0.6037432903114199	0.952391536646985	0.36896310368963103	Enriched	1.0	1.0	False
cervical & endocervical cancer	NPAS2	TIMELESS	62	62	1.4193548387096775	0	0.42500000000000004	0.0	0.6052405650765333	-0.7022001242534996	1.0	Depleted	1.0	1.0	False
cervical & endocervical cancer	NR1D1	NR1D2	62	62	1.4193548387096775	0	0.42500000000000004	0.0	0.5917651718391851	-0.7181902893661605	1.0	Depleted	1.0	1.0	False
cervical & endocervical cancer	NR1D1	PER1	62	62	1.4193548387096775	0	0.42500000000000004	0.0	0.6094931568039292	-0.6973006919858172	1.0	Depleted	1.0	1.0	False
cervical & endocervical cancer	NR1D1	PER2	62	62	1.4193548387096775	0	0.42500000000000004	0.0	0.6011491479074081	-0.70697929370676	1.0	Depleted	1.0	1.0	False
cervical & endocervical cancer	NR1D1	PER3	62	62	1.4193548387096775	1	0.42500000000000004	2.352941176470588	0.6109517462153785	0.9411545241697296	0.36346365363463656	Enriched	1.0	1.0	False
cervical & endocervical cancer	NR1D1	RORA	62	62	1.4193548387096775	0	0.42500000000000004	0.0	0.6104066346510025	-0.6962571765672109	1.0	Depleted	1.0	1.0	False
cervical & endocervical cancer	NR1D1	RORB	62	62	1.4193548387096775	0	0.42500000000000004	0.0	0.6027098106979769	-0.7051486344777143	1.0	Depleted	1.0	1.0	False
cervical & endocervical cancer	NR1D1	RORC	62	62	1.4193548387096775	1	0.42500000000000004	2.352941176470588	0.5928751218351206	0.9698501064106182	0.36176382361763826	Enriched	1.0	1.0	False
cervical & endocervical cancer	NR1D1	TIMELESS	62	62	1.4193548387096775	0	0.42500000000000004	0.0	0.6030803268123234	-0.7047154103772625	1.0	Depleted	1.0	1.0	False
cervical & endocervical cancer	NR1D2	PER1	62	62	1.4193548387096775	0	0.42500000000000004	0.0	0.5998839021590818	-0.7084704198101573	1.0	Depleted	1.0	1.0	False
cervical & endocervical cancer	NR1D2	PER2	62	62	1.4193548387096775	1	0.42500000000000004	2.352941176470588	0.6022891956755682	0.9546908762908177	0.3668633136686331	Enriched	1.0	1.0	False
cervical & endocervical cancer	NR1D2	PER3	62	62	1.4193548387096775	1	0.42500000000000004	2.352941176470588	0.5990618311224233	0.9598341442028776	0.37006299370062995	Enriched	1.0	1.0	False
cervical & endocervical cancer	NR1D2	RORA	62	62	1.4193548387096775	0	0.42500000000000004	0.0	0.6106973760615915	-0.6959257017622047	1.0	Depleted	1.0	1.0	False
cervical & endocervical cancer	NR1D2	RORB	62	62	1.4193548387096775	0	0.42500000000000004	0.0	0.6068354512769443	-0.7003546004204043	1.0	Depleted	1.0	1.0	False
cervical & endocervical cancer	NR1D2	RORC	62	62	1.4193548387096775	1	0.42500000000000004	2.352941176470588	0.6006358600213896	0.9573187987469202	0.36576342365763426	Enriched	1.0	1.0	False
cervical & endocervical cancer	NR1D2	TIMELESS	62	62	1.4193548387096775	1	0.42500000000000004	2.352941176470588	0.6084118477623933	0.9450835024247557	0.3722627737226277	Enriched	1.0	1.0	False
cervical & endocervical cancer	PER1	PER2	62	62	1.4193548387096775	1	0.42500000000000004	2.352941176470588	0.6128587109440136	0.9382260376364755	0.3685631436856314	Enriched	1.0	1.0	False
cervical & endocervical cancer	PER1	PER3	62	62	1.4193548387096775	1	0.42500000000000004	2.352941176470588	0.5973105038284513	0.9626483986378064	0.36476352364763526	Enriched	1.0	1.0	False
cervical & endocervical cancer	PER1	RORA	62	62	1.4193548387096775	0	0.42500000000000004	0.0	0.6169622145945599	-0.6888590418447119	1.0	Depleted	1.0	1.0	False
cervical & endocervical cancer	PER1	RORB	62	62	1.4193548387096775	1	0.42500000000000004	2.352941176470588	0.5976354715172799	0.9621249530925383	0.37046295370462956	Enriched	1.0	1.0	False
cervical & endocervical cancer	PER1	RORC	62	62	1.4193548387096775	0	0.42500000000000004	0.0	0.5945595934059185	-0.7148148053005067	1.0	Depleted	1.0	1.0	False
cervical & endocervical cancer	PER1	TIMELESS	62	62	1.4193548387096775	0	0.42500000000000004	0.0	0.6001275908609195	-0.7081827372581083	1.0	Depleted	1.0	1.0	False
cervical & endocervical cancer	PER2	PER3	62	62	1.4193548387096775	2	0.42500000000000004	4.705882352941176	0.6022712537273438	2.6151007378363493	0.051394860513948606	Enriched	1.0	1.0	False
cervical & endocervical cancer	PER2	RORA	62	62	1.4193548387096775	0	0.42500000000000004	0.0	0.6061637513488785	-0.7011306747628178	1.0	Depleted	1.0	1.0	False
cervical & endocervical cancer	PER2	RORB	62	62	1.4193548387096775	0	0.42500000000000004	0.0	0.5956888739295475	-0.7134596911243722	1.0	Depleted	1.0	1.0	False
cervical & endocervical cancer	PER2	RORC	62	62	1.4193548387096775	2	0.42500000000000004	4.705882352941176	0.6007129061369998	2.621884737133985	0.051094890510948905	Enriched	1.0	1.0	False
cervical & endocervical cancer	PER2	TIMELESS	62	62	1.4193548387096775	0	0.42500000000000004	0.0	0.6137534189932733	-0.6924605009893363	1.0	Depleted	1.0	1.0	False
cervical & endocervical cancer	PER3	RORA	62	62	1.4193548387096775	1	0.42500000000000004	2.352941176470588	0.6151831312938472	0.9346810254544294	0.36596340365963403	Enriched	1.0	1.0	False
cervical & endocervical cancer	PER3	RORB	62	62	1.4193548387096775	0	0.42500000000000004	0.0	0.6009291651984937	-0.7072380982867053	1.0	Depleted	1.0	1.0	False
cervical & endocervical cancer	PER3	RORC	62	62	1.4193548387096775	1	0.42500000000000004	2.352941176470588	0.603278670694938	0.953125028169216	0.36446355364463556	Enriched	1.0	1.0	False
cervical & endocervical cancer	PER3	TIMELESS	62	62	1.4193548387096775	1	0.42500000000000004	2.352941176470588	0.5991818938304039	0.9596418148155049	0.3725627437256274	Enriched	1.0	1.0	False
cervical & endocervical cancer	RORA	RORB	62	62	1.4193548387096775	0	0.42500000000000004	0.0	0.6051994519475904	-0.7022478269474781	1.0	Depleted	1.0	1.0	False
cervical & endocervical cancer	RORA	RORC	62	62	1.4193548387096775	0	0.42500000000000004	0.0	0.6109799011783975	-0.6956038965934921	1.0	Depleted	1.0	1.0	False
cervical & endocervical cancer	RORA	TIMELESS	62	62	1.4193548387096775	0	0.42500000000000004	0.0	0.6102776694942953	-0.6964043110936289	1.0	Depleted	1.0	1.0	False
cervical & endocervical cancer	RORB	RORC	62	62	1.4193548387096775	0	0.42500000000000004	0.0	0.6157929522948518	-0.690167041399498	1.0	Depleted	1.0	1.0	False
cervical & endocervical cancer	RORB	TIMELESS	62	62	1.4193548387096775	1	0.42500000000000004	2.352941176470588	0.6047972949483138	0.9507317655068872	0.36426357364263573	Enriched	1.0	1.0	False
cervical & endocervical cancer	RORC	TIMELESS	62	62	1.4193548387096775	0	0.42500000000000004	0.0	0.6055842742602578	-0.7018015791759987	1.0	Depleted	1.0	1.0	False
colon adenocarcinoma	ARNTL	CLOCK	76	76	2.5	3	2.716666666666667	1.1042944785276072	1.4725673483612034	0.19240772494966044	1.0	Enriched	1.0	1.0	False
colon adenocarcinoma	ARNTL	CRY1	76	76	2.5	5	2.716666666666667	1.840490797546012	1.4514766923581122	1.5731105744617655	0.15498450154984503	Enriched	0.9746566326973861	1.0	False
colon adenocarcinoma	ARNTL	CRY2	76	76	2.5	3	2.716666666666667	1.1042944785276072	1.4619811007239072	0.19380095487762414	1.0	Enriched	1.0	1.0	False
colon adenocarcinoma	ARNTL	CSNK1D	76	76	2.5	4	2.716666666666667	1.4723926380368098	1.442786523812629	0.8894824786289703	0.4834516548345166	Enriched	0.9746566326973861	1.0	False
colon adenocarcinoma	ARNTL	CSNK1E	76	76	2.5	3	2.716666666666667	1.1042944785276072	1.4531790952763857	0.194974820553309	1.0	Enriched	1.0	1.0	False
colon adenocarcinoma	ARNTL	NPAS2	76	76	2.5	2	2.716666666666667	0.7361963190184049	1.4620284924485136	-0.4901865253435919	0.7487251274872513	Depleted	0.9994604935110885	1.0	False
colon adenocarcinoma	ARNTL	NR1D1	76	76	2.5	1	2.716666666666667	0.36809815950920244	1.446822507959063	-1.1865081288293302	0.3137686231376862	Depleted	0.9746566326973861	1.0	False
colon adenocarcinoma	ARNTL	NR1D2	76	76	2.5	4	2.716666666666667	1.4723926380368098	1.459577249265916	0.8792500252924444	0.48135186481351866	Enriched	0.9746566326973861	1.0	False
colon adenocarcinoma	ARNTL	PER1	76	76	2.5	2	2.716666666666667	0.7361963190184049	1.4453565980648362	-0.4958407272130627	0.7429257074292571	Depleted	0.9994604935110885	1.0	False
colon adenocarcinoma	ARNTL	PER2	76	76	2.5	2	2.716666666666667	0.7361963190184049	1.4373684680036922	-0.4985963464622391	0.7437256274372562	Depleted	0.9994604935110885	1.0	False
colon adenocarcinoma	ARNTL	PER3	76	76	2.5	5	2.716666666666667	1.840490797546012	1.4646752429657353	1.5589348862823305	0.15778422157784222	Enriched	0.9746566326973861	1.0	False
colon adenocarcinoma	ARNTL	RORA	76	76	2.5	5	2.716666666666667	1.840490797546012	1.4513528180632889	1.5732448408928257	0.15958404159584041	Enriched	0.9746566326973861	1.0	False
colon adenocarcinoma	ARNTL	RORB	76	76	2.5	4	2.716666666666667	1.4723926380368098	1.4690697078697996	0.8735687125386375	0.48865113488651135	Enriched	0.9746566326973861	1.0	False
colon adenocarcinoma	ARNTL	RORC	76	76	2.5	0	2.716666666666667	0.0	1.449195089227349	-1.8746038313689575	0.0801919808019198	Depleted	0.9746566326973861	1.0	False
colon adenocarcinoma	ARNTL	TIMELESS	76	76	2.5	2	2.716666666666667	0.7361963190184049	1.4387735634687946	-0.49810942101189815	0.7506249375062494	Depleted	0.9994604935110885	1.0	False
colon adenocarcinoma	CLOCK	CRY1	76	76	2.5	3	2.716666666666667	1.1042944785276072	1.4484932182306987	0.19560556429764883	1.0	Enriched	1.0	1.0	False
colon adenocarcinoma	CLOCK	CRY2	76	76	2.5	2	2.716666666666667	0.7361963190184049	1.4551437504018059	-0.4925057517298721	0.7470252974702529	Depleted	0.9994604935110885	1.0	False
colon adenocarcinoma	CLOCK	CSNK1D	76	76	2.5	3	2.716666666666667	1.1042944785276072	1.463616249996127	0.19358444082189097	1.0	Enriched	1.0	1.0	False
colon adenocarcinoma	CLOCK	CSNK1E	76	76	2.5	2	2.716666666666667	0.7361963190184049	1.4608325684962387	-0.49058782102893134	0.7450254974502549	Depleted	0.9994604935110885	1.0	False
colon adenocarcinoma	CLOCK	NPAS2	76	76	2.5	2	2.716666666666667	0.7361963190184049	1.4523741560179688	-0.4934449320081403	0.7579242075792421	Depleted	0.9994604935110885	1.0	False
colon adenocarcinoma	CLOCK	NR1D1	76	76	2.5	1	2.716666666666667	0.36809815950920244	1.459443303960708	-1.1762475883837993	0.3194680531946805	Depleted	0.9746566326973861	1.0	False
colon adenocarcinoma	CLOCK	NR1D2	76	76	2.5	4	2.716666666666667	1.4723926380368098	1.4506785849510855	0.8846434673029968	0.4784521547845215	Enriched	0.9746566326973861	1.0	False
colon adenocarcinoma	CLOCK	PER1	76	76	2.5	6	2.716666666666667	2.2085889570552144	1.4436553342375067	2.274319399836171	0.0354964503549645	Enriched	0.9746566326973861	1.0	False
colon adenocarcinoma	CLOCK	PER2	76	76	2.5	1	2.716666666666667	0.36809815950920244	1.4646156321352677	-1.1720936394512826	0.3240675932406759	Depleted	0.9746566326973861	1.0	False
colon adenocarcinoma	CLOCK	PER3	76	76	2.5	4	2.716666666666667	1.4723926380368098	1.4476351766797035	0.8865032806654968	0.48085191480851913	Enriched	0.9746566326973861	1.0	False
colon adenocarcinoma	CLOCK	RORA	76	76	2.5	2	2.716666666666667	0.7361963190184049	1.4509578518581396	-0.49392659183647697	0.7423257674232576	Depleted	0.9994604935110885	1.0	False
colon adenocarcinoma	CLOCK	RORB	76	76	2.5	4	2.716666666666667	1.4723926380368098	1.440459181047914	0.8909196110643872	0.47515248475152483	Enriched	0.9746566326973861	1.0	False
colon adenocarcinoma	CLOCK	RORC	76	76	2.5	0	2.716666666666667	0.0	1.4410660314956816	-1.8851784771077007	0.07649235076492351	Depleted	0.9746566326973861	1.0	False
colon adenocarcinoma	CLOCK	TIMELESS	76	76	2.5	3	2.716666666666667	1.1042944785276072	1.457253649444695	0.1944296611926832	1.0	Enriched	1.0	1.0	False
colon adenocarcinoma	CRY1	CRY2	76	76	2.5	2	2.716666666666667	0.7361963190184049	1.4680312740477153	-0.4881821520672679	0.7558244175582441	Depleted	0.9994604935110885	1.0	False
colon adenocarcinoma	CRY1	CSNK1D	76	76	2.5	4	2.716666666666667	1.4723926380368098	1.4526982560815311	0.8834135567801683	0.48565143485651435	Enriched	0.9746566326973861	1.0	False
colon adenocarcinoma	CRY1	CSNK1E	76	76	2.5	4	2.716666666666667	1.4723926380368098	1.4541785665902083	0.8825142680671763	0.48265173482651735	Enriched	0.9746566326973861	1.0	False
colon adenocarcinoma	CRY1	NPAS2	76	76	2.5	2	2.716666666666667	0.7361963190184049	1.471985283237372	-0.48687080966630647	0.7434256574342566	Depleted	0.9994604935110885	1.0	False
colon adenocarcinoma	CRY1	NR1D1	76	76	2.5	3	2.716666666666667	1.1042944785276072	1.4582463434686967	0.1942973041573859	1.0	Enriched	1.0	1.0	False
colon adenocarcinoma	CRY1	NR1D2	76	76	2.5	5	2.716666666666667	1.840490797546012	1.4582330555725433	1.5658219545961618	0.1608839116088391	Enriched	0.9746566326973861	1.0	False
colon adenocarcinoma	CRY1	PER1	76	76	2.5	2	2.716666666666667	0.7361963190184049	1.4417004855478834	-0.49709816556960856	0.7502249775022498	Depleted	0.9994604935110885	1.0	False
colon adenocarcinoma	CRY1	PER2	76	76	2.5	4	2.716666666666667	1.4723926380368098	1.4404464754390776	0.8909274695140248	0.48535146485351466	Enriched	0.9746566326973861	1.0	False
colon adenocarcinoma	CRY1	PER3	76	76	2.5	6	2.716666666666667	2.2085889570552144	1.4438086778897803	2.2740778495196032	0.034996500349965	Enriched	0.9746566326973861	1.0	False
colon adenocarcinoma	CRY1	RORA	76	76	2.5	4	2.716666666666667	1.4723926380368098	1.4424035540726043	0.8897186433781733	0.48255174482551744	Enriched	0.9746566326973861	1.0	False
colon adenocarcinoma	CRY1	RORB	76	76	2.5	4	2.716666666666667	1.4723926380368098	1.451385683421262	0.8842124791449029	0.48285171482851713	Enriched	0.9746566326973861	1.0	False
colon adenocarcinoma	CRY1	RORC	76	76	2.5	1	2.716666666666667	0.36809815950920244	1.455220191785648	-1.1796611099521697	0.31786821317868214	Depleted	0.9746566326973861	1.0	False
colon adenocarcinoma	CRY1	TIMELESS	76	76	2.5	3	2.716666666666667	1.1042944785276072	1.4478150181679574	0.19569719182210085	1.0	Enriched	1.0	1.0	False
colon adenocarcinoma	CRY2	CSNK1D	76	76	2.5	3	2.716666666666667	1.1042944785276072	1.443118934539327	0.19633401416341267	1.0	Enriched	1.0	1.0	False
colon adenocarcinoma	CRY2	CSNK1E	76	76	2.5	1	2.716666666666667	0.36809815950920244	1.4461839214959762	-1.1870320511452617	0.32126787321267875	Depleted	0.9746566326973861	1.0	False
colon adenocarcinoma	CRY2	NPAS2	76	76	2.5	0	2.716666666666667	0.0	1.4628765329907638	-1.857071738728766	0.0852914708529147	Depleted	0.9746566326973861	1.0	False
colon adenocarcinoma	CRY2	NR1D1	76	76	2.5	0	2.716666666666667	0.0	1.4458612006209814	-1.8789263212124985	0.07999200079992001	Depleted	0.9746566326973861	1.0	False
colon adenocarcinoma	CRY2	NR1D2	76	76	2.5	2	2.716666666666667	0.7361963190184049	1.4613875171724764	-0.4904015247463511	0.7449255074492551	Depleted	0.9994604935110885	1.0	False
colon adenocarcinoma	CRY2	PER1	76	76	2.5	1	2.716666666666667	0.36809815950920244	1.4551389943745219	-1.179726935573299	0.3230676932306769	Depleted	0.9746566326973861	1.0	False
colon adenocarcinoma	CRY2	PER2	76	76	2.5	0	2.716666666666667	0.0	1.4346559809858173	-1.8936014645127133	0.07779222077792221	Depleted	0.9746566326973861	1.0	False
colon adenocarcinoma	CRY2	PER3	76	76	2.5	4	2.716666666666667	1.4723926380368098	1.4496950270892	0.8852436611513392	0.48995100489951005	Enriched	0.9746566326973861	1.0	False
colon adenocarcinoma	CRY2	RORA	76	76	2.5	1	2.716666666666667	0.36809815950920244	1.4356134049892604	-1.1957722466930496	0.3137686231376862	Depleted	0.9746566326973861	1.0	False
colon adenocarcinoma	CRY2	RORB	76	76	2.5	1	2.716666666666667	0.36809815950920244	1.4577384059309177	-1.1776232688130326	0.3170682931706829	Depleted	0.9746566326973861	1.0	False
colon adenocarcinoma	CRY2	RORC	76	76	2.5	0	2.716666666666667	0.0	1.4618429664248649	-1.858384743821454	0.08189181081891811	Depleted	0.9746566326973861	1.0	False
colon adenocarcinoma	CRY2	TIMELESS	76	76	2.5	1	2.716666666666667	0.36809815950920244	1.4640601412543546	-1.1725383529640305	0.32526747325267474	Depleted	0.9746566326973861	1.0	False
colon adenocarcinoma	CSNK1D	CSNK1E	76	76	2.5	2	2.716666666666667	0.7361963190184049	1.4360779198842932	-0.4990444158659647	0.7484251574842515	Depleted	0.9994604935110885	1.0	False
colon adenocarcinoma	CSNK1D	NPAS2	76	76	2.5	2	2.716666666666667	0.7361963190184049	1.4597205617555167	-0.4909615480135291	0.7453254674532547	Depleted	0.9994604935110885	1.0	False
colon adenocarcinoma	CSNK1D	NR1D1	76	76	2.5	2	2.716666666666667	0.7361963190184049	1.4596186620702911	-0.49099582328590025	0.7438256174382561	Depleted	0.9994604935110885	1.0	False
colon adenocarcinoma	CSNK1D	NR1D2	76	76	2.5	3	2.716666666666667	1.1042944785276072	1.4533503441091802	0.19495184659484166	1.0	Enriched	1.0	1.0	False
colon adenocarcinoma	CSNK1D	PER1	76	76	2.5	4	2.716666666666667	1.4723926380368098	1.4716384345239821	0.8720439091742271	0.48865113488651135	Enriched	0.9746566326973861	1.0	False
colon adenocarcinoma	CSNK1D	PER2	76	76	2.5	3	2.716666666666667	1.1042944785276072	1.4528949481545586	0.1950129523770581	1.0	Enriched	1.0	1.0	False
colon adenocarcinoma	CSNK1D	PER3	76	76	2.5	4	2.716666666666667	1.4723926380368098	1.452005710063912	0.8838349081126172	0.4774522547745225	Enriched	0.9746566326973861	1.0	False
colon adenocarcinoma	CSNK1D	RORA	76	76	2.5	2	2.716666666666667	0.7361963190184049	1.4652756373015032	-0.4891002405434804	0.7543245675432457	Depleted	0.9994604935110885	1.0	False
colon adenocarcinoma	CSNK1D	RORB	76	76	2.5	3	2.716666666666667	1.1042944785276072	1.4640533102348154	0.1935266505342556	1.0	Enriched	1.0	1.0	False
colon adenocarcinoma	CSNK1D	RORC	76	76	2.5	1	2.716666666666667	0.36809815950920244	1.4463869169455839	-1.1868654552627231	0.3154684531546845	Depleted	0.9746566326973861	1.0	False
colon adenocarcinoma	CSNK1D	TIMELESS	76	76	2.5	3	2.716666666666667	1.1042944785276072	1.4500952788116246	0.195389459901924	1.0	Enriched	1.0	1.0	False
colon adenocarcinoma	CSNK1E	NPAS2	76	76	2.5	5	2.716666666666667	1.840490797546012	1.465144670293855	1.5584354088906314	0.16178382161783822	Enriched	0.9746566326973861	1.0	False
colon adenocarcinoma	CSNK1E	NR1D1	76	76	2.5	4	2.716666666666667	1.4723926380368098	1.4588340617362785	0.879697949886043	0.4951504849515049	Enriched	0.9746566326973861	1.0	False
colon adenocarcinoma	CSNK1E	NR1D2	76	76	2.5	3	2.716666666666667	1.1042944785276072	1.444194076172924	0.19618785176308093	1.0	Enriched	1.0	1.0	False
colon adenocarcinoma	CSNK1E	PER1	76	76	2.5	3	2.716666666666667	1.1042944785276072	1.458540532192508	0.19425811424480657	1.0	Enriched	1.0	1.0	False
colon adenocarcinoma	CSNK1E	PER2	76	76	2.5	4	2.716666666666667	1.4723926380368098	1.442583704598966	0.8896075348987088	0.48795120487951205	Enriched	0.9746566326973861	1.0	False
colon adenocarcinoma	CSNK1E	PER3	76	76	2.5	4	2.716666666666667	1.4723926380368098	1.4629632210478203	0.877215035121778	0.48295170482951705	Enriched	0.9746566326973861	1.0	False
colon adenocarcinoma	CSNK1E	RORA	76	76	2.5	5	2.716666666666667	1.840490797546012	1.4613830004579236	1.5624468962741813	0.15958404159584041	Enriched	0.9746566326973861	1.0	False
colon adenocarcinoma	CSNK1E	RORB	76	76	2.5	3	2.716666666666667	1.1042944785276072	1.4489896987607302	0.19553854218263816	1.0	Enriched	1.0	1.0	False
colon adenocarcinoma	CSNK1E	RORC	76	76	2.5	2	2.716666666666667	0.7361963190184049	1.4589133637129665	-0.49123319073775185	0.74002599740026	Depleted	0.9994604935110885	1.0	False
colon adenocarcinoma	CSNK1E	TIMELESS	76	76	2.5	3	2.716666666666667	1.1042944785276072	1.4409702944679164	0.1966267690743445	1.0	Enriched	1.0	1.0	False
colon adenocarcinoma	NPAS2	NR1D1	76	76	2.5	2	2.716666666666667	0.7361963190184049	1.4481193372652326	-0.4948947564087424	0.7507249275072493	Depleted	0.9994604935110885	1.0	False
colon adenocarcinoma	NPAS2	NR1D2	76	76	2.5	1	2.716666666666667	0.36809815950920244	1.4641025919108142	-1.172504356013897	0.3210678932106789	Depleted	0.9746566326973861	1.0	False
colon adenocarcinoma	NPAS2	PER1	76	76	2.5	3	2.716666666666667	1.1042944785276072	1.4420010182706768	0.19648622278583505	1.0	Enriched	1.0	1.0	False
colon adenocarcinoma	NPAS2	PER2	76	76	2.5	3	2.716666666666667	1.1042944785276072	1.4615168022080052	0.19386252207657398	1.0	Enriched	1.0	1.0	False
colon adenocarcinoma	NPAS2	PER3	76	76	2.5	4	2.716666666666667	1.4723926380368098	1.4325820985712878	0.8958183510831246	0.47795220477952205	Enriched	0.9746566326973861	1.0	False
colon adenocarcinoma	NPAS2	RORA	76	76	2.5	3	2.716666666666667	1.1042944785276072	1.4541764758523266	0.1948410925622112	1.0	Enriched	1.0	1.0	False
colon adenocarcinoma	NPAS2	RORB	76	76	2.5	4	2.716666666666667	1.4723926380368098	1.4634705889140587	0.8769109150909599	0.49465053494650535	Enriched	0.9746566326973861	1.0	False
colon adenocarcinoma	NPAS2	RORC	76	76	2.5	2	2.716666666666667	0.7361963190184049	1.4641647372607305	-0.48947133367483	0.7468253174682532	Depleted	0.9994604935110885	1.0	False
colon adenocarcinoma	NPAS2	TIMELESS	76	76	2.5	3	2.716666666666667	1.1042944785276072	1.4396218812994306	0.19681093835388988	1.0	Enriched	1.0	1.0	False
colon adenocarcinoma	NR1D1	NR1D2	76	76	2.5	3	2.716666666666667	1.1042944785276072	1.4681208049305026	0.19299047624813515	1.0	Enriched	1.0	1.0	False
colon adenocarcinoma	NR1D1	PER1	76	76	2.5	2	2.716666666666667	0.7361963190184049	1.4594437836435363	-0.49105465705399853	0.7451254874512548	Depleted	0.9994604935110885	1.0	False
colon adenocarcinoma	NR1D1	PER2	76	76	2.5	4	2.716666666666667	1.4723926380368098	1.4644877986692977	0.8763018268226134	0.48495150484951505	Enriched	0.9746566326973861	1.0	False
colon adenocarcinoma	NR1D1	PER3	76	76	2.5	2	2.716666666666667	0.7361963190184049	1.436147430434701	-0.49902026176361447	0.742025797420258	Depleted	0.9994604935110885	1.0	False
colon adenocarcinoma	NR1D1	RORA	76	76	2.5	2	2.716666666666667	0.7361963190184049	1.4604489176633706	-0.49071669539342044	0.7492250774922508	Depleted	0.9994604935110885	1.0	False
colon adenocarcinoma	NR1D1	RORB	76	76	2.5	1	2.716666666666667	0.36809815950920244	1.4480688658845042	-1.1854868971429053	0.31616838316168383	Depleted	0.9746566326973861	1.0	False
colon adenocarcinoma	NR1D1	RORC	76	76	2.5	2	2.716666666666667	0.7361963190184049	1.4586462096329211	-0.4913231611159646	0.7388261173882612	Depleted	0.9994604935110885	1.0	False
colon adenocarcinoma	NR1D1	TIMELESS	76	76	2.5	2	2.716666666666667	0.7361963190184049	1.4555500343822811	-0.492368279851549	0.7491250874912508	Depleted	0.9994604935110885	1.0	False
colon adenocarcinoma	NR1D2	PER1	76	76	2.5	3	2.716666666666667	1.1042944785276072	1.433545557450662	0.19764515460338597	1.0	Enriched	1.0	1.0	False
colon adenocarcinoma	NR1D2	PER2	76	76	2.5	3	2.716666666666667	1.1042944785276072	1.439110177787087	0.19688091829703655	1.0	Enriched	1.0	1.0	False
colon adenocarcinoma	NR1D2	PER3	76	76	2.5	4	2.716666666666667	1.4723926380368098	1.455094831994468	0.881958553570213	0.4801519848015198	Enriched	0.9746566326973861	1.0	False
colon adenocarcinoma	NR1D2	RORA	76	76	2.5	3	2.716666666666667	1.1042944785276072	1.4449185232925403	0.19608948793022646	1.0	Enriched	1.0	1.0	False
colon adenocarcinoma	NR1D2	RORB	76	76	2.5	5	2.716666666666667	1.840490797546012	1.457267426670645	1.56685951496903	0.15628437156284372	Enriched	0.9746566326973861	1.0	False
colon adenocarcinoma	NR1D2	RORC	76	76	2.5	1	2.716666666666667	0.36809815950920244	1.4565807642394142	-1.1785592044139497	0.3164683531646835	Depleted	0.9746566326973861	1.0	False
colon adenocarcinoma	NR1D2	TIMELESS	76	76	2.5	2	2.716666666666667	0.7361963190184049	1.4412882054499427	-0.4972403603642459	0.7477252274772522	Depleted	0.9994604935110885	1.0	False
colon adenocarcinoma	PER1	PER2	76	76	2.5	2	2.716666666666667	0.7361963190184049	1.4585974429739224	-0.49133958798492133	0.7463253674632536	Depleted	0.9994604935110885	1.0	False
colon adenocarcinoma	PER1	PER3	76	76	2.5	6	2.716666666666667	2.2085889570552144	1.4709474527123203	2.232121431176284	0.038396160383961604	Enriched	0.9746566326973861	1.0	False
colon adenocarcinoma	PER1	RORA	76	76	2.5	1	2.716666666666667	0.36809815950920244	1.4404638848719402	-1.1917457179561857	0.31186881311868814	Depleted	0.9746566326973861	1.0	False
colon adenocarcinoma	PER1	RORB	76	76	2.5	5	2.716666666666667	1.840490797546012	1.438644667681351	1.5871419709311254	0.1518848115188481	Enriched	0.9746566326973861	1.0	False
colon adenocarcinoma	PER1	RORC	76	76	2.5	3	2.716666666666667	1.1042944785276072	1.4311686184239214	0.19797341115916506	1.0	Enriched	1.0	1.0	False
colon adenocarcinoma	PER1	TIMELESS	76	76	2.5	1	2.716666666666667	0.36809815950920244	1.4575745100492234	-1.177755685785623	0.3220677932206779	Depleted	0.9746566326973861	1.0	False
colon adenocarcinoma	PER2	PER3	76	76	2.5	4	2.716666666666667	1.4723926380368098	1.4664679481067024	0.8751185697513492	0.49545045495450457	Enriched	0.9746566326973861	1.0	False
colon adenocarcinoma	PER2	RORA	76	76	2.5	3	2.716666666666667	1.1042944785276072	1.4553648919418352	0.19468198999585107	1.0	Enriched	1.0	1.0	False
colon adenocarcinoma	PER2	RORB	76	76	2.5	3	2.716666666666667	1.1042944785276072	1.465787366318978	0.1932977045946755	1.0	Enriched	1.0	1.0	False
colon adenocarcinoma	PER2	RORC	76	76	2.5	2	2.716666666666667	0.7361963190184049	1.4691262686370152	-0.48781829170582847	0.7483251674832517	Depleted	0.9994604935110885	1.0	False
colon adenocarcinoma	PER2	TIMELESS	76	76	2.5	2	2.716666666666667	0.7361963190184049	1.4610632808304571	-0.49051035370577445	0.7497250274972502	Depleted	0.9994604935110885	1.0	False
colon adenocarcinoma	PER3	RORA	76	76	2.5	4	2.716666666666667	1.4723926380368098	1.4495329435978535	0.885342647092932	0.47995200479952005	Enriched	0.9746566326973861	1.0	False
colon adenocarcinoma	PER3	RORB	76	76	2.5	5	2.716666666666667	1.840490797546012	1.4556683025403492	1.5685807881840872	0.15858414158584141	Enriched	0.9746566326973861	1.0	False
colon adenocarcinoma	PER3	RORC	76	76	2.5	1	2.716666666666667	0.36809815950920244	1.4584502383385491	-1.1770485008952207	0.31366863313668636	Depleted	0.9746566326973861	1.0	False
colon adenocarcinoma	PER3	TIMELESS	76	76	2.5	2	2.716666666666667	0.7361963190184049	1.4614940836334744	-0.4903657665756233	0.7435256474352565	Depleted	0.9994604935110885	1.0	False
colon adenocarcinoma	RORA	RORB	76	76	2.5	3	2.716666666666667	1.1042944785276072	1.448671037460706	0.19558155440863392	1.0	Enriched	1.0	1.0	False
colon adenocarcinoma	RORA	RORC	76	76	2.5	1	2.716666666666667	0.36809815950920244	1.470781452088644	-1.1671799805666867	0.3241675832416758	Depleted	0.9746566326973861	1.0	False
colon adenocarcinoma	RORA	TIMELESS	76	76	2.5	1	2.716666666666667	0.36809815950920244	1.4410959113614106	-1.1912230498558025	0.31286871312868714	Depleted	0.9746566326973861	1.0	False
colon adenocarcinoma	RORB	RORC	76	76	2.5	1	2.716666666666667	0.36809815950920244	1.454727556357658	-1.180060595651911	0.31856814318568144	Depleted	0.9746566326973861	1.0	False
colon adenocarcinoma	RORB	TIMELESS	76	76	2.5	5	2.716666666666667	1.840490797546012	1.447649639570257	1.5772692997810946	0.15878412158784122	Enriched	0.9746566326973861	1.0	False
colon adenocarcinoma	RORC	TIMELESS	76	76	2.5	2	2.716666666666667	0.7361963190184049	1.453210494757799	-0.4931609489829007	0.7486251374862514	Depleted	0.9994604935110885	1.0	False
esophageal carcinoma	ARNTL	CLOCK	31	31	1.3870967741935485	0	0.13333333333333333	0.0	0.357908256166274	-0.3725349472558422	1.0	Depleted	1.0	1.0	False
esophageal carcinoma	ARNTL	CRY1	31	31	1.3870967741935485	0	0.13333333333333333	0.0	0.3634704542010364	-0.36683403504260165	1.0	Depleted	1.0	1.0	False
esophageal carcinoma	ARNTL	CRY2	31	31	1.3870967741935485	0	0.13333333333333333	0.0	0.36703437362615277	-0.36327206091367775	1.0	Depleted	1.0	1.0	False
esophageal carcinoma	ARNTL	CSNK1D	31	31	1.3870967741935485	0	0.13333333333333333	0.0	0.35012097690633587	-0.38082075090577217	1.0	Depleted	1.0	1.0	False
esophageal carcinoma	ARNTL	CSNK1E	31	31	1.3870967741935485	0	0.13333333333333333	0.0	0.3569733645502138	-0.37351059371427686	1.0	Depleted	1.0	1.0	False
esophageal carcinoma	ARNTL	NPAS2	31	31	1.3870967741935485	1	0.13333333333333333	7.5	0.36187960108932427	2.3949033437028238	0.12488751124887511	Enriched	1.0	1.0	False
esophageal carcinoma	ARNTL	NR1D1	31	31	1.3870967741935485	0	0.13333333333333333	0.0	0.356309480149721	-0.3742065276436281	1.0	Depleted	1.0	1.0	False
esophageal carcinoma	ARNTL	NR1D2	31	31	1.3870967741935485	0	0.13333333333333333	0.0	0.36211918346078137	-0.3682028995510914	1.0	Depleted	1.0	1.0	False
esophageal carcinoma	ARNTL	PER1	31	31	1.3870967741935485	1	0.13333333333333333	7.5	0.3512507618636164	2.4673730586901215	0.12248775122487751	Enriched	1.0	1.0	False
esophageal carcinoma	ARNTL	PER2	31	31	1.3870967741935485	0	0.13333333333333333	0.0	0.3689737174385407	-0.3613626852854159	1.0	Depleted	1.0	1.0	False
esophageal carcinoma	ARNTL	PER3	31	31	1.3870967741935485	1	0.13333333333333333	7.5	0.3670714700796217	2.3610297647994205	0.13288671132886712	Enriched	1.0	1.0	False
esophageal carcinoma	ARNTL	RORA	31	31	1.3870967741935485	0	0.13333333333333333	0.0	0.3506726352735739	-0.38022166522721285	1.0	Depleted	1.0	1.0	False
esophageal carcinoma	ARNTL	RORB	31	31	1.3870967741935485	0	0.13333333333333333	0.0	0.36290312738799424	-0.3674075070474147	1.0	Depleted	1.0	1.0	False
esophageal carcinoma	ARNTL	RORC	31	31	1.3870967741935485	0	0.13333333333333333	0.0	0.3589451826733665	-0.37145876242240644	1.0	Depleted	1.0	1.0	False
esophageal carcinoma	ARNTL	TIMELESS	31	31	1.3870967741935485	0	0.13333333333333333	0.0	0.36146516527401457	-0.36886910867955375	1.0	Depleted	1.0	1.0	False
esophageal carcinoma	CLOCK	CRY1	31	31	1.3870967741935485	0	0.13333333333333333	0.0	0.3535130791777229	-0.3771666203792765	1.0	Depleted	1.0	1.0	False
esophageal carcinoma	CLOCK	CRY2	31	31	1.3870967741935485	0	0.13333333333333333	0.0	0.35667978923287025	-0.3738180220979166	1.0	Depleted	1.0	1.0	False
esophageal carcinoma	CLOCK	CSNK1D	31	31	1.3870967741935485	0	0.13333333333333333	0.0	0.3664169976155775	-0.36388413802030706	1.0	Depleted	1.0	1.0	False
esophageal carcinoma	CLOCK	CSNK1E	31	31	1.3870967741935485	0	0.13333333333333333	0.0	0.36689031174192244	-0.36341470206801896	1.0	Depleted	1.0	1.0	False
esophageal carcinoma	CLOCK	NPAS2	31	31	1.3870967741935485	0	0.13333333333333333	0.0	0.3649754384983608	-0.36532138678129755	1.0	Depleted	1.0	1.0	False
esophageal carcinoma	CLOCK	NR1D1	31	31	1.3870967741935485	0	0.13333333333333333	0.0	0.36112290286701215	-0.36921871272848883	1.0	Depleted	1.0	1.0	False
esophageal carcinoma	CLOCK	NR1D2	31	31	1.3870967741935485	0	0.13333333333333333	0.0	0.3611675569599518	-0.36917306320544746	1.0	Depleted	1.0	1.0	False
esophageal carcinoma	CLOCK	PER1	31	31	1.3870967741935485	0	0.13333333333333333	0.0	0.3510057414103796	-0.37986083303818724	1.0	Depleted	1.0	1.0	False
esophageal carcinoma	CLOCK	PER2	31	31	1.3870967741935485	0	0.13333333333333333	0.0	0.35750331587565204	-0.3729569137191157	1.0	Depleted	1.0	1.0	False
esophageal carcinoma	CLOCK	PER3	31	31	1.3870967741935485	0	0.13333333333333333	0.0	0.35921750196972885	-0.37117716314548976	1.0	Depleted	1.0	1.0	False
esophageal carcinoma	CLOCK	RORA	31	31	1.3870967741935485	0	0.13333333333333333	0.0	0.3610928395909844	-0.3692494525351489	1.0	Depleted	1.0	1.0	False
esophageal carcinoma	CLOCK	RORB	31	31	1.3870967741935485	0	0.13333333333333333	0.0	0.3668149469699021	-0.36348936823524153	1.0	Depleted	1.0	1.0	False
esophageal carcinoma	CLOCK	RORC	31	31	1.3870967741935485	0	0.13333333333333333	0.0	0.3597355291948468	-0.3706426597110312	1.0	Depleted	1.0	1.0	False
esophageal carcinoma	CLOCK	TIMELESS	31	31	1.3870967741935485	0	0.13333333333333333	0.0	0.3680707915751549	-0.36224915528541346	1.0	Depleted	1.0	1.0	False
esophageal carcinoma	CRY1	CRY2	31	31	1.3870967741935485	0	0.13333333333333333	0.0	0.3628280094155379	-0.36748357313459223	1.0	Depleted	1.0	1.0	False
esophageal carcinoma	CRY1	CSNK1D	31	31	1.3870967741935485	0	0.13333333333333333	0.0	0.3648971841430124	-0.365399732109406	1.0	Depleted	1.0	1.0	False
esophageal carcinoma	CRY1	CSNK1E	31	31	1.3870967741935485	0	0.13333333333333333	0.0	0.3520709948270943	-0.37871149652306546	1.0	Depleted	1.0	1.0	False
esophageal carcinoma	CRY1	NPAS2	31	31	1.3870967741935485	1	0.13333333333333333	7.5	0.35986617007720606	2.408302693417198	0.125987401259874	Enriched	1.0	1.0	False
esophageal carcinoma	CRY1	NR1D1	31	31	1.3870967741935485	0	0.13333333333333333	0.0	0.35552665149042206	-0.3750304872345846	1.0	Depleted	1.0	1.0	False
esophageal carcinoma	CRY1	NR1D2	31	31	1.3870967741935485	0	0.13333333333333333	0.0	0.3713081563535839	-0.35909077420417507	1.0	Depleted	1.0	1.0	False
esophageal carcinoma	CRY1	PER1	31	31	1.3870967741935485	0	0.13333333333333333	0.0	0.35270411114559164	-0.3780316960306002	1.0	Depleted	1.0	1.0	False
esophageal carcinoma	CRY1	PER2	31	31	1.3870967741935485	0	0.13333333333333333	0.0	0.3575899146434439	-0.3728665934728086	1.0	Depleted	1.0	1.0	False
esophageal carcinoma	CRY1	PER3	31	31	1.3870967741935485	0	0.13333333333333333	0.0	0.3520430420138183	-0.37874156685675886	1.0	Depleted	1.0	1.0	False
esophageal carcinoma	CRY1	RORA	31	31	1.3870967741935485	0	0.13333333333333333	0.0	0.35785806717136326	-0.3725871946586175	1.0	Depleted	1.0	1.0	False
esophageal carcinoma	CRY1	RORB	31	31	1.3870967741935485	0	0.13333333333333333	0.0	0.35704759948616077	-0.37343293590327403	1.0	Depleted	1.0	1.0	False
esophageal carcinoma	CRY1	RORC	31	31	1.3870967741935485	0	0.13333333333333333	0.0	0.3591429915351779	-0.3712541702773932	1.0	Depleted	1.0	1.0	False
esophageal carcinoma	CRY1	TIMELESS	31	31	1.3870967741935485	1	0.13333333333333333	7.5	0.36392977961201367	2.381411786610653	0.13508649135086492	Enriched	1.0	1.0	False
esophageal carcinoma	CRY2	CSNK1D	31	31	1.3870967741935485	0	0.13333333333333333	0.0	0.3605515077474699	-0.3698038434683788	1.0	Depleted	1.0	1.0	False
esophageal carcinoma	CRY2	CSNK1E	31	31	1.3870967741935485	0	0.13333333333333333	0.0	0.37000871698524146	-0.36035187067944563	1.0	Depleted	1.0	1.0	False
esophageal carcinoma	CRY2	NPAS2	31	31	1.3870967741935485	0	0.13333333333333333	0.0	0.36482447792050493	-0.3654725529748763	1.0	Depleted	1.0	1.0	False
esophageal carcinoma	CRY2	NR1D1	31	31	1.3870967741935485	0	0.13333333333333333	0.0	0.3571620311170368	-0.3733132912149946	1.0	Depleted	1.0	1.0	False
esophageal carcinoma	CRY2	NR1D2	31	31	1.3870967741935485	0	0.13333333333333333	0.0	0.3560446415531034	-0.37448487569345124	1.0	Depleted	1.0	1.0	False
esophageal carcinoma	CRY2	PER1	31	31	1.3870967741935485	0	0.13333333333333333	0.0	0.3647159741143476	-0.36558128186491223	1.0	Depleted	1.0	1.0	False
esophageal carcinoma	CRY2	PER2	31	31	1.3870967741935485	0	0.13333333333333333	0.0	0.3639487407157591	-0.3663519567923592	1.0	Depleted	1.0	1.0	False
esophageal carcinoma	CRY2	PER3	31	31	1.3870967741935485	0	0.13333333333333333	0.0	0.35401408530912964	-0.3766328484272171	1.0	Depleted	1.0	1.0	False
esophageal carcinoma	CRY2	RORA	31	31	1.3870967741935485	0	0.13333333333333333	0.0	0.3609855828964723	-0.3693591646056741	1.0	Depleted	1.0	1.0	False
esophageal carcinoma	CRY2	RORB	31	31	1.3870967741935485	0	0.13333333333333333	0.0	0.36247501819281475	-0.36784144186843815	1.0	Depleted	1.0	1.0	False
esophageal carcinoma	CRY2	RORC	31	31	1.3870967741935485	0	0.13333333333333333	0.0	0.36197078927066545	-0.36835384866824894	1.0	Depleted	1.0	1.0	False
esophageal carcinoma	CRY2	TIMELESS	31	31	1.3870967741935485	0	0.13333333333333333	0.0	0.3625026631875714	-0.3678133897304419	1.0	Depleted	1.0	1.0	False
esophageal carcinoma	CSNK1D	CSNK1E	31	31	1.3870967741935485	0	0.13333333333333333	0.0	0.352338139031842	-0.37842435593179863	1.0	Depleted	1.0	1.0	False
esophageal carcinoma	CSNK1D	NPAS2	31	31	1.3870967741935485	0	0.13333333333333333	0.0	0.35793128038793703	-0.37251098364139207	1.0	Depleted	1.0	1.0	False
esophageal carcinoma	CSNK1D	NR1D1	31	31	1.3870967741935485	0	0.13333333333333333	0.0	0.3454512608999506	-0.3859685820395638	1.0	Depleted	1.0	1.0	False
esophageal carcinoma	CSNK1D	NR1D2	31	31	1.3870967741935485	0	0.13333333333333333	0.0	0.35525952616797385	-0.3753124786590259	1.0	Depleted	1.0	1.0	False
esophageal carcinoma	CSNK1D	PER1	31	31	1.3870967741935485	0	0.13333333333333333	0.0	0.36365425123521394	-0.36664863089168853	1.0	Depleted	1.0	1.0	False
esophageal carcinoma	CSNK1D	PER2	31	31	1.3870967741935485	0	0.13333333333333333	0.0	0.3598823995893011	-0.3704913979830459	1.0	Depleted	1.0	1.0	False
esophageal carcinoma	CSNK1D	PER3	31	31	1.3870967741935485	0	0.13333333333333333	0.0	0.35684155249824673	-0.37364856306634425	1.0	Depleted	1.0	1.0	False
esophageal carcinoma	CSNK1D	RORA	31	31	1.3870967741935485	0	0.13333333333333333	0.0	0.3649235905264172	-0.36537329127172774	1.0	Depleted	1.0	1.0	False
esophageal carcinoma	CSNK1D	RORB	31	31	1.3870967741935485	0	0.13333333333333333	0.0	0.3608182492348441	-0.36953045921618916	1.0	Depleted	1.0	1.0	False
esophageal carcinoma	CSNK1D	RORC	31	31	1.3870967741935485	0	0.13333333333333333	0.0	0.361245844067424	-0.36909305815694754	1.0	Depleted	1.0	1.0	False
esophageal carcinoma	CSNK1D	TIMELESS	31	31	1.3870967741935485	1	0.13333333333333333	7.5	0.359319455425259	2.41196699366294	0.12758724127587243	Enriched	1.0	1.0	False
esophageal carcinoma	CSNK1E	NPAS2	31	31	1.3870967741935485	0	0.13333333333333333	0.0	0.36765917277654403	-0.36265471721106957	1.0	Depleted	1.0	1.0	False
esophageal carcinoma	CSNK1E	NR1D1	31	31	1.3870967741935485	0	0.13333333333333333	0.0	0.3659708095782317	-0.36432778200806576	1.0	Depleted	1.0	1.0	False
esophageal carcinoma	CSNK1E	NR1D2	31	31	1.3870967741935485	0	0.13333333333333333	0.0	0.37054226500767184	-0.3598329959217277	1.0	Depleted	1.0	1.0	False
esophageal carcinoma	CSNK1E	PER1	31	31	1.3870967741935485	0	0.13333333333333333	0.0	0.36726181141498004	-0.36304709389639217	1.0	Depleted	1.0	1.0	False
esophageal carcinoma	CSNK1E	PER2	31	31	1.3870967741935485	0	0.13333333333333333	0.0	0.36034980948866874	-0.37001083342469765	1.0	Depleted	1.0	1.0	False
esophageal carcinoma	CSNK1E	PER3	31	31	1.3870967741935485	0	0.13333333333333333	0.0	0.3727587489362132	-0.3576933706152916	1.0	Depleted	1.0	1.0	False
esophageal carcinoma	CSNK1E	RORA	31	31	1.3870967741935485	1	0.13333333333333333	7.5	0.351948897998957	2.462478705272818	0.12408759124087591	Enriched	1.0	1.0	False
esophageal carcinoma	CSNK1E	RORB	31	31	1.3870967741935485	0	0.13333333333333333	0.0	0.37028262303555676	-0.3600853106210438	1.0	Depleted	1.0	1.0	False
esophageal carcinoma	CSNK1E	RORC	31	31	1.3870967741935485	1	0.13333333333333333	7.5	0.3558815324887155	2.435267322263055	0.12478752124787522	Enriched	1.0	1.0	False
esophageal carcinoma	CSNK1E	TIMELESS	31	31	1.3870967741935485	0	0.13333333333333333	0.0	0.36885411118155315	-0.3614798623396813	1.0	Depleted	1.0	1.0	False
esophageal carcinoma	NPAS2	NR1D1	31	31	1.3870967741935485	0	0.13333333333333333	0.0	0.3615459328303315	-0.36878670516231427	1.0	Depleted	1.0	1.0	False
esophageal carcinoma	NPAS2	NR1D2	31	31	1.3870967741935485	0	0.13333333333333333	0.0	0.3606503110558571	-0.3697025324696942	1.0	Depleted	1.0	1.0	False
esophageal carcinoma	NPAS2	PER1	31	31	1.3870967741935485	1	0.13333333333333333	7.5	0.36329600658256606	2.3855661800942474	0.12638736126387362	Enriched	1.0	1.0	False
esophageal carcinoma	NPAS2	PER2	31	31	1.3870967741935485	0	0.13333333333333333	0.0	0.36352421512947186	-0.3667797846309789	1.0	Depleted	1.0	1.0	False
esophageal carcinoma	NPAS2	PER3	31	31	1.3870967741935485	1	0.13333333333333333	7.5	0.36425280782830083	2.379299892933675	0.12788721127887212	Enriched	1.0	1.0	False
esophageal carcinoma	NPAS2	RORA	31	31	1.3870967741935485	0	0.13333333333333333	0.0	0.36193575362068736	-0.3683895055945982	1.0	Depleted	1.0	1.0	False
esophageal carcinoma	NPAS2	RORB	31	31	1.3870967741935485	0	0.13333333333333333	0.0	0.3657481882029183	-0.3645495388192041	1.0	Depleted	1.0	1.0	False
esophageal carcinoma	NPAS2	RORC	31	31	1.3870967741935485	0	0.13333333333333333	0.0	0.36341569462078777	-0.3668893096993575	1.0	Depleted	1.0	1.0	False
esophageal carcinoma	NPAS2	TIMELESS	31	31	1.3870967741935485	0	0.13333333333333333	0.0	0.36332938337558446	-0.36697646662808625	1.0	Depleted	1.0	1.0	False
esophageal carcinoma	NR1D1	NR1D2	31	31	1.3870967741935485	1	0.13333333333333333	7.5	0.3591337601866059	2.413214135636668	0.125987401259874	Enriched	1.0	1.0	False
esophageal carcinoma	NR1D1	PER1	31	31	1.3870967741935485	0	0.13333333333333333	0.0	0.3603064418980146	-0.3700553690657398	1.0	Depleted	1.0	1.0	False
esophageal carcinoma	NR1D1	PER2	31	31	1.3870967741935485	0	0.13333333333333333	0.0	0.3553623196651887	-0.3752039143006378	1.0	Depleted	1.0	1.0	False
esophageal carcinoma	NR1D1	PER3	31	31	1.3870967741935485	0	0.13333333333333333	0.0	0.3608679295341395	-0.3694795863557598	1.0	Depleted	1.0	1.0	False
esophageal carcinoma	NR1D1	RORA	31	31	1.3870967741935485	0	0.13333333333333333	0.0	0.3609384125495171	-0.3694074354445202	1.0	Depleted	1.0	1.0	False
esophageal carcinoma	NR1D1	RORB	31	31	1.3870967741935485	0	0.13333333333333333	0.0	0.370326483215037	-0.36004266337039376	1.0	Depleted	1.0	1.0	False
esophageal carcinoma	NR1D1	RORC	31	31	1.3870967741935485	0	0.13333333333333333	0.0	0.35950815652980833	-0.37087707444623197	1.0	Depleted	1.0	1.0	False
esophageal carcinoma	NR1D1	TIMELESS	31	31	1.3870967741935485	0	0.13333333333333333	0.0	0.36252295415494573	-0.36779280264925074	1.0	Depleted	1.0	1.0	False
esophageal carcinoma	NR1D2	PER1	31	31	1.3870967741935485	0	0.13333333333333333	0.0	0.36087430363812634	-0.3694730602571135	1.0	Depleted	1.0	1.0	False
esophageal carcinoma	NR1D2	PER2	31	31	1.3870967741935485	0	0.13333333333333333	0.0	0.3685682355472667	-0.36176023996032647	1.0	Depleted	1.0	1.0	False
esophageal carcinoma	NR1D2	PER3	31	31	1.3870967741935485	0	0.13333333333333333	0.0	0.35445529175819274	-0.3761640365755705	1.0	Depleted	1.0	1.0	False
esophageal carcinoma	NR1D2	RORA	31	31	1.3870967741935485	0	0.13333333333333333	0.0	0.35818189433155706	-0.3722503438711257	1.0	Depleted	1.0	1.0	False
esophageal carcinoma	NR1D2	RORB	31	31	1.3870967741935485	0	0.13333333333333333	0.0	0.36287740078544445	-0.3674335548169566	1.0	Depleted	1.0	1.0	False
esophageal carcinoma	NR1D2	RORC	31	31	1.3870967741935485	0	0.13333333333333333	0.0	0.3631483135989578	-0.36715944516426907	1.0	Depleted	1.0	1.0	False
esophageal carcinoma	NR1D2	TIMELESS	31	31	1.3870967741935485	0	0.13333333333333333	0.0	0.35132370092876375	-0.37951704647552004	1.0	Depleted	1.0	1.0	False
esophageal carcinoma	PER1	PER2	31	31	1.3870967741935485	0	0.13333333333333333	0.0	0.3774263968888595	-0.35326976181953673	1.0	Depleted	1.0	1.0	False
esophageal carcinoma	PER1	PER3	31	31	1.3870967741935485	2	0.13333333333333333	15.0	0.359393873620071	5.1939301242513425	0.0059994000599940004	Enriched	0.7199280071992801	0.8227748653706057	False
esophageal carcinoma	PER1	RORA	31	31	1.3870967741935485	0	0.13333333333333333	0.0	0.3577941330767826	-0.3726537721196228	1.0	Depleted	1.0	1.0	False
esophageal carcinoma	PER1	RORB	31	31	1.3870967741935485	0	0.13333333333333333	0.0	0.35597059078827087	-0.37456277789150055	1.0	Depleted	1.0	1.0	False
esophageal carcinoma	PER1	RORC	31	31	1.3870967741935485	0	0.13333333333333333	0.0	0.3558671439489943	-0.37467165935510954	1.0	Depleted	1.0	1.0	False
esophageal carcinoma	PER1	TIMELESS	31	31	1.3870967741935485	0	0.13333333333333333	0.0	0.36139973848509865	-0.3689358877021738	1.0	Depleted	1.0	1.0	False
esophageal carcinoma	PER2	PER3	31	31	1.3870967741935485	1	0.13333333333333333	7.5	0.3652252715104679	2.3729646721388686	0.12988701129887012	Enriched	1.0	1.0	False
esophageal carcinoma	PER2	RORA	31	31	1.3870967741935485	0	0.13333333333333333	0.0	0.3590477426863352	-0.3713526572699096	1.0	Depleted	1.0	1.0	False
esophageal carcinoma	PER2	RORB	31	31	1.3870967741935485	0	0.13333333333333333	0.0	0.36490002083107675	-0.3653968915366474	1.0	Depleted	1.0	1.0	False
esophageal carcinoma	PER2	RORC	31	31	1.3870967741935485	0	0.13333333333333333	0.0	0.35990296333081423	-0.3704702292511454	1.0	Depleted	1.0	1.0	False
esophageal carcinoma	PER2	TIMELESS	31	31	1.3870967741935485	0	0.13333333333333333	0.0	0.35054712711536073	-0.3803577979101651	1.0	Depleted	1.0	1.0	False
esophageal carcinoma	PER3	RORA	31	31	1.3870967741935485	1	0.13333333333333333	7.5	0.3608897534447523	2.4014720794763225	0.1326867313268673	Enriched	1.0	1.0	False
esophageal carcinoma	PER3	RORB	31	31	1.3870967741935485	0	0.13333333333333333	0.0	0.3613166131933279	-0.36902076590093386	1.0	Depleted	1.0	1.0	False
esophageal carcinoma	PER3	RORC	31	31	1.3870967741935485	0	0.13333333333333333	0.0	0.36787400442041673	-0.36244293353480955	1.0	Depleted	1.0	1.0	False
esophageal carcinoma	PER3	TIMELESS	31	31	1.3870967741935485	0	0.13333333333333333	0.0	0.35950815652980833	-0.37087707444623197	1.0	Depleted	1.0	1.0	False
esophageal carcinoma	RORA	RORB	31	31	1.3870967741935485	0	0.13333333333333333	0.0	0.36330426504364066	-0.3670018388507416	1.0	Depleted	1.0	1.0	False
esophageal carcinoma	RORA	RORC	31	31	1.3870967741935485	1	0.13333333333333333	7.5	0.35034557825441476	2.47374798045063	0.12458754124587541	Enriched	1.0	1.0	False
esophageal carcinoma	RORA	TIMELESS	31	31	1.3870967741935485	0	0.13333333333333333	0.0	0.354183193522021	-0.37645302140809644	1.0	Depleted	1.0	1.0	False
esophageal carcinoma	RORB	RORC	31	31	1.3870967741935485	0	0.13333333333333333	0.0	0.36144744351764685	-0.3688871943199223	1.0	Depleted	1.0	1.0	False
esophageal carcinoma	RORB	TIMELESS	31	31	1.3870967741935485	0	0.13333333333333333	0.0	0.35828472866517697	-0.3721435011480368	1.0	Depleted	1.0	1.0	False
esophageal carcinoma	RORC	TIMELESS	31	31	1.3870967741935485	0	0.13333333333333333	0.0	0.35428087937983527	-0.37634922202612753	1.0	Depleted	1.0	1.0	False
glioblastoma multiforme	ARNTL	CLOCK	22	22	1.6818181818181819	1	0.5499999999999999	1.8181818181818183	0.5801569599770574	0.7756521614733287	1.0	Enriched	1.0	1.0	False
glioblastoma multiforme	ARNTL	CRY1	22	22	1.6818181818181819	1	0.5499999999999999	1.8181818181818183	0.5748436348438173	0.7828215756833826	1.0	Enriched	1.0	1.0	False
glioblastoma multiforme	ARNTL	CRY2	22	22	1.6818181818181819	1	0.5499999999999999	1.8181818181818183	0.583092368043835	0.7717473674191024	1.0	Enriched	1.0	1.0	False
glioblastoma multiforme	ARNTL	CSNK1D	22	22	1.6818181818181819	0	0.5499999999999999	0.0	0.5749178750537381	-0.9566583748132564	0.5276472352764724	Depleted	0.8856411656131684	1.0	False
glioblastoma multiforme	ARNTL	CSNK1E	22	22	1.6818181818181819	0	0.5499999999999999	0.0	0.5826999175556763	-0.9438820624982294	0.5336466353364664	Depleted	0.8856411656131684	1.0	False
glioblastoma multiforme	ARNTL	NPAS2	22	22	1.6818181818181819	1	0.5499999999999999	1.8181818181818183	0.5747965545372647	0.7828856948564503	1.0	Enriched	1.0	1.0	False
glioblastoma multiforme	ARNTL	NR1D1	22	22	1.6818181818181819	0	0.5499999999999999	0.0	0.5714404294556359	-0.9624800270501328	0.532046795320468	Depleted	0.8856411656131684	1.0	False
glioblastoma multiforme	ARNTL	NR1D2	22	22	1.6818181818181819	1	0.5499999999999999	1.8181818181818183	0.5770251344617322	0.7798620426123634	1.0	Enriched	1.0	1.0	False
glioblastoma multiforme	ARNTL	PER1	22	22	1.6818181818181819	1	0.5499999999999999	1.8181818181818183	0.5785670782082218	0.7777836260466389	1.0	Enriched	1.0	1.0	False
glioblastoma multiforme	ARNTL	PER2	22	22	1.6818181818181819	0	0.5499999999999999	0.0	0.5764522787906838	-0.9541119364708263	0.5393460653934606	Depleted	0.8856411656131684	1.0	False
glioblastoma multiforme	ARNTL	PER3	22	22	1.6818181818181819	1	0.5499999999999999	1.8181818181818183	0.5743489685494066	0.7834957920034815	1.0	Enriched	1.0	1.0	False
glioblastoma multiforme	ARNTL	RORA	22	22	1.6818181818181819	1	0.5499999999999999	1.8181818181818183	0.5756672470081373	0.7817015860095288	1.0	Enriched	1.0	1.0	False
glioblastoma multiforme	ARNTL	RORB	22	22	1.6818181818181819	1	0.5499999999999999	1.8181818181818183	0.5749745816790145	0.7826432930059806	1.0	Enriched	1.0	1.0	False
glioblastoma multiforme	ARNTL	RORC	22	22	1.6818181818181819	0	0.5499999999999999	0.0	0.5744076813713774	-0.9575080867423202	0.545045495450455	Depleted	0.8856411656131684	1.0	False
glioblastoma multiforme	ARNTL	TIMELESS	22	22	1.6818181818181819	1	0.5499999999999999	1.8181818181818183	0.5802178688023385	0.7755707367800845	1.0	Enriched	1.0	1.0	False
glioblastoma multiforme	CLOCK	CRY1	22	22	1.6818181818181819	1	0.5499999999999999	1.8181818181818183	0.5814785651528122	0.7738892316378685	1.0	Enriched	1.0	1.0	False
glioblastoma multiforme	CLOCK	CRY2	22	22	1.6818181818181819	1	0.5499999999999999	1.8181818181818183	0.5753927855697955	0.7820744564156772	1.0	Enriched	1.0	1.0	False
glioblastoma multiforme	CLOCK	CSNK1D	22	22	1.6818181818181819	0	0.5499999999999999	0.0	0.5788199229901516	-0.9502091724119143	0.5372462753724627	Depleted	0.8856411656131684	1.0	False
glioblastoma multiforme	CLOCK	CSNK1E	22	22	1.6818181818181819	0	0.5499999999999999	0.0	0.5795376574387888	-0.9490323759644408	0.5321467853214679	Depleted	0.8856411656131684	1.0	False
glioblastoma multiforme	CLOCK	NPAS2	22	22	1.6818181818181819	2	0.5499999999999999	3.6363636363636367	0.5745581012405709	2.5236786268772433	0.0405959404059594	Enriched	0.5471452854714529	1.0	False
glioblastoma multiforme	CLOCK	NR1D1	22	22	1.6818181818181819	0	0.5499999999999999	0.0	0.5701495830522947	-0.9646591286721214	0.527947205279472	Depleted	0.8856411656131684	1.0	False
glioblastoma multiforme	CLOCK	NR1D2	22	22	1.6818181818181819	1	0.5499999999999999	1.8181818181818183	0.5832699035421233	0.771512463213356	1.0	Enriched	1.0	1.0	False
glioblastoma multiforme	CLOCK	PER1	22	22	1.6818181818181819	1	0.5499999999999999	1.8181818181818183	0.5750382395090693	0.7825566529004769	1.0	Enriched	1.0	1.0	False
glioblastoma multiforme	CLOCK	PER2	22	22	1.6818181818181819	0	0.5499999999999999	0.0	0.5765624358421579	-0.9539296454453202	0.537046295370463	Depleted	0.8856411656131684	1.0	False
glioblastoma multiforme	CLOCK	PER3	22	22	1.6818181818181819	2	0.5499999999999999	3.6363636363636367	0.5777333014261491	2.509808585415864	0.0420957904209579	Enriched	0.5471452854714529	1.0	False
glioblastoma multiforme	CLOCK	RORA	22	22	1.6818181818181819	1	0.5499999999999999	1.8181818181818183	0.5857016857125004	0.7683092109468312	1.0	Enriched	1.0	1.0	False
glioblastoma multiforme	CLOCK	RORB	22	22	1.6818181818181819	2	0.5499999999999999	3.6363636363636367	0.570381357943393	2.5421588202465486	0.038396160383961604	Enriched	0.5471452854714529	1.0	False
glioblastoma multiforme	CLOCK	RORC	22	22	1.6818181818181819	0	0.5499999999999999	0.0	0.5744442867884251	-0.9574470712815562	0.5336466353364664	Depleted	0.8856411656131684	1.0	False
glioblastoma multiforme	CLOCK	TIMELESS	22	22	1.6818181818181819	2	0.5499999999999999	3.6363636363636367	0.5731659811295438	2.5298082017053263	0.03949605039496051	Enriched	0.5471452854714529	1.0	False
glioblastoma multiforme	CRY1	CRY2	22	22	1.6818181818181819	1	0.5499999999999999	1.8181818181818183	0.5747227336917012	0.7829862534050963	1.0	Enriched	1.0	1.0	False
glioblastoma multiforme	CRY1	CSNK1D	22	22	1.6818181818181819	0	0.5499999999999999	0.0	0.5802658535930618	-0.9478414016512383	0.5424457554244576	Depleted	0.8856411656131684	1.0	False
glioblastoma multiforme	CRY1	CSNK1E	22	22	1.6818181818181819	0	0.5499999999999999	0.0	0.5707137035442038	-0.963705613838306	0.5332466753324667	Depleted	0.8856411656131684	1.0	False
glioblastoma multiforme	CRY1	NPAS2	22	22	1.6818181818181819	1	0.5499999999999999	1.8181818181818183	0.5781942501089802	0.7782851522912627	1.0	Enriched	1.0	1.0	False
glioblastoma multiforme	CRY1	NR1D1	22	22	1.6818181818181819	0	0.5499999999999999	0.0	0.5739300040640466	-0.9583050129900924	0.5334466553344666	Depleted	0.8856411656131684	1.0	False
glioblastoma multiforme	CRY1	NR1D2	22	22	1.6818181818181819	1	0.5499999999999999	1.8181818181818183	0.5816301826478202	0.7736874966691286	1.0	Enriched	1.0	1.0	False
glioblastoma multiforme	CRY1	PER1	22	22	1.6818181818181819	1	0.5499999999999999	1.8181818181818183	0.5744584495427194	0.783346472417995	1.0	Enriched	1.0	1.0	False
glioblastoma multiforme	CRY1	PER2	22	22	1.6818181818181819	0	0.5499999999999999	0.0	0.5737753583208167	-0.9585632983779635	0.5369463053694631	Depleted	0.8856411656131684	1.0	False
glioblastoma multiforme	CRY1	PER3	22	22	1.6818181818181819	1	0.5499999999999999	1.8181818181818183	0.5786218457023832	0.7777100075676362	1.0	Enriched	1.0	1.0	False
glioblastoma multiforme	CRY1	RORA	22	22	1.6818181818181819	1	0.5499999999999999	1.8181818181818183	0.5785462052171435	0.7778116871946352	1.0	Enriched	1.0	1.0	False
glioblastoma multiforme	CRY1	RORB	22	22	1.6818181818181819	1	0.5499999999999999	1.8181818181818183	0.5822871249045294	0.772814614566278	1.0	Enriched	1.0	1.0	False
glioblastoma multiforme	CRY1	RORC	22	22	1.6818181818181819	0	0.5499999999999999	0.0	0.5769863528066609	-0.9532287849177195	0.5343465653434657	Depleted	0.8856411656131684	1.0	False
glioblastoma multiforme	CRY1	TIMELESS	22	22	1.6818181818181819	1	0.5499999999999999	1.8181818181818183	0.5777590679115779	0.778871375617889	1.0	Enriched	1.0	1.0	False
glioblastoma multiforme	CRY2	CSNK1D	22	22	1.6818181818181819	0	0.5499999999999999	0.0	0.5758109636213804	-0.9551745880991036	0.5386461353864613	Depleted	0.8856411656131684	1.0	False
glioblastoma multiforme	CRY2	CSNK1E	22	22	1.6818181818181819	0	0.5499999999999999	0.0	0.5771683483440798	-0.9529282081700651	0.5346465353464653	Depleted	0.8856411656131684	1.0	False
glioblastoma multiforme	CRY2	NPAS2	22	22	1.6818181818181819	1	0.5499999999999999	1.8181818181818183	0.575285194756071	0.7822207213081616	1.0	Enriched	1.0	1.0	False
glioblastoma multiforme	CRY2	NR1D1	22	22	1.6818181818181819	0	0.5499999999999999	0.0	0.5744475250150353	-0.9574416740425586	0.5356464353564644	Depleted	0.8856411656131684	1.0	False
glioblastoma multiforme	CRY2	NR1D2	22	22	1.6818181818181819	1	0.5499999999999999	1.8181818181818183	0.5820592661395658	0.7731171483353713	1.0	Enriched	1.0	1.0	False
glioblastoma multiforme	CRY2	PER1	22	22	1.6818181818181819	1	0.5499999999999999	1.8181818181818183	0.5711548492188249	0.7878774042021535	1.0	Enriched	1.0	1.0	False
glioblastoma multiforme	CRY2	PER2	22	22	1.6818181818181819	0	0.5499999999999999	0.0	0.5837328707606251	-0.9422118019211939	0.543045695430457	Depleted	0.8856411656131684	1.0	False
glioblastoma multiforme	CRY2	PER3	22	22	1.6818181818181819	1	0.5499999999999999	1.8181818181818183	0.5712999548081868	0.7876772896841676	1.0	Enriched	1.0	1.0	False
glioblastoma multiforme	CRY2	RORA	22	22	1.6818181818181819	1	0.5499999999999999	1.8181818181818183	0.5761784776992424	0.7810079991132438	1.0	Enriched	1.0	1.0	False
glioblastoma multiforme	CRY2	RORB	22	22	1.6818181818181819	1	0.5499999999999999	1.8181818181818183	0.5765212465076786	0.7805436533794885	1.0	Enriched	1.0	1.0	False
glioblastoma multiforme	CRY2	RORC	22	22	1.6818181818181819	0	0.5499999999999999	0.0	0.5712507529467897	-0.9627996062374219	0.5235476452354765	Depleted	0.8856411656131684	1.0	False
glioblastoma multiforme	CRY2	TIMELESS	22	22	1.6818181818181819	1	0.5499999999999999	1.8181818181818183	0.5727211458913448	0.7857226911006581	1.0	Enriched	1.0	1.0	False
glioblastoma multiforme	CSNK1D	CSNK1E	22	22	1.6818181818181819	0	0.5499999999999999	0.0	0.5762400239974013	-0.9544633782718299	0.5329467053294671	Depleted	0.8856411656131684	1.0	False
glioblastoma multiforme	CSNK1D	NPAS2	22	22	1.6818181818181819	0	0.5499999999999999	0.0	0.5825881400218249	-0.9440631592318303	0.5461453854614539	Depleted	0.8856411656131684	1.0	False
glioblastoma multiforme	CSNK1D	NR1D1	22	22	1.6818181818181819	0	0.5499999999999999	0.0	0.575477086761705	-0.9557287555877014	0.5441455854414559	Depleted	0.8856411656131684	1.0	False
glioblastoma multiforme	CSNK1D	NR1D2	22	22	1.6818181818181819	0	0.5499999999999999	0.0	0.5763875972522541	-0.9542190057904634	0.526047395260474	Depleted	0.8856411656131684	1.0	False
glioblastoma multiforme	CSNK1D	PER1	22	22	1.6818181818181819	0	0.5499999999999999	0.0	0.5779268465333606	-0.951677540676857	0.5285471452854714	Depleted	0.8856411656131684	1.0	False
glioblastoma multiforme	CSNK1D	PER2	22	22	1.6818181818181819	0	0.5499999999999999	0.0	0.5808896136739987	-0.9468236082263052	0.5393460653934606	Depleted	0.8856411656131684	1.0	False
glioblastoma multiforme	CSNK1D	PER3	22	22	1.6818181818181819	0	0.5499999999999999	0.0	0.5789857705092978	-0.9499369898438076	0.5398460153984601	Depleted	0.8856411656131684	1.0	False
glioblastoma multiforme	CSNK1D	RORA	22	22	1.6818181818181819	0	0.5499999999999999	0.0	0.5794338308697858	-0.9492024295067429	0.5368463153684632	Depleted	0.8856411656131684	1.0	False
glioblastoma multiforme	CSNK1D	RORB	22	22	1.6818181818181819	0	0.5499999999999999	0.0	0.5725606889878639	-0.9605968599979413	0.5347465253474653	Depleted	0.8856411656131684	1.0	False
glioblastoma multiforme	CSNK1D	RORC	22	22	1.6818181818181819	0	0.5499999999999999	0.0	0.5769173886851884	-0.9533427329231071	0.5372462753724627	Depleted	0.8856411656131684	1.0	False
glioblastoma multiforme	CSNK1D	TIMELESS	22	22	1.6818181818181819	0	0.5499999999999999	0.0	0.5741288726377028	-0.9579730722706065	0.5282471752824718	Depleted	0.8856411656131684	1.0	False
glioblastoma multiforme	CSNK1E	NPAS2	22	22	1.6818181818181819	0	0.5499999999999999	0.0	0.5798487927574276	-0.9485231440847122	0.5351464853514648	Depleted	0.8856411656131684	1.0	False
glioblastoma multiforme	CSNK1E	NR1D1	22	22	1.6818181818181819	0	0.5499999999999999	0.0	0.5692554480868125	-0.9661743279725694	0.5255474452554745	Depleted	0.8856411656131684	1.0	False
glioblastoma multiforme	CSNK1E	NR1D2	22	22	1.6818181818181819	0	0.5499999999999999	0.0	0.5794424348919704	-0.9491883349940367	0.5378462153784621	Depleted	0.8856411656131684	1.0	False
glioblastoma multiforme	CSNK1E	PER1	22	22	1.6818181818181819	0	0.5499999999999999	0.0	0.5765509440622831	-0.9539486591155161	0.5261473852614739	Depleted	0.8856411656131684	1.0	False
glioblastoma multiforme	CSNK1E	PER2	22	22	1.6818181818181819	0	0.5499999999999999	0.0	0.5752058120122026	-0.9561794900436995	0.5372462753724627	Depleted	0.8856411656131684	1.0	False
glioblastoma multiforme	CSNK1E	PER3	22	22	1.6818181818181819	0	0.5499999999999999	0.0	0.5765266587928348	-0.9539888426870355	0.5344465553444655	Depleted	0.8856411656131684	1.0	False
glioblastoma multiforme	CSNK1E	RORA	22	22	1.6818181818181819	0	0.5499999999999999	0.0	0.5725761908684598	-0.9605708528777328	0.537046295370463	Depleted	0.8856411656131684	1.0	False
glioblastoma multiforme	CSNK1E	RORB	22	22	1.6818181818181819	0	0.5499999999999999	0.0	0.5800979325606462	-0.9481157734388241	0.5382461753824618	Depleted	0.8856411656131684	1.0	False
glioblastoma multiforme	CSNK1E	RORC	22	22	1.6818181818181819	0	0.5499999999999999	0.0	0.5786075687993264	-0.9505579077392813	0.539046095390461	Depleted	0.8856411656131684	1.0	False
glioblastoma multiforme	CSNK1E	TIMELESS	22	22	1.6818181818181819	0	0.5499999999999999	0.0	0.5786358716388008	-0.950511413062417	0.532046795320468	Depleted	0.8856411656131684	1.0	False
glioblastoma multiforme	NPAS2	NR1D1	22	22	1.6818181818181819	1	0.5499999999999999	1.8181818181818183	0.5772434763625313	0.7795670603947764	1.0	Enriched	1.0	1.0	False
glioblastoma multiforme	NPAS2	NR1D2	22	22	1.6818181818181819	1	0.5499999999999999	1.8181818181818183	0.5753469409063031	0.782136773493828	1.0	Enriched	1.0	1.0	False
glioblastoma multiforme	NPAS2	PER1	22	22	1.6818181818181819	1	0.5499999999999999	1.8181818181818183	0.5755207402103257	0.7819005790052783	1.0	Enriched	1.0	1.0	False
glioblastoma multiforme	NPAS2	PER2	22	22	1.6818181818181819	0	0.5499999999999999	0.0	0.572193062252636	-0.961214031213057	0.5306469353064693	Depleted	0.8856411656131684	1.0	False
glioblastoma multiforme	NPAS2	PER3	22	22	1.6818181818181819	2	0.5499999999999999	3.6363636363636367	0.578862037212506	2.5049146545909884	0.043195680431956804	Enriched	0.5471452854714529	1.0	False
glioblastoma multiforme	NPAS2	RORA	22	22	1.6818181818181819	1	0.5499999999999999	1.8181818181818183	0.5745253414226336	0.7832552675321768	1.0	Enriched	1.0	1.0	False
glioblastoma multiforme	NPAS2	RORB	22	22	1.6818181818181819	2	0.5499999999999999	3.6363636363636367	0.5831352884849859	2.486558485882704	0.04559544045595441	Enriched	0.5471452854714529	1.0	False
glioblastoma multiforme	NPAS2	RORC	22	22	1.6818181818181819	0	0.5499999999999999	0.0	0.5780763420394599	-0.9514314286926078	0.53994600539946	Depleted	0.8856411656131684	1.0	False
glioblastoma multiforme	NPAS2	TIMELESS	22	22	1.6818181818181819	2	0.5499999999999999	3.6363636363636367	0.5725391603279298	2.5325778575032185	0.039696030396960305	Enriched	0.5471452854714529	1.0	False
glioblastoma multiforme	NR1D1	NR1D2	22	22	1.6818181818181819	0	0.5499999999999999	0.0	0.5780116000055484	-0.9515379968061548	0.5405459454054594	Depleted	0.8856411656131684	1.0	False
glioblastoma multiforme	NR1D1	PER1	22	22	1.6818181818181819	0	0.5499999999999999	0.0	0.5802961867584833	-0.9477918562110206	0.5384461553844615	Depleted	0.8856411656131684	1.0	False
glioblastoma multiforme	NR1D1	PER2	22	22	1.6818181818181819	0	0.5499999999999999	0.0	0.5738704058620486	-0.9584045359052948	0.5376462353764624	Depleted	0.8856411656131684	1.0	False
glioblastoma multiforme	NR1D1	PER3	22	22	1.6818181818181819	0	0.5499999999999999	0.0	0.5752329348124369	-0.9561344052376547	0.5324467553244675	Depleted	0.8856411656131684	1.0	False
glioblastoma multiforme	NR1D1	RORA	22	22	1.6818181818181819	0	0.5499999999999999	0.0	0.5756968756987213	-0.9553638784863421	0.5401459854014599	Depleted	0.8856411656131684	1.0	False
glioblastoma multiforme	NR1D1	RORB	22	22	1.6818181818181819	0	0.5499999999999999	0.0	0.5800016812001665	-0.9482731133846273	0.5362463753624638	Depleted	0.8856411656131684	1.0	False
glioblastoma multiforme	NR1D1	RORC	22	22	1.6818181818181819	0	0.5499999999999999	0.0	0.5705690097608613	-0.9639500053297981	0.534046595340466	Depleted	0.8856411656131684	1.0	False
glioblastoma multiforme	NR1D1	TIMELESS	22	22	1.6818181818181819	0	0.5499999999999999	0.0	0.5741839502466715	-0.9578811803494647	0.5294470552944706	Depleted	0.8856411656131684	1.0	False
glioblastoma multiforme	NR1D2	PER1	22	22	1.6818181818181819	1	0.5499999999999999	1.8181818181818183	0.5750821349565597	0.7824969211293479	1.0	Enriched	1.0	1.0	False
glioblastoma multiforme	NR1D2	PER2	22	22	1.6818181818181819	0	0.5499999999999999	0.0	0.5781133206397775	-0.9513705710695862	0.5378462153784621	Depleted	0.8856411656131684	1.0	False
glioblastoma multiforme	NR1D2	PER3	22	22	1.6818181818181819	1	0.5499999999999999	1.8181818181818183	0.5736696869200683	0.7844235284872223	1.0	Enriched	1.0	1.0	False
glioblastoma multiforme	NR1D2	RORA	22	22	1.6818181818181819	1	0.5499999999999999	1.8181818181818183	0.5824107057936198	0.7726506321459343	1.0	Enriched	1.0	1.0	False
glioblastoma multiforme	NR1D2	RORB	22	22	1.6818181818181819	1	0.5499999999999999	1.8181818181818183	0.5783518730746092	0.7780730398740295	1.0	Enriched	1.0	1.0	False
glioblastoma multiforme	NR1D2	RORC	22	22	1.6818181818181819	0	0.5499999999999999	0.0	0.5778412412159633	-0.9518185286370762	0.537046295370463	Depleted	0.8856411656131684	1.0	False
glioblastoma multiforme	NR1D2	TIMELESS	22	22	1.6818181818181819	1	0.5499999999999999	1.8181818181818183	0.5815778737901987	0.7737570844422038	1.0	Enriched	1.0	1.0	False
glioblastoma multiforme	PER1	PER2	22	22	1.6818181818181819	0	0.5499999999999999	0.0	0.5729634095706904	-0.9599216822800317	0.5277472252774722	Depleted	0.8856411656131684	1.0	False
glioblastoma multiforme	PER1	PER3	22	22	1.6818181818181819	1	0.5499999999999999	1.8181818181818183	0.572680282767468	0.7857787556878727	1.0	Enriched	1.0	1.0	False
glioblastoma multiforme	PER1	RORA	22	22	1.6818181818181819	1	0.5499999999999999	1.8181818181818183	0.5816361578014267	0.7736795485703489	1.0	Enriched	1.0	1.0	False
glioblastoma multiforme	PER1	RORB	22	22	1.6818181818181819	1	0.5499999999999999	1.8181818181818183	0.5863321401201317	0.767483085453581	1.0	Enriched	1.0	1.0	False
glioblastoma multiforme	PER1	RORC	22	22	1.6818181818181819	0	0.5499999999999999	0.0	0.5733468606892919	-0.9592796921200131	0.5242475752424758	Depleted	0.8856411656131684	1.0	False
glioblastoma multiforme	PER1	TIMELESS	22	22	1.6818181818181819	1	0.5499999999999999	1.8181818181818183	0.5759921324928574	0.7812606711352612	1.0	Enriched	1.0	1.0	False
glioblastoma multiforme	PER2	PER3	22	22	1.6818181818181819	0	0.5499999999999999	0.0	0.5773647850445166	-0.9526039936044822	0.5333466653334666	Depleted	0.8856411656131684	1.0	False
glioblastoma multiforme	PER2	RORA	22	22	1.6818181818181819	0	0.5499999999999999	0.0	0.5816625681048364	-0.9455654019339788	0.5351464853514648	Depleted	0.8856411656131684	1.0	False
glioblastoma multiforme	PER2	RORB	22	22	1.6818181818181819	0	0.5499999999999999	0.0	0.5798046717177557	-0.9485953232673081	0.5375462453754625	Depleted	0.8856411656131684	1.0	False
glioblastoma multiforme	PER2	RORC	22	22	1.6818181818181819	0	0.5499999999999999	0.0	0.5768042825066678	-0.953529674935522	0.534046595340466	Depleted	0.8856411656131684	1.0	False
glioblastoma multiforme	PER2	TIMELESS	22	22	1.6818181818181819	0	0.5499999999999999	0.0	0.5678889061964304	-0.9684992856855654	0.5278472152784721	Depleted	0.8856411656131684	1.0	False
glioblastoma multiforme	PER3	RORA	22	22	1.6818181818181819	1	0.5499999999999999	1.8181818181818183	0.5747401348629328	0.7829625472515827	1.0	Enriched	1.0	1.0	False
glioblastoma multiforme	PER3	RORB	22	22	1.6818181818181819	2	0.5499999999999999	3.6363636363636367	0.5811719935514863	2.494958490926566	0.0448955104489551	Enriched	0.5471452854714529	1.0	False
glioblastoma multiforme	PER3	RORC	22	22	1.6818181818181819	0	0.5499999999999999	0.0	0.5744423368797255	-0.9574503212759488	0.5382461753824618	Depleted	0.8856411656131684	1.0	False
glioblastoma multiforme	PER3	TIMELESS	22	22	1.6818181818181819	2	0.5499999999999999	3.6363636363636367	0.5791636237284806	2.503610276255504	0.04329567043295671	Enriched	0.5471452854714529	1.0	False
glioblastoma multiforme	RORA	RORB	22	22	1.6818181818181819	1	0.5499999999999999	1.8181818181818183	0.5751247141652708	0.7824389891732	1.0	Enriched	1.0	1.0	False
glioblastoma multiforme	RORA	RORC	22	22	1.6818181818181819	0	0.5499999999999999	0.0	0.5760145998860864	-0.9548369088366316	0.533946605339466	Depleted	0.8856411656131684	1.0	False
glioblastoma multiforme	RORA	TIMELESS	22	22	1.6818181818181819	1	0.5499999999999999	1.8181818181818183	0.5765795299830193	0.7804647522142399	1.0	Enriched	1.0	1.0	False
glioblastoma multiforme	RORB	RORC	22	22	1.6818181818181819	0	0.5499999999999999	0.0	0.5710274575147185	-0.9631761008371886	0.5369463053694631	Depleted	0.8856411656131684	1.0	False
glioblastoma multiforme	RORB	TIMELESS	22	22	1.6818181818181819	2	0.5499999999999999	3.6363636363636367	0.5745349850486952	2.5237801661061674	0.0410958904109589	Enriched	0.5471452854714529	1.0	False
glioblastoma multiforme	RORC	TIMELESS	22	22	1.6818181818181819	0	0.5499999999999999	0.0	0.5829107809072069	-0.9435406206486923	0.5351464853514648	Depleted	0.8856411656131684	1.0	False
head & neck squamous cell carcinoma	ARNTL	CLOCK	72	72	1.0833333333333333	0	0.058333333333333334	0.0	0.23551631959097732	-0.24768276540089113	1.0	Depleted	1.0	1.0	False
head & neck squamous cell carcinoma	ARNTL	CRY1	72	72	1.0833333333333333	0	0.058333333333333334	0.0	0.2406868983104436	-0.24236189731479957	1.0	Depleted	1.0	1.0	False
head & neck squamous cell carcinoma	ARNTL	CRY2	72	72	1.0833333333333333	0	0.058333333333333334	0.0	0.23860025777081803	-0.24448143467373817	1.0	Depleted	1.0	1.0	False
head & neck squamous cell carcinoma	ARNTL	CSNK1D	72	72	1.0833333333333333	1	0.058333333333333334	17.142857142857142	0.2467776325358358	3.8158509626269415	0.06029397060293971	Enriched	1.0	1.0	False
head & neck squamous cell carcinoma	ARNTL	CSNK1E	72	72	1.0833333333333333	0	0.058333333333333334	0.0	0.23537625240881843	-0.2478301559157115	1.0	Depleted	1.0	1.0	False
head & neck squamous cell carcinoma	ARNTL	NPAS2	72	72	1.0833333333333333	0	0.058333333333333334	0.0	0.23664750200249401	-0.2464988340874968	1.0	Depleted	1.0	1.0	False
head & neck squamous cell carcinoma	ARNTL	NR1D1	72	72	1.0833333333333333	0	0.058333333333333334	0.0	0.23357706613574553	-0.2497391302082387	1.0	Depleted	1.0	1.0	False
head & neck squamous cell carcinoma	ARNTL	NR1D2	72	72	1.0833333333333333	0	0.058333333333333334	0.0	0.23995732527221417	-0.24309878128187337	1.0	Depleted	1.0	1.0	False
head & neck squamous cell carcinoma	ARNTL	PER1	72	72	1.0833333333333333	0	0.058333333333333334	0.0	0.23476403347860064	-0.2484764487514676	1.0	Depleted	1.0	1.0	False
head & neck squamous cell carcinoma	ARNTL	PER2	72	72	1.0833333333333333	0	0.058333333333333334	0.0	0.24039402848010363	-0.24265716458161243	1.0	Depleted	1.0	1.0	False
head & neck squamous cell carcinoma	ARNTL	PER3	72	72	1.0833333333333333	0	0.058333333333333334	0.0	0.23818073601007414	-0.2449120542261909	1.0	Depleted	1.0	1.0	False
head & neck squamous cell carcinoma	ARNTL	RORA	72	72	1.0833333333333333	0	0.058333333333333334	0.0	0.2372088042246328	-0.24591554906238908	1.0	Depleted	1.0	1.0	False
head & neck squamous cell carcinoma	ARNTL	RORB	72	72	1.0833333333333333	0	0.058333333333333334	0.0	0.23827796297342288	-0.24481212028759763	1.0	Depleted	1.0	1.0	False
head & neck squamous cell carcinoma	ARNTL	RORC	72	72	1.0833333333333333	0	0.058333333333333334	0.0	0.23786428471251037	-0.24523788177715156	1.0	Depleted	1.0	1.0	False
head & neck squamous cell carcinoma	ARNTL	TIMELESS	72	72	1.0833333333333333	0	0.058333333333333334	0.0	0.24042832732034264	-0.24262254778161388	1.0	Depleted	1.0	1.0	False
head & neck squamous cell carcinoma	CLOCK	CRY1	72	72	1.0833333333333333	0	0.058333333333333334	0.0	0.2339089167563601	-0.24938482099035764	1.0	Depleted	1.0	1.0	False
head & neck squamous cell carcinoma	CLOCK	CRY2	72	72	1.0833333333333333	0	0.058333333333333334	0.0	0.2360856065950742	-0.2470855134908103	1.0	Depleted	1.0	1.0	False
head & neck squamous cell carcinoma	CLOCK	CSNK1D	72	72	1.0833333333333333	0	0.058333333333333334	0.0	0.24213595970507612	-0.24091148379771382	1.0	Depleted	1.0	1.0	False
head & neck squamous cell carcinoma	CLOCK	CSNK1E	72	72	1.0833333333333333	0	0.058333333333333334	0.0	0.24091866714810217	-0.24212874005928955	1.0	Depleted	1.0	1.0	False
head & neck squamous cell carcinoma	CLOCK	NPAS2	72	72	1.0833333333333333	0	0.058333333333333334	0.0	0.23655146513933484	-0.2465989094549616	1.0	Depleted	1.0	1.0	False
head & neck squamous cell carcinoma	CLOCK	NR1D1	72	72	1.0833333333333333	0	0.058333333333333334	0.0	0.24113974130674473	-0.24190675919789476	1.0	Depleted	1.0	1.0	False
head & neck squamous cell carcinoma	CLOCK	NR1D2	72	72	1.0833333333333333	0	0.058333333333333334	0.0	0.237984145785732	-0.24511436734888004	1.0	Depleted	1.0	1.0	False
head & neck squamous cell carcinoma	CLOCK	PER1	72	72	1.0833333333333333	0	0.058333333333333334	0.0	0.2383263098002281	-0.24476245775059413	1.0	Depleted	1.0	1.0	False
head & neck squamous cell carcinoma	CLOCK	PER2	72	72	1.0833333333333333	0	0.058333333333333334	0.0	0.24238076417794452	-0.24066816329742963	1.0	Depleted	1.0	1.0	False
head & neck squamous cell carcinoma	CLOCK	PER3	72	72	1.0833333333333333	0	0.058333333333333334	0.0	0.24045486448434647	-0.2425957713869865	1.0	Depleted	1.0	1.0	False
head & neck squamous cell carcinoma	CLOCK	RORA	72	72	1.0833333333333333	0	0.058333333333333334	0.0	0.23943709614907463	-0.2436269662116798	1.0	Depleted	1.0	1.0	False
head & neck squamous cell carcinoma	CLOCK	RORB	72	72	1.0833333333333333	0	0.058333333333333334	0.0	0.2317139597346556	-0.2517471687943749	1.0	Depleted	1.0	1.0	False
head & neck squamous cell carcinoma	CLOCK	RORC	72	72	1.0833333333333333	0	0.058333333333333334	0.0	0.23080146648514424	-0.2527424726614032	1.0	Depleted	1.0	1.0	False
head & neck squamous cell carcinoma	CLOCK	TIMELESS	72	72	1.0833333333333333	0	0.058333333333333334	0.0	0.24463387862979516	-0.23845157367434483	1.0	Depleted	1.0	1.0	False
head & neck squamous cell carcinoma	CRY1	CRY2	72	72	1.0833333333333333	0	0.058333333333333334	0.0	0.2445188928260859	-0.23856370630151236	1.0	Depleted	1.0	1.0	False
head & neck squamous cell carcinoma	CRY1	CSNK1D	72	72	1.0833333333333333	0	0.058333333333333334	0.0	0.23457462037750915	-0.2486770872290253	1.0	Depleted	1.0	1.0	False
head & neck squamous cell carcinoma	CRY1	CSNK1E	72	72	1.0833333333333333	0	0.058333333333333334	0.0	0.2466497995384574	-0.23650265859728808	1.0	Depleted	1.0	1.0	False
head & neck squamous cell carcinoma	CRY1	NPAS2	72	72	1.0833333333333333	0	0.058333333333333334	0.0	0.23925242772523175	-0.24381501114933704	1.0	Depleted	1.0	1.0	False
head & neck squamous cell carcinoma	CRY1	NR1D1	72	72	1.0833333333333333	0	0.058333333333333334	0.0	0.24104184308333623	-0.24200500870367783	1.0	Depleted	1.0	1.0	False
head & neck squamous cell carcinoma	CRY1	NR1D2	72	72	1.0833333333333333	0	0.058333333333333334	0.0	0.2378164327071755	-0.24528722708224054	1.0	Depleted	1.0	1.0	False
head & neck squamous cell carcinoma	CRY1	PER1	72	72	1.0833333333333333	0	0.058333333333333334	0.0	0.23930757784007003	-0.2437588222647829	1.0	Depleted	1.0	1.0	False
head & neck squamous cell carcinoma	CRY1	PER2	72	72	1.0833333333333333	0	0.058333333333333334	0.0	0.23452720588671605	-0.248727362408906	1.0	Depleted	1.0	1.0	False
head & neck squamous cell carcinoma	CRY1	PER3	72	72	1.0833333333333333	0	0.058333333333333334	0.0	0.23476403347860061	-0.24847644875146763	1.0	Depleted	1.0	1.0	False
head & neck squamous cell carcinoma	CRY1	RORA	72	72	1.0833333333333333	0	0.058333333333333334	0.0	0.24887216344013552	-0.2343907511671751	1.0	Depleted	1.0	1.0	False
head & neck squamous cell carcinoma	CRY1	RORB	72	72	1.0833333333333333	0	0.058333333333333334	0.0	0.23869731385326498	-0.24438202672524725	1.0	Depleted	1.0	1.0	False
head & neck squamous cell carcinoma	CRY1	RORC	72	72	1.0833333333333333	0	0.058333333333333334	0.0	0.23070362462744626	-0.2528496612375875	1.0	Depleted	1.0	1.0	False
head & neck squamous cell carcinoma	CRY1	TIMELESS	72	72	1.0833333333333333	0	0.058333333333333334	0.0	0.24022256490194424	-0.24283036590315424	1.0	Depleted	1.0	1.0	False
head & neck squamous cell carcinoma	CRY2	CSNK1D	72	72	1.0833333333333333	0	0.058333333333333334	0.0	0.23509471910848034	-0.2481269403010981	1.0	Depleted	1.0	1.0	False
head & neck squamous cell carcinoma	CRY2	CSNK1E	72	72	1.0833333333333333	0	0.058333333333333334	0.0	0.23980588125829735	-0.24325230485278176	1.0	Depleted	1.0	1.0	False
head & neck squamous cell carcinoma	CRY2	NPAS2	72	72	1.0833333333333333	0	0.058333333333333334	0.0	0.23069814078838244	-0.2528556716321439	1.0	Depleted	1.0	1.0	False
head & neck squamous cell carcinoma	CRY2	NR1D1	72	72	1.0833333333333333	0	0.058333333333333334	0.0	0.23990989074143557	-0.24314684631407074	1.0	Depleted	1.0	1.0	False
head & neck squamous cell carcinoma	CRY2	NR1D2	72	72	1.0833333333333333	0	0.058333333333333334	0.0	0.25081923975066767	-0.23257120702271825	1.0	Depleted	1.0	1.0	False
head & neck squamous cell carcinoma	CRY2	PER1	72	72	1.0833333333333333	0	0.058333333333333334	0.0	0.24376515777529517	-0.23930135818304887	1.0	Depleted	1.0	1.0	False
head & neck squamous cell carcinoma	CRY2	PER2	72	72	1.0833333333333333	0	0.058333333333333334	0.0	0.24715854979116844	-0.2360158423919419	1.0	Depleted	1.0	1.0	False
head & neck squamous cell carcinoma	CRY2	PER3	72	72	1.0833333333333333	0	0.058333333333333334	0.0	0.24145639382507952	-0.24158951605809323	1.0	Depleted	1.0	1.0	False
head & neck squamous cell carcinoma	CRY2	RORA	72	72	1.0833333333333333	0	0.058333333333333334	0.0	0.2408704254494221	-0.2421772337741071	1.0	Depleted	1.0	1.0	False
head & neck squamous cell carcinoma	CRY2	RORB	72	72	1.0833333333333333	0	0.058333333333333334	0.0	0.23974442170522733	-0.24331466366736093	1.0	Depleted	1.0	1.0	False
head & neck squamous cell carcinoma	CRY2	RORC	72	72	1.0833333333333333	0	0.058333333333333334	0.0	0.23309908519415476	-0.2502512323664671	1.0	Depleted	1.0	1.0	False
head & neck squamous cell carcinoma	CRY2	TIMELESS	72	72	1.0833333333333333	0	0.058333333333333334	0.0	0.2398197267743732	-0.2432382611636215	1.0	Depleted	1.0	1.0	False
head & neck squamous cell carcinoma	CSNK1D	CSNK1E	72	72	1.0833333333333333	0	0.058333333333333334	0.0	0.24190461298656216	-0.24114188073202952	1.0	Depleted	1.0	1.0	False
head & neck squamous cell carcinoma	CSNK1D	NPAS2	72	72	1.0833333333333333	0	0.058333333333333334	0.0	0.24606577339500846	-0.23706398711409188	1.0	Depleted	1.0	1.0	False
head & neck squamous cell carcinoma	CSNK1D	NR1D1	72	72	1.0833333333333333	0	0.058333333333333334	0.0	0.24799044321504127	-0.23522411822438835	1.0	Depleted	1.0	1.0	False
head & neck squamous cell carcinoma	CSNK1D	NR1D2	72	72	1.0833333333333333	0	0.058333333333333334	0.0	0.24168787992601184	-0.2413581241690356	1.0	Depleted	1.0	1.0	False
head & neck squamous cell carcinoma	CSNK1D	PER1	72	72	1.0833333333333333	0	0.058333333333333334	0.0	0.24350342788539792	-0.23955857147435003	1.0	Depleted	1.0	1.0	False
head & neck squamous cell carcinoma	CSNK1D	PER2	72	72	1.0833333333333333	0	0.058333333333333334	0.0	0.24296062023772216	-0.24009377847429647	1.0	Depleted	1.0	1.0	False
head & neck squamous cell carcinoma	CSNK1D	PER3	72	72	1.0833333333333333	0	0.058333333333333334	0.0	0.2458572646464976	-0.23726503838398713	1.0	Depleted	1.0	1.0	False
head & neck squamous cell carcinoma	CSNK1D	RORA	72	72	1.0833333333333333	0	0.058333333333333334	0.0	0.23142356337799452	-0.25206306774412107	1.0	Depleted	1.0	1.0	False
head & neck squamous cell carcinoma	CSNK1D	RORB	72	72	1.0833333333333333	1	0.058333333333333334	17.142857142857142	0.2292999080784475	4.106703201749676	0.053594640535946404	Enriched	1.0	1.0	False
head & neck squamous cell carcinoma	CSNK1D	RORC	72	72	1.0833333333333333	0	0.058333333333333334	0.0	0.23701545863669585	-0.2461161549076356	1.0	Depleted	1.0	1.0	False
head & neck squamous cell carcinoma	CSNK1D	TIMELESS	72	72	1.0833333333333333	0	0.058333333333333334	0.0	0.23715316603919973	-0.24597324297872225	1.0	Depleted	1.0	1.0	False
head & neck squamous cell carcinoma	CSNK1E	NPAS2	72	72	1.0833333333333333	0	0.058333333333333334	0.0	0.24039402848010363	-0.24265716458161243	1.0	Depleted	1.0	1.0	False
head & neck squamous cell carcinoma	CSNK1E	NR1D1	72	72	1.0833333333333333	0	0.058333333333333334	0.0	0.25176731058234664	-0.23169542224686074	1.0	Depleted	1.0	1.0	False
head & neck squamous cell carcinoma	CSNK1E	NR1D2	72	72	1.0833333333333333	0	0.058333333333333334	0.0	0.237582058504956	-0.2455292024170945	1.0	Depleted	1.0	1.0	False
head & neck squamous cell carcinoma	CSNK1E	PER1	72	72	1.0833333333333333	0	0.058333333333333334	0.0	0.23627234806943917	-0.24689022566529656	1.0	Depleted	1.0	1.0	False
head & neck squamous cell carcinoma	CSNK1E	PER2	72	72	1.0833333333333333	0	0.058333333333333334	0.0	0.23780926248683512	-0.24529462277173752	1.0	Depleted	1.0	1.0	False
head & neck squamous cell carcinoma	CSNK1E	PER3	72	72	1.0833333333333333	0	0.058333333333333334	0.0	0.24058997974528237	-0.24245952967406229	1.0	Depleted	1.0	1.0	False
head & neck squamous cell carcinoma	CSNK1E	RORA	72	72	1.0833333333333333	0	0.058333333333333334	0.0	0.24122464412429606	-0.2418216162991865	1.0	Depleted	1.0	1.0	False
head & neck squamous cell carcinoma	CSNK1E	RORB	72	72	1.0833333333333333	0	0.058333333333333334	0.0	0.23575569574202757	-0.24743127901844536	1.0	Depleted	1.0	1.0	False
head & neck squamous cell carcinoma	CSNK1E	RORC	72	72	1.0833333333333333	0	0.058333333333333334	0.0	0.2421013244596785	-0.2409459488233764	1.0	Depleted	1.0	1.0	False
head & neck squamous cell carcinoma	CSNK1E	TIMELESS	72	72	1.0833333333333333	0	0.058333333333333334	0.0	0.25383711968176137	-0.22980615839979013	1.0	Depleted	1.0	1.0	False
head & neck squamous cell carcinoma	NPAS2	NR1D1	72	72	1.0833333333333333	0	0.058333333333333334	0.0	0.24170509331665632	-0.24134093548831922	1.0	Depleted	1.0	1.0	False
head & neck squamous cell carcinoma	NPAS2	NR1D2	72	72	1.0833333333333333	0	0.058333333333333334	0.0	0.23645471254155265	-0.24669981285774673	1.0	Depleted	1.0	1.0	False
head & neck squamous cell carcinoma	NPAS2	PER1	72	72	1.0833333333333333	0	0.058333333333333334	0.0	0.23813185565578537	-0.2449623263241729	1.0	Depleted	1.0	1.0	False
head & neck squamous cell carcinoma	NPAS2	PER2	72	72	1.0833333333333333	0	0.058333333333333334	0.0	0.23414636971827094	-0.24913191438125235	1.0	Depleted	1.0	1.0	False
head & neck squamous cell carcinoma	NPAS2	PER3	72	72	1.0833333333333333	0	0.058333333333333334	0.0	0.24172257441186173	-0.24132348199279652	1.0	Depleted	1.0	1.0	False
head & neck squamous cell carcinoma	NPAS2	RORA	72	72	1.0833333333333333	0	0.058333333333333334	0.0	0.23447961120064764	-0.248777849104401	1.0	Depleted	1.0	1.0	False
head & neck squamous cell carcinoma	NPAS2	RORB	72	72	1.0833333333333333	0	0.058333333333333334	0.0	0.2418431078382861	-0.24120320754536137	1.0	Depleted	1.0	1.0	False
head & neck squamous cell carcinoma	NPAS2	RORC	72	72	1.0833333333333333	0	0.058333333333333334	0.0	0.23933967148768875	-0.24372613604232304	1.0	Depleted	1.0	1.0	False
head & neck squamous cell carcinoma	NPAS2	TIMELESS	72	72	1.0833333333333333	0	0.058333333333333334	0.0	0.23104185342444641	-0.25247950736514096	1.0	Depleted	1.0	1.0	False
head & neck squamous cell carcinoma	NR1D1	NR1D2	72	72	1.0833333333333333	0	0.058333333333333334	0.0	0.24386442337023775	-0.2392039499946698	1.0	Depleted	1.0	1.0	False
head & neck squamous cell carcinoma	NR1D1	PER1	72	72	1.0833333333333333	0	0.058333333333333334	0.0	0.2428429271540081	-0.24021013919149076	1.0	Depleted	1.0	1.0	False
head & neck squamous cell carcinoma	NR1D1	PER2	72	72	1.0833333333333333	0	0.058333333333333334	0.0	0.24291130189857163	-0.24014252477099893	1.0	Depleted	1.0	1.0	False
head & neck squamous cell carcinoma	NR1D1	PER3	72	72	1.0833333333333333	0	0.058333333333333334	0.0	0.23462110882542228	-0.248627813692323	1.0	Depleted	1.0	1.0	False
head & neck squamous cell carcinoma	NR1D1	RORA	72	72	1.0833333333333333	0	0.058333333333333334	0.0	0.23831726649983037	-0.244771745623286	1.0	Depleted	1.0	1.0	False
head & neck squamous cell carcinoma	NR1D1	RORB	72	72	1.0833333333333333	0	0.058333333333333334	0.0	0.2348101862832152	-0.2484276097927662	1.0	Depleted	1.0	1.0	False
head & neck squamous cell carcinoma	NR1D1	RORC	72	72	1.0833333333333333	0	0.058333333333333334	0.0	0.2396099565817942	-0.24345120781080912	1.0	Depleted	1.0	1.0	False
head & neck squamous cell carcinoma	NR1D1	TIMELESS	72	72	1.0833333333333333	0	0.058333333333333334	0.0	0.23920384998612548	-0.24386452532731742	1.0	Depleted	1.0	1.0	False
head & neck squamous cell carcinoma	NR1D2	PER1	72	72	1.0833333333333333	1	0.058333333333333334	17.142857142857142	0.23113868674293994	4.074033126760549	0.055094490550944904	Enriched	1.0	1.0	False
head & neck squamous cell carcinoma	NR1D2	PER2	72	72	1.0833333333333333	0	0.058333333333333334	0.0	0.24012512573156675	-0.2429289028193723	1.0	Depleted	1.0	1.0	False
head & neck squamous cell carcinoma	NR1D2	PER3	72	72	1.0833333333333333	0	0.058333333333333334	0.0	0.23352773608364386	-0.24979188473115577	1.0	Depleted	1.0	1.0	False
head & neck squamous cell carcinoma	NR1D2	RORA	72	72	1.0833333333333333	1	0.058333333333333334	17.142857142857142	0.2477394750231551	3.801036014057321	0.061493850614938506	Enriched	1.0	1.0	False
head & neck squamous cell carcinoma	NR1D2	RORB	72	72	1.0833333333333333	0	0.058333333333333334	0.0	0.2385601205002825	-0.24452256819372398	1.0	Depleted	1.0	1.0	False
head & neck squamous cell carcinoma	NR1D2	RORC	72	72	1.0833333333333333	0	0.058333333333333334	0.0	0.23990989074143557	-0.24314684631407074	1.0	Depleted	1.0	1.0	False
head & neck squamous cell carcinoma	NR1D2	TIMELESS	72	72	1.0833333333333333	0	0.058333333333333334	0.0	0.24540075825721347	-0.23770641031268552	1.0	Depleted	1.0	1.0	False
head & neck squamous cell carcinoma	PER1	PER2	72	72	1.0833333333333333	0	0.058333333333333334	0.0	0.24386442337023775	-0.2392039499946698	1.0	Depleted	1.0	1.0	False
head & neck squamous cell carcinoma	PER1	PER3	72	72	1.0833333333333333	0	0.058333333333333334	0.0	0.23338690396998388	-0.2499426160639915	1.0	Depleted	1.0	1.0	False
head & neck squamous cell carcinoma	PER1	RORA	72	72	1.0833333333333333	0	0.058333333333333334	0.0	0.2288633387914811	-0.2548828206446871	1.0	Depleted	1.0	1.0	False
head & neck squamous cell carcinoma	PER1	RORB	72	72	1.0833333333333333	0	0.058333333333333334	0.0	0.24399506830945566	-0.2390758704161592	1.0	Depleted	1.0	1.0	False
head & neck squamous cell carcinoma	PER1	RORC	72	72	1.0833333333333333	0	0.058333333333333334	0.0	0.23537625240881843	-0.2478301559157115	1.0	Depleted	1.0	1.0	False
head & neck squamous cell carcinoma	PER1	TIMELESS	72	72	1.0833333333333333	0	0.058333333333333334	0.0	0.24195405385406882	-0.24109260582389855	1.0	Depleted	1.0	1.0	False
head & neck squamous cell carcinoma	PER2	PER3	72	72	1.0833333333333333	1	0.058333333333333334	17.142857142857142	0.243420963305418	3.8684698880480823	0.0580941905809419	Enriched	1.0	1.0	False
head & neck squamous cell carcinoma	PER2	RORA	72	72	1.0833333333333333	0	0.058333333333333334	0.0	0.23664750200249401	-0.2464988340874968	1.0	Depleted	1.0	1.0	False
head & neck squamous cell carcinoma	PER2	RORB	72	72	1.0833333333333333	0	0.058333333333333334	0.0	0.2450101283545226	-0.2380853955920005	1.0	Depleted	1.0	1.0	False
head & neck squamous cell carcinoma	PER2	RORC	72	72	1.0833333333333333	1	0.058333333333333334	17.142857142857142	0.24515121845912005	3.8411665770435213	0.060693930606939304	Enriched	1.0	1.0	False
head & neck squamous cell carcinoma	PER2	TIMELESS	72	72	1.0833333333333333	0	0.058333333333333334	0.0	0.24314173189763005	-0.2399149371770265	1.0	Depleted	1.0	1.0	False
head & neck squamous cell carcinoma	PER3	RORA	72	72	1.0833333333333333	0	0.058333333333333334	0.0	0.24642204118592603	-0.23672124884851795	1.0	Depleted	1.0	1.0	False
head & neck squamous cell carcinoma	PER3	RORB	72	72	1.0833333333333333	0	0.058333333333333334	0.0	0.23443183620955332	-0.24882854767724671	1.0	Depleted	1.0	1.0	False
head & neck squamous cell carcinoma	PER3	RORC	72	72	1.0833333333333333	1	0.058333333333333334	17.142857142857142	0.24249923832469827	3.8831737088007134	0.058894110588941104	Enriched	1.0	1.0	False
head & neck squamous cell carcinoma	PER3	TIMELESS	72	72	1.0833333333333333	0	0.058333333333333334	0.0	0.2370218933723081	-0.24610947327850757	1.0	Depleted	1.0	1.0	False
head & neck squamous cell carcinoma	RORA	RORB	72	72	1.0833333333333333	0	0.058333333333333334	0.0	0.25089050321696205	-0.23250514700785044	1.0	Depleted	1.0	1.0	False
head & neck squamous cell carcinoma	RORA	RORC	72	72	1.0833333333333333	0	0.058333333333333334	0.0	0.23527969664542953	-0.24793186222627042	1.0	Depleted	1.0	1.0	False
head & neck squamous cell carcinoma	RORA	TIMELESS	72	72	1.0833333333333333	0	0.058333333333333334	0.0	0.2504489218708011	-0.2329150906204568	1.0	Depleted	1.0	1.0	False
head & neck squamous cell carcinoma	RORB	RORC	72	72	1.0833333333333333	0	0.058333333333333334	0.0	0.23846351185170547	-0.24462163154591712	1.0	Depleted	1.0	1.0	False
head & neck squamous cell carcinoma	RORB	TIMELESS	72	72	1.0833333333333333	0	0.058333333333333334	0.0	0.23683479278160796	-0.24630390091004975	1.0	Depleted	1.0	1.0	False
head & neck squamous cell carcinoma	RORC	TIMELESS	72	72	1.0833333333333333	0	0.058333333333333334	0.0	0.23837447900147352	-0.2447129977071612	1.0	Depleted	1.0	1.0	False
kidney clear cell carcinoma	ARNTL	CLOCK	26	26	1.0	0	0.0		0.0		1.0	Neutral	1.0	1.0	False
kidney clear cell carcinoma	ARNTL	CRY1	26	26	1.0	0	0.0		0.0		1.0	Neutral	1.0	1.0	False
kidney clear cell carcinoma	ARNTL	CRY2	26	26	1.0	0	0.0		0.0		1.0	Neutral	1.0	1.0	False
kidney clear cell carcinoma	ARNTL	CSNK1D	26	26	1.0	0	0.0		0.0		1.0	Neutral	1.0	1.0	False
kidney clear cell carcinoma	ARNTL	CSNK1E	26	26	1.0	0	0.0		0.0		1.0	Neutral	1.0	1.0	False
kidney clear cell carcinoma	ARNTL	NPAS2	26	26	1.0	0	0.0		0.0		1.0	Neutral	1.0	1.0	False
kidney clear cell carcinoma	ARNTL	NR1D1	26	26	1.0	0	0.0		0.0		1.0	Neutral	1.0	1.0	False
kidney clear cell carcinoma	ARNTL	NR1D2	26	26	1.0	0	0.0		0.0		1.0	Neutral	1.0	1.0	False
kidney clear cell carcinoma	ARNTL	PER1	26	26	1.0	0	0.0		0.0		1.0	Neutral	1.0	1.0	False
kidney clear cell carcinoma	ARNTL	PER2	26	26	1.0	0	0.0		0.0		1.0	Neutral	1.0	1.0	False
kidney clear cell carcinoma	ARNTL	PER3	26	26	1.0	0	0.0		0.0		1.0	Neutral	1.0	1.0	False
kidney clear cell carcinoma	ARNTL	RORA	26	26	1.0	0	0.0		0.0		1.0	Neutral	1.0	1.0	False
kidney clear cell carcinoma	ARNTL	RORB	26	26	1.0	0	0.0		0.0		1.0	Neutral	1.0	1.0	False
kidney clear cell carcinoma	ARNTL	RORC	26	26	1.0	0	0.0		0.0		1.0	Neutral	1.0	1.0	False
kidney clear cell carcinoma	ARNTL	TIMELESS	26	26	1.0	0	0.0		0.0		1.0	Neutral	1.0	1.0	False
kidney clear cell carcinoma	CLOCK	CRY1	26	26	1.0	0	0.0		0.0		1.0	Neutral	1.0	1.0	False
kidney clear cell carcinoma	CLOCK	CRY2	26	26	1.0	0	0.0		0.0		1.0	Neutral	1.0	1.0	False
kidney clear cell carcinoma	CLOCK	CSNK1D	26	26	1.0	0	0.0		0.0		1.0	Neutral	1.0	1.0	False
kidney clear cell carcinoma	CLOCK	CSNK1E	26	26	1.0	0	0.0		0.0		1.0	Neutral	1.0	1.0	False
kidney clear cell carcinoma	CLOCK	NPAS2	26	26	1.0	0	0.0		0.0		1.0	Neutral	1.0	1.0	False
kidney clear cell carcinoma	CLOCK	NR1D1	26	26	1.0	0	0.0		0.0		1.0	Neutral	1.0	1.0	False
kidney clear cell carcinoma	CLOCK	NR1D2	26	26	1.0	0	0.0		0.0		1.0	Neutral	1.0	1.0	False
kidney clear cell carcinoma	CLOCK	PER1	26	26	1.0	0	0.0		0.0		1.0	Neutral	1.0	1.0	False
kidney clear cell carcinoma	CLOCK	PER2	26	26	1.0	0	0.0		0.0		1.0	Neutral	1.0	1.0	False
kidney clear cell carcinoma	CLOCK	PER3	26	26	1.0	0	0.0		0.0		1.0	Neutral	1.0	1.0	False
kidney clear cell carcinoma	CLOCK	RORA	26	26	1.0	0	0.0		0.0		1.0	Neutral	1.0	1.0	False
kidney clear cell carcinoma	CLOCK	RORB	26	26	1.0	0	0.0		0.0		1.0	Neutral	1.0	1.0	False
kidney clear cell carcinoma	CLOCK	RORC	26	26	1.0	0	0.0		0.0		1.0	Neutral	1.0	1.0	False
kidney clear cell carcinoma	CLOCK	TIMELESS	26	26	1.0	0	0.0		0.0		1.0	Neutral	1.0	1.0	False
kidney clear cell carcinoma	CRY1	CRY2	26	26	1.0	0	0.0		0.0		1.0	Neutral	1.0	1.0	False
kidney clear cell carcinoma	CRY1	CSNK1D	26	26	1.0	0	0.0		0.0		1.0	Neutral	1.0	1.0	False
kidney clear cell carcinoma	CRY1	CSNK1E	26	26	1.0	0	0.0		0.0		1.0	Neutral	1.0	1.0	False
kidney clear cell carcinoma	CRY1	NPAS2	26	26	1.0	0	0.0		0.0		1.0	Neutral	1.0	1.0	False
kidney clear cell carcinoma	CRY1	NR1D1	26	26	1.0	0	0.0		0.0		1.0	Neutral	1.0	1.0	False
kidney clear cell carcinoma	CRY1	NR1D2	26	26	1.0	0	0.0		0.0		1.0	Neutral	1.0	1.0	False
kidney clear cell carcinoma	CRY1	PER1	26	26	1.0	0	0.0		0.0		1.0	Neutral	1.0	1.0	False
kidney clear cell carcinoma	CRY1	PER2	26	26	1.0	0	0.0		0.0		1.0	Neutral	1.0	1.0	False
kidney clear cell carcinoma	CRY1	PER3	26	26	1.0	0	0.0		0.0		1.0	Neutral	1.0	1.0	False
kidney clear cell carcinoma	CRY1	RORA	26	26	1.0	0	0.0		0.0		1.0	Neutral	1.0	1.0	False
kidney clear cell carcinoma	CRY1	RORB	26	26	1.0	0	0.0		0.0		1.0	Neutral	1.0	1.0	False
kidney clear cell carcinoma	CRY1	RORC	26	26	1.0	0	0.0		0.0		1.0	Neutral	1.0	1.0	False
kidney clear cell carcinoma	CRY1	TIMELESS	26	26	1.0	0	0.0		0.0		1.0	Neutral	1.0	1.0	False
kidney clear cell carcinoma	CRY2	CSNK1D	26	26	1.0	0	0.0		0.0		1.0	Neutral	1.0	1.0	False
kidney clear cell carcinoma	CRY2	CSNK1E	26	26	1.0	0	0.0		0.0		1.0	Neutral	1.0	1.0	False
kidney clear cell carcinoma	CRY2	NPAS2	26	26	1.0	0	0.0		0.0		1.0	Neutral	1.0	1.0	False
kidney clear cell carcinoma	CRY2	NR1D1	26	26	1.0	0	0.0		0.0		1.0	Neutral	1.0	1.0	False
kidney clear cell carcinoma	CRY2	NR1D2	26	26	1.0	0	0.0		0.0		1.0	Neutral	1.0	1.0	False
kidney clear cell carcinoma	CRY2	PER1	26	26	1.0	0	0.0		0.0		1.0	Neutral	1.0	1.0	False
kidney clear cell carcinoma	CRY2	PER2	26	26	1.0	0	0.0		0.0		1.0	Neutral	1.0	1.0	False
kidney clear cell carcinoma	CRY2	PER3	26	26	1.0	0	0.0		0.0		1.0	Neutral	1.0	1.0	False
kidney clear cell carcinoma	CRY2	RORA	26	26	1.0	0	0.0		0.0		1.0	Neutral	1.0	1.0	False
kidney clear cell carcinoma	CRY2	RORB	26	26	1.0	0	0.0		0.0		1.0	Neutral	1.0	1.0	False
kidney clear cell carcinoma	CRY2	RORC	26	26	1.0	0	0.0		0.0		1.0	Neutral	1.0	1.0	False
kidney clear cell carcinoma	CRY2	TIMELESS	26	26	1.0	0	0.0		0.0		1.0	Neutral	1.0	1.0	False
kidney clear cell carcinoma	CSNK1D	CSNK1E	26	26	1.0	0	0.0		0.0		1.0	Neutral	1.0	1.0	False
kidney clear cell carcinoma	CSNK1D	NPAS2	26	26	1.0	0	0.0		0.0		1.0	Neutral	1.0	1.0	False
kidney clear cell carcinoma	CSNK1D	NR1D1	26	26	1.0	0	0.0		0.0		1.0	Neutral	1.0	1.0	False
kidney clear cell carcinoma	CSNK1D	NR1D2	26	26	1.0	0	0.0		0.0		1.0	Neutral	1.0	1.0	False
kidney clear cell carcinoma	CSNK1D	PER1	26	26	1.0	0	0.0		0.0		1.0	Neutral	1.0	1.0	False
kidney clear cell carcinoma	CSNK1D	PER2	26	26	1.0	0	0.0		0.0		1.0	Neutral	1.0	1.0	False
kidney clear cell carcinoma	CSNK1D	PER3	26	26	1.0	0	0.0		0.0		1.0	Neutral	1.0	1.0	False
kidney clear cell carcinoma	CSNK1D	RORA	26	26	1.0	0	0.0		0.0		1.0	Neutral	1.0	1.0	False
kidney clear cell carcinoma	CSNK1D	RORB	26	26	1.0	0	0.0		0.0		1.0	Neutral	1.0	1.0	False
kidney clear cell carcinoma	CSNK1D	RORC	26	26	1.0	0	0.0		0.0		1.0	Neutral	1.0	1.0	False
kidney clear cell carcinoma	CSNK1D	TIMELESS	26	26	1.0	0	0.0		0.0		1.0	Neutral	1.0	1.0	False
kidney clear cell carcinoma	CSNK1E	NPAS2	26	26	1.0	0	0.0		0.0		1.0	Neutral	1.0	1.0	False
kidney clear cell carcinoma	CSNK1E	NR1D1	26	26	1.0	0	0.0		0.0		1.0	Neutral	1.0	1.0	False
kidney clear cell carcinoma	CSNK1E	NR1D2	26	26	1.0	0	0.0		0.0		1.0	Neutral	1.0	1.0	False
kidney clear cell carcinoma	CSNK1E	PER1	26	26	1.0	0	0.0		0.0		1.0	Neutral	1.0	1.0	False
kidney clear cell carcinoma	CSNK1E	PER2	26	26	1.0	0	0.0		0.0		1.0	Neutral	1.0	1.0	False
kidney clear cell carcinoma	CSNK1E	PER3	26	26	1.0	0	0.0		0.0		1.0	Neutral	1.0	1.0	False
kidney clear cell carcinoma	CSNK1E	RORA	26	26	1.0	0	0.0		0.0		1.0	Neutral	1.0	1.0	False
kidney clear cell carcinoma	CSNK1E	RORB	26	26	1.0	0	0.0		0.0		1.0	Neutral	1.0	1.0	False
kidney clear cell carcinoma	CSNK1E	RORC	26	26	1.0	0	0.0		0.0		1.0	Neutral	1.0	1.0	False
kidney clear cell carcinoma	CSNK1E	TIMELESS	26	26	1.0	0	0.0		0.0		1.0	Neutral	1.0	1.0	False
kidney clear cell carcinoma	NPAS2	NR1D1	26	26	1.0	0	0.0		0.0		1.0	Neutral	1.0	1.0	False
kidney clear cell carcinoma	NPAS2	NR1D2	26	26	1.0	0	0.0		0.0		1.0	Neutral	1.0	1.0	False
kidney clear cell carcinoma	NPAS2	PER1	26	26	1.0	0	0.0		0.0		1.0	Neutral	1.0	1.0	False
kidney clear cell carcinoma	NPAS2	PER2	26	26	1.0	0	0.0		0.0		1.0	Neutral	1.0	1.0	False
kidney clear cell carcinoma	NPAS2	PER3	26	26	1.0	0	0.0		0.0		1.0	Neutral	1.0	1.0	False
kidney clear cell carcinoma	NPAS2	RORA	26	26	1.0	0	0.0		0.0		1.0	Neutral	1.0	1.0	False
kidney clear cell carcinoma	NPAS2	RORB	26	26	1.0	0	0.0		0.0		1.0	Neutral	1.0	1.0	False
kidney clear cell carcinoma	NPAS2	RORC	26	26	1.0	0	0.0		0.0		1.0	Neutral	1.0	1.0	False
kidney clear cell carcinoma	NPAS2	TIMELESS	26	26	1.0	0	0.0		0.0		1.0	Neutral	1.0	1.0	False
kidney clear cell carcinoma	NR1D1	NR1D2	26	26	1.0	0	0.0		0.0		1.0	Neutral	1.0	1.0	False
kidney clear cell carcinoma	NR1D1	PER1	26	26	1.0	0	0.0		0.0		1.0	Neutral	1.0	1.0	False
kidney clear cell carcinoma	NR1D1	PER2	26	26	1.0	0	0.0		0.0		1.0	Neutral	1.0	1.0	False
kidney clear cell carcinoma	NR1D1	PER3	26	26	1.0	0	0.0		0.0		1.0	Neutral	1.0	1.0	False
kidney clear cell carcinoma	NR1D1	RORA	26	26	1.0	0	0.0		0.0		1.0	Neutral	1.0	1.0	False
kidney clear cell carcinoma	NR1D1	RORB	26	26	1.0	0	0.0		0.0		1.0	Neutral	1.0	1.0	False
kidney clear cell carcinoma	NR1D1	RORC	26	26	1.0	0	0.0		0.0		1.0	Neutral	1.0	1.0	False
kidney clear cell carcinoma	NR1D1	TIMELESS	26	26	1.0	0	0.0		0.0		1.0	Neutral	1.0	1.0	False
kidney clear cell carcinoma	NR1D2	PER1	26	26	1.0	0	0.0		0.0		1.0	Neutral	1.0	1.0	False
kidney clear cell carcinoma	NR1D2	PER2	26	26	1.0	0	0.0		0.0		1.0	Neutral	1.0	1.0	False
kidney clear cell carcinoma	NR1D2	PER3	26	26	1.0	0	0.0		0.0		1.0	Neutral	1.0	1.0	False
kidney clear cell carcinoma	NR1D2	RORA	26	26	1.0	0	0.0		0.0		1.0	Neutral	1.0	1.0	False
kidney clear cell carcinoma	NR1D2	RORB	26	26	1.0	0	0.0		0.0		1.0	Neutral	1.0	1.0	False
kidney clear cell carcinoma	NR1D2	RORC	26	26	1.0	0	0.0		0.0		1.0	Neutral	1.0	1.0	False
kidney clear cell carcinoma	NR1D2	TIMELESS	26	26	1.0	0	0.0		0.0		1.0	Neutral	1.0	1.0	False
kidney clear cell carcinoma	PER1	PER2	26	26	1.0	0	0.0		0.0		1.0	Neutral	1.0	1.0	False
kidney clear cell carcinoma	PER1	PER3	26	26	1.0	0	0.0		0.0		1.0	Neutral	1.0	1.0	False
kidney clear cell carcinoma	PER1	RORA	26	26	1.0	0	0.0		0.0		1.0	Neutral	1.0	1.0	False
kidney clear cell carcinoma	PER1	RORB	26	26	1.0	0	0.0		0.0		1.0	Neutral	1.0	1.0	False
kidney clear cell carcinoma	PER1	RORC	26	26	1.0	0	0.0		0.0		1.0	Neutral	1.0	1.0	False
kidney clear cell carcinoma	PER1	TIMELESS	26	26	1.0	0	0.0		0.0		1.0	Neutral	1.0	1.0	False
kidney clear cell carcinoma	PER2	PER3	26	26	1.0	0	0.0		0.0		1.0	Neutral	1.0	1.0	False
kidney clear cell carcinoma	PER2	RORA	26	26	1.0	0	0.0		0.0		1.0	Neutral	1.0	1.0	False
kidney clear cell carcinoma	PER2	RORB	26	26	1.0	0	0.0		0.0		1.0	Neutral	1.0	1.0	False
kidney clear cell carcinoma	PER2	RORC	26	26	1.0	0	0.0		0.0		1.0	Neutral	1.0	1.0	False
kidney clear cell carcinoma	PER2	TIMELESS	26	26	1.0	0	0.0		0.0		1.0	Neutral	1.0	1.0	False
kidney clear cell carcinoma	PER3	RORA	26	26	1.0	0	0.0		0.0		1.0	Neutral	1.0	1.0	False
kidney clear cell carcinoma	PER3	RORB	26	26	1.0	0	0.0		0.0		1.0	Neutral	1.0	1.0	False
kidney clear cell carcinoma	PER3	RORC	26	26	1.0	0	0.0		0.0		1.0	Neutral	1.0	1.0	False
kidney clear cell carcinoma	PER3	TIMELESS	26	26	1.0	0	0.0		0.0		1.0	Neutral	1.0	1.0	False
kidney clear cell carcinoma	RORA	RORB	26	26	1.0	0	0.0		0.0		1.0	Neutral	1.0	1.0	False
kidney clear cell carcinoma	RORA	RORC	26	26	1.0	0	0.0		0.0		1.0	Neutral	1.0	1.0	False
kidney clear cell carcinoma	RORA	TIMELESS	26	26	1.0	0	0.0		0.0		1.0	Neutral	1.0	1.0	False
kidney clear cell carcinoma	RORB	RORC	26	26	1.0	0	0.0		0.0		1.0	Neutral	1.0	1.0	False
kidney clear cell carcinoma	RORB	TIMELESS	26	26	1.0	0	0.0		0.0		1.0	Neutral	1.0	1.0	False
kidney clear cell carcinoma	RORC	TIMELESS	26	26	1.0	0	0.0		0.0		1.0	Neutral	1.0	1.0	False
kidney papillary cell carcinoma	ARNTL	CLOCK	38	38	1.1578947368421053	0	0.049999999999999996	0.0	0.22840737070571795	-0.21890712127858794	1.0	Depleted	1.0	1.0	False
kidney papillary cell carcinoma	ARNTL	CRY1	38	38	1.1578947368421053	0	0.049999999999999996	0.0	0.2224718844571992	-0.2247475006650531	1.0	Depleted	1.0	1.0	False
kidney papillary cell carcinoma	ARNTL	CRY2	38	38	1.1578947368421053	0	0.049999999999999996	0.0	0.22274413908147958	-0.2244727973817082	1.0	Depleted	1.0	1.0	False
kidney papillary cell carcinoma	ARNTL	CSNK1D	38	38	1.1578947368421053	0	0.049999999999999996	0.0	0.22016892931506837	-0.22709834741689863	1.0	Depleted	1.0	1.0	False
kidney papillary cell carcinoma	ARNTL	CSNK1E	38	38	1.1578947368421053	0	0.049999999999999996	0.0	0.22316805416107338	-0.22404640389933267	1.0	Depleted	1.0	1.0	False
kidney papillary cell carcinoma	ARNTL	NPAS2	38	38	1.1578947368421053	0	0.049999999999999996	0.0	0.21656567149252184	-0.2308768497583724	1.0	Depleted	1.0	1.0	False
kidney papillary cell carcinoma	ARNTL	NR1D1	38	38	1.1578947368421053	0	0.049999999999999996	0.0	0.22000872797241114	-0.22726371112999635	1.0	Depleted	1.0	1.0	False
kidney papillary cell carcinoma	ARNTL	NR1D2	38	38	1.1578947368421053	0	0.049999999999999996	0.0	0.21674145354723579	-0.23068960358846718	1.0	Depleted	1.0	1.0	False
kidney papillary cell carcinoma	ARNTL	PER1	38	38	1.1578947368421053	0	0.049999999999999996	0.0	0.22452490094222136	-0.22269244876703836	1.0	Depleted	1.0	1.0	False
kidney papillary cell carcinoma	ARNTL	PER2	38	38	1.1578947368421053	0	0.049999999999999996	0.0	0.227391206241727	-0.21988537211438056	1.0	Depleted	1.0	1.0	False
kidney papillary cell carcinoma	ARNTL	PER3	38	38	1.1578947368421053	0	0.049999999999999996	0.0	0.22722736020849854	-0.22004392408608348	1.0	Depleted	1.0	1.0	False
kidney papillary cell carcinoma	ARNTL	RORA	38	38	1.1578947368421053	0	0.049999999999999996	0.0	0.2173671429804531	-0.2300255655680964	1.0	Depleted	1.0	1.0	False
kidney papillary cell carcinoma	ARNTL	RORB	38	38	1.1578947368421053	0	0.049999999999999996	0.0	0.22082689250099313	-0.22642169816239718	1.0	Depleted	1.0	1.0	False
kidney papillary cell carcinoma	ARNTL	RORC	38	38	1.1578947368421053	0	0.049999999999999996	0.0	0.23405229767683286	-0.21362746914382943	1.0	Depleted	1.0	1.0	False
kidney papillary cell carcinoma	ARNTL	TIMELESS	38	38	1.1578947368421053	0	0.049999999999999996	0.0	0.22825689501307975	-0.21905143324207077	1.0	Depleted	1.0	1.0	False
kidney papillary cell carcinoma	CLOCK	CRY1	38	38	1.1578947368421053	0	0.049999999999999996	0.0	0.23045795947874903	-0.21695931055317094	1.0	Depleted	1.0	1.0	False
kidney papillary cell carcinoma	CLOCK	CRY2	38	38	1.1578947368421053	0	0.049999999999999996	0.0	0.21785817914097663	-0.22950710502195493	1.0	Depleted	1.0	1.0	False
kidney papillary cell carcinoma	CLOCK	CSNK1D	38	38	1.1578947368421053	0	0.049999999999999996	0.0	0.23024267886105934	-0.21716217100728163	1.0	Depleted	1.0	1.0	False
kidney papillary cell carcinoma	CLOCK	CSNK1E	38	38	1.1578947368421053	0	0.049999999999999996	0.0	0.21968674567807375	-0.22759679854910037	1.0	Depleted	1.0	1.0	False
kidney papillary cell carcinoma	CLOCK	NPAS2	38	38	1.1578947368421053	0	0.049999999999999996	0.0	0.214210594084097	-0.23341515957128842	1.0	Depleted	1.0	1.0	False
kidney papillary cell carcinoma	CLOCK	NR1D1	38	38	1.1578947368421053	0	0.049999999999999996	0.0	0.22860329382271521	-0.21871950820960454	1.0	Depleted	1.0	1.0	False
kidney papillary cell carcinoma	CLOCK	NR1D2	38	38	1.1578947368421053	0	0.049999999999999996	0.0	0.21640961926941052	-0.2310433342510274	1.0	Depleted	1.0	1.0	False
kidney papillary cell carcinoma	CLOCK	PER1	38	38	1.1578947368421053	0	0.049999999999999996	0.0	0.23442801805578817	-0.21328508603481522	1.0	Depleted	1.0	1.0	False
kidney papillary cell carcinoma	CLOCK	PER2	38	38	1.1578947368421053	0	0.049999999999999996	0.0	0.21939262365068532	-0.22790191925326297	1.0	Depleted	1.0	1.0	False
kidney papillary cell carcinoma	CLOCK	PER3	38	38	1.1578947368421053	0	0.049999999999999996	0.0	0.21573688660130436	-0.23176379703858066	1.0	Depleted	1.0	1.0	False
kidney papillary cell carcinoma	CLOCK	RORA	38	38	1.1578947368421053	0	0.049999999999999996	0.0	0.21973071737655586	-0.22755125271954688	1.0	Depleted	1.0	1.0	False
kidney papillary cell carcinoma	CLOCK	RORB	38	38	1.1578947368421053	0	0.049999999999999996	0.0	0.22406253681068639	-0.22315198565410202	1.0	Depleted	1.0	1.0	False
kidney papillary cell carcinoma	CLOCK	RORC	38	38	1.1578947368421053	0	0.049999999999999996	0.0	0.23058626802717516	-0.21683858465547207	1.0	Depleted	1.0	1.0	False
kidney papillary cell carcinoma	CLOCK	TIMELESS	38	38	1.1578947368421053	1	0.049999999999999996	20.0	0.22854394158087707	4.1567498723820435	0.05019498050194981	Enriched	1.0	1.0	False
kidney papillary cell carcinoma	CRY1	CRY2	38	38	1.1578947368421053	0	0.049999999999999996	0.0	0.22459894137873146	-0.22261903681766318	1.0	Depleted	1.0	1.0	False
kidney papillary cell carcinoma	CRY1	CSNK1D	38	38	1.1578947368421053	0	0.049999999999999996	0.0	0.21884693143368447	-0.22847018997454446	1.0	Depleted	1.0	1.0	False
kidney papillary cell carcinoma	CRY1	CSNK1E	38	38	1.1578947368421053	0	0.049999999999999996	0.0	0.22508866362091418	-0.2221346877078097	1.0	Depleted	1.0	1.0	False
kidney papillary cell carcinoma	CRY1	NPAS2	38	38	1.1578947368421053	0	0.049999999999999996	0.0	0.2207559360885497	-0.22649447569076456	1.0	Depleted	1.0	1.0	False
kidney papillary cell carcinoma	CRY1	NR1D1	38	38	1.1578947368421053	0	0.049999999999999996	0.0	0.21488782580166746	-0.23267953786338702	1.0	Depleted	1.0	1.0	False
kidney papillary cell carcinoma	CRY1	NR1D2	38	38	1.1578947368421053	0	0.049999999999999996	0.0	0.2294174649788541	-0.2179433026365652	1.0	Depleted	1.0	1.0	False
kidney papillary cell carcinoma	CRY1	PER1	38	38	1.1578947368421053	0	0.049999999999999996	0.0	0.22519827136579584	-0.22202657106005755	1.0	Depleted	1.0	1.0	False
kidney papillary cell carcinoma	CRY1	PER2	38	38	1.1578947368421053	0	0.049999999999999996	0.0	0.22104824412924717	-0.2261949657051559	1.0	Depleted	1.0	1.0	False
kidney papillary cell carcinoma	CRY1	PER3	38	38	1.1578947368421053	0	0.049999999999999996	0.0	0.2241532164981057	-0.223061711007937	1.0	Depleted	1.0	1.0	False
kidney papillary cell carcinoma	CRY1	RORA	38	38	1.1578947368421053	0	0.049999999999999996	0.0	0.21847902258187363	-0.2288549235030691	1.0	Depleted	1.0	1.0	False
kidney papillary cell carcinoma	CRY1	RORB	38	38	1.1578947368421053	0	0.049999999999999996	0.0	0.21861191439835037	-0.22871580507222936	1.0	Depleted	1.0	1.0	False
kidney papillary cell carcinoma	CRY1	RORC	38	38	1.1578947368421053	0	0.049999999999999996	0.0	0.21785817914097663	-0.22950710502195493	1.0	Depleted	1.0	1.0	False
kidney papillary cell carcinoma	CRY1	TIMELESS	38	38	1.1578947368421053	0	0.049999999999999996	0.0	0.229281414416214	-0.2180726254123464	1.0	Depleted	1.0	1.0	False
kidney papillary cell carcinoma	CRY2	CSNK1D	38	38	1.1578947368421053	0	0.049999999999999996	0.0	0.2176788882961344	-0.22969613815731668	1.0	Depleted	1.0	1.0	False
kidney papillary cell carcinoma	CRY2	CSNK1E	38	38	1.1578947368421053	0	0.049999999999999996	0.0	0.23716562725967552	-0.2108231305595325	1.0	Depleted	1.0	1.0	False
kidney papillary cell carcinoma	CRY2	NPAS2	38	38	1.1578947368421053	0	0.049999999999999996	0.0	0.22710144761042514	-0.22016592375831573	1.0	Depleted	1.0	1.0	False
kidney papillary cell carcinoma	CRY2	NR1D1	38	38	1.1578947368421053	0	0.049999999999999996	0.0	0.22556650466060438	-0.2216641166437004	1.0	Depleted	1.0	1.0	False
kidney papillary cell carcinoma	CRY2	NR1D2	38	38	1.1578947368421053	0	0.049999999999999996	0.0	0.21881852790569511	-0.22849984632722073	1.0	Depleted	1.0	1.0	False
kidney papillary cell carcinoma	CRY2	PER1	38	38	1.1578947368421053	0	0.049999999999999996	0.0	0.21790251983585476	-0.229460402925422	1.0	Depleted	1.0	1.0	False
kidney papillary cell carcinoma	CRY2	PER2	38	38	1.1578947368421053	0	0.049999999999999996	0.0	0.22050719340246977	-0.22674997231831792	1.0	Depleted	1.0	1.0	False
kidney papillary cell carcinoma	CRY2	PER3	38	38	1.1578947368421053	0	0.049999999999999996	0.0	0.22397110596152928	-0.22324308211697771	1.0	Depleted	1.0	1.0	False
kidney papillary cell carcinoma	CRY2	RORA	38	38	1.1578947368421053	0	0.049999999999999996	0.0	0.22982948496486677	-0.21755259125104562	1.0	Depleted	1.0	1.0	False
kidney papillary cell carcinoma	CRY2	RORB	38	38	1.1578947368421053	0	0.049999999999999996	0.0	0.22218140439209977	-0.22504133564554007	1.0	Depleted	1.0	1.0	False
kidney papillary cell carcinoma	CRY2	RORC	38	38	1.1578947368421053	0	0.049999999999999996	0.0	0.22384148521007025	-0.22337235634885155	1.0	Depleted	1.0	1.0	False
kidney papillary cell carcinoma	CRY2	TIMELESS	38	38	1.1578947368421053	1	0.049999999999999996	20.0	0.22477769573792267	4.226397983488732	0.048295170482951705	Enriched	1.0	1.0	False
kidney papillary cell carcinoma	CSNK1D	CSNK1E	38	38	1.1578947368421053	0	0.049999999999999996	0.0	0.22139307010190928	-0.22584266064418607	1.0	Depleted	1.0	1.0	False
kidney papillary cell carcinoma	CSNK1D	NPAS2	38	38	1.1578947368421053	0	0.049999999999999996	0.0	0.22756040598890961	-0.219721879044445	1.0	Depleted	1.0	1.0	False
kidney papillary cell carcinoma	CSNK1D	NR1D1	38	38	1.1578947368421053	0	0.049999999999999996	0.0	0.2201415140963259	-0.2271266290015695	1.0	Depleted	1.0	1.0	False
kidney papillary cell carcinoma	CSNK1D	NR1D2	38	38	1.1578947368421053	0	0.049999999999999996	0.0	0.23031077765799526	-0.2170979600192594	1.0	Depleted	1.0	1.0	False
kidney papillary cell carcinoma	CSNK1D	PER1	38	38	1.1578947368421053	0	0.049999999999999996	0.0	0.22249707974499236	-0.22472205054244235	1.0	Depleted	1.0	1.0	False
kidney papillary cell carcinoma	CSNK1D	PER2	38	38	1.1578947368421053	0	0.049999999999999996	0.0	0.2220920811043224	-0.22513184509497977	1.0	Depleted	1.0	1.0	False
kidney papillary cell carcinoma	CSNK1D	PER3	38	38	1.1578947368421053	0	0.049999999999999996	0.0	0.2360385803658845	-0.2118297776681031	1.0	Depleted	1.0	1.0	False
kidney papillary cell carcinoma	CSNK1D	RORA	38	38	1.1578947368421053	1	0.049999999999999996	20.0	0.22224970077133802	4.2744714467688265	0.049295070492950704	Enriched	1.0	1.0	False
kidney papillary cell carcinoma	CSNK1D	RORB	38	38	1.1578947368421053	0	0.049999999999999996	0.0	0.22366126717928525	-0.22355234158590526	1.0	Depleted	1.0	1.0	False
kidney papillary cell carcinoma	CSNK1D	RORC	38	38	1.1578947368421053	0	0.049999999999999996	0.0	0.22748390029294216	-0.21979577427506977	1.0	Depleted	1.0	1.0	False
kidney papillary cell carcinoma	CSNK1D	TIMELESS	38	38	1.1578947368421053	0	0.049999999999999996	0.0	0.2256419318924185	-0.22159001910974147	1.0	Depleted	1.0	1.0	False
kidney papillary cell carcinoma	CSNK1E	NPAS2	38	38	1.1578947368421053	0	0.049999999999999996	0.0	0.22819622554226257	-0.2191096714294245	1.0	Depleted	1.0	1.0	False
kidney papillary cell carcinoma	CSNK1E	NR1D1	38	38	1.1578947368421053	0	0.049999999999999996	0.0	0.2207559360885497	-0.22649447569076456	1.0	Depleted	1.0	1.0	False
kidney papillary cell carcinoma	CSNK1E	NR1D2	38	38	1.1578947368421053	0	0.049999999999999996	0.0	0.2283476609589565	-0.21896436245513834	1.0	Depleted	1.0	1.0	False
kidney papillary cell carcinoma	CSNK1E	PER1	38	38	1.1578947368421053	0	0.049999999999999996	0.0	0.22539760515152063	-0.2218302184993853	1.0	Depleted	1.0	1.0	False
kidney papillary cell carcinoma	CSNK1E	PER2	38	38	1.1578947368421053	0	0.049999999999999996	0.0	0.21178178664020011	-0.2360920681292858	1.0	Depleted	1.0	1.0	False
kidney papillary cell carcinoma	CSNK1E	PER3	38	38	1.1578947368421053	0	0.049999999999999996	0.0	0.23362460924698106	-0.21401854950623575	1.0	Depleted	1.0	1.0	False
kidney papillary cell carcinoma	CSNK1E	RORA	38	38	1.1578947368421053	0	0.049999999999999996	0.0	0.22269923550598342	-0.2245180585662882	1.0	Depleted	1.0	1.0	False
kidney papillary cell carcinoma	CSNK1E	RORB	38	38	1.1578947368421053	1	0.049999999999999996	20.0	0.21748731014247083	4.368070943438848	0.047295270472952705	Enriched	1.0	1.0	False
kidney papillary cell carcinoma	CSNK1E	RORC	38	38	1.1578947368421053	0	0.049999999999999996	0.0	0.22643638696935256	-0.2208125675789348	1.0	Depleted	1.0	1.0	False
kidney papillary cell carcinoma	CSNK1E	TIMELESS	38	38	1.1578947368421053	0	0.049999999999999996	0.0	0.22278885404649115	-0.2244277444398816	1.0	Depleted	1.0	1.0	False
kidney papillary cell carcinoma	NPAS2	NR1D1	38	38	1.1578947368421053	0	0.049999999999999996	0.0	0.22597554401892578	-0.2212628814196479	1.0	Depleted	1.0	1.0	False
kidney papillary cell carcinoma	NPAS2	NR1D2	38	38	1.1578947368421053	0	0.049999999999999996	0.0	0.22591667453816558	-0.2213205382126549	1.0	Depleted	1.0	1.0	False
kidney papillary cell carcinoma	NPAS2	PER1	38	38	1.1578947368421053	0	0.049999999999999996	0.0	0.21877437286533874	-0.22854596425138096	1.0	Depleted	1.0	1.0	False
kidney papillary cell carcinoma	NPAS2	PER2	38	38	1.1578947368421053	0	0.049999999999999996	0.0	0.22584087409067694	-0.22139482147029146	1.0	Depleted	1.0	1.0	False
kidney papillary cell carcinoma	NPAS2	PER3	38	38	1.1578947368421053	0	0.049999999999999996	0.0	0.23309327156167495	-0.21450640623391107	1.0	Depleted	1.0	1.0	False
kidney papillary cell carcinoma	NPAS2	RORA	38	38	1.1578947368421053	0	0.049999999999999996	0.0	0.2228106919796401	-0.22440574801755417	1.0	Depleted	1.0	1.0	False
kidney papillary cell carcinoma	NPAS2	RORB	38	38	1.1578947368421053	0	0.049999999999999996	0.0	0.2211787783789406	-0.22606147102565205	1.0	Depleted	1.0	1.0	False
kidney papillary cell carcinoma	NPAS2	RORC	38	38	1.1578947368421053	0	0.049999999999999996	0.0	0.2177106561309742	-0.22966262142869165	1.0	Depleted	1.0	1.0	False
kidney papillary cell carcinoma	NPAS2	TIMELESS	38	38	1.1578947368421053	0	0.049999999999999996	0.0	0.2237517519141436	-0.22346193749216156	1.0	Depleted	1.0	1.0	False
kidney papillary cell carcinoma	NR1D1	NR1D2	38	38	1.1578947368421053	0	0.049999999999999996	0.0	0.21916823098101407	-0.2281352538011376	1.0	Depleted	1.0	1.0	False
kidney papillary cell carcinoma	NR1D1	PER1	38	38	1.1578947368421053	0	0.049999999999999996	0.0	0.2089275593896297	-0.2393173985570512	1.0	Depleted	1.0	1.0	False
kidney papillary cell carcinoma	NR1D1	PER2	38	38	1.1578947368421053	0	0.049999999999999996	0.0	0.22312224979556697	-0.2240923979827735	1.0	Depleted	1.0	1.0	False
kidney papillary cell carcinoma	NR1D1	PER3	38	38	1.1578947368421053	1	0.049999999999999996	20.0	0.21923103389945153	4.3333281018768055	0.047495250474952504	Enriched	1.0	1.0	False
kidney papillary cell carcinoma	NR1D1	RORA	38	38	1.1578947368421053	0	0.049999999999999996	0.0	0.21647661816607644	-0.230971826997228	1.0	Depleted	1.0	1.0	False
kidney papillary cell carcinoma	NR1D1	RORB	38	38	1.1578947368421053	0	0.049999999999999996	0.0	0.21927509698279846	-0.22802406970966868	1.0	Depleted	1.0	1.0	False
kidney papillary cell carcinoma	NR1D1	RORC	38	38	1.1578947368421053	0	0.049999999999999996	0.0	0.21484379391916014	-0.23272722515230593	1.0	Depleted	1.0	1.0	False
kidney papillary cell carcinoma	NR1D1	TIMELESS	38	38	1.1578947368421053	0	0.049999999999999996	0.0	0.21857936246079906	-0.22874986657977467	1.0	Depleted	1.0	1.0	False
kidney papillary cell carcinoma	NR1D2	PER1	38	38	1.1578947368421053	0	0.049999999999999996	0.0	0.21905286671450244	-0.22825540130988725	1.0	Depleted	1.0	1.0	False
kidney papillary cell carcinoma	NR1D2	PER2	38	38	1.1578947368421053	0	0.049999999999999996	0.0	0.22450844172110856	-0.22270877485360469	1.0	Depleted	1.0	1.0	False
kidney papillary cell carcinoma	NR1D2	PER3	38	38	1.1578947368421053	0	0.049999999999999996	0.0	0.21611353614720807	-0.23135987172012193	1.0	Depleted	1.0	1.0	False
kidney papillary cell carcinoma	NR1D2	RORA	38	38	1.1578947368421053	0	0.049999999999999996	0.0	0.22452490094222136	-0.22269244876703836	1.0	Depleted	1.0	1.0	False
kidney papillary cell carcinoma	NR1D2	RORB	38	38	1.1578947368421053	0	0.049999999999999996	0.0	0.22757585345749598	-0.21970696469051548	1.0	Depleted	1.0	1.0	False
kidney papillary cell carcinoma	NR1D2	RORC	38	38	1.1578947368421053	0	0.049999999999999996	0.0	0.22200200109199214	-0.22522319507958505	1.0	Depleted	1.0	1.0	False
kidney papillary cell carcinoma	NR1D2	TIMELESS	38	38	1.1578947368421053	0	0.049999999999999996	0.0	0.22209208110432246	-0.22513184509497972	1.0	Depleted	1.0	1.0	False
kidney papillary cell carcinoma	PER1	PER2	38	38	1.1578947368421053	0	0.049999999999999996	0.0	0.22512269548582226	-0.22210110754092713	1.0	Depleted	1.0	1.0	False
kidney papillary cell carcinoma	PER1	PER3	38	38	1.1578947368421053	0	0.049999999999999996	0.0	0.22325909715495637	-0.2239550398490447	1.0	Depleted	1.0	1.0	False
kidney papillary cell carcinoma	PER1	RORA	38	38	1.1578947368421053	1	0.049999999999999996	20.0	0.22177528813608333	4.283615221444651	0.048095190480951906	Enriched	1.0	1.0	False
kidney papillary cell carcinoma	PER1	RORB	38	38	1.1578947368421053	0	0.049999999999999996	0.0	0.2178136457580834	-0.22955402920684284	1.0	Depleted	1.0	1.0	False
kidney papillary cell carcinoma	PER1	RORC	38	38	1.1578947368421053	0	0.049999999999999996	0.0	0.22050719340246977	-0.22674997231831792	1.0	Depleted	1.0	1.0	False
kidney papillary cell carcinoma	PER1	TIMELESS	38	38	1.1578947368421053	0	0.049999999999999996	0.0	0.21856780913190046	-0.22876195812452046	1.0	Depleted	1.0	1.0	False
kidney papillary cell carcinoma	PER2	PER3	38	38	1.1578947368421053	0	0.049999999999999996	0.0	0.22305767297393572	-0.22415727436483432	1.0	Depleted	1.0	1.0	False
kidney papillary cell carcinoma	PER2	RORA	38	38	1.1578947368421053	0	0.049999999999999996	0.0	0.2247705767693319	-0.22244904434850427	1.0	Depleted	1.0	1.0	False
kidney papillary cell carcinoma	PER2	RORB	38	38	1.1578947368421053	0	0.049999999999999996	0.0	0.22103084731219386	-0.22621276897779682	1.0	Depleted	1.0	1.0	False
kidney papillary cell carcinoma	PER2	RORC	38	38	1.1578947368421053	0	0.049999999999999996	0.0	0.2171150706316573	-0.23029262710568169	1.0	Depleted	1.0	1.0	False
kidney papillary cell carcinoma	PER2	TIMELESS	38	38	1.1578947368421053	0	0.049999999999999996	0.0	0.22254193423094248	-0.22467675664269454	1.0	Depleted	1.0	1.0	False
kidney papillary cell carcinoma	PER3	RORA	38	38	1.1578947368421053	0	0.049999999999999996	0.0	0.21681856707649116	-0.23060755669674984	1.0	Depleted	1.0	1.0	False
kidney papillary cell carcinoma	PER3	RORB	38	38	1.1578947368421053	0	0.049999999999999996	0.0	0.2136546625549818	-0.23402250810760106	1.0	Depleted	1.0	1.0	False
kidney papillary cell carcinoma	PER3	RORC	38	38	1.1578947368421053	0	0.049999999999999996	0.0	0.21577278741671518	-0.23172523559904046	1.0	Depleted	1.0	1.0	False
kidney papillary cell carcinoma	PER3	TIMELESS	38	38	1.1578947368421053	0	0.049999999999999996	0.0	0.22894846961745347	-0.2183897541815599	1.0	Depleted	1.0	1.0	False
kidney papillary cell carcinoma	RORA	RORB	38	38	1.1578947368421053	0	0.049999999999999996	0.0	0.21693811609447855	-0.2304804748015076	1.0	Depleted	1.0	1.0	False
kidney papillary cell carcinoma	RORA	RORC	38	38	1.1578947368421053	0	0.049999999999999996	0.0	0.21607003176253428	-0.23140645462093093	1.0	Depleted	1.0	1.0	False
kidney papillary cell carcinoma	RORA	TIMELESS	38	38	1.1578947368421053	0	0.049999999999999996	0.0	0.22674111041695838	-0.2205158116587419	1.0	Depleted	1.0	1.0	False
kidney papillary cell carcinoma	RORB	RORC	38	38	1.1578947368421053	0	0.049999999999999996	0.0	0.2173233373186008	-0.23007193160621722	1.0	Depleted	1.0	1.0	False
kidney papillary cell carcinoma	RORB	TIMELESS	38	38	1.1578947368421053	0	0.049999999999999996	0.0	0.2203735384515232	-0.22688749453010565	1.0	Depleted	1.0	1.0	False
kidney papillary cell carcinoma	RORC	TIMELESS	38	38	1.1578947368421053	0	0.049999999999999996	0.0	0.2203465571787452	-0.22691527673581927	1.0	Depleted	1.0	1.0	False
liver hepatocellular carcinoma	ARNTL	CLOCK	53	53	1.0377358490566038	0	0.016666666666666666	0.0	0.12965057241328598	-0.12855066010459623	1.0	Depleted	1.0	1.0	False
liver hepatocellular carcinoma	ARNTL	CRY1	53	53	1.0377358490566038	0	0.016666666666666666	0.0	0.1211588129101411	-0.13756049821177846	1.0	Depleted	1.0	1.0	False
liver hepatocellular carcinoma	ARNTL	CRY2	53	53	1.0377358490566038	0	0.016666666666666666	0.0	0.1300225003030572	-0.12818294239704592	1.0	Depleted	1.0	1.0	False
liver hepatocellular carcinoma	ARNTL	CSNK1D	53	53	1.0377358490566038	0	0.016666666666666666	0.0	0.12509498341455402	-0.13323209461913246	1.0	Depleted	1.0	1.0	False
liver hepatocellular carcinoma	ARNTL	CSNK1E	53	53	1.0377358490566038	0	0.016666666666666666	0.0	0.12739455615250492	-0.13082714968381287	1.0	Depleted	1.0	1.0	False
liver hepatocellular carcinoma	ARNTL	NPAS2	53	53	1.0377358490566038	0	0.016666666666666666	0.0	0.128151286670199	-0.13005461825411718	1.0	Depleted	1.0	1.0	False
liver hepatocellular carcinoma	ARNTL	NR1D1	53	53	1.0377358490566038	0	0.016666666666666666	0.0	0.11790920344920408	-0.14135170265862035	1.0	Depleted	1.0	1.0	False
liver hepatocellular carcinoma	ARNTL	NR1D2	53	53	1.0377358490566038	0	0.016666666666666666	0.0	0.12235381908916684	-0.13621697132739788	1.0	Depleted	1.0	1.0	False
liver hepatocellular carcinoma	ARNTL	PER1	53	53	1.0377358490566038	0	0.016666666666666666	0.0	0.12035513506225475	-0.13847906579179764	1.0	Depleted	1.0	1.0	False
liver hepatocellular carcinoma	ARNTL	PER2	53	53	1.0377358490566038	0	0.016666666666666666	0.0	0.12548137135629236	-0.13282184029805713	1.0	Depleted	1.0	1.0	False
liver hepatocellular carcinoma	ARNTL	PER3	53	53	1.0377358490566038	0	0.016666666666666666	0.0	0.12353653762192286	-0.13491285240382997	1.0	Depleted	1.0	1.0	False
liver hepatocellular carcinoma	ARNTL	RORA	53	53	1.0377358490566038	0	0.016666666666666666	0.0	0.12927749714133047	-0.12892163783497534	1.0	Depleted	1.0	1.0	False
liver hepatocellular carcinoma	ARNTL	RORB	53	53	1.0377358490566038	0	0.016666666666666666	0.0	0.1224028522781417	-0.13616240435961594	1.0	Depleted	1.0	1.0	False
liver hepatocellular carcinoma	ARNTL	RORC	53	53	1.0377358490566038	0	0.016666666666666666	0.0	0.13081556203727104	-0.1274058407662394	1.0	Depleted	1.0	1.0	False
liver hepatocellular carcinoma	ARNTL	TIMELESS	53	53	1.0377358490566038	0	0.016666666666666666	0.0	0.12353653762192288	-0.13491285240382994	1.0	Depleted	1.0	1.0	False
liver hepatocellular carcinoma	CLOCK	CRY1	53	53	1.0377358490566038	0	0.016666666666666666	0.0	0.12589191744305012	-0.1323886950423659	1.0	Depleted	1.0	1.0	False
liver hepatocellular carcinoma	CLOCK	CRY2	53	53	1.0377358490566038	0	0.016666666666666666	0.0	0.12665857349356158	-0.13158735494138407	1.0	Depleted	1.0	1.0	False
liver hepatocellular carcinoma	CLOCK	CSNK1D	53	53	1.0377358490566038	0	0.016666666666666666	0.0	0.13409469839935464	-0.12429027296090982	1.0	Depleted	1.0	1.0	False
liver hepatocellular carcinoma	CLOCK	CSNK1E	53	53	1.0377358490566038	0	0.016666666666666666	0.0	0.1262503620406355	-0.13201282275374593	1.0	Depleted	1.0	1.0	False
liver hepatocellular carcinoma	CLOCK	NPAS2	53	53	1.0377358490566038	0	0.016666666666666666	0.0	0.13511426862681328	-0.12335238044103349	1.0	Depleted	1.0	1.0	False
liver hepatocellular carcinoma	CLOCK	NR1D1	53	53	1.0377358490566038	0	0.016666666666666666	0.0	0.12075768398666883	-0.13801744217375517	1.0	Depleted	1.0	1.0	False
liver hepatocellular carcinoma	CLOCK	NR1D2	53	53	1.0377358490566038	0	0.016666666666666666	0.0	0.12353653762192288	-0.13491285240382994	1.0	Depleted	1.0	1.0	False
liver hepatocellular carcinoma	CLOCK	PER1	53	53	1.0377358490566038	0	0.016666666666666666	0.0	0.12965057241328598	-0.12855066010459623	1.0	Depleted	1.0	1.0	False
liver hepatocellular carcinoma	CLOCK	PER2	53	53	1.0377358490566038	0	0.016666666666666666	0.0	0.12965057241328598	-0.12855066010459623	1.0	Depleted	1.0	1.0	False
liver hepatocellular carcinoma	CLOCK	PER3	53	53	1.0377358490566038	0	0.016666666666666666	0.0	0.1262503620406355	-0.13201282275374593	1.0	Depleted	1.0	1.0	False
liver hepatocellular carcinoma	CLOCK	RORA	53	53	1.0377358490566038	0	0.016666666666666666	0.0	0.12392810745582199	-0.13448657458606003	1.0	Depleted	1.0	1.0	False
liver hepatocellular carcinoma	CLOCK	RORB	53	53	1.0377358490566038	0	0.016666666666666666	0.0	0.1300225003030572	-0.12818294239704592	1.0	Depleted	1.0	1.0	False
liver hepatocellular carcinoma	CLOCK	RORC	53	53	1.0377358490566038	0	0.016666666666666666	0.0	0.12665857349356158	-0.13158735494138407	1.0	Depleted	1.0	1.0	False
liver hepatocellular carcinoma	CLOCK	TIMELESS	53	53	1.0377358490566038	0	0.016666666666666666	0.0	0.13587967592187164	-0.12265753913226654	1.0	Depleted	1.0	1.0	False
liver hepatocellular carcinoma	CRY1	CRY2	53	53	1.0377358490566038	0	0.016666666666666666	0.0	0.12739455615250492	-0.13082714968381287	1.0	Depleted	1.0	1.0	False
liver hepatocellular carcinoma	CRY1	CSNK1D	53	53	1.0377358490566038	0	0.016666666666666666	0.0	0.1274203029087568	-0.13080071453449096	1.0	Depleted	1.0	1.0	False
liver hepatocellular carcinoma	CRY1	CSNK1E	53	53	1.0377358490566038	0	0.016666666666666666	0.0	0.12512024419553677	-0.13320519612014306	1.0	Depleted	1.0	1.0	False
liver hepatocellular carcinoma	CRY1	NPAS2	53	53	1.0377358490566038	0	0.016666666666666666	0.0	0.13191834688558107	-0.12634077867214666	1.0	Depleted	1.0	1.0	False
liver hepatocellular carcinoma	CRY1	NR1D1	53	53	1.0377358490566038	0	0.016666666666666666	0.0	0.13223051270735162	-0.12604251715753992	1.0	Depleted	1.0	1.0	False
liver hepatocellular carcinoma	CRY1	NR1D2	53	53	1.0377358490566038	0	0.016666666666666666	0.0	0.12927749714133047	-0.12892163783497534	1.0	Depleted	1.0	1.0	False
liver hepatocellular carcinoma	CRY1	PER1	53	53	1.0377358490566038	0	0.016666666666666666	0.0	0.12965057241328598	-0.12855066010459623	1.0	Depleted	1.0	1.0	False
liver hepatocellular carcinoma	CRY1	PER2	53	53	1.0377358490566038	0	0.016666666666666666	0.0	0.12316849048236635	-0.13531599357428822	1.0	Depleted	1.0	1.0	False
liver hepatocellular carcinoma	CRY1	PER3	53	53	1.0377358490566038	0	0.016666666666666666	0.0	0.11873044972528823	-0.14037398750892507	1.0	Depleted	1.0	1.0	False
liver hepatocellular carcinoma	CRY1	RORA	53	53	1.0377358490566038	0	0.016666666666666666	0.0	0.13620633324673873	-0.12236337525124388	1.0	Depleted	1.0	1.0	False
liver hepatocellular carcinoma	CRY1	RORB	53	53	1.0377358490566038	0	0.016666666666666666	0.0	0.12701438212000457	-0.13121873592960376	1.0	Depleted	1.0	1.0	False
liver hepatocellular carcinoma	CRY1	RORC	53	53	1.0377358490566038	0	0.016666666666666666	0.0	0.13295776689151212	-0.12535308809951629	1.0	Depleted	1.0	1.0	False
liver hepatocellular carcinoma	CRY1	TIMELESS	53	53	1.0377358490566038	0	0.016666666666666666	0.0	0.12314364147467607	-0.13534329882630675	1.0	Depleted	1.0	1.0	False
liver hepatocellular carcinoma	CRY2	CSNK1D	53	53	1.0377358490566038	0	0.016666666666666666	0.0	0.13547008974132058	-0.12302838728823151	1.0	Depleted	1.0	1.0	False
liver hepatocellular carcinoma	CRY2	CSNK1E	53	53	1.0377358490566038	0	0.016666666666666666	0.0	0.13157785251753923	-0.12666772065188564	1.0	Depleted	1.0	1.0	False
liver hepatocellular carcinoma	CRY2	NPAS2	53	53	1.0377358490566038	0	0.016666666666666666	0.0	0.1277735207594309	-0.1304391282920527	1.0	Depleted	1.0	1.0	False
liver hepatocellular carcinoma	CRY2	NR1D1	53	53	1.0377358490566038	0	0.016666666666666666	0.0	0.12739455615250492	-0.13082714968381287	1.0	Depleted	1.0	1.0	False
liver hepatocellular carcinoma	CRY2	NR1D2	53	53	1.0377358490566038	0	0.016666666666666666	0.0	0.12665857349356158	-0.13158735494138407	1.0	Depleted	1.0	1.0	False
liver hepatocellular carcinoma	CRY2	PER1	53	53	1.0377358490566038	0	0.016666666666666666	0.0	0.130841399974147	-0.12738068126724292	1.0	Depleted	1.0	1.0	False
liver hepatocellular carcinoma	CRY2	PER2	53	53	1.0377358490566038	0	0.016666666666666666	0.0	0.12274940627829596	-0.13577798192261886	1.0	Depleted	1.0	1.0	False
liver hepatocellular carcinoma	CRY2	PER3	53	53	1.0377358490566038	0	0.016666666666666666	0.0	0.12316849048236635	-0.13531599357428822	1.0	Depleted	1.0	1.0	False
liver hepatocellular carcinoma	CRY2	RORA	53	53	1.0377358490566038	0	0.016666666666666666	0.0	0.12550671373882497	-0.1327950208412708	1.0	Depleted	1.0	1.0	False
liver hepatocellular carcinoma	CRY2	RORB	53	53	1.0377358490566038	0	0.016666666666666666	0.0	0.12195686675105576	-0.13666033828736737	1.0	Depleted	1.0	1.0	False
liver hepatocellular carcinoma	CRY2	RORC	53	53	1.0377358490566038	0	0.016666666666666666	0.0	0.12972830432598095	-0.12847363382463328	1.0	Depleted	1.0	1.0	False
liver hepatocellular carcinoma	CRY2	TIMELESS	53	53	1.0377358490566038	0	0.016666666666666666	0.0	0.13225728410533727	-0.1260170037469723	1.0	Depleted	1.0	1.0	False
liver hepatocellular carcinoma	CSNK1D	CSNK1E	53	53	1.0377358490566038	0	0.016666666666666666	0.0	0.13149893230334495	-0.12674374137289263	1.0	Depleted	1.0	1.0	False
liver hepatocellular carcinoma	CSNK1D	NPAS2	53	53	1.0377358490566038	0	0.016666666666666666	0.0	0.13620633324673873	-0.12236337525124388	1.0	Depleted	1.0	1.0	False
liver hepatocellular carcinoma	CSNK1D	NR1D1	53	53	1.0377358490566038	0	0.016666666666666666	0.0	0.12586649370433634	-0.13241543619874802	1.0	Depleted	1.0	1.0	False
liver hepatocellular carcinoma	CSNK1D	NR1D2	53	53	1.0377358490566038	0	0.016666666666666666	0.0	0.135824905081815	-0.1227070002856059	1.0	Depleted	1.0	1.0	False
liver hepatocellular carcinoma	CSNK1D	PER1	53	53	1.0377358490566038	0	0.016666666666666666	0.0	0.12235381908916684	-0.13621697132739788	1.0	Depleted	1.0	1.0	False
liver hepatocellular carcinoma	CSNK1D	PER2	53	53	1.0377358490566038	0	0.016666666666666666	0.0	0.1274203029087568	-0.13080071453449096	1.0	Depleted	1.0	1.0	False
liver hepatocellular carcinoma	CSNK1D	PER3	53	53	1.0377358490566038	0	0.016666666666666666	0.0	0.12316849048236635	-0.13531599357428822	1.0	Depleted	1.0	1.0	False
liver hepatocellular carcinoma	CSNK1D	RORA	53	53	1.0377358490566038	0	0.016666666666666666	0.0	0.12701438212000454	-0.13121873592960379	1.0	Depleted	1.0	1.0	False
liver hepatocellular carcinoma	CSNK1D	RORB	53	53	1.0377358490566038	0	0.016666666666666666	0.0	0.13189196165405567	-0.12636605337922174	1.0	Depleted	1.0	1.0	False
liver hepatocellular carcinoma	CSNK1D	RORC	53	53	1.0377358490566038	0	0.016666666666666666	0.0	0.1296767967184597	-0.1285246635360028	1.0	Depleted	1.0	1.0	False
liver hepatocellular carcinoma	CSNK1D	TIMELESS	53	53	1.0377358490566038	0	0.016666666666666666	0.0	0.12663298776921886	-0.131613941677193	1.0	Depleted	1.0	1.0	False
liver hepatocellular carcinoma	CSNK1E	NPAS2	53	53	1.0377358490566038	0	0.016666666666666666	0.0	0.11540832685812069	-0.144414767291065	1.0	Depleted	1.0	1.0	False
liver hepatocellular carcinoma	CSNK1E	NR1D1	53	53	1.0377358490566038	0	0.016666666666666666	0.0	0.12663298776921886	-0.131613941677193	1.0	Depleted	1.0	1.0	False
liver hepatocellular carcinoma	CSNK1E	NR1D2	53	53	1.0377358490566038	0	0.016666666666666666	0.0	0.1223785015832641	-0.1361894977552652	1.0	Depleted	1.0	1.0	False
liver hepatocellular carcinoma	CSNK1E	PER1	53	53	1.0377358490566038	0	0.016666666666666666	0.0	0.1376120768986895	-0.12111340110749673	1.0	Depleted	1.0	1.0	False
liver hepatocellular carcinoma	CSNK1E	PER2	53	53	1.0377358490566038	0	0.016666666666666666	0.0	0.13189196165405567	-0.12636605337922174	1.0	Depleted	1.0	1.0	False
liver hepatocellular carcinoma	CSNK1E	PER3	53	53	1.0377358490566038	0	0.016666666666666666	0.0	0.13186526777314975	-0.12639163403769552	1.0	Depleted	1.0	1.0	False
liver hepatocellular carcinoma	CSNK1E	RORA	53	53	1.0377358490566038	0	0.016666666666666666	0.0	0.12739455615250492	-0.13082714968381287	1.0	Depleted	1.0	1.0	False
liver hepatocellular carcinoma	CSNK1E	RORB	53	53	1.0377358490566038	0	0.016666666666666666	0.0	0.11913882409164778	-0.13989282497740452	1.0	Depleted	1.0	1.0	False
liver hepatocellular carcinoma	CSNK1E	RORC	53	53	1.0377358490566038	0	0.016666666666666666	0.0	0.12470731811533418	-0.13364626004748723	1.0	Depleted	1.0	1.0	False
liver hepatocellular carcinoma	CSNK1E	TIMELESS	53	53	1.0377358490566038	0	0.016666666666666666	0.0	0.1376120768986895	-0.12111340110749673	1.0	Depleted	1.0	1.0	False
liver hepatocellular carcinoma	NPAS2	NR1D1	53	53	1.0377358490566038	0	0.016666666666666666	0.0	0.12395312193585026	-0.1344594343924004	1.0	Depleted	1.0	1.0	False
liver hepatocellular carcinoma	NPAS2	NR1D2	53	53	1.0377358490566038	0	0.016666666666666666	0.0	0.12395312193585026	-0.1344594343924004	1.0	Depleted	1.0	1.0	False
liver hepatocellular carcinoma	NPAS2	PER1	53	53	1.0377358490566038	0	0.016666666666666666	0.0	0.12274940627829597	-0.13577798192261883	1.0	Depleted	1.0	1.0	False
liver hepatocellular carcinoma	NPAS2	PER2	53	53	1.0377358490566038	0	0.016666666666666666	0.0	0.13331979379200104	-0.1250126946090929	1.0	Depleted	1.0	1.0	False
liver hepatocellular carcinoma	NPAS2	PER3	53	53	1.0377358490566038	0	0.016666666666666666	0.0	0.12704004847839023	-0.13119222533594752	1.0	Depleted	1.0	1.0	False
liver hepatocellular carcinoma	NPAS2	RORA	53	53	1.0377358490566038	0	0.016666666666666666	0.0	0.1289550810991724	-0.12924397026162338	1.0	Depleted	1.0	1.0	False
liver hepatocellular carcinoma	NPAS2	RORB	53	53	1.0377358490566038	0	0.016666666666666666	0.0	0.1354975496405594	-0.12300345438629039	1.0	Depleted	1.0	1.0	False
liver hepatocellular carcinoma	NPAS2	RORC	53	53	1.0377358490566038	0	0.016666666666666666	0.0	0.12397780869859319	-0.13443266050286132	1.0	Depleted	1.0	1.0	False
liver hepatocellular carcinoma	NPAS2	TIMELESS	53	53	1.0377358490566038	1	0.016666666666666666	60.0	0.12965057241328598	7.584488946171177	0.017198280171982803	Enriched	1.0	1.0	False
liver hepatocellular carcinoma	NR1D1	NR1D2	53	53	1.0377358490566038	0	0.016666666666666666	0.0	0.1354975496405594	-0.12300345438629039	1.0	Depleted	1.0	1.0	False
liver hepatocellular carcinoma	NR1D1	PER1	53	53	1.0377358490566038	0	0.016666666666666666	0.0	0.12553173232924877	-0.13276855467072488	1.0	Depleted	1.0	1.0	False
liver hepatocellular carcinoma	NR1D1	PER2	53	53	1.0377358490566038	0	0.016666666666666666	0.0	0.1344803647260435	-0.1239338300473764	1.0	Depleted	1.0	1.0	False
liver hepatocellular carcinoma	NR1D1	PER3	53	53	1.0377358490566038	0	0.016666666666666666	0.0	0.12274940627829596	-0.13577798192261886	1.0	Depleted	1.0	1.0	False
liver hepatocellular carcinoma	NR1D1	RORA	53	53	1.0377358490566038	0	0.016666666666666666	0.0	0.13149893230334495	-0.12674374137289263	1.0	Depleted	1.0	1.0	False
liver hepatocellular carcinoma	NR1D1	RORB	53	53	1.0377358490566038	0	0.016666666666666666	0.0	0.12855385100906516	-0.12964735428650356	1.0	Depleted	1.0	1.0	False
liver hepatocellular carcinoma	NR1D1	RORC	53	53	1.0377358490566038	0	0.016666666666666666	0.0	0.12930364242044506	-0.128895569797432	1.0	Depleted	1.0	1.0	False
liver hepatocellular carcinoma	NR1D1	TIMELESS	53	53	1.0377358490566038	0	0.016666666666666666	0.0	0.12235381908916684	-0.13621697132739788	1.0	Depleted	1.0	1.0	False
liver hepatocellular carcinoma	NR1D2	PER1	53	53	1.0377358490566038	0	0.016666666666666666	0.0	0.12589191744305012	-0.1323886950423659	1.0	Depleted	1.0	1.0	False
liver hepatocellular carcinoma	NR1D2	PER2	53	53	1.0377358490566038	0	0.016666666666666666	0.0	0.12932947309589227	-0.1288698257844834	1.0	Depleted	1.0	1.0	False
liver hepatocellular carcinoma	NR1D2	PER3	53	53	1.0377358490566038	0	0.016666666666666666	0.0	0.13155185513347545	-0.1266927528293409	1.0	Depleted	1.0	1.0	False
liver hepatocellular carcinoma	NR1D2	RORA	53	53	1.0377358490566038	0	0.016666666666666666	0.0	0.12739455615250492	-0.13082714968381287	1.0	Depleted	1.0	1.0	False
liver hepatocellular carcinoma	NR1D2	RORB	53	53	1.0377358490566038	0	0.016666666666666666	0.0	0.12965057241328598	-0.12855066010459623	1.0	Depleted	1.0	1.0	False
liver hepatocellular carcinoma	NR1D2	RORC	53	53	1.0377358490566038	0	0.016666666666666666	0.0	0.1277735207594309	-0.1304391282920527	1.0	Depleted	1.0	1.0	False
liver hepatocellular carcinoma	NR1D2	TIMELESS	53	53	1.0377358490566038	0	0.016666666666666666	0.0	0.12739455615250492	-0.13082714968381287	1.0	Depleted	1.0	1.0	False
liver hepatocellular carcinoma	PER1	PER2	53	53	1.0377358490566038	0	0.016666666666666666	0.0	0.11918649479724706	-0.13983687241594783	1.0	Depleted	1.0	1.0	False
liver hepatocellular carcinoma	PER1	PER3	53	53	1.0377358490566038	0	0.016666666666666666	0.0	0.13115803537345433	-0.12707316497392357	1.0	Depleted	1.0	1.0	False
liver hepatocellular carcinoma	PER1	RORA	53	53	1.0377358490566038	0	0.016666666666666666	0.0	0.12395312193585026	-0.1344594343924004	1.0	Depleted	1.0	1.0	False
liver hepatocellular carcinoma	PER1	RORB	53	53	1.0377358490566038	0	0.016666666666666666	0.0	0.12548137135629236	-0.13282184029805713	1.0	Depleted	1.0	1.0	False
liver hepatocellular carcinoma	PER1	RORC	53	53	1.0377358490566038	0	0.016666666666666666	0.0	0.12965057241328598	-0.12855066010459623	1.0	Depleted	1.0	1.0	False
liver hepatocellular carcinoma	PER1	TIMELESS	53	53	1.0377358490566038	0	0.016666666666666666	0.0	0.12852786445434358	-0.12967356718656986	1.0	Depleted	1.0	1.0	False
liver hepatocellular carcinoma	PER2	PER3	53	53	1.0377358490566038	0	0.016666666666666666	0.0	0.1359066115415511	-0.12263322937435697	1.0	Depleted	1.0	1.0	False
liver hepatocellular carcinoma	PER2	RORA	53	53	1.0377358490566038	0	0.016666666666666666	0.0	0.13481174808132293	-0.1236291859119932	1.0	Depleted	1.0	1.0	False
liver hepatocellular carcinoma	PER2	RORB	53	53	1.0377358490566038	0	0.016666666666666666	0.0	0.11370876381483017	-0.1465732816672567	1.0	Depleted	1.0	1.0	False
liver hepatocellular carcinoma	PER2	RORC	53	53	1.0377358490566038	0	0.016666666666666666	0.0	0.12512024419553677	-0.13320519612014306	1.0	Depleted	1.0	1.0	False
liver hepatocellular carcinoma	PER2	TIMELESS	53	53	1.0377358490566038	0	0.016666666666666666	0.0	0.12314364147467607	-0.13534329882630675	1.0	Depleted	1.0	1.0	False
liver hepatocellular carcinoma	PER3	RORA	53	53	1.0377358490566038	0	0.016666666666666666	0.0	0.12627586689251413	-0.13198615916731987	1.0	Depleted	1.0	1.0	False
liver hepatocellular carcinoma	PER3	RORB	53	53	1.0377358490566038	0	0.016666666666666666	0.0	0.12704004847839023	-0.13119222533594752	1.0	Depleted	1.0	1.0	False
liver hepatocellular carcinoma	PER3	RORC	53	53	1.0377358490566038	0	0.016666666666666666	0.0	0.1207820302440847	-0.1379896217424522	1.0	Depleted	1.0	1.0	False
liver hepatocellular carcinoma	PER3	TIMELESS	53	53	1.0377358490566038	1	0.016666666666666666	60.0	0.13152554845728529	7.476367480441902	0.0173982601739826	Enriched	1.0	1.0	False
liver hepatocellular carcinoma	RORA	RORB	53	53	1.0377358490566038	0	0.016666666666666666	0.0	0.13078941313064565	-0.1274313131906045	1.0	Depleted	1.0	1.0	False
liver hepatocellular carcinoma	RORA	RORC	53	53	1.0377358490566038	0	0.016666666666666666	0.0	0.12155853589018246	-0.13710815570963725	1.0	Depleted	1.0	1.0	False
liver hepatocellular carcinoma	RORA	TIMELESS	53	53	1.0377358490566038	0	0.016666666666666666	0.0	0.1277735207594309	-0.1304391282920527	1.0	Depleted	1.0	1.0	False
liver hepatocellular carcinoma	RORB	RORC	53	53	1.0377358490566038	0	0.016666666666666666	0.0	0.12240285227814168	-0.13616240435961596	1.0	Depleted	1.0	1.0	False
liver hepatocellular carcinoma	RORB	TIMELESS	53	53	1.0377358490566038	0	0.016666666666666666	0.0	0.13406784632693208	-0.1243151667106224	1.0	Depleted	1.0	1.0	False
liver hepatocellular carcinoma	RORC	TIMELESS	53	53	1.0377358490566038	0	0.016666666666666666	0.0	0.1363137856007766	-0.12226691961646846	1.0	Depleted	1.0	1.0	False
lung adenocarcinoma	ARNTL	CLOCK	90	90	1.288888888888889	0	0.25833333333333336	0.0	0.5137062773744753	-0.5028814026833796	1.0	Depleted	1.0	1.0	False
lung adenocarcinoma	ARNTL	CRY1	90	90	1.288888888888889	0	0.25833333333333336	0.0	0.49927214749846277	-0.5174198773708456	1.0	Depleted	1.0	1.0	False
lung adenocarcinoma	ARNTL	CRY2	90	90	1.288888888888889	1	0.25833333333333336	3.8709677419354835	0.5013940362608631	1.4792091908344829	0.22707729227077292	Enriched	1.0	1.0	False
lung adenocarcinoma	ARNTL	CSNK1D	90	90	1.288888888888889	0	0.25833333333333336	0.0	0.5081196400030761	-0.5084104470588254	1.0	Depleted	1.0	1.0	False
lung adenocarcinoma	ARNTL	CSNK1E	90	90	1.288888888888889	0	0.25833333333333336	0.0	0.4957139530337261	-0.5211338751962818	1.0	Depleted	1.0	1.0	False
lung adenocarcinoma	ARNTL	NPAS2	90	90	1.288888888888889	0	0.25833333333333336	0.0	0.5020587179759252	-0.5145480480347341	1.0	Depleted	1.0	1.0	False
lung adenocarcinoma	ARNTL	NR1D1	90	90	1.288888888888889	0	0.25833333333333336	0.0	0.4967932370232461	-0.5200017111369117	1.0	Depleted	1.0	1.0	False
lung adenocarcinoma	ARNTL	NR1D2	90	90	1.288888888888889	0	0.25833333333333336	0.0	0.5176527373014109	-0.49904755585773125	1.0	Depleted	1.0	1.0	False
lung adenocarcinoma	ARNTL	PER1	90	90	1.288888888888889	0	0.25833333333333336	0.0	0.507036949981818	-0.5094960699463758	1.0	Depleted	1.0	1.0	False
lung adenocarcinoma	ARNTL	PER2	90	90	1.288888888888889	0	0.25833333333333336	0.0	0.5027676078734118	-0.5138225480078605	1.0	Depleted	1.0	1.0	False
lung adenocarcinoma	ARNTL	PER3	90	90	1.288888888888889	0	0.25833333333333336	0.0	0.5109460407769675	-0.5055980724314844	1.0	Depleted	1.0	1.0	False
lung adenocarcinoma	ARNTL	RORA	90	90	1.288888888888889	0	0.25833333333333336	0.0	0.5058797302028842	-0.5106615622447023	1.0	Depleted	1.0	1.0	False
lung adenocarcinoma	ARNTL	RORB	90	90	1.288888888888889	1	0.25833333333333336	3.8709677419354835	0.5044095884331407	1.4703659162596874	0.2338766123387661	Enriched	1.0	1.0	False
lung adenocarcinoma	ARNTL	RORC	90	90	1.288888888888889	0	0.25833333333333336	0.0	0.5062378765746078	-0.5103002862632721	1.0	Depleted	1.0	1.0	False
lung adenocarcinoma	ARNTL	TIMELESS	90	90	1.288888888888889	0	0.25833333333333336	0.0	0.5039536753816695	-0.5126132538624399	1.0	Depleted	1.0	1.0	False
lung adenocarcinoma	CLOCK	CRY1	90	90	1.288888888888889	0	0.25833333333333336	0.0	0.4979716835119824	-0.5187711307426525	1.0	Depleted	1.0	1.0	False
lung adenocarcinoma	CLOCK	CRY2	90	90	1.288888888888889	2	0.25833333333333336	7.741935483870967	0.49641140440993375	3.5085146134725145	0.024997500249975	Enriched	1.0	1.0	False
lung adenocarcinoma	CLOCK	CSNK1D	90	90	1.288888888888889	0	0.25833333333333336	0.0	0.4999641551307869	-0.5167037090204102	1.0	Depleted	1.0	1.0	False
lung adenocarcinoma	CLOCK	CSNK1E	90	90	1.288888888888889	0	0.25833333333333336	0.0	0.5014149795310964	-0.5152086472863586	1.0	Depleted	1.0	1.0	False
lung adenocarcinoma	CLOCK	NPAS2	90	90	1.288888888888889	0	0.25833333333333336	0.0	0.5065228588530374	-0.5100131787108274	1.0	Depleted	1.0	1.0	False
lung adenocarcinoma	CLOCK	NR1D1	90	90	1.288888888888889	0	0.25833333333333336	0.0	0.5050955079459871	-0.5114544264784048	1.0	Depleted	1.0	1.0	False
lung adenocarcinoma	CLOCK	NR1D2	90	90	1.288888888888889	0	0.25833333333333336	0.0	0.5126876191790533	-0.5038805769232197	1.0	Depleted	1.0	1.0	False
lung adenocarcinoma	CLOCK	PER1	90	90	1.288888888888889	0	0.25833333333333336	0.0	0.5059035321465781	-0.5106375364433808	1.0	Depleted	1.0	1.0	False
lung adenocarcinoma	CLOCK	PER2	90	90	1.288888888888889	1	0.25833333333333336	3.8709677419354835	0.5058451817846973	1.4661930040530504	0.2263773622637736	Enriched	1.0	1.0	False
lung adenocarcinoma	CLOCK	PER3	90	90	1.288888888888889	0	0.25833333333333336	0.0	0.5018269552637672	-0.5147856858297892	1.0	Depleted	1.0	1.0	False
lung adenocarcinoma	CLOCK	RORA	90	90	1.288888888888889	0	0.25833333333333336	0.0	0.4999721064326699	-0.5166954916276364	1.0	Depleted	1.0	1.0	False
lung adenocarcinoma	CLOCK	RORB	90	90	1.288888888888889	0	0.25833333333333336	0.0	0.5062456601955683	-0.5102924403016835	1.0	Depleted	1.0	1.0	False
lung adenocarcinoma	CLOCK	RORC	90	90	1.288888888888889	1	0.25833333333333336	3.8709677419354835	0.5009657539879017	1.4804737864069206	0.2233776622337766	Enriched	1.0	1.0	False
lung adenocarcinoma	CLOCK	TIMELESS	90	90	1.288888888888889	0	0.25833333333333336	0.0	0.5075049419726005	-0.5090262418514151	1.0	Depleted	1.0	1.0	False
lung adenocarcinoma	CRY1	CRY2	90	90	1.288888888888889	0	0.25833333333333336	0.0	0.505710712099747	-0.5108322350157759	1.0	Depleted	1.0	1.0	False
lung adenocarcinoma	CRY1	CSNK1D	90	90	1.288888888888889	0	0.25833333333333336	0.0	0.5077258399499234	-0.5088047781038928	1.0	Depleted	1.0	1.0	False
lung adenocarcinoma	CRY1	CSNK1E	90	90	1.288888888888889	0	0.25833333333333336	0.0	0.512351442273797	-0.5042111957114036	1.0	Depleted	1.0	1.0	False
lung adenocarcinoma	CRY1	NPAS2	90	90	1.288888888888889	0	0.25833333333333336	0.0	0.5107313625111202	-0.5058105929958603	1.0	Depleted	1.0	1.0	False
lung adenocarcinoma	CRY1	NR1D1	90	90	1.288888888888889	0	0.25833333333333336	0.0	0.5022989452736709	-0.5143019625346493	1.0	Depleted	1.0	1.0	False
lung adenocarcinoma	CRY1	NR1D2	90	90	1.288888888888889	0	0.25833333333333336	0.0	0.5004104326051826	-0.5162429008292779	1.0	Depleted	1.0	1.0	False
lung adenocarcinoma	CRY1	PER1	90	90	1.288888888888889	1	0.25833333333333336	3.8709677419354835	0.5074068842404658	1.4616803391953639	0.2278772122787721	Enriched	1.0	1.0	False
lung adenocarcinoma	CRY1	PER2	90	90	1.288888888888889	0	0.25833333333333336	0.0	0.5116091519826822	-0.5049427523573266	1.0	Depleted	1.0	1.0	False
lung adenocarcinoma	CRY1	PER3	90	90	1.288888888888889	0	0.25833333333333336	0.0	0.5019884353637282	-0.5146200890985696	1.0	Depleted	1.0	1.0	False
lung adenocarcinoma	CRY1	RORA	90	90	1.288888888888889	0	0.25833333333333336	0.0	0.512915410396122	-0.503656798172283	1.0	Depleted	1.0	1.0	False
lung adenocarcinoma	CRY1	RORB	90	90	1.288888888888889	0	0.25833333333333336	0.0	0.4961080248466373	-0.5207199246841298	1.0	Depleted	1.0	1.0	False
lung adenocarcinoma	CRY1	RORC	90	90	1.288888888888889	0	0.25833333333333336	0.0	0.4978549748245926	-0.5188927426593477	1.0	Depleted	1.0	1.0	False
lung adenocarcinoma	CRY1	TIMELESS	90	90	1.288888888888889	0	0.25833333333333336	0.0	0.5066783124342595	-0.5098567019618618	1.0	Depleted	1.0	1.0	False
lung adenocarcinoma	CRY2	CSNK1D	90	90	1.288888888888889	1	0.25833333333333336	3.8709677419354835	0.5061000431983508	1.4654546598724407	0.23067693230676933	Enriched	1.0	1.0	False
lung adenocarcinoma	CRY2	CSNK1E	90	90	1.288888888888889	0	0.25833333333333336	0.0	0.49805878795140796	-0.5186804039657605	1.0	Depleted	1.0	1.0	False
lung adenocarcinoma	CRY2	NPAS2	90	90	1.288888888888889	0	0.25833333333333336	0.0	0.5136153133124117	-0.5029704657115616	1.0	Depleted	1.0	1.0	False
lung adenocarcinoma	CRY2	NR1D1	90	90	1.288888888888889	0	0.25833333333333336	0.0	0.503804150302661	-0.5127653934135701	1.0	Depleted	1.0	1.0	False
lung adenocarcinoma	CRY2	NR1D2	90	90	1.288888888888889	0	0.25833333333333336	0.0	0.505371249686803	-0.5111753656216731	1.0	Depleted	1.0	1.0	False
lung adenocarcinoma	CRY2	PER1	90	90	1.288888888888889	1	0.25833333333333336	3.8709677419354835	0.5072521369822381	1.4621262535807449	0.23127687231276872	Enriched	1.0	1.0	False
lung adenocarcinoma	CRY2	PER2	90	90	1.288888888888889	1	0.25833333333333336	3.8709677419354835	0.5050481832129848	1.4685067510754652	0.22757724227577242	Enriched	1.0	1.0	False
lung adenocarcinoma	CRY2	PER3	90	90	1.288888888888889	0	0.25833333333333336	0.0	0.5036993262861587	-0.512872104153998	1.0	Depleted	1.0	1.0	False
lung adenocarcinoma	CRY2	RORA	90	90	1.288888888888889	1	0.25833333333333336	3.8709677419354835	0.5066375214665962	1.4638999980098522	0.22997700229977003	Enriched	1.0	1.0	False
lung adenocarcinoma	CRY2	RORB	90	90	1.288888888888889	1	0.25833333333333336	3.8709677419354835	0.510679223512111	1.4523141583203212	0.22707729227077292	Enriched	1.0	1.0	False
lung adenocarcinoma	CRY2	RORC	90	90	1.288888888888889	1	0.25833333333333336	3.8709677419354835	0.4987493008381151	1.4870530453282744	0.22757724227577242	Enriched	1.0	1.0	False
lung adenocarcinoma	CRY2	TIMELESS	90	90	1.288888888888889	0	0.25833333333333336	0.0	0.49356855753998274	-0.5233990889146265	1.0	Depleted	1.0	1.0	False
lung adenocarcinoma	CSNK1D	CSNK1E	90	90	1.288888888888889	0	0.25833333333333336	0.0	0.5075990205630501	-0.5089318987392435	1.0	Depleted	1.0	1.0	False
lung adenocarcinoma	CSNK1D	NPAS2	90	90	1.288888888888889	1	0.25833333333333336	3.8709677419354835	0.5084504028725104	1.458680458264153	0.22917708229177083	Enriched	1.0	1.0	False
lung adenocarcinoma	CSNK1D	NR1D1	90	90	1.288888888888889	0	0.25833333333333336	0.0	0.5076374785030732	-0.5088933427356653	1.0	Depleted	1.0	1.0	False
lung adenocarcinoma	CSNK1D	NR1D2	90	90	1.288888888888889	0	0.25833333333333336	0.0	0.503689507843901	-0.512882101593019	1.0	Depleted	1.0	1.0	False
lung adenocarcinoma	CSNK1D	PER1	90	90	1.288888888888889	0	0.25833333333333336	0.0	0.5037943438289948	-0.5127753745107957	1.0	Depleted	1.0	1.0	False
lung adenocarcinoma	CSNK1D	PER2	90	90	1.288888888888889	0	0.25833333333333336	0.0	0.50478593570353	-0.5117680883348882	1.0	Depleted	1.0	1.0	False
lung adenocarcinoma	CSNK1D	PER3	90	90	1.288888888888889	0	0.25833333333333336	0.0	0.49811871298438737	-0.5186180053055552	1.0	Depleted	1.0	1.0	False
lung adenocarcinoma	CSNK1D	RORA	90	90	1.288888888888889	0	0.25833333333333336	0.0	0.5088930508601207	-0.5076377696584844	1.0	Depleted	1.0	1.0	False
lung adenocarcinoma	CSNK1D	RORB	90	90	1.288888888888889	0	0.25833333333333336	0.0	0.5	-0.5166666666666667	1.0	Depleted	1.0	1.0	False
lung adenocarcinoma	CSNK1D	RORC	90	90	1.288888888888889	0	0.25833333333333336	0.0	0.5087622174448393	-0.5077683139105003	1.0	Depleted	1.0	1.0	False
lung adenocarcinoma	CSNK1D	TIMELESS	90	90	1.288888888888889	1	0.25833333333333336	3.8709677419354835	0.5115243549593428	1.4499146706819388	0.23197680231976803	Enriched	1.0	1.0	False
lung adenocarcinoma	CSNK1E	NPAS2	90	90	1.288888888888889	0	0.25833333333333336	0.0	0.49847130044139587	-0.5182511673281479	1.0	Depleted	1.0	1.0	False
lung adenocarcinoma	CSNK1E	NR1D1	90	90	1.288888888888889	0	0.25833333333333336	0.0	0.5020435885224286	-0.5145635543193326	1.0	Depleted	1.0	1.0	False
lung adenocarcinoma	CSNK1E	NR1D2	90	90	1.288888888888889	0	0.25833333333333336	0.0	0.5005154958401964	-0.5161345362538257	1.0	Depleted	1.0	1.0	False
lung adenocarcinoma	CSNK1E	PER1	90	90	1.288888888888889	1	0.25833333333333336	3.8709677419354835	0.5100764725026827	1.4540303398580414	0.2283771622837716	Enriched	1.0	1.0	False
lung adenocarcinoma	CSNK1E	PER2	90	90	1.288888888888889	0	0.25833333333333336	0.0	0.4927710242376603	-0.5242461927078343	1.0	Depleted	1.0	1.0	False
lung adenocarcinoma	CSNK1E	PER3	90	90	1.288888888888889	0	0.25833333333333336	0.0	0.5080516919095588	-0.5084784431331463	1.0	Depleted	1.0	1.0	False
lung adenocarcinoma	CSNK1E	RORA	90	90	1.288888888888889	0	0.25833333333333336	0.0	0.5049408346773436	-0.5116110949878077	1.0	Depleted	1.0	1.0	False
lung adenocarcinoma	CSNK1E	RORB	90	90	1.288888888888889	1	0.25833333333333336	3.8709677419354835	0.504585543448349	1.4698531820751342	0.22907709229077092	Enriched	1.0	1.0	False
lung adenocarcinoma	CSNK1E	RORC	90	90	1.288888888888889	0	0.25833333333333336	0.0	0.5023551991117514	-0.514244370895554	1.0	Depleted	1.0	1.0	False
lung adenocarcinoma	CSNK1E	TIMELESS	90	90	1.288888888888889	0	0.25833333333333336	0.0	0.5098203425503613	-0.5067144477621831	1.0	Depleted	1.0	1.0	False
lung adenocarcinoma	NPAS2	NR1D1	90	90	1.288888888888889	0	0.25833333333333336	0.0	0.5035797347540164	-0.5129939024641678	1.0	Depleted	1.0	1.0	False
lung adenocarcinoma	NPAS2	NR1D2	90	90	1.288888888888889	0	0.25833333333333336	0.0	0.5090234871703359	-0.5075076884357728	1.0	Depleted	1.0	1.0	False
lung adenocarcinoma	NPAS2	PER1	90	90	1.288888888888889	1	0.25833333333333336	3.8709677419354835	0.5023945063632786	1.4762634886982058	0.22647735226477353	Enriched	1.0	1.0	False
lung adenocarcinoma	NPAS2	PER2	90	90	1.288888888888889	1	0.25833333333333336	3.8709677419354835	0.513331774733549	1.4448095815842255	0.23637636236376364	Enriched	1.0	1.0	False
lung adenocarcinoma	NPAS2	PER3	90	90	1.288888888888889	0	0.25833333333333336	0.0	0.5018985457390981	-0.5147122571413522	1.0	Depleted	1.0	1.0	False
lung adenocarcinoma	NPAS2	RORA	90	90	1.288888888888889	0	0.25833333333333336	0.0	0.4894092276808989	-0.5278472875500623	1.0	Depleted	1.0	1.0	False
lung adenocarcinoma	NPAS2	RORB	90	90	1.288888888888889	0	0.25833333333333336	0.0	0.5108366523738688	-0.5057063390672006	1.0	Depleted	1.0	1.0	False
lung adenocarcinoma	NPAS2	RORC	90	90	1.288888888888889	0	0.25833333333333336	0.0	0.5027255944372937	-0.5138654888309172	1.0	Depleted	1.0	1.0	False
lung adenocarcinoma	NPAS2	TIMELESS	90	90	1.288888888888889	0	0.25833333333333336	0.0	0.49987136058961584	-0.5167996282656004	1.0	Depleted	1.0	1.0	False
lung adenocarcinoma	NR1D1	NR1D2	90	90	1.288888888888889	0	0.25833333333333336	0.0	0.5007212619594037	-0.5159224362121813	1.0	Depleted	1.0	1.0	False
lung adenocarcinoma	NR1D1	PER1	90	90	1.288888888888889	0	0.25833333333333336	0.0	0.4980981531555982	-0.5186394121253327	1.0	Depleted	1.0	1.0	False
lung adenocarcinoma	NR1D1	PER2	90	90	1.288888888888889	0	0.25833333333333336	0.0	0.5113677147552135	-0.5051811561021112	1.0	Depleted	1.0	1.0	False
lung adenocarcinoma	NR1D1	PER3	90	90	1.288888888888889	0	0.25833333333333336	0.0	0.5036056014980235	-0.5129675535079354	1.0	Depleted	1.0	1.0	False
lung adenocarcinoma	NR1D1	RORA	90	90	1.288888888888889	0	0.25833333333333336	0.0	0.5070352536804985	-0.5094977744804282	1.0	Depleted	1.0	1.0	False
lung adenocarcinoma	NR1D1	RORB	90	90	1.288888888888889	1	0.25833333333333336	3.8709677419354835	0.5037023740346682	1.4724303574865027	0.22967703229677033	Enriched	1.0	1.0	False
lung adenocarcinoma	NR1D1	RORC	90	90	1.288888888888889	0	0.25833333333333336	0.0	0.5207539807537213	-0.4960755805638406	1.0	Depleted	1.0	1.0	False
lung adenocarcinoma	NR1D1	TIMELESS	90	90	1.288888888888889	0	0.25833333333333336	0.0	0.5023106027092793	-0.5142900268080706	1.0	Depleted	1.0	1.0	False
lung adenocarcinoma	NR1D2	PER1	90	90	1.288888888888889	0	0.25833333333333336	0.0	0.5010096416897649	-0.515625472719542	1.0	Depleted	1.0	1.0	False
lung adenocarcinoma	NR1D2	PER2	90	90	1.288888888888889	0	0.25833333333333336	0.0	0.4969592003823699	-0.5198280525535431	1.0	Depleted	1.0	1.0	False
lung adenocarcinoma	NR1D2	PER3	90	90	1.288888888888889	1	0.25833333333333336	3.8709677419354835	0.4989565670131786	1.4864353246343336	0.2313768623137686	Enriched	1.0	1.0	False
lung adenocarcinoma	NR1D2	RORA	90	90	1.288888888888889	0	0.25833333333333336	0.0	0.4980140979974166	-0.518726948438061	1.0	Depleted	1.0	1.0	False
lung adenocarcinoma	NR1D2	RORB	90	90	1.288888888888889	0	0.25833333333333336	0.0	0.49042207472863425	-0.5267571478634546	1.0	Depleted	1.0	1.0	False
lung adenocarcinoma	NR1D2	RORC	90	90	1.288888888888889	0	0.25833333333333336	0.0	0.49520113329458526	-0.5216735503302171	1.0	Depleted	1.0	1.0	False
lung adenocarcinoma	NR1D2	TIMELESS	90	90	1.288888888888889	0	0.25833333333333336	0.0	0.5050225883873692	-0.5115282747218092	1.0	Depleted	1.0	1.0	False
lung adenocarcinoma	PER1	PER2	90	90	1.288888888888889	2	0.25833333333333336	7.741935483870967	0.5015188452243958	3.4727840902716	0.026597340265973404	Enriched	1.0	1.0	False
lung adenocarcinoma	PER1	PER3	90	90	1.288888888888889	0	0.25833333333333336	0.0	0.508600066263012	-0.5079301999141731	1.0	Depleted	1.0	1.0	False
lung adenocarcinoma	PER1	RORA	90	90	1.288888888888889	0	0.25833333333333336	0.0	0.502364884369623	-0.5142344566091536	1.0	Depleted	1.0	1.0	False
lung adenocarcinoma	PER1	RORB	90	90	1.288888888888889	2	0.25833333333333336	7.741935483870967	0.5055364939494195	3.4451848432547107	0.029197080291970802	Enriched	1.0	1.0	False
lung adenocarcinoma	PER1	RORC	90	90	1.288888888888889	0	0.25833333333333336	0.0	0.5056830346503166	-0.5108601942953706	1.0	Depleted	1.0	1.0	False
lung adenocarcinoma	PER1	TIMELESS	90	90	1.288888888888889	0	0.25833333333333336	0.0	0.49865095535607645	-0.5180644508118165	1.0	Depleted	1.0	1.0	False
lung adenocarcinoma	PER2	PER3	90	90	1.288888888888889	1	0.25833333333333336	3.8709677419354835	0.5103969538555756	1.4531173453604356	0.2298770122987701	Enriched	1.0	1.0	False
lung adenocarcinoma	PER2	RORA	90	90	1.288888888888889	0	0.25833333333333336	0.0	0.508687955768204	-0.5078424413316543	1.0	Depleted	1.0	1.0	False
lung adenocarcinoma	PER2	RORB	90	90	1.288888888888889	1	0.25833333333333336	3.8709677419354835	0.5009761348694874	1.4804431090512586	0.23217678232176783	Enriched	1.0	1.0	False
lung adenocarcinoma	PER2	RORC	90	90	1.288888888888889	0	0.25833333333333336	0.0	0.5070060606290141	-0.5095271110030394	1.0	Depleted	1.0	1.0	False
lung adenocarcinoma	PER2	TIMELESS	90	90	1.288888888888889	0	0.25833333333333336	0.0	0.4984503538724068	-0.5182729459942593	1.0	Depleted	1.0	1.0	False
lung adenocarcinoma	PER3	RORA	90	90	1.288888888888889	1	0.25833333333333336	3.8709677419354835	0.4958557222516737	1.4957307809190323	0.22137786221377861	Enriched	1.0	1.0	False
lung adenocarcinoma	PER3	RORB	90	90	1.288888888888889	0	0.25833333333333336	0.0	0.5065349422939907	-0.5100010122962018	1.0	Depleted	1.0	1.0	False
lung adenocarcinoma	PER3	RORC	90	90	1.288888888888889	0	0.25833333333333336	0.0	0.4987686006673848	-0.5179422541588756	1.0	Depleted	1.0	1.0	False
lung adenocarcinoma	PER3	TIMELESS	90	90	1.288888888888889	1	0.25833333333333336	3.8709677419354835	0.5066492073831106	1.4638662330045729	0.23447655234476553	Enriched	1.0	1.0	False
lung adenocarcinoma	RORA	RORB	90	90	1.288888888888889	1	0.25833333333333336	3.8709677419354835	0.5120440009470774	1.4484432300639767	0.2338766123387661	Enriched	1.0	1.0	False
lung adenocarcinoma	RORA	RORC	90	90	1.288888888888889	0	0.25833333333333336	0.0	0.5061389311856638	-0.5104000451578987	1.0	Depleted	1.0	1.0	False
lung adenocarcinoma	RORA	TIMELESS	90	90	1.288888888888889	0	0.25833333333333336	0.0	0.507731443897177	-0.5087991623100059	1.0	Depleted	1.0	1.0	False
lung adenocarcinoma	RORB	RORC	90	90	1.288888888888889	1	0.25833333333333336	3.8709677419354835	0.5017299306323366	1.4782189010169968	0.22797720227977203	Enriched	1.0	1.0	False
lung adenocarcinoma	RORB	TIMELESS	90	90	1.288888888888889	0	0.25833333333333336	0.0	0.5061382988845635	-0.5104006827830514	1.0	Depleted	1.0	1.0	False
lung adenocarcinoma	RORC	TIMELESS	90	90	1.288888888888889	0	0.25833333333333336	0.0	0.5059897257457467	-0.5105505511057402	1.0	Depleted	1.0	1.0	False
lung squamous cell carcinoma	ARNTL	CLOCK	107	107	1.158878504672897	0	0.19166666666666665	0.0	0.4211262218497833	-0.4551287873378604	1.0	Depleted	1.0	1.0	False
lung squamous cell carcinoma	ARNTL	CRY1	107	107	1.158878504672897	0	0.19166666666666665	0.0	0.4259978255986074	-0.44992404925386364	1.0	Depleted	1.0	1.0	False
lung squamous cell carcinoma	ARNTL	CRY2	107	107	1.158878504672897	0	0.19166666666666665	0.0	0.42932647498402915	-0.44643570297824425	1.0	Depleted	1.0	1.0	False
lung squamous cell carcinoma	ARNTL	CSNK1D	107	107	1.158878504672897	0	0.19166666666666665	0.0	0.42832219880669165	-0.4474824494286105	1.0	Depleted	1.0	1.0	False
lung squamous cell carcinoma	ARNTL	CSNK1E	107	107	1.158878504672897	0	0.19166666666666665	0.0	0.4285185092983512	-0.44727745128325574	1.0	Depleted	1.0	1.0	False
lung squamous cell carcinoma	ARNTL	NPAS2	107	107	1.158878504672897	0	0.19166666666666665	0.0	0.42846749986416	-0.4473307000587724	1.0	Depleted	1.0	1.0	False
lung squamous cell carcinoma	ARNTL	NR1D1	107	107	1.158878504672897	0	0.19166666666666665	0.0	0.4245088583022476	-0.45150216048071534	1.0	Depleted	1.0	1.0	False
lung squamous cell carcinoma	ARNTL	NR1D2	107	107	1.158878504672897	0	0.19166666666666665	0.0	0.4309979302985017	-0.4447043783572734	1.0	Depleted	1.0	1.0	False
lung squamous cell carcinoma	ARNTL	PER1	107	107	1.158878504672897	0	0.19166666666666665	0.0	0.4254088119276875	-0.45054700629766653	1.0	Depleted	1.0	1.0	False
lung squamous cell carcinoma	ARNTL	PER2	107	107	1.158878504672897	0	0.19166666666666665	0.0	0.4407458062041755	-0.4348689516012707	1.0	Depleted	1.0	1.0	False
lung squamous cell carcinoma	ARNTL	PER3	107	107	1.158878504672897	0	0.19166666666666665	0.0	0.42730158982253563	-0.44855126035517096	1.0	Depleted	1.0	1.0	False
lung squamous cell carcinoma	ARNTL	RORA	107	107	1.158878504672897	0	0.19166666666666665	0.0	0.42931110025490865	-0.4464516909832107	1.0	Depleted	1.0	1.0	False
lung squamous cell carcinoma	ARNTL	RORB	107	107	1.158878504672897	0	0.19166666666666665	0.0	0.4331881868201395	-0.44245589445458955	1.0	Depleted	1.0	1.0	False
lung squamous cell carcinoma	ARNTL	RORC	107	107	1.158878504672897	0	0.19166666666666665	0.0	0.428988103657092	-0.44678783638222697	1.0	Depleted	1.0	1.0	False
lung squamous cell carcinoma	ARNTL	TIMELESS	107	107	1.158878504672897	1	0.19166666666666665	5.217391304347826	0.4338709651514378	1.8630731214087894	0.1792820717928207	Enriched	1.0	1.0	False
lung squamous cell carcinoma	CLOCK	CRY1	107	107	1.158878504672897	0	0.19166666666666665	0.0	0.4264366598012913	-0.44946104482663024	1.0	Depleted	1.0	1.0	False
lung squamous cell carcinoma	CLOCK	CRY2	107	107	1.158878504672897	0	0.19166666666666665	0.0	0.4313494595286096	-0.44434196550547483	1.0	Depleted	1.0	1.0	False
lung squamous cell carcinoma	CLOCK	CSNK1D	107	107	1.158878504672897	0	0.19166666666666665	0.0	0.4350099232929478	-0.440602975710954	1.0	Depleted	1.0	1.0	False
lung squamous cell carcinoma	CLOCK	CSNK1E	107	107	1.158878504672897	0	0.19166666666666665	0.0	0.42109226051922033	-0.45516549373369025	1.0	Depleted	1.0	1.0	False
lung squamous cell carcinoma	CLOCK	NPAS2	107	107	1.158878504672897	2	0.19166666666666665	10.434782608695652	0.4189359148247772	4.316491542840582	0.012098790120987902	Enriched	0.543945605439456	1.0	False
lung squamous cell carcinoma	CLOCK	NR1D1	107	107	1.158878504672897	0	0.19166666666666665	0.0	0.4205299448831847	-0.4557741226249847	1.0	Depleted	1.0	1.0	False
lung squamous cell carcinoma	CLOCK	NR1D2	107	107	1.158878504672897	0	0.19166666666666665	0.0	0.4321501884513506	-0.44351864650000855	1.0	Depleted	1.0	1.0	False
lung squamous cell carcinoma	CLOCK	PER1	107	107	1.158878504672897	1	0.19166666666666665	5.217391304347826	0.427802222381029	1.889502417342232	0.18098190180981902	Enriched	1.0	1.0	False
lung squamous cell carcinoma	CLOCK	PER2	107	107	1.158878504672897	1	0.19166666666666665	5.217391304347826	0.4443014071258805	1.8193355239685622	0.18758124187581243	Enriched	1.0	1.0	False
lung squamous cell carcinoma	CLOCK	PER3	107	107	1.158878504672897	0	0.19166666666666665	0.0	0.42778336791065885	-0.44804609305590304	1.0	Depleted	1.0	1.0	False
lung squamous cell carcinoma	CLOCK	RORA	107	107	1.158878504672897	0	0.19166666666666665	0.0	0.4285939328501135	-0.44719873982372893	1.0	Depleted	1.0	1.0	False
lung squamous cell carcinoma	CLOCK	RORB	107	107	1.158878504672897	2	0.19166666666666665	10.434782608695652	0.43014781495931304	4.203981214002867	0.012798720127987202	Enriched	0.543945605439456	1.0	False
lung squamous cell carcinoma	CLOCK	RORC	107	107	1.158878504672897	0	0.19166666666666665	0.0	0.42598204900043274	-0.4499407125638572	1.0	Depleted	1.0	1.0	False
lung squamous cell carcinoma	CLOCK	TIMELESS	107	107	1.158878504672897	0	0.19166666666666665	0.0	0.42952089450908204	-0.4462336270875268	1.0	Depleted	1.0	1.0	False
lung squamous cell carcinoma	CRY1	CRY2	107	107	1.158878504672897	0	0.19166666666666665	0.0	0.4272050566367884	-0.44865261702560433	1.0	Depleted	1.0	1.0	False
lung squamous cell carcinoma	CRY1	CSNK1D	107	107	1.158878504672897	0	0.19166666666666665	0.0	0.42664322617878797	-0.4492434308246753	1.0	Depleted	1.0	1.0	False
lung squamous cell carcinoma	CRY1	CSNK1E	107	107	1.158878504672897	0	0.19166666666666665	0.0	0.424908948789592	-0.45107703006174354	1.0	Depleted	1.0	1.0	False
lung squamous cell carcinoma	CRY1	NPAS2	107	107	1.158878504672897	1	0.19166666666666665	5.217391304347826	0.435886808392928	1.8544569777497495	0.1872812718728127	Enriched	1.0	1.0	False
lung squamous cell carcinoma	CRY1	NR1D1	107	107	1.158878504672897	0	0.19166666666666665	0.0	0.43011543791056006	-0.44561680370682855	1.0	Depleted	1.0	1.0	False
lung squamous cell carcinoma	CRY1	NR1D2	107	107	1.158878504672897	0	0.19166666666666665	0.0	0.4196560509752147	-0.45672322899017764	1.0	Depleted	1.0	1.0	False
lung squamous cell carcinoma	CRY1	PER1	107	107	1.158878504672897	0	0.19166666666666665	0.0	0.4251311134772009	-0.4508413065771659	1.0	Depleted	1.0	1.0	False
lung squamous cell carcinoma	CRY1	PER2	107	107	1.158878504672897	0	0.19166666666666665	0.0	0.43480127094400434	-0.44081441218084744	1.0	Depleted	1.0	1.0	False
lung squamous cell carcinoma	CRY1	PER3	107	107	1.158878504672897	1	0.19166666666666665	5.217391304347826	0.43604859114252825	1.853768937116274	0.1845815418458154	Enriched	1.0	1.0	False
lung squamous cell carcinoma	CRY1	RORA	107	107	1.158878504672897	0	0.19166666666666665	0.0	0.4139760109158034	-0.46298979074333085	1.0	Depleted	1.0	1.0	False
lung squamous cell carcinoma	CRY1	RORB	107	107	1.158878504672897	0	0.19166666666666665	0.0	0.43079530923612197	-0.44491354143694445	1.0	Depleted	1.0	1.0	False
lung squamous cell carcinoma	CRY1	RORC	107	107	1.158878504672897	0	0.19166666666666665	0.0	0.4249991793289053	-0.45098126299753755	1.0	Depleted	1.0	1.0	False
lung squamous cell carcinoma	CRY1	TIMELESS	107	107	1.158878504672897	0	0.19166666666666665	0.0	0.43734507779522014	-0.43825042603180164	1.0	Depleted	1.0	1.0	False
lung squamous cell carcinoma	CRY2	CSNK1D	107	107	1.158878504672897	0	0.19166666666666665	0.0	0.4223786812506492	-0.4537792156061192	1.0	Depleted	1.0	1.0	False
lung squamous cell carcinoma	CRY2	CSNK1E	107	107	1.158878504672897	0	0.19166666666666665	0.0	0.4205421210384957	-0.45576092638083643	1.0	Depleted	1.0	1.0	False
lung squamous cell carcinoma	CRY2	NPAS2	107	107	1.158878504672897	0	0.19166666666666665	0.0	0.4254047565797685	-0.4505513013245465	1.0	Depleted	1.0	1.0	False
lung squamous cell carcinoma	CRY2	NR1D1	107	107	1.158878504672897	0	0.19166666666666665	0.0	0.4277117414022829	-0.44812112484514466	1.0	Depleted	1.0	1.0	False
lung squamous cell carcinoma	CRY2	NR1D2	107	107	1.158878504672897	0	0.19166666666666665	0.0	0.4314498868935882	-0.4442385372879675	1.0	Depleted	1.0	1.0	False
lung squamous cell carcinoma	CRY2	PER1	107	107	1.158878504672897	0	0.19166666666666665	0.0	0.4183275508426135	-0.4581736638684288	1.0	Depleted	1.0	1.0	False
lung squamous cell carcinoma	CRY2	PER2	107	107	1.158878504672897	0	0.19166666666666665	0.0	0.4456870804694362	-0.430047616513332	1.0	Depleted	1.0	1.0	False
lung squamous cell carcinoma	CRY2	PER3	107	107	1.158878504672897	0	0.19166666666666665	0.0	0.42605562118018575	-0.4498630158563446	1.0	Depleted	1.0	1.0	False
lung squamous cell carcinoma	CRY2	RORA	107	107	1.158878504672897	0	0.19166666666666665	0.0	0.4236425230058119	-0.45242546783727183	1.0	Depleted	1.0	1.0	False
lung squamous cell carcinoma	CRY2	RORB	107	107	1.158878504672897	0	0.19166666666666665	0.0	0.43082728698995093	-0.4448805181440081	1.0	Depleted	1.0	1.0	False
lung squamous cell carcinoma	CRY2	RORC	107	107	1.158878504672897	0	0.19166666666666665	0.0	0.4317914246293439	-0.4438871541536429	1.0	Depleted	1.0	1.0	False
lung squamous cell carcinoma	CRY2	TIMELESS	107	107	1.158878504672897	0	0.19166666666666665	0.0	0.43156188961313147	-0.4441232446138466	1.0	Depleted	1.0	1.0	False
lung squamous cell carcinoma	CSNK1D	CSNK1E	107	107	1.158878504672897	0	0.19166666666666665	0.0	0.42389811153259	-0.452152678797511	1.0	Depleted	1.0	1.0	False
lung squamous cell carcinoma	CSNK1D	NPAS2	107	107	1.158878504672897	0	0.19166666666666665	0.0	0.4295262963823384	-0.4462280150970234	1.0	Depleted	1.0	1.0	False
lung squamous cell carcinoma	CSNK1D	NR1D1	107	107	1.158878504672897	0	0.19166666666666665	0.0	0.42914119613085583	-0.4466284486195604	1.0	Depleted	1.0	1.0	False
lung squamous cell carcinoma	CSNK1D	NR1D2	107	107	1.158878504672897	0	0.19166666666666665	0.0	0.42924173241483016	-0.44652384004786166	1.0	Depleted	1.0	1.0	False
lung squamous cell carcinoma	CSNK1D	PER1	107	107	1.158878504672897	0	0.19166666666666665	0.0	0.434298125123916	-0.441325107291171	1.0	Depleted	1.0	1.0	False
lung squamous cell carcinoma	CSNK1D	PER2	107	107	1.158878504672897	0	0.19166666666666665	0.0	0.4276169730349379	-0.4482204373375207	1.0	Depleted	1.0	1.0	False
lung squamous cell carcinoma	CSNK1D	PER3	107	107	1.158878504672897	0	0.19166666666666665	0.0	0.43305050891821784	-0.44259656257063346	1.0	Depleted	1.0	1.0	False
lung squamous cell carcinoma	CSNK1D	RORA	107	107	1.158878504672897	0	0.19166666666666665	0.0	0.4266432261787879	-0.4492434308246754	1.0	Depleted	1.0	1.0	False
lung squamous cell carcinoma	CSNK1D	RORB	107	107	1.158878504672897	0	0.19166666666666665	0.0	0.4308867093977645	-0.444819165888297	1.0	Depleted	1.0	1.0	False
lung squamous cell carcinoma	CSNK1D	RORC	107	107	1.158878504672897	0	0.19166666666666665	0.0	0.42385841456264567	-0.45219502570082537	1.0	Depleted	1.0	1.0	False
lung squamous cell carcinoma	CSNK1D	TIMELESS	107	107	1.158878504672897	0	0.19166666666666665	0.0	0.4278829493936843	-0.44794181899106006	1.0	Depleted	1.0	1.0	False
lung squamous cell carcinoma	CSNK1E	NPAS2	107	107	1.158878504672897	0	0.19166666666666665	0.0	0.4366374986536578	-0.43896061895200905	1.0	Depleted	1.0	1.0	False
lung squamous cell carcinoma	CSNK1E	NR1D1	107	107	1.158878504672897	0	0.19166666666666665	0.0	0.4290156121163237	-0.4467591883688791	1.0	Depleted	1.0	1.0	False
lung squamous cell carcinoma	CSNK1E	NR1D2	107	107	1.158878504672897	0	0.19166666666666665	0.0	0.42423361184109587	-0.4517950990136509	1.0	Depleted	1.0	1.0	False
lung squamous cell carcinoma	CSNK1E	PER1	107	107	1.158878504672897	0	0.19166666666666665	0.0	0.4320419262323997	-0.4436297845861543	1.0	Depleted	1.0	1.0	False
lung squamous cell carcinoma	CSNK1E	PER2	107	107	1.158878504672897	0	0.19166666666666665	0.0	0.43250464278040146	-0.44315516576774155	1.0	Depleted	1.0	1.0	False
lung squamous cell carcinoma	CSNK1E	PER3	107	107	1.158878504672897	0	0.19166666666666665	0.0	0.4220279146645108	-0.4541563721419499	1.0	Depleted	1.0	1.0	False
lung squamous cell carcinoma	CSNK1E	RORA	107	107	1.158878504672897	0	0.19166666666666665	0.0	0.4325434884343292	-0.44311536710548904	1.0	Depleted	1.0	1.0	False
lung squamous cell carcinoma	CSNK1E	RORB	107	107	1.158878504672897	0	0.19166666666666665	0.0	0.42427320298962734	-0.45175293965325575	1.0	Depleted	1.0	1.0	False
lung squamous cell carcinoma	CSNK1E	RORC	107	107	1.158878504672897	0	0.19166666666666665	0.0	0.4238356682340064	-0.45221929401384037	1.0	Depleted	1.0	1.0	False
lung squamous cell carcinoma	CSNK1E	TIMELESS	107	107	1.158878504672897	0	0.19166666666666665	0.0	0.4230294261508754	-0.45308116839680046	1.0	Depleted	1.0	1.0	False
lung squamous cell carcinoma	NPAS2	NR1D1	107	107	1.158878504672897	0	0.19166666666666665	0.0	0.43307592345401463	-0.4425705893276665	1.0	Depleted	1.0	1.0	False
lung squamous cell carcinoma	NPAS2	NR1D2	107	107	1.158878504672897	0	0.19166666666666665	0.0	0.43129594435742374	-0.4443970994260697	1.0	Depleted	1.0	1.0	False
lung squamous cell carcinoma	NPAS2	PER1	107	107	1.158878504672897	1	0.19166666666666665	5.217391304347826	0.42612898116750886	1.896921751528517	0.17478252174782521	Enriched	1.0	1.0	False
lung squamous cell carcinoma	NPAS2	PER2	107	107	1.158878504672897	1	0.19166666666666665	5.217391304347826	0.418195945442897	1.9329057159491472	0.1723827617238276	Enriched	1.0	1.0	False
lung squamous cell carcinoma	NPAS2	PER3	107	107	1.158878504672897	1	0.19166666666666665	5.217391304347826	0.4262766251814866	1.8962647388633769	0.1728827117288271	Enriched	1.0	1.0	False
lung squamous cell carcinoma	NPAS2	RORA	107	107	1.158878504672897	1	0.19166666666666665	5.217391304347826	0.4245819908883309	1.9038333011772341	0.17678232176782321	Enriched	1.0	1.0	False
lung squamous cell carcinoma	NPAS2	RORB	107	107	1.158878504672897	2	0.19166666666666665	10.434782608695652	0.42548421084849686	4.250059784186048	0.013598640135986401	Enriched	0.543945605439456	1.0	False
lung squamous cell carcinoma	NPAS2	RORC	107	107	1.158878504672897	0	0.19166666666666665	0.0	0.42829567324264656	-0.4475101632840448	1.0	Depleted	1.0	1.0	False
lung squamous cell carcinoma	NPAS2	TIMELESS	107	107	1.158878504672897	0	0.19166666666666665	0.0	0.4243003217961396	-0.45172406623522504	1.0	Depleted	1.0	1.0	False
lung squamous cell carcinoma	NR1D1	NR1D2	107	107	1.158878504672897	0	0.19166666666666665	0.0	0.4281569009524234	-0.4476552082666643	1.0	Depleted	1.0	1.0	False
lung squamous cell carcinoma	NR1D1	PER1	107	107	1.158878504672897	0	0.19166666666666665	0.0	0.42527176676516015	-0.45069219648551734	1.0	Depleted	1.0	1.0	False
lung squamous cell carcinoma	NR1D1	PER2	107	107	1.158878504672897	0	0.19166666666666665	0.0	0.4265541405771187	-0.44933725507234723	1.0	Depleted	1.0	1.0	False
lung squamous cell carcinoma	NR1D1	PER3	107	107	1.158878504672897	0	0.19166666666666665	0.0	0.4321315931187827	-0.44353773183619566	1.0	Depleted	1.0	1.0	False
lung squamous cell carcinoma	NR1D1	RORA	107	107	1.158878504672897	1	0.19166666666666665	5.217391304347826	0.4301521743398595	1.8791799310880064	0.1790820917908209	Enriched	1.0	1.0	False
lung squamous cell carcinoma	NR1D1	RORB	107	107	1.158878504672897	0	0.19166666666666665	0.0	0.43536438096658925	-0.4402442529660587	1.0	Depleted	1.0	1.0	False
lung squamous cell carcinoma	NR1D1	RORC	107	107	1.158878504672897	0	0.19166666666666665	0.0	0.4257756668620803	-0.45015880799207914	1.0	Depleted	1.0	1.0	False
lung squamous cell carcinoma	NR1D1	TIMELESS	107	107	1.158878504672897	0	0.19166666666666665	0.0	0.43137103298298746	-0.44431974335705027	1.0	Depleted	1.0	1.0	False
lung squamous cell carcinoma	NR1D2	PER1	107	107	1.158878504672897	0	0.19166666666666665	0.0	0.42294609389357646	-0.45317043811000335	1.0	Depleted	1.0	1.0	False
lung squamous cell carcinoma	NR1D2	PER2	107	107	1.158878504672897	0	0.19166666666666665	0.0	0.42091837359246126	-0.4553535285970692	1.0	Depleted	1.0	1.0	False
lung squamous cell carcinoma	NR1D2	PER3	107	107	1.158878504672897	0	0.19166666666666665	0.0	0.43070655998496404	-0.44500521810802635	1.0	Depleted	1.0	1.0	False
lung squamous cell carcinoma	NR1D2	RORA	107	107	1.158878504672897	0	0.19166666666666665	0.0	0.43186582500712056	-0.4438106827821036	1.0	Depleted	1.0	1.0	False
lung squamous cell carcinoma	NR1D2	RORB	107	107	1.158878504672897	0	0.19166666666666665	0.0	0.43143673205393224	-0.44425208246456666	1.0	Depleted	1.0	1.0	False
lung squamous cell carcinoma	NR1D2	RORC	107	107	1.158878504672897	0	0.19166666666666665	0.0	0.42807298986091713	-0.4477429578748709	1.0	Depleted	1.0	1.0	False
lung squamous cell carcinoma	NR1D2	TIMELESS	107	107	1.158878504672897	0	0.19166666666666665	0.0	0.4228455035021458	-0.45327824247679155	1.0	Depleted	1.0	1.0	False
lung squamous cell carcinoma	PER1	PER2	107	107	1.158878504672897	1	0.19166666666666665	5.217391304347826	0.42431691515239933	1.905022648090777	0.17148285171482852	Enriched	1.0	1.0	False
lung squamous cell carcinoma	PER1	PER3	107	107	1.158878504672897	1	0.19166666666666665	5.217391304347826	0.4286459771622425	1.8857830853440605	0.17738226177382263	Enriched	1.0	1.0	False
lung squamous cell carcinoma	PER1	RORA	107	107	1.158878504672897	0	0.19166666666666665	0.0	0.43661627704122274	-0.4389819545105292	1.0	Depleted	1.0	1.0	False
lung squamous cell carcinoma	PER1	RORB	107	107	1.158878504672897	1	0.19166666666666665	5.217391304347826	0.4360885888506286	1.8535989108630586	0.18268173182681732	Enriched	1.0	1.0	False
lung squamous cell carcinoma	PER1	RORC	107	107	1.158878504672897	1	0.19166666666666665	5.217391304347826	0.42032452613513654	1.9231172179409057	0.17488251174882513	Enriched	1.0	1.0	False
lung squamous cell carcinoma	PER1	TIMELESS	107	107	1.158878504672897	0	0.19166666666666665	0.0	0.43636571990034967	-0.4392340138690007	1.0	Depleted	1.0	1.0	False
lung squamous cell carcinoma	PER2	PER3	107	107	1.158878504672897	0	0.19166666666666665	0.0	0.43203547940597026	-0.443636404422618	1.0	Depleted	1.0	1.0	False
lung squamous cell carcinoma	PER2	RORA	107	107	1.158878504672897	0	0.19166666666666665	0.0	0.43222701444865974	-0.4434398134766122	1.0	Depleted	1.0	1.0	False
lung squamous cell carcinoma	PER2	RORB	107	107	1.158878504672897	1	0.19166666666666665	5.217391304347826	0.42743101165798986	1.8911433922350107	0.1750824917508249	Enriched	1.0	1.0	False
lung squamous cell carcinoma	PER2	RORC	107	107	1.158878504672897	0	0.19166666666666665	0.0	0.42436248461879283	-0.4516578953458666	1.0	Depleted	1.0	1.0	False
lung squamous cell carcinoma	PER2	TIMELESS	107	107	1.158878504672897	1	0.19166666666666665	5.217391304347826	0.42205654025535155	1.9152252275116448	0.17788221177882213	Enriched	1.0	1.0	False
lung squamous cell carcinoma	PER3	RORA	107	107	1.158878504672897	0	0.19166666666666665	0.0	0.4334934159294296	-0.44214435473195046	1.0	Depleted	1.0	1.0	False
lung squamous cell carcinoma	PER3	RORB	107	107	1.158878504672897	0	0.19166666666666665	0.0	0.4260710547014024	-0.44984672052174446	1.0	Depleted	1.0	1.0	False
lung squamous cell carcinoma	PER3	RORC	107	107	1.158878504672897	1	0.19166666666666665	5.217391304347826	0.43033153326575113	1.8783967031162165	0.17818218178182182	Enriched	1.0	1.0	False
lung squamous cell carcinoma	PER3	TIMELESS	107	107	1.158878504672897	0	0.19166666666666665	0.0	0.4313783939094229	-0.4443121616028622	1.0	Depleted	1.0	1.0	False
lung squamous cell carcinoma	RORA	RORB	107	107	1.158878504672897	0	0.19166666666666665	0.0	0.4277571830148058	-0.4480735199250472	1.0	Depleted	1.0	1.0	False
lung squamous cell carcinoma	RORA	RORC	107	107	1.158878504672897	0	0.19166666666666665	0.0	0.4285745181549659	-0.4472189982078285	1.0	Depleted	1.0	1.0	False
lung squamous cell carcinoma	RORA	TIMELESS	107	107	1.158878504672897	0	0.19166666666666665	0.0	0.4298050525974815	-0.44593860753462383	1.0	Depleted	1.0	1.0	False
lung squamous cell carcinoma	RORB	RORC	107	107	1.158878504672897	0	0.19166666666666665	0.0	0.42583698020882516	-0.4500939927121306	1.0	Depleted	1.0	1.0	False
lung squamous cell carcinoma	RORB	TIMELESS	107	107	1.158878504672897	0	0.19166666666666665	0.0	0.4415855633747305	-0.4340419673186143	1.0	Depleted	1.0	1.0	False
lung squamous cell carcinoma	RORC	TIMELESS	107	107	1.158878504672897	0	0.19166666666666665	0.0	0.426178264099988	-0.4497335570865686	1.0	Depleted	1.0	1.0	False
prostate adenocarcinoma	ARNTL	CLOCK	23	23	1.3043478260869565	0	0.18333333333333332	0.0	0.3938048986869297	-0.46554355708784917	1.0	Depleted	1.0	1.0	False
prostate adenocarcinoma	ARNTL	CRY1	23	23	1.3043478260869565	0	0.18333333333333332	0.0	0.39194305955864767	-0.46775501915961487	1.0	Depleted	1.0	1.0	False
prostate adenocarcinoma	ARNTL	CRY2	23	23	1.3043478260869565	0	0.18333333333333332	0.0	0.39253305366532126	-0.4670519631950426	1.0	Depleted	1.0	1.0	False
prostate adenocarcinoma	ARNTL	CSNK1D	23	23	1.3043478260869565	0	0.18333333333333332	0.0	0.38933496910991333	-0.4708884325301291	1.0	Depleted	1.0	1.0	False
prostate adenocarcinoma	ARNTL	CSNK1E	23	23	1.3043478260869565	0	0.18333333333333332	0.0	0.3874304714874963	-0.4732031856695353	1.0	Depleted	1.0	1.0	False
prostate adenocarcinoma	ARNTL	NPAS2	23	23	1.3043478260869565	0	0.18333333333333332	0.0	0.3926424032191131	-0.46692189083567887	1.0	Depleted	1.0	1.0	False
prostate adenocarcinoma	ARNTL	NR1D1	23	23	1.3043478260869565	0	0.18333333333333332	0.0	0.3922272609373579	-0.46741609161789816	1.0	Depleted	1.0	1.0	False
prostate adenocarcinoma	ARNTL	NR1D2	23	23	1.3043478260869565	0	0.18333333333333332	0.0	0.38963873246147307	-0.47052132670475993	1.0	Depleted	1.0	1.0	False
prostate adenocarcinoma	ARNTL	PER1	23	23	1.3043478260869565	0	0.18333333333333332	0.0	0.39209464905986946	-0.46757417825750514	1.0	Depleted	1.0	1.0	False
prostate adenocarcinoma	ARNTL	PER2	23	23	1.3043478260869565	0	0.18333333333333332	0.0	0.389194536496498	-0.4710583426573435	1.0	Depleted	1.0	1.0	False
prostate adenocarcinoma	ARNTL	PER3	23	23	1.3043478260869565	0	0.18333333333333332	0.0	0.39281862309094345	-0.4667124279667588	1.0	Depleted	1.0	1.0	False
prostate adenocarcinoma	ARNTL	RORA	23	23	1.3043478260869565	0	0.18333333333333332	0.0	0.38905513284062837	-0.4712271291596956	1.0	Depleted	1.0	1.0	False
prostate adenocarcinoma	ARNTL	RORB	23	23	1.3043478260869565	0	0.18333333333333332	0.0	0.3921371407476157	-0.4675235122687063	1.0	Depleted	1.0	1.0	False
prostate adenocarcinoma	ARNTL	RORC	23	23	1.3043478260869565	0	0.18333333333333332	0.0	0.38676885734880656	-0.4740126560086367	1.0	Depleted	1.0	1.0	False
prostate adenocarcinoma	ARNTL	TIMELESS	23	23	1.3043478260869565	0	0.18333333333333332	0.0	0.38668632330516056	-0.47411382892032744	1.0	Depleted	1.0	1.0	False
prostate adenocarcinoma	CLOCK	CRY1	23	23	1.3043478260869565	0	0.18333333333333332	0.0	0.38756538892562287	-0.47303845640487924	1.0	Depleted	1.0	1.0	False
prostate adenocarcinoma	CLOCK	CRY2	23	23	1.3043478260869565	1	0.18333333333333332	5.454545454545455	0.38857468912540205	2.1016980506496896	0.1795820417958204	Enriched	1.0	1.0	False
prostate adenocarcinoma	CLOCK	CSNK1D	23	23	1.3043478260869565	0	0.18333333333333332	0.0	0.393739778408672	-0.46562055293038546	1.0	Depleted	1.0	1.0	False
prostate adenocarcinoma	CLOCK	CSNK1E	23	23	1.3043478260869565	1	0.18333333333333332	5.454545454545455	0.38889956838164363	2.0999423323227684	0.18288171182881713	Enriched	1.0	1.0	False
prostate adenocarcinoma	CLOCK	NPAS2	23	23	1.3043478260869565	1	0.18333333333333332	5.454545454545455	0.39132870303030615	2.0869071456877535	0.18338166183381663	Enriched	1.0	1.0	False
prostate adenocarcinoma	CLOCK	NR1D1	23	23	1.3043478260869565	0	0.18333333333333332	0.0	0.3866145200050147	-0.47420188287536474	1.0	Depleted	1.0	1.0	False
prostate adenocarcinoma	CLOCK	NR1D2	23	23	1.3043478260869565	0	0.18333333333333332	0.0	0.39265675587310767	-0.46690482359249147	1.0	Depleted	1.0	1.0	False
prostate adenocarcinoma	CLOCK	PER1	23	23	1.3043478260869565	1	0.18333333333333332	5.454545454545455	0.38963873246147307	2.0959586371393852	0.18088191180881913	Enriched	1.0	1.0	False
prostate adenocarcinoma	CLOCK	PER2	23	23	1.3043478260869565	1	0.18333333333333332	5.454545454545455	0.39342581052447323	2.075783145945544	0.1855814418558144	Enriched	1.0	1.0	False
prostate adenocarcinoma	CLOCK	PER3	23	23	1.3043478260869565	0	0.18333333333333332	0.0	0.3906758922243303	-0.4692721946304825	1.0	Depleted	1.0	1.0	False
prostate adenocarcinoma	CLOCK	RORA	23	23	1.3043478260869565	1	0.18333333333333332	5.454545454545455	0.3944258069291577	2.0705203673788697	0.1855814418558144	Enriched	1.0	1.0	False
prostate adenocarcinoma	CLOCK	RORB	23	23	1.3043478260869565	0	0.18333333333333332	0.0	0.39444969141312003	-0.4647825497759671	1.0	Depleted	1.0	1.0	False
prostate adenocarcinoma	CLOCK	RORC	23	23	1.3043478260869565	0	0.18333333333333332	0.0	0.3929324109665157	-0.46657727440294133	1.0	Depleted	1.0	1.0	False
prostate adenocarcinoma	CLOCK	TIMELESS	23	23	1.3043478260869565	0	0.18333333333333332	0.0	0.3904804700618841	-0.46950704936479487	1.0	Depleted	1.0	1.0	False
prostate adenocarcinoma	CRY1	CRY2	23	23	1.3043478260869565	0	0.18333333333333332	0.0	0.3892418154811889	-0.4710011258854417	1.0	Depleted	1.0	1.0	False
prostate adenocarcinoma	CRY1	CSNK1D	23	23	1.3043478260869565	0	0.18333333333333332	0.0	0.38756538892562287	-0.47303845640487924	1.0	Depleted	1.0	1.0	False
prostate adenocarcinoma	CRY1	CSNK1E	23	23	1.3043478260869565	0	0.18333333333333332	0.0	0.3882713812097753	-0.4721783324902898	1.0	Depleted	1.0	1.0	False
prostate adenocarcinoma	CRY1	NPAS2	23	23	1.3043478260869565	0	0.18333333333333332	0.0	0.38284964070080896	-0.47886510484309286	1.0	Depleted	1.0	1.0	False
prostate adenocarcinoma	CRY1	NR1D1	23	23	1.3043478260869565	0	0.18333333333333332	0.0	0.3920667438500278	-0.4676074576819028	1.0	Depleted	1.0	1.0	False
prostate adenocarcinoma	CRY1	NR1D2	23	23	1.3043478260869565	0	0.18333333333333332	0.0	0.3935359285410994	-0.46586174231404814	1.0	Depleted	1.0	1.0	False
prostate adenocarcinoma	CRY1	PER1	23	23	1.3043478260869565	0	0.18333333333333332	0.0	0.39291707570788814	-0.4665954845638508	1.0	Depleted	1.0	1.0	False
prostate adenocarcinoma	CRY1	PER2	23	23	1.3043478260869565	0	0.18333333333333332	0.0	0.3929623925316448	-0.46654167629684745	1.0	Depleted	1.0	1.0	False
prostate adenocarcinoma	CRY1	PER3	23	23	1.3043478260869565	0	0.18333333333333332	0.0	0.3898326653202564	-0.47028725307747316	1.0	Depleted	1.0	1.0	False
prostate adenocarcinoma	CRY1	RORA	23	23	1.3043478260869565	0	0.18333333333333332	0.0	0.38813061530553566	-0.4723495805375046	1.0	Depleted	1.0	1.0	False
prostate adenocarcinoma	CRY1	RORB	23	23	1.3043478260869565	0	0.18333333333333332	0.0	0.387988148633883	-0.47252302416673053	1.0	Depleted	1.0	1.0	False
prostate adenocarcinoma	CRY1	RORC	23	23	1.3043478260869565	0	0.18333333333333332	0.0	0.3903996429149479	-0.46960425466699046	1.0	Depleted	1.0	1.0	False
prostate adenocarcinoma	CRY1	TIMELESS	23	23	1.3043478260869565	0	0.18333333333333332	0.0	0.3919577440073212	-0.4677374950140261	1.0	Depleted	1.0	1.0	False
prostate adenocarcinoma	CRY2	CSNK1D	23	23	1.3043478260869565	0	0.18333333333333332	0.0	0.3886267400402441	-0.4717465743977069	1.0	Depleted	1.0	1.0	False
prostate adenocarcinoma	CRY2	CSNK1E	23	23	1.3043478260869565	1	0.18333333333333332	5.454545454545455	0.3912071756824388	2.0875554371977914	0.18198180181981802	Enriched	1.0	1.0	False
prostate adenocarcinoma	CRY2	NPAS2	23	23	1.3043478260869565	1	0.18333333333333332	5.454545454545455	0.3894279977306994	2.0970928423883253	0.17938206179382063	Enriched	1.0	1.0	False
prostate adenocarcinoma	CRY2	NR1D1	23	23	1.3043478260869565	0	0.18333333333333332	0.0	0.40005148933532536	-0.4582743427300737	1.0	Depleted	1.0	1.0	False
prostate adenocarcinoma	CRY2	NR1D2	23	23	1.3043478260869565	0	0.18333333333333332	0.0	0.3833788438787323	-0.4782040956629418	1.0	Depleted	1.0	1.0	False
prostate adenocarcinoma	CRY2	PER1	23	23	1.3043478260869565	1	0.18333333333333332	5.454545454545455	0.39189190847323285	2.0839079578047652	0.1840815918408159	Enriched	1.0	1.0	False
prostate adenocarcinoma	CRY2	PER2	23	23	1.3043478260869565	1	0.18333333333333332	5.454545454545455	0.38600784992797826	2.1156737274100545	0.17648235176482352	Enriched	1.0	1.0	False
prostate adenocarcinoma	CRY2	PER3	23	23	1.3043478260869565	0	0.18333333333333332	0.0	0.39505372640271913	-0.46407189979633984	1.0	Depleted	1.0	1.0	False
prostate adenocarcinoma	CRY2	RORA	23	23	1.3043478260869565	1	0.18333333333333332	5.454545454545455	0.3905826999299232	2.090893085672227	0.18038196180381963	Enriched	1.0	1.0	False
prostate adenocarcinoma	CRY2	RORB	23	23	1.3043478260869565	0	0.18333333333333332	0.0	0.39551540203047	-0.46353019981560556	1.0	Depleted	1.0	1.0	False
prostate adenocarcinoma	CRY2	RORC	23	23	1.3043478260869565	0	0.18333333333333332	0.0	0.3934249970741975	-0.4659930982950679	1.0	Depleted	1.0	1.0	False
prostate adenocarcinoma	CRY2	TIMELESS	23	23	1.3043478260869565	0	0.18333333333333332	0.0	0.38877416906920853	-0.4715676809811323	1.0	Depleted	1.0	1.0	False
prostate adenocarcinoma	CSNK1D	CSNK1E	23	23	1.3043478260869565	0	0.18333333333333332	0.0	0.3941876816858174	-0.46509148268985473	1.0	Depleted	1.0	1.0	False
prostate adenocarcinoma	CSNK1D	NPAS2	23	23	1.3043478260869565	0	0.18333333333333332	0.0	0.3867665947828018	-0.4740154289599096	1.0	Depleted	1.0	1.0	False
prostate adenocarcinoma	CSNK1D	NR1D1	23	23	1.3043478260869565	0	0.18333333333333332	0.0	0.3880387318370945	-0.47246142792338547	1.0	Depleted	1.0	1.0	False
prostate adenocarcinoma	CSNK1D	NR1D2	23	23	1.3043478260869565	0	0.18333333333333332	0.0	0.3878840618078299	-0.47264982345204604	1.0	Depleted	1.0	1.0	False
prostate adenocarcinoma	CSNK1D	PER1	23	23	1.3043478260869565	0	0.18333333333333332	0.0	0.38823502243262953	-0.47222255268108165	1.0	Depleted	1.0	1.0	False
prostate adenocarcinoma	CSNK1D	PER2	23	23	1.3043478260869565	0	0.18333333333333332	0.0	0.39240197238392305	-0.4672079811922082	1.0	Depleted	1.0	1.0	False
prostate adenocarcinoma	CSNK1D	PER3	23	23	1.3043478260869565	0	0.18333333333333332	0.0	0.3900759104605054	-0.4699939894183636	1.0	Depleted	1.0	1.0	False
prostate adenocarcinoma	CSNK1D	RORA	23	23	1.3043478260869565	0	0.18333333333333332	0.0	0.38634141114899506	-0.47453710123409376	1.0	Depleted	1.0	1.0	False
prostate adenocarcinoma	CSNK1D	RORB	23	23	1.3043478260869565	0	0.18333333333333332	0.0	0.3926044495741007	-0.4669670288561789	1.0	Depleted	1.0	1.0	False
prostate adenocarcinoma	CSNK1D	RORC	23	23	1.3043478260869565	0	0.18333333333333332	0.0	0.3901396812644027	-0.46991716592162275	1.0	Depleted	1.0	1.0	False
prostate adenocarcinoma	CSNK1D	TIMELESS	23	23	1.3043478260869565	0	0.18333333333333332	0.0	0.3829616507727585	-0.47872504456619736	1.0	Depleted	1.0	1.0	False
prostate adenocarcinoma	CSNK1E	NPAS2	23	23	1.3043478260869565	1	0.18333333333333332	5.454545454545455	0.3929770388907087	2.0781536472765545	0.18418158184181582	Enriched	1.0	1.0	False
prostate adenocarcinoma	CSNK1E	NR1D1	23	23	1.3043478260869565	0	0.18333333333333332	0.0	0.3928824578198501	-0.46663659749705055	1.0	Depleted	1.0	1.0	False
prostate adenocarcinoma	CSNK1E	NR1D2	23	23	1.3043478260869565	0	0.18333333333333332	0.0	0.38891403344767755	-0.47139809203618777	1.0	Depleted	1.0	1.0	False
prostate adenocarcinoma	CSNK1E	PER1	23	23	1.3043478260869565	1	0.18333333333333332	5.454545454545455	0.39199866874216494	2.0833404084946645	0.18088191180881913	Enriched	1.0	1.0	False
prostate adenocarcinoma	CSNK1E	PER2	23	23	1.3043478260869565	2	0.18333333333333332	10.90909090909091	0.38771947673448637	4.6855182049849295	0.0011998800119988001	Enriched	0.14398560143985603	0.35996400359964004	False
prostate adenocarcinoma	CSNK1E	PER3	23	23	1.3043478260869565	0	0.18333333333333332	0.0	0.39597530181056034	-0.4629918393775032	1.0	Depleted	1.0	1.0	False
prostate adenocarcinoma	CSNK1E	RORA	23	23	1.3043478260869565	1	0.18333333333333332	5.454545454545455	0.3960298523651928	2.06213410880347	0.18888111188881113	Enriched	1.0	1.0	False
prostate adenocarcinoma	CSNK1E	RORB	23	23	1.3043478260869565	0	0.18333333333333332	0.0	0.3856823370164995	-0.4753480150310599	1.0	Depleted	1.0	1.0	False
prostate adenocarcinoma	CSNK1E	RORC	23	23	1.3043478260869565	0	0.18333333333333332	0.0	0.3950710291983091	-0.4640515749923735	1.0	Depleted	1.0	1.0	False
prostate adenocarcinoma	CSNK1E	TIMELESS	23	23	1.3043478260869565	0	0.18333333333333332	0.0	0.38728566849149204	-0.4733801125340656	1.0	Depleted	1.0	1.0	False
prostate adenocarcinoma	NPAS2	NR1D1	23	23	1.3043478260869565	0	0.18333333333333332	0.0	0.3864594740622997	-0.4743921307096196	1.0	Depleted	1.0	1.0	False
prostate adenocarcinoma	NPAS2	NR1D2	23	23	1.3043478260869565	0	0.18333333333333332	0.0	0.3892636029932178	-0.4709747634343495	1.0	Depleted	1.0	1.0	False
prostate adenocarcinoma	NPAS2	PER1	23	23	1.3043478260869565	1	0.18333333333333332	5.454545454545455	0.3880704831212843	2.1044287112437576	0.17938206179382063	Enriched	1.0	1.0	False
prostate adenocarcinoma	NPAS2	PER2	23	23	1.3043478260869565	1	0.18333333333333332	5.454545454545455	0.389724965270196	2.0954948731613134	0.18348165183481652	Enriched	1.0	1.0	False
prostate adenocarcinoma	NPAS2	PER3	23	23	1.3043478260869565	0	0.18333333333333332	0.0	0.39135574089515185	-0.46845699238752236	1.0	Depleted	1.0	1.0	False
prostate adenocarcinoma	NPAS2	RORA	23	23	1.3043478260869565	1	0.18333333333333332	5.454545454545455	0.39163662740452726	2.0852663145398798	0.18418158184181582	Enriched	1.0	1.0	False
prostate adenocarcinoma	NPAS2	RORB	23	23	1.3043478260869565	0	0.18333333333333332	0.0	0.38271269498239807	-0.479036456686563	1.0	Depleted	1.0	1.0	False
prostate adenocarcinoma	NPAS2	RORC	23	23	1.3043478260869565	0	0.18333333333333332	0.0	0.3918629169168288	-0.4678506830291498	1.0	Depleted	1.0	1.0	False
prostate adenocarcinoma	NPAS2	TIMELESS	23	23	1.3043478260869565	0	0.18333333333333332	0.0	0.3929770388907087	-0.46652428816412445	1.0	Depleted	1.0	1.0	False
prostate adenocarcinoma	NR1D1	NR1D2	23	23	1.3043478260869565	0	0.18333333333333332	0.0	0.3913818569834294	-0.46842573323754094	1.0	Depleted	1.0	1.0	False
prostate adenocarcinoma	NR1D1	PER1	23	23	1.3043478260869565	0	0.18333333333333332	0.0	0.39081451303445713	-0.46910574510105074	1.0	Depleted	1.0	1.0	False
prostate adenocarcinoma	NR1D1	PER2	23	23	1.3043478260869565	0	0.18333333333333332	0.0	0.3940927821111308	-0.46520347911785626	1.0	Depleted	1.0	1.0	False
prostate adenocarcinoma	NR1D1	PER3	23	23	1.3043478260869565	0	0.18333333333333332	0.0	0.3897771063303512	-0.47035428801698587	1.0	Depleted	1.0	1.0	False
prostate adenocarcinoma	NR1D1	RORA	23	23	1.3043478260869565	0	0.18333333333333332	0.0	0.38864561562103606	-0.47172366280364675	1.0	Depleted	1.0	1.0	False
prostate adenocarcinoma	NR1D1	RORB	23	23	1.3043478260869565	0	0.18333333333333332	0.0	0.3917858338607477	-0.46794273168767864	1.0	Depleted	1.0	1.0	False
prostate adenocarcinoma	NR1D1	RORC	23	23	1.3043478260869565	0	0.18333333333333332	0.0	0.39369564339215457	-0.4656727510462127	1.0	Depleted	1.0	1.0	False
prostate adenocarcinoma	NR1D1	TIMELESS	23	23	1.3043478260869565	0	0.18333333333333332	0.0	0.3939819312813947	-0.4653343688555877	1.0	Depleted	1.0	1.0	False
prostate adenocarcinoma	NR1D2	PER1	23	23	1.3043478260869565	0	0.18333333333333332	0.0	0.3974283645268579	-0.46129906593756415	1.0	Depleted	1.0	1.0	False
prostate adenocarcinoma	NR1D2	PER2	23	23	1.3043478260869565	0	0.18333333333333332	0.0	0.398145905436941	-0.46046771002739834	1.0	Depleted	1.0	1.0	False
prostate adenocarcinoma	NR1D2	PER3	23	23	1.3043478260869565	0	0.18333333333333332	0.0	0.3947728771869418	-0.4644020497044359	1.0	Depleted	1.0	1.0	False
prostate adenocarcinoma	NR1D2	RORA	23	23	1.3043478260869565	0	0.18333333333333332	0.0	0.38813061530553566	-0.4723495805375046	1.0	Depleted	1.0	1.0	False
prostate adenocarcinoma	NR1D2	RORB	23	23	1.3043478260869565	0	0.18333333333333332	0.0	0.3926180394384461	-0.46695086551690645	1.0	Depleted	1.0	1.0	False
prostate adenocarcinoma	NR1D2	RORC	23	23	1.3043478260869565	0	0.18333333333333332	0.0	0.3966823990203866	-0.46216654377930017	1.0	Depleted	1.0	1.0	False
prostate adenocarcinoma	NR1D2	TIMELESS	23	23	1.3043478260869565	0	0.18333333333333332	0.0	0.3913811798270227	-0.4684265436942075	1.0	Depleted	1.0	1.0	False
prostate adenocarcinoma	PER1	PER2	23	23	1.3043478260869565	1	0.18333333333333332	5.454545454545455	0.3888095514345406	2.100428509673995	0.1802819718028197	Enriched	1.0	1.0	False
prostate adenocarcinoma	PER1	PER3	23	23	1.3043478260869565	0	0.18333333333333332	0.0	0.3916507870972601	-0.4681040849990823	1.0	Depleted	1.0	1.0	False
prostate adenocarcinoma	PER1	RORA	23	23	1.3043478260869565	1	0.18333333333333332	5.454545454545455	0.37950904167262095	2.1519030562943864	0.17168283171682833	Enriched	1.0	1.0	False
prostate adenocarcinoma	PER1	RORB	23	23	1.3043478260869565	0	0.18333333333333332	0.0	0.39131357327757377	-0.4685074729142808	1.0	Depleted	1.0	1.0	False
prostate adenocarcinoma	PER1	RORC	23	23	1.3043478260869565	0	0.18333333333333332	0.0	0.3935849094008697	-0.46580376674606366	1.0	Depleted	1.0	1.0	False
prostate adenocarcinoma	PER1	TIMELESS	23	23	1.3043478260869565	0	0.18333333333333332	0.0	0.39464558088676394	-0.4645518465489605	1.0	Depleted	1.0	1.0	False
prostate adenocarcinoma	PER2	PER3	23	23	1.3043478260869565	0	0.18333333333333332	0.0	0.3864507399623421	-0.47440285235628826	1.0	Depleted	1.0	1.0	False
prostate adenocarcinoma	PER2	RORA	23	23	1.3043478260869565	1	0.18333333333333332	5.454545454545455	0.3890999612927092	2.098860827314015	0.17898210178982102	Enriched	1.0	1.0	False
prostate adenocarcinoma	PER2	RORB	23	23	1.3043478260869565	0	0.18333333333333332	0.0	0.3913007431978155	-0.4685228344701923	1.0	Depleted	1.0	1.0	False
prostate adenocarcinoma	PER2	RORC	23	23	1.3043478260869565	0	0.18333333333333332	0.0	0.38578144425603633	-0.47522589814262356	1.0	Depleted	1.0	1.0	False
prostate adenocarcinoma	PER2	TIMELESS	23	23	1.3043478260869565	0	0.18333333333333332	0.0	0.38600784992797826	-0.4749471632961346	1.0	Depleted	1.0	1.0	False
prostate adenocarcinoma	PER3	RORA	23	23	1.3043478260869565	0	0.18333333333333332	0.0	0.3932168128986789	-0.4662398130483125	1.0	Depleted	1.0	1.0	False
prostate adenocarcinoma	PER3	RORB	23	23	1.3043478260869565	0	0.18333333333333332	0.0	0.3871722487924767	-0.47351878628987043	1.0	Depleted	1.0	1.0	False
prostate adenocarcinoma	PER3	RORC	23	23	1.3043478260869565	0	0.18333333333333332	0.0	0.3898869594948239	-0.4702217626639222	1.0	Depleted	1.0	1.0	False
prostate adenocarcinoma	PER3	TIMELESS	23	23	1.3043478260869565	0	0.18333333333333332	0.0	0.386376615090599	-0.4744938647240456	1.0	Depleted	1.0	1.0	False
prostate adenocarcinoma	RORA	RORB	23	23	1.3043478260869565	0	0.18333333333333332	0.0	0.38871611752280383	-0.4716381057252615	1.0	Depleted	1.0	1.0	False
prostate adenocarcinoma	RORA	RORC	23	23	1.3043478260869565	0	0.18333333333333332	0.0	0.3928312508433665	-0.46669742526781244	1.0	Depleted	1.0	1.0	False
prostate adenocarcinoma	RORA	TIMELESS	23	23	1.3043478260869565	0	0.18333333333333332	0.0	0.3928591017494475	-0.46666433975165283	1.0	Depleted	1.0	1.0	False
prostate adenocarcinoma	RORB	RORC	23	23	1.3043478260869565	0	0.18333333333333332	0.0	0.388863885584855	-0.4714588835052096	1.0	Depleted	1.0	1.0	False
prostate adenocarcinoma	RORB	TIMELESS	23	23	1.3043478260869565	0	0.18333333333333332	0.0	0.3876885221914932	-0.4728882152533225	1.0	Depleted	1.0	1.0	False
prostate adenocarcinoma	RORC	TIMELESS	23	23	1.3043478260869565	0	0.18333333333333332	0.0	0.3948348888572866	-0.4643291120091449	1.0	Depleted	1.0	1.0	False
skin cutaneous melanoma	ARNTL	CLOCK	33	33	1.393939393939394	0	0.14166666666666666	0.0	0.3706392954730176	-0.3822224691147999	1.0	Depleted	1.0	1.0	False
skin cutaneous melanoma	ARNTL	CRY1	33	33	1.393939393939394	0	0.14166666666666666	0.0	0.3788613382114347	-0.37392748316695595	1.0	Depleted	1.0	1.0	False
skin cutaneous melanoma	ARNTL	CRY2	33	33	1.393939393939394	0	0.14166666666666666	0.0	0.374418721404117	-0.37836427125064404	1.0	Depleted	1.0	1.0	False
skin cutaneous melanoma	ARNTL	CSNK1D	33	33	1.393939393939394	0	0.14166666666666666	0.0	0.3739434895453287	-0.37884512132813614	1.0	Depleted	1.0	1.0	False
skin cutaneous melanoma	ARNTL	CSNK1E	33	33	1.393939393939394	0	0.14166666666666666	0.0	0.37761537222011193	-0.3751612807332674	1.0	Depleted	1.0	1.0	False
skin cutaneous melanoma	ARNTL	NPAS2	33	33	1.393939393939394	0	0.14166666666666666	0.0	0.35894546129519234	-0.3946746287179314	1.0	Depleted	1.0	1.0	False
skin cutaneous melanoma	ARNTL	NR1D1	33	33	1.393939393939394	0	0.14166666666666666	0.0	0.36492698882203417	-0.38820550687127714	1.0	Depleted	1.0	1.0	False
skin cutaneous melanoma	ARNTL	NR1D2	33	33	1.393939393939394	0	0.14166666666666666	0.0	0.38236491770693254	-0.37050121521673834	1.0	Depleted	1.0	1.0	False
skin cutaneous melanoma	ARNTL	PER1	33	33	1.393939393939394	0	0.14166666666666666	0.0	0.37893728946480665	-0.3738525360403302	1.0	Depleted	1.0	1.0	False
skin cutaneous melanoma	ARNTL	PER2	33	33	1.393939393939394	0	0.14166666666666666	0.0	0.36865478517857797	-0.3842800157823605	1.0	Depleted	1.0	1.0	False
skin cutaneous melanoma	ARNTL	PER3	33	33	1.393939393939394	0	0.14166666666666666	0.0	0.3734655374338643	-0.37932995810022746	1.0	Depleted	1.0	1.0	False
skin cutaneous melanoma	ARNTL	RORA	33	33	1.393939393939394	0	0.14166666666666666	0.0	0.37350731019764144	-0.3792875341360889	1.0	Depleted	1.0	1.0	False
skin cutaneous melanoma	ARNTL	RORB	33	33	1.393939393939394	0	0.14166666666666666	0.0	0.3730807941021526	-0.3797211459453395	1.0	Depleted	1.0	1.0	False
skin cutaneous melanoma	ARNTL	RORC	33	33	1.393939393939394	0	0.14166666666666666	0.0	0.38110377065623585	-0.37172727633401764	1.0	Depleted	1.0	1.0	False
skin cutaneous melanoma	ARNTL	TIMELESS	33	33	1.393939393939394	0	0.14166666666666666	0.0	0.3694610806959441	-0.38344138007665896	1.0	Depleted	1.0	1.0	False
skin cutaneous melanoma	CLOCK	CRY1	33	33	1.393939393939394	0	0.14166666666666666	0.0	0.3834435328627795	-0.36945900641220103	1.0	Depleted	1.0	1.0	False
skin cutaneous melanoma	CLOCK	CRY2	33	33	1.393939393939394	0	0.14166666666666666	0.0	0.37003450184172737	-0.3828471830641914	1.0	Depleted	1.0	1.0	False
skin cutaneous melanoma	CLOCK	CSNK1D	33	33	1.393939393939394	0	0.14166666666666666	0.0	0.36906282762840487	-0.3838551489376908	1.0	Depleted	1.0	1.0	False
skin cutaneous melanoma	CLOCK	CSNK1E	33	33	1.393939393939394	0	0.14166666666666666	0.0	0.3669063259541903	-0.3861112677690771	1.0	Depleted	1.0	1.0	False
skin cutaneous melanoma	CLOCK	NPAS2	33	33	1.393939393939394	1	0.14166666666666666	7.0588235294117645	0.36811555374106464	2.331695372853199	0.13188681131886812	Enriched	1.0	1.0	False
skin cutaneous melanoma	CLOCK	NR1D1	33	33	1.393939393939394	0	0.14166666666666666	0.0	0.3750675373392859	-0.37770975241324356	1.0	Depleted	1.0	1.0	False
skin cutaneous melanoma	CLOCK	NR1D2	33	33	1.393939393939394	0	0.14166666666666666	0.0	0.3670099584901792	-0.38600224159982166	1.0	Depleted	1.0	1.0	False
skin cutaneous melanoma	CLOCK	PER1	33	33	1.393939393939394	0	0.14166666666666666	0.0	0.37020224873776364	-0.38267370646637433	1.0	Depleted	1.0	1.0	False
skin cutaneous melanoma	CLOCK	PER2	33	33	1.393939393939394	0	0.14166666666666666	0.0	0.36760374488207426	-0.38537873631323516	1.0	Depleted	1.0	1.0	False
skin cutaneous melanoma	CLOCK	PER3	33	33	1.393939393939394	0	0.14166666666666666	0.0	0.3761537706389723	-0.37661902584684326	1.0	Depleted	1.0	1.0	False
skin cutaneous melanoma	CLOCK	RORA	33	33	1.393939393939394	0	0.14166666666666666	0.0	0.37240550289416857	-0.38040970277210423	1.0	Depleted	1.0	1.0	False
skin cutaneous melanoma	CLOCK	RORB	33	33	1.393939393939394	1	0.14166666666666666	7.0588235294117645	0.37022211770995556	2.3184280254314262	0.13488651134886512	Enriched	1.0	1.0	False
skin cutaneous melanoma	CLOCK	RORC	33	33	1.393939393939394	0	0.14166666666666666	0.0	0.37254379459050013	-0.38026849117802797	1.0	Depleted	1.0	1.0	False
skin cutaneous melanoma	CLOCK	TIMELESS	33	33	1.393939393939394	1	0.14166666666666666	7.0588235294117645	0.36805469216631725	2.332080942322203	0.1356864313568643	Enriched	1.0	1.0	False
skin cutaneous melanoma	CRY1	CRY2	33	33	1.393939393939394	0	0.14166666666666666	0.0	0.37823312391910224	-0.37454854614205285	1.0	Depleted	1.0	1.0	False
skin cutaneous melanoma	CRY1	CSNK1D	33	33	1.393939393939394	0	0.14166666666666666	0.0	0.3797731069484464	-0.37302974874915956	1.0	Depleted	1.0	1.0	False
skin cutaneous melanoma	CRY1	CSNK1E	33	33	1.393939393939394	0	0.14166666666666666	0.0	0.37884402104194265	-0.37394457559878563	1.0	Depleted	1.0	1.0	False
skin cutaneous melanoma	CRY1	NPAS2	33	33	1.393939393939394	0	0.14166666666666666	0.0	0.36718475249422655	-0.38581848975031763	1.0	Depleted	1.0	1.0	False
skin cutaneous melanoma	CRY1	NR1D1	33	33	1.393939393939394	0	0.14166666666666666	0.0	0.3557901750538743	-0.3981747574823146	1.0	Depleted	1.0	1.0	False
skin cutaneous melanoma	CRY1	NR1D2	33	33	1.393939393939394	0	0.14166666666666666	0.0	0.37636036549093643	-0.3764122890088922	1.0	Depleted	1.0	1.0	False
skin cutaneous melanoma	CRY1	PER1	33	33	1.393939393939394	0	0.14166666666666666	0.0	0.3715511337952052	-0.3812844418468434	1.0	Depleted	1.0	1.0	False
skin cutaneous melanoma	CRY1	PER2	33	33	1.393939393939394	0	0.14166666666666666	0.0	0.37756854450626587	-0.3752078098876578	1.0	Depleted	1.0	1.0	False
skin cutaneous melanoma	CRY1	PER3	33	33	1.393939393939394	0	0.14166666666666666	0.0	0.36770541296950293	-0.38527218167010324	1.0	Depleted	1.0	1.0	False
skin cutaneous melanoma	CRY1	RORA	33	33	1.393939393939394	0	0.14166666666666666	0.0	0.36277155390139393	-0.39051205956786106	1.0	Depleted	1.0	1.0	False
skin cutaneous melanoma	CRY1	RORB	33	33	1.393939393939394	0	0.14166666666666666	0.0	0.36275242098694976	-0.39053265662908754	1.0	Depleted	1.0	1.0	False
skin cutaneous melanoma	CRY1	RORC	33	33	1.393939393939394	0	0.14166666666666666	0.0	0.37725585773877635	-0.3755187991401874	1.0	Depleted	1.0	1.0	False
skin cutaneous melanoma	CRY1	TIMELESS	33	33	1.393939393939394	0	0.14166666666666666	0.0	0.3691560477884141	-0.3837582169258256	1.0	Depleted	1.0	1.0	False
skin cutaneous melanoma	CRY2	CSNK1D	33	33	1.393939393939394	0	0.14166666666666666	0.0	0.37118578621599846	-0.38165972924466657	1.0	Depleted	1.0	1.0	False
skin cutaneous melanoma	CRY2	CSNK1E	33	33	1.393939393939394	0	0.14166666666666666	0.0	0.3726073987823682	-0.38020357923544895	1.0	Depleted	1.0	1.0	False
skin cutaneous melanoma	CRY2	NPAS2	33	33	1.393939393939394	0	0.14166666666666666	0.0	0.36827526752046047	-0.38467602676792845	1.0	Depleted	1.0	1.0	False
skin cutaneous melanoma	CRY2	NR1D1	33	33	1.393939393939394	0	0.14166666666666666	0.0	0.3650267311464259	-0.38809943102451544	1.0	Depleted	1.0	1.0	False
skin cutaneous melanoma	CRY2	NR1D2	33	33	1.393939393939394	0	0.14166666666666666	0.0	0.3650160046742702	-0.38811083583331074	1.0	Depleted	1.0	1.0	False
skin cutaneous melanoma	CRY2	PER1	33	33	1.393939393939394	0	0.14166666666666666	0.0	0.3723530914098448	-0.3804632482847733	1.0	Depleted	1.0	1.0	False
skin cutaneous melanoma	CRY2	PER2	33	33	1.393939393939394	0	0.14166666666666666	0.0	0.36492694771380857	-0.3882055506017817	1.0	Depleted	1.0	1.0	False
skin cutaneous melanoma	CRY2	PER3	33	33	1.393939393939394	0	0.14166666666666666	0.0	0.3675036678654915	-0.38548368099149827	1.0	Depleted	1.0	1.0	False
skin cutaneous melanoma	CRY2	RORA	33	33	1.393939393939394	0	0.14166666666666666	0.0	0.37322047016734655	-0.3795790370317722	1.0	Depleted	1.0	1.0	False
skin cutaneous melanoma	CRY2	RORB	33	33	1.393939393939394	0	0.14166666666666666	0.0	0.378088620696934	-0.37469169636878064	1.0	Depleted	1.0	1.0	False
skin cutaneous melanoma	CRY2	RORC	33	33	1.393939393939394	0	0.14166666666666666	0.0	0.37141365727512105	-0.38142557197816895	1.0	Depleted	1.0	1.0	False
skin cutaneous melanoma	CRY2	TIMELESS	33	33	1.393939393939394	0	0.14166666666666666	0.0	0.37200698772992424	-0.3808172194053413	1.0	Depleted	1.0	1.0	False
skin cutaneous melanoma	CSNK1D	CSNK1E	33	33	1.393939393939394	0	0.14166666666666666	0.0	0.38045980729440615	-0.37235645908068976	1.0	Depleted	1.0	1.0	False
skin cutaneous melanoma	CSNK1D	NPAS2	33	33	1.393939393939394	0	0.14166666666666666	0.0	0.3738303959237285	-0.3789597320373341	1.0	Depleted	1.0	1.0	False
skin cutaneous melanoma	CSNK1D	NR1D1	33	33	1.393939393939394	0	0.14166666666666666	0.0	0.37193557722724074	-0.38089033515638343	1.0	Depleted	1.0	1.0	False
skin cutaneous melanoma	CSNK1D	NR1D2	33	33	1.393939393939394	0	0.14166666666666666	0.0	0.3664713769546166	-0.38656952650414084	1.0	Depleted	1.0	1.0	False
skin cutaneous melanoma	CSNK1D	PER1	33	33	1.393939393939394	0	0.14166666666666666	0.0	0.3732012431876288	-0.379598592589476	1.0	Depleted	1.0	1.0	False
skin cutaneous melanoma	CSNK1D	PER2	33	33	1.393939393939394	0	0.14166666666666666	0.0	0.37480401252492007	-0.37797532025420216	1.0	Depleted	1.0	1.0	False
skin cutaneous melanoma	CSNK1D	PER3	33	33	1.393939393939394	0	0.14166666666666666	0.0	0.3674634851809009	-0.38552583421159436	1.0	Depleted	1.0	1.0	False
skin cutaneous melanoma	CSNK1D	RORA	33	33	1.393939393939394	0	0.14166666666666666	0.0	0.37247205739941663	-0.38034172994285004	1.0	Depleted	1.0	1.0	False
skin cutaneous melanoma	CSNK1D	RORB	33	33	1.393939393939394	0	0.14166666666666666	0.0	0.37261981234558	-0.3801909130244537	1.0	Depleted	1.0	1.0	False
skin cutaneous melanoma	CSNK1D	RORC	33	33	1.393939393939394	0	0.14166666666666666	0.0	0.36923079928185004	-0.3836805243284331	1.0	Depleted	1.0	1.0	False
skin cutaneous melanoma	CSNK1D	TIMELESS	33	33	1.393939393939394	0	0.14166666666666666	0.0	0.37308572647037785	-0.3797161258537578	1.0	Depleted	1.0	1.0	False
skin cutaneous melanoma	CSNK1E	NPAS2	33	33	1.393939393939394	0	0.14166666666666666	0.0	0.3755061790291192	-0.3772685366535098	1.0	Depleted	1.0	1.0	False
skin cutaneous melanoma	CSNK1E	NR1D1	33	33	1.393939393939394	0	0.14166666666666666	0.0	0.3696030988033846	-0.3832940446801507	1.0	Depleted	1.0	1.0	False
skin cutaneous melanoma	CSNK1E	NR1D2	33	33	1.393939393939394	0	0.14166666666666666	0.0	0.3650228954071472	-0.3881035092570054	1.0	Depleted	1.0	1.0	False
skin cutaneous melanoma	CSNK1E	PER1	33	33	1.393939393939394	1	0.14166666666666666	7.0588235294117645	0.36892732446523085	2.3265648175491163	0.1367863213678632	Enriched	1.0	1.0	False
skin cutaneous melanoma	CSNK1E	PER2	33	33	1.393939393939394	0	0.14166666666666666	0.0	0.36664226796056326	-0.3863893474549001	1.0	Depleted	1.0	1.0	False
skin cutaneous melanoma	CSNK1E	PER3	33	33	1.393939393939394	0	0.14166666666666666	0.0	0.3828237393390595	-0.3700571623673402	1.0	Depleted	1.0	1.0	False
skin cutaneous melanoma	CSNK1E	RORA	33	33	1.393939393939394	0	0.14166666666666666	0.0	0.36791945650189156	-0.38504804288853456	1.0	Depleted	1.0	1.0	False
skin cutaneous melanoma	CSNK1E	RORB	33	33	1.393939393939394	0	0.14166666666666666	0.0	0.3785635099069947	-0.3742216641574125	1.0	Depleted	1.0	1.0	False
skin cutaneous melanoma	CSNK1E	RORC	33	33	1.393939393939394	0	0.14166666666666666	0.0	0.36430325511333084	-0.388870164288254	1.0	Depleted	1.0	1.0	False
skin cutaneous melanoma	CSNK1E	TIMELESS	33	33	1.393939393939394	0	0.14166666666666666	0.0	0.373679479815742	-0.3791127806550181	1.0	Depleted	1.0	1.0	False
skin cutaneous melanoma	NPAS2	NR1D1	33	33	1.393939393939394	0	0.14166666666666666	0.0	0.36468782502432423	-0.3884600936628956	1.0	Depleted	1.0	1.0	False
skin cutaneous melanoma	NPAS2	NR1D2	33	33	1.393939393939394	0	0.14166666666666666	0.0	0.3709718614830526	-0.3818798172462968	1.0	Depleted	1.0	1.0	False
skin cutaneous melanoma	NPAS2	PER1	33	33	1.393939393939394	0	0.14166666666666666	0.0	0.3843602649615698	-0.3685778150892658	1.0	Depleted	1.0	1.0	False
skin cutaneous melanoma	NPAS2	PER2	33	33	1.393939393939394	1	0.14166666666666666	7.0588235294117645	0.3666160808462628	2.341232090398315	0.126987301269873	Enriched	1.0	1.0	False
skin cutaneous melanoma	NPAS2	PER3	33	33	1.393939393939394	0	0.14166666666666666	0.0	0.36869477021427677	-0.3842383405230655	1.0	Depleted	1.0	1.0	False
skin cutaneous melanoma	NPAS2	RORA	33	33	1.393939393939394	0	0.14166666666666666	0.0	0.3762062108888038	-0.3765665280537844	1.0	Depleted	1.0	1.0	False
skin cutaneous melanoma	NPAS2	RORB	33	33	1.393939393939394	1	0.14166666666666666	7.0588235294117645	0.3731995817157078	2.299931123682732	0.13638636136386362	Enriched	1.0	1.0	False
skin cutaneous melanoma	NPAS2	RORC	33	33	1.393939393939394	1	0.14166666666666666	7.0588235294117645	0.37716306181480674	2.2757619190046485	0.1382861713828617	Enriched	1.0	1.0	False
skin cutaneous melanoma	NPAS2	TIMELESS	33	33	1.393939393939394	1	0.14166666666666666	7.0588235294117645	0.3686481115413645	2.3283269504474955	0.1331866813318668	Enriched	1.0	1.0	False
skin cutaneous melanoma	NR1D1	NR1D2	33	33	1.393939393939394	0	0.14166666666666666	0.0	0.3769144683501088	-0.3758589244047675	1.0	Depleted	1.0	1.0	False
skin cutaneous melanoma	NR1D1	PER1	33	33	1.393939393939394	0	0.14166666666666666	0.0	0.37400431537990614	-0.3787835082137073	1.0	Depleted	1.0	1.0	False
skin cutaneous melanoma	NR1D1	PER2	33	33	1.393939393939394	0	0.14166666666666666	0.0	0.37580362270244766	-0.37696993351986646	1.0	Depleted	1.0	1.0	False
skin cutaneous melanoma	NR1D1	PER3	33	33	1.393939393939394	1	0.14166666666666666	7.0588235294117645	0.376188970883227	2.281654699546652	0.13638636136386362	Enriched	1.0	1.0	False
skin cutaneous melanoma	NR1D1	RORA	33	33	1.393939393939394	0	0.14166666666666666	0.0	0.37124135278037307	-0.38160260328131296	1.0	Depleted	1.0	1.0	False
skin cutaneous melanoma	NR1D1	RORB	33	33	1.393939393939394	1	0.14166666666666666	7.0588235294117645	0.37141688848315046	2.3109701253454773	0.1352864713528647	Enriched	1.0	1.0	False
skin cutaneous melanoma	NR1D1	RORC	33	33	1.393939393939394	0	0.14166666666666666	0.0	0.3842324862115983	-0.3687003877872271	1.0	Depleted	1.0	1.0	False
skin cutaneous melanoma	NR1D1	TIMELESS	33	33	1.393939393939394	0	0.14166666666666666	0.0	0.3791989176961324	-0.37359459654415456	1.0	Depleted	1.0	1.0	False
skin cutaneous melanoma	NR1D2	PER1	33	33	1.393939393939394	0	0.14166666666666666	0.0	0.3727413763098502	-0.3800669195064163	1.0	Depleted	1.0	1.0	False
skin cutaneous melanoma	NR1D2	PER2	33	33	1.393939393939394	1	0.14166666666666666	7.0588235294117645	0.37541241781318957	2.2863743781657537	0.13928607139286073	Enriched	1.0	1.0	False
skin cutaneous melanoma	NR1D2	PER3	33	33	1.393939393939394	0	0.14166666666666666	0.0	0.36450356141556206	-0.3886564677626175	1.0	Depleted	1.0	1.0	False
skin cutaneous melanoma	NR1D2	RORA	33	33	1.393939393939394	0	0.14166666666666666	0.0	0.3777277694673542	-0.3750496471743004	1.0	Depleted	1.0	1.0	False
skin cutaneous melanoma	NR1D2	RORB	33	33	1.393939393939394	1	0.14166666666666666	7.0588235294117645	0.36455024302278116	2.3544994133488895	0.13108689131086892	Enriched	1.0	1.0	False
skin cutaneous melanoma	NR1D2	RORC	33	33	1.393939393939394	0	0.14166666666666666	0.0	0.37769301714688897	-0.37508415627279373	1.0	Depleted	1.0	1.0	False
skin cutaneous melanoma	NR1D2	TIMELESS	33	33	1.393939393939394	0	0.14166666666666666	0.0	0.37521870809954394	-0.3775575780434783	1.0	Depleted	1.0	1.0	False
skin cutaneous melanoma	PER1	PER2	33	33	1.393939393939394	0	0.14166666666666666	0.0	0.3810710714763738	-0.3717591737357841	1.0	Depleted	1.0	1.0	False
skin cutaneous melanoma	PER1	PER3	33	33	1.393939393939394	0	0.14166666666666666	0.0	0.37455544206154284	-0.3782261602900154	1.0	Depleted	1.0	1.0	False
skin cutaneous melanoma	PER1	RORA	33	33	1.393939393939394	0	0.14166666666666666	0.0	0.3594795718205078	-0.39408822579048364	1.0	Depleted	1.0	1.0	False
skin cutaneous melanoma	PER1	RORB	33	33	1.393939393939394	0	0.14166666666666666	0.0	0.3771391963152859	-0.3756349593221126	1.0	Depleted	1.0	1.0	False
skin cutaneous melanoma	PER1	RORC	33	33	1.393939393939394	0	0.14166666666666666	0.0	0.3716468782866527	-0.3811862145049382	1.0	Depleted	1.0	1.0	False
skin cutaneous melanoma	PER1	TIMELESS	33	33	1.393939393939394	0	0.14166666666666666	0.0	0.36355413236644146	-0.38967145207381354	1.0	Depleted	1.0	1.0	False
skin cutaneous melanoma	PER2	PER3	33	33	1.393939393939394	0	0.14166666666666666	0.0	0.3761374588349236	-0.3766353585348176	1.0	Depleted	1.0	1.0	False
skin cutaneous melanoma	PER2	RORA	33	33	1.393939393939394	0	0.14166666666666666	0.0	0.3715698001878532	-0.38126528742391	1.0	Depleted	1.0	1.0	False
skin cutaneous melanoma	PER2	RORB	33	33	1.393939393939394	1	0.14166666666666666	7.0588235294117645	0.3667383804621087	2.3404513382313312	0.13058694130586943	Enriched	1.0	1.0	False
skin cutaneous melanoma	PER2	RORC	33	33	1.393939393939394	0	0.14166666666666666	0.0	0.3694610806959441	-0.38344138007665896	1.0	Depleted	1.0	1.0	False
skin cutaneous melanoma	PER2	TIMELESS	33	33	1.393939393939394	0	0.14166666666666666	0.0	0.3785639193902483	-0.37422125937106926	1.0	Depleted	1.0	1.0	False
skin cutaneous melanoma	PER3	RORA	33	33	1.393939393939394	0	0.14166666666666666	0.0	0.3765544041993563	-0.3762183235325145	1.0	Depleted	1.0	1.0	False
skin cutaneous melanoma	PER3	RORB	33	33	1.393939393939394	2	0.14166666666666666	14.117647058823529	0.37866784776885054	4.9075551153413794	0.008999100089991	Enriched	1.0	1.0	False
skin cutaneous melanoma	PER3	RORC	33	33	1.393939393939394	0	0.14166666666666666	0.0	0.37346746551042365	-0.37932799975775316	1.0	Depleted	1.0	1.0	False
skin cutaneous melanoma	PER3	TIMELESS	33	33	1.393939393939394	0	0.14166666666666666	0.0	0.3713721876099138	-0.38146816426509605	1.0	Depleted	1.0	1.0	False
skin cutaneous melanoma	RORA	RORB	33	33	1.393939393939394	0	0.14166666666666666	0.0	0.367937396567377	-0.38502926853406855	1.0	Depleted	1.0	1.0	False
skin cutaneous melanoma	RORA	RORC	33	33	1.393939393939394	0	0.14166666666666666	0.0	0.3738303959237285	-0.3789597320373341	1.0	Depleted	1.0	1.0	False
skin cutaneous melanoma	RORA	TIMELESS	33	33	1.393939393939394	0	0.14166666666666666	0.0	0.37396115399125274	-0.37882722618291087	1.0	Depleted	1.0	1.0	False
skin cutaneous melanoma	RORB	RORC	33	33	1.393939393939394	1	0.14166666666666666	7.0588235294117645	0.37360185737598184	2.2974546737050403	0.1331866813318668	Enriched	1.0	1.0	False
skin cutaneous melanoma	RORB	TIMELESS	33	33	1.393939393939394	1	0.14166666666666666	7.0588235294117645	0.3722000178470288	2.30610771675487	0.13258674132586742	Enriched	1.0	1.0	False
skin cutaneous melanoma	RORC	TIMELESS	33	33	1.393939393939394	0	0.14166666666666666	0.0	0.3699884310946957	-0.38289485497563613	1.0	Depleted	1.0	1.0	False
stomach adenocarcinoma	ARNTL	CLOCK	105	105	2.0095238095238095	1	2.1166666666666667	0.47244094488188976	1.3069913781835993	-0.8543795202525071	0.48855114488551143	Depleted	0.813452901285214	1.0	False
stomach adenocarcinoma	ARNTL	CRY1	105	105	2.0095238095238095	3	2.1166666666666667	1.4173228346456692	1.275844715462582	0.6923517592915402	0.6943305669433056	Enriched	0.9006758898578228	1.0	False
stomach adenocarcinoma	ARNTL	CRY2	105	105	2.0095238095238095	0	2.1166666666666667	0.0	1.2979518588540913	-1.6307744021688027	0.13558644135586442	Depleted	0.7924921793534933	1.0	False
stomach adenocarcinoma	ARNTL	CSNK1D	105	105	2.0095238095238095	1	2.1166666666666667	0.47244094488188976	1.283401068189591	-0.8700839467446247	0.47895210478952105	Depleted	0.813452901285214	1.0	False
stomach adenocarcinoma	ARNTL	CSNK1E	105	105	2.0095238095238095	1	2.1166666666666667	0.47244094488188976	1.3000674511492678	-0.8589297929730695	0.47785221477852213	Depleted	0.813452901285214	1.0	False
stomach adenocarcinoma	ARNTL	NPAS2	105	105	2.0095238095238095	5	2.1166666666666667	2.3622047244094486	1.2860903983979062	2.241936754154394	0.04459554044595541	Enriched	0.7124287571242875	1.0	False
stomach adenocarcinoma	ARNTL	NR1D1	105	105	2.0095238095238095	1	2.1166666666666667	0.47244094488188976	1.3071884577850346	-0.8542507088524959	0.48255174482551744	Depleted	0.813452901285214	1.0	False
stomach adenocarcinoma	ARNTL	NR1D2	105	105	2.0095238095238095	3	2.1166666666666667	1.4173228346456692	1.2731349014333575	0.6938254008580186	0.69003099690031	Enriched	0.9006758898578228	1.0	False
stomach adenocarcinoma	ARNTL	PER1	105	105	2.0095238095238095	2	2.1166666666666667	0.9448818897637795	1.315415018793372	-0.08869190711664889	1.0	Depleted	1.0	1.0	False
stomach adenocarcinoma	ARNTL	PER2	105	105	2.0095238095238095	3	2.1166666666666667	1.4173228346456692	1.3127313839352805	0.6728972462632027	0.6937306269373062	Enriched	0.9006758898578228	1.0	False
stomach adenocarcinoma	ARNTL	PER3	105	105	2.0095238095238095	5	2.1166666666666667	2.3622047244094486	1.2951048952378208	2.2263318932200202	0.040195980401959805	Enriched	0.7124287571242875	1.0	False
stomach adenocarcinoma	ARNTL	RORA	105	105	2.0095238095238095	4	2.1166666666666667	1.889763779527559	1.2833662232138918	1.467494857872263	0.22627737226277372	Enriched	0.813452901285214	1.0	False
stomach adenocarcinoma	ARNTL	RORB	105	105	2.0095238095238095	4	2.1166666666666667	1.889763779527559	1.2957499360562126	1.4534697482336052	0.22647735226477353	Enriched	0.813452901285214	1.0	False
stomach adenocarcinoma	ARNTL	RORC	105	105	2.0095238095238095	1	2.1166666666666667	0.47244094488188976	1.2783127153947245	-0.8735473356547628	0.4814518548145185	Depleted	0.813452901285214	1.0	False
stomach adenocarcinoma	ARNTL	TIMELESS	105	105	2.0095238095238095	3	2.1166666666666667	1.4173228346456692	1.3138436963831932	0.6723275651167732	0.6992300769923008	Enriched	0.9006758898578228	1.0	False
stomach adenocarcinoma	CLOCK	CRY1	105	105	2.0095238095238095	0	2.1166666666666667	0.0	1.2874178593115941	-1.6441178373884662	0.1337866213378662	Depleted	0.7924921793534933	1.0	False
stomach adenocarcinoma	CLOCK	CRY2	105	105	2.0095238095238095	1	2.1166666666666667	0.47244094488188976	1.2868134087251684	-0.8677766792723554	0.47605239476052397	Depleted	0.813452901285214	1.0	False
stomach adenocarcinoma	CLOCK	CSNK1D	105	105	2.0095238095238095	2	2.1166666666666667	0.9448818897637795	1.3039271538710513	-0.08947330095880814	1.0	Depleted	1.0	1.0	False
stomach adenocarcinoma	CLOCK	CSNK1E	105	105	2.0095238095238095	2	2.1166666666666667	0.9448818897637795	1.296882608584927	-0.08995931157868305	1.0	Depleted	1.0	1.0	False
stomach adenocarcinoma	CLOCK	NPAS2	105	105	2.0095238095238095	2	2.1166666666666667	0.9448818897637795	1.3065279987589833	-0.08929519059483113	1.0	Depleted	1.0	1.0	False
stomach adenocarcinoma	CLOCK	NR1D1	105	105	2.0095238095238095	1	2.1166666666666667	0.47244094488188976	1.305366445928428	-0.8554430598010733	0.48595140485951405	Depleted	0.813452901285214	1.0	False
stomach adenocarcinoma	CLOCK	NR1D2	105	105	2.0095238095238095	3	2.1166666666666667	1.4173228346456692	1.3067954742197205	0.6759537745267798	0.6951304869513049	Enriched	0.9006758898578228	1.0	False
stomach adenocarcinoma	CLOCK	PER1	105	105	2.0095238095238095	1	2.1166666666666667	0.47244094488188976	1.3127005097366369	-0.850663695476663	0.49085091490850913	Depleted	0.813452901285214	1.0	False
stomach adenocarcinoma	CLOCK	PER2	105	105	2.0095238095238095	3	2.1166666666666667	1.4173228346456692	1.304917879051056	0.6769263779079328	0.6999300069993001	Enriched	0.9006758898578228	1.0	False
stomach adenocarcinoma	CLOCK	PER3	105	105	2.0095238095238095	2	2.1166666666666667	0.9448818897637795	1.2934794427848053	-0.09019599601481752	1.0	Depleted	1.0	1.0	False
stomach adenocarcinoma	CLOCK	RORA	105	105	2.0095238095238095	1	2.1166666666666667	0.47244094488188976	1.2820775063439915	-0.8709821841044423	0.4804519548045195	Depleted	0.813452901285214	1.0	False
stomach adenocarcinoma	CLOCK	RORB	105	105	2.0095238095238095	2	2.1166666666666667	0.9448818897637795	1.2804059137361061	-0.09111693832016454	1.0	Depleted	1.0	1.0	False
stomach adenocarcinoma	CLOCK	RORC	105	105	2.0095238095238095	1	2.1166666666666667	0.47244094488188976	1.2946317805247616	-0.8625361152605422	0.47695230476952305	Depleted	0.813452901285214	1.0	False
stomach adenocarcinoma	CLOCK	TIMELESS	105	105	2.0095238095238095	3	2.1166666666666667	1.4173228346456692	1.2915497861426048	0.6839328555591594	0.688931106889311	Enriched	0.9006758898578228	1.0	False
stomach adenocarcinoma	CRY1	CRY2	105	105	2.0095238095238095	1	2.1166666666666667	0.47244094488188976	1.307591885740335	-0.8539871490823989	0.48825117488251174	Depleted	0.813452901285214	1.0	False
stomach adenocarcinoma	CRY1	CSNK1D	105	105	2.0095238095238095	0	2.1166666666666667	0.0	1.3042320123790136	-1.6229218778380645	0.1357864213578642	Depleted	0.7924921793534933	1.0	False
stomach adenocarcinoma	CRY1	CSNK1E	105	105	2.0095238095238095	2	2.1166666666666667	0.9448818897637795	1.31396066884208	-0.08879007525352985	1.0	Depleted	1.0	1.0	False
stomach adenocarcinoma	CRY1	NPAS2	105	105	2.0095238095238095	4	2.1166666666666667	1.889763779527559	1.2838979513165911	1.4668870928581534	0.22597740225977403	Enriched	0.813452901285214	1.0	False
stomach adenocarcinoma	CRY1	NR1D1	105	105	2.0095238095238095	2	2.1166666666666667	0.9448818897637795	1.3100531034707683	-0.08905491415392072	1.0	Depleted	1.0	1.0	False
stomach adenocarcinoma	CRY1	NR1D2	105	105	2.0095238095238095	1	2.1166666666666667	0.47244094488188976	1.2911946709802657	-0.8648321525513278	0.48595140485951405	Depleted	0.813452901285214	1.0	False
stomach adenocarcinoma	CRY1	PER1	105	105	2.0095238095238095	1	2.1166666666666667	0.47244094488188976	1.298977957616463	-0.8596502043157643	0.48405159484051596	Depleted	0.813452901285214	1.0	False
stomach adenocarcinoma	CRY1	PER2	105	105	2.0095238095238095	3	2.1166666666666667	1.4173228346456692	1.3091992171778235	0.6747126959314043	0.6957304269573042	Enriched	0.9006758898578228	1.0	False
stomach adenocarcinoma	CRY1	PER3	105	105	2.0095238095238095	4	2.1166666666666667	1.889763779527559	1.32088775618765	1.4258087596852402	0.23717628237176283	Enriched	0.813452901285214	1.0	False
stomach adenocarcinoma	CRY1	RORA	105	105	2.0095238095238095	2	2.1166666666666667	0.9448818897637795	1.2790044156411358	-0.09121678177176921	1.0	Depleted	1.0	1.0	False
stomach adenocarcinoma	CRY1	RORB	105	105	2.0095238095238095	3	2.1166666666666667	1.4173228346456692	1.3039752586408664	0.6774157158886832	0.6957304269573042	Enriched	0.9006758898578228	1.0	False
stomach adenocarcinoma	CRY1	RORC	105	105	2.0095238095238095	2	2.1166666666666667	0.9448818897637795	1.3011430118606222	-0.08966475291584933	1.0	Depleted	1.0	1.0	False
stomach adenocarcinoma	CRY1	TIMELESS	105	105	2.0095238095238095	3	2.1166666666666667	1.4173228346456692	1.295487347968661	0.681854079639149	0.7055294470552945	Enriched	0.9006758898578228	1.0	False
stomach adenocarcinoma	CRY2	CSNK1D	105	105	2.0095238095238095	0	2.1166666666666667	0.0	1.3083154852484526	-1.6178564654569583	0.1357864213578642	Depleted	0.7924921793534933	1.0	False
stomach adenocarcinoma	CRY2	CSNK1E	105	105	2.0095238095238095	1	2.1166666666666667	0.47244094488188976	1.2970853029112244	-0.8609045713187716	0.4784521547845215	Depleted	0.813452901285214	1.0	False
stomach adenocarcinoma	CRY2	NPAS2	105	105	2.0095238095238095	1	2.1166666666666667	0.47244094488188976	1.2922954935943547	-0.8640954581995803	0.48925107489251074	Depleted	0.813452901285214	1.0	False
stomach adenocarcinoma	CRY2	NR1D1	105	105	2.0095238095238095	0	2.1166666666666667	0.0	1.3160979908016497	-1.6082895661723349	0.1362863713628637	Depleted	0.7924921793534933	1.0	False
stomach adenocarcinoma	CRY2	NR1D2	105	105	2.0095238095238095	0	2.1166666666666667	0.0	1.3071695028614005	-1.6192748239866925	0.1381861813818618	Depleted	0.7924921793534933	1.0	False
stomach adenocarcinoma	CRY2	PER1	105	105	2.0095238095238095	0	2.1166666666666667	0.0	1.2954602509248103	-1.6339109325474162	0.13058694130586943	Depleted	0.7924921793534933	1.0	False
stomach adenocarcinoma	CRY2	PER2	105	105	2.0095238095238095	0	2.1166666666666667	0.0	1.3102526612083718	-1.615464504925779	0.1386861313868613	Depleted	0.7924921793534933	1.0	False
stomach adenocarcinoma	CRY2	PER3	105	105	2.0095238095238095	0	2.1166666666666667	0.0	1.3023419556540998	-1.6252771842888016	0.1341865813418658	Depleted	0.7924921793534933	1.0	False
stomach adenocarcinoma	CRY2	RORA	105	105	2.0095238095238095	1	2.1166666666666667	0.47244094488188976	1.2886590799053186	-0.8665338133874099	0.47625237476252374	Depleted	0.813452901285214	1.0	False
stomach adenocarcinoma	CRY2	RORB	105	105	2.0095238095238095	1	2.1166666666666667	0.47244094488188976	1.2933977917813135	-0.8633590328995023	0.48155184481551844	Depleted	0.813452901285214	1.0	False
stomach adenocarcinoma	CRY2	RORC	105	105	2.0095238095238095	1	2.1166666666666667	0.47244094488188976	1.3088810591351285	-0.8531460203148851	0.48165183481651835	Depleted	0.813452901285214	1.0	False
stomach adenocarcinoma	CRY2	TIMELESS	105	105	2.0095238095238095	3	2.1166666666666667	1.4173228346456692	1.298525088991612	0.6802589652074403	0.6946305369463054	Enriched	0.9006758898578228	1.0	False
stomach adenocarcinoma	CSNK1D	CSNK1E	105	105	2.0095238095238095	0	2.1166666666666667	0.0	1.295740041144605	-1.633558120807078	0.1314868513148685	Depleted	0.7924921793534933	1.0	False
stomach adenocarcinoma	CSNK1D	NPAS2	105	105	2.0095238095238095	1	2.1166666666666667	0.47244094488188976	1.294846130878208	-0.8623933300162128	0.48785121487851213	Depleted	0.813452901285214	1.0	False
stomach adenocarcinoma	CSNK1D	NR1D1	105	105	2.0095238095238095	2	2.1166666666666667	0.9448818897637795	1.2871329034373689	-0.09064073053769434	1.0	Depleted	1.0	1.0	False
stomach adenocarcinoma	CSNK1D	NR1D2	105	105	2.0095238095238095	1	2.1166666666666667	0.47244094488188976	1.3213686054614546	-0.845083394634383	0.49005099490050996	Depleted	0.813452901285214	1.0	False
stomach adenocarcinoma	CSNK1D	PER1	105	105	2.0095238095238095	2	2.1166666666666667	0.9448818897637795	1.2981149988560434	-0.08987390698780813	1.0	Depleted	1.0	1.0	False
stomach adenocarcinoma	CSNK1D	PER2	105	105	2.0095238095238095	2	2.1166666666666667	0.9448818897637795	1.299418273222629	-0.0897837663751849	1.0	Depleted	1.0	1.0	False
stomach adenocarcinoma	CSNK1D	PER3	105	105	2.0095238095238095	1	2.1166666666666667	0.47244094488188976	1.3031058738613104	-0.8569270456573151	0.4941505849415059	Depleted	0.813452901285214	1.0	False
stomach adenocarcinoma	CSNK1D	RORA	105	105	2.0095238095238095	1	2.1166666666666667	0.47244094488188976	1.3089029615278092	-0.8531317442839645	0.48725127487251274	Depleted	0.813452901285214	1.0	False
stomach adenocarcinoma	CSNK1D	RORB	105	105	2.0095238095238095	1	2.1166666666666667	0.47244094488188976	1.298915454575783	-0.8596915701733354	0.47925207479252074	Depleted	0.813452901285214	1.0	False
stomach adenocarcinoma	CSNK1D	RORC	105	105	2.0095238095238095	0	2.1166666666666667	0.0	1.298514094604055	-1.630068303041473	0.1316868313168683	Depleted	0.7924921793534933	1.0	False
stomach adenocarcinoma	CSNK1D	TIMELESS	105	105	2.0095238095238095	2	2.1166666666666667	0.9448818897637795	1.2905286151072517	-0.09040223153592833	1.0	Depleted	1.0	1.0	False
stomach adenocarcinoma	CSNK1E	NPAS2	105	105	2.0095238095238095	2	2.1166666666666667	0.9448818897637795	1.2940369442799213	-0.09015713746224373	1.0	Depleted	1.0	1.0	False
stomach adenocarcinoma	CSNK1E	NR1D1	105	105	2.0095238095238095	1	2.1166666666666667	0.47244094488188976	1.287735091611088	-0.8671555772154992	0.47865213478652135	Depleted	0.813452901285214	1.0	False
stomach adenocarcinoma	CSNK1E	NR1D2	105	105	2.0095238095238095	1	2.1166666666666667	0.47244094488188976	1.3017642832037228	-0.8578101896592835	0.48485151484851513	Depleted	0.813452901285214	1.0	False
stomach adenocarcinoma	CSNK1E	PER1	105	105	2.0095238095238095	2	2.1166666666666667	0.9448818897637795	1.3170241513584808	-0.08858354385250085	1.0	Depleted	1.0	1.0	False
stomach adenocarcinoma	CSNK1E	PER2	105	105	2.0095238095238095	4	2.1166666666666667	1.889763779527559	1.3186430115612011	1.4282359340786024	0.23427657234276572	Enriched	0.813452901285214	1.0	False
stomach adenocarcinoma	CSNK1E	PER3	105	105	2.0095238095238095	3	2.1166666666666667	1.4173228346456692	1.2948827213791265	0.6821724614508187	0.6932306769323068	Enriched	0.9006758898578228	1.0	False
stomach adenocarcinoma	CSNK1E	RORA	105	105	2.0095238095238095	2	2.1166666666666667	0.9448818897637795	1.302297718624583	-0.08958524997639078	1.0	Depleted	1.0	1.0	False
stomach adenocarcinoma	CSNK1E	RORB	105	105	2.0095238095238095	4	2.1166666666666667	1.889763779527559	1.2987018182174321	1.4501660865604644	0.2328767123287671	Enriched	0.813452901285214	1.0	False
stomach adenocarcinoma	CSNK1E	RORC	105	105	2.0095238095238095	2	2.1166666666666667	0.9448818897637795	1.3054843656447572	-0.0893665751477973	1.0	Depleted	1.0	1.0	False
stomach adenocarcinoma	CSNK1E	TIMELESS	105	105	2.0095238095238095	3	2.1166666666666667	1.4173228346456692	1.3177910484309463	0.6703136543423113	0.7012298770122988	Enriched	0.9006758898578228	1.0	False
stomach adenocarcinoma	NPAS2	NR1D1	105	105	2.0095238095238095	2	2.1166666666666667	0.9448818897637795	1.3078329567281406	-0.08920609170037777	1.0	Depleted	1.0	1.0	False
stomach adenocarcinoma	NPAS2	NR1D2	105	105	2.0095238095238095	3	2.1166666666666667	1.4173228346456692	1.2986503183170313	0.6801933675864935	0.6947305269473053	Enriched	0.9006758898578228	1.0	False
stomach adenocarcinoma	NPAS2	PER1	105	105	2.0095238095238095	2	2.1166666666666667	0.9448818897637795	1.2869125861535586	-0.09065624807926592	1.0	Depleted	1.0	1.0	False
stomach adenocarcinoma	NPAS2	PER2	105	105	2.0095238095238095	4	2.1166666666666667	1.889763779527559	1.293816751390481	1.455641481924926	0.22877712228777122	Enriched	0.813452901285214	1.0	False
stomach adenocarcinoma	NPAS2	PER3	105	105	2.0095238095238095	5	2.1166666666666667	2.3622047244094486	1.307079724324639	2.2059353225933758	0.042495750424957505	Enriched	0.7124287571242875	1.0	False
stomach adenocarcinoma	NPAS2	RORA	105	105	2.0095238095238095	7	2.1166666666666667	3.3070866141732282	1.3044934382023665	3.7434709829301416	0.0024997500249975004	Enriched	0.14998500149985003	0.415958404159584	False
stomach adenocarcinoma	NPAS2	RORB	105	105	2.0095238095238095	4	2.1166666666666667	1.889763779527559	1.2901452776659488	1.4597839219630706	0.2268773122687731	Enriched	0.813452901285214	1.0	False
stomach adenocarcinoma	NPAS2	RORC	105	105	2.0095238095238095	1	2.1166666666666667	0.47244094488188976	1.2933849869518539	-0.8633675803662584	0.48305169483051696	Depleted	0.813452901285214	1.0	False
stomach adenocarcinoma	NPAS2	TIMELESS	105	105	2.0095238095238095	4	2.1166666666666667	1.889763779527559	1.2908282704381617	1.4590115327223585	0.22867713228677133	Enriched	0.813452901285214	1.0	False
stomach adenocarcinoma	NR1D1	NR1D2	105	105	2.0095238095238095	1	2.1166666666666667	0.47244094488188976	1.2947630637066823	-0.8624486579574209	0.47765223477652236	Depleted	0.813452901285214	1.0	False
stomach adenocarcinoma	NR1D1	PER1	105	105	2.0095238095238095	1	2.1166666666666667	0.47244094488188976	1.305335780613561	-0.8554631561097542	0.48275172482751727	Depleted	0.813452901285214	1.0	False
stomach adenocarcinoma	NR1D1	PER2	105	105	2.0095238095238095	3	2.1166666666666667	1.4173228346456692	1.306423279101539	0.6761463512352783	0.696030396960304	Enriched	0.9006758898578228	1.0	False
stomach adenocarcinoma	NR1D1	PER3	105	105	2.0095238095238095	1	2.1166666666666667	0.47244094488188976	1.2992350022836963	-0.8594801284631919	0.48125187481251874	Depleted	0.813452901285214	1.0	False
stomach adenocarcinoma	NR1D1	RORA	105	105	2.0095238095238095	1	2.1166666666666667	0.47244094488188976	1.2941870815381376	-0.8628324935368012	0.48625137486251374	Depleted	0.813452901285214	1.0	False
stomach adenocarcinoma	NR1D1	RORB	105	105	2.0095238095238095	2	2.1166666666666667	0.9448818897637795	1.2909217473943917	-0.09037470079200988	1.0	Depleted	1.0	1.0	False
stomach adenocarcinoma	NR1D1	RORC	105	105	2.0095238095238095	1	2.1166666666666667	0.47244094488188976	1.2973442951745777	-0.8607327066685887	0.48685131486851313	Depleted	0.813452901285214	1.0	False
stomach adenocarcinoma	NR1D1	TIMELESS	105	105	2.0095238095238095	4	2.1166666666666667	1.889763779527559	1.3182492700979629	1.4286625269235897	0.24087591240875914	Enriched	0.813452901285214	1.0	False
stomach adenocarcinoma	NR1D2	PER1	105	105	2.0095238095238095	1	2.1166666666666667	0.47244094488188976	1.3022935908848225	-0.8574615389974893	0.48235176482351766	Depleted	0.813452901285214	1.0	False
stomach adenocarcinoma	NR1D2	PER2	105	105	2.0095238095238095	3	2.1166666666666667	1.4173228346456692	1.2936178665736153	0.6828394660882382	0.6945305469453055	Enriched	0.9006758898578228	1.0	False
stomach adenocarcinoma	NR1D2	PER3	105	105	2.0095238095238095	5	2.1166666666666667	2.3622047244094486	1.2990273042525777	2.2196094908045976	0.041495850414958506	Enriched	0.7124287571242875	1.0	False
stomach adenocarcinoma	NR1D2	RORA	105	105	2.0095238095238095	3	2.1166666666666667	1.4173228346456692	1.2992319232373548	0.6798888770622967	0.6975302469753024	Enriched	0.9006758898578228	1.0	False
stomach adenocarcinoma	NR1D2	RORB	105	105	2.0095238095238095	2	2.1166666666666667	0.9448818897637795	1.284661350503917	-0.09081511374254655	1.0	Depleted	1.0	1.0	False
stomach adenocarcinoma	NR1D2	RORC	105	105	2.0095238095238095	1	2.1166666666666667	0.47244094488188976	1.3102172441708635	-0.8522759654055079	0.4904509549045096	Depleted	0.813452901285214	1.0	False
stomach adenocarcinoma	NR1D2	TIMELESS	105	105	2.0095238095238095	2	2.1166666666666667	0.9448818897637795	1.2893584623852485	-0.09048427576210204	1.0	Depleted	1.0	1.0	False
stomach adenocarcinoma	PER1	PER2	105	105	2.0095238095238095	2	2.1166666666666667	0.9448818897637795	1.3049513553401064	-0.08940307712562982	1.0	Depleted	1.0	1.0	False
stomach adenocarcinoma	PER1	PER3	105	105	2.0095238095238095	1	2.1166666666666667	0.47244094488188976	1.3098096503431378	-0.8525411813648858	0.4948505149485051	Depleted	0.813452901285214	1.0	False
stomach adenocarcinoma	PER1	RORA	105	105	2.0095238095238095	1	2.1166666666666667	0.47244094488188976	1.3127494205308605	-0.8506320012048452	0.49405059494050596	Depleted	0.813452901285214	1.0	False
stomach adenocarcinoma	PER1	RORB	105	105	2.0095238095238095	0	2.1166666666666667	0.0	1.2905604614393171	-1.640114299105384	0.1307869213078692	Depleted	0.7924921793534933	1.0	False
stomach adenocarcinoma	PER1	RORC	105	105	2.0095238095238095	1	2.1166666666666667	0.47244094488188976	1.2904054652032682	-0.8653610797368766	0.4834516548345166	Depleted	0.813452901285214	1.0	False
stomach adenocarcinoma	PER1	TIMELESS	105	105	2.0095238095238095	1	2.1166666666666667	0.47244094488188976	1.2998006532441109	-0.8591060974462748	0.47525247475252475	Depleted	0.813452901285214	1.0	False
stomach adenocarcinoma	PER2	PER3	105	105	2.0095238095238095	6	2.1166666666666667	2.8346456692913384	1.298818156194425	2.9898976348710837	0.009799020097990201	Enriched	0.391960803919608	1.0	False
stomach adenocarcinoma	PER2	RORA	105	105	2.0095238095238095	3	2.1166666666666667	1.4173228346456692	1.318922058174612	0.6697388430639083	0.6946305369463054	Enriched	0.9006758898578228	1.0	False
stomach adenocarcinoma	PER2	RORB	105	105	2.0095238095238095	2	2.1166666666666667	0.9448818897637795	1.3023089498502598	-0.0895844773854016	1.0	Depleted	1.0	1.0	False
stomach adenocarcinoma	PER2	RORC	105	105	2.0095238095238095	2	2.1166666666666667	0.9448818897637795	1.306936539512088	-0.08926727743813886	1.0	Depleted	1.0	1.0	False
stomach adenocarcinoma	PER2	TIMELESS	105	105	2.0095238095238095	7	2.1166666666666667	3.3070866141732282	1.2931320810566513	3.7763608256807273	0.0018998100189981002	Enriched	0.14998500149985003	0.38396160383961603	False
stomach adenocarcinoma	PER3	RORA	105	105	2.0095238095238095	4	2.1166666666666667	1.889763779527559	1.3107174020401196	1.4368721513897216	0.23947605239476052	Enriched	0.813452901285214	1.0	False
stomach adenocarcinoma	PER3	RORB	105	105	2.0095238095238095	4	2.1166666666666667	1.889763779527559	1.321023186861617	1.4256625864437766	0.2430756924307569	Enriched	0.813452901285214	1.0	False
stomach adenocarcinoma	PER3	RORC	105	105	2.0095238095238095	1	2.1166666666666667	0.47244094488188976	1.3112533616879134	-0.8516025196146955	0.48475152484751527	Depleted	0.813452901285214	1.0	False
stomach adenocarcinoma	PER3	TIMELESS	105	105	2.0095238095238095	5	2.1166666666666667	2.3622047244094486	1.3095323583248144	2.201803808056918	0.047495250474952504	Enriched	0.7124287571242875	1.0	False
stomach adenocarcinoma	RORA	RORB	105	105	2.0095238095238095	3	2.1166666666666667	1.4173228346456692	1.3177564411543663	0.6703312583010602	0.6993300669933007	Enriched	0.9006758898578228	1.0	False
stomach adenocarcinoma	RORA	RORC	105	105	2.0095238095238095	3	2.1166666666666667	1.4173228346456692	1.2925716359813155	0.6833921685607081	0.6983301669833016	Enriched	0.9006758898578228	1.0	False
stomach adenocarcinoma	RORA	TIMELESS	105	105	2.0095238095238095	4	2.1166666666666667	1.889763779527559	1.2833673921314654	1.4674935212475841	0.2263773622637736	Enriched	0.813452901285214	1.0	False
stomach adenocarcinoma	RORB	RORC	105	105	2.0095238095238095	0	2.1166666666666667	0.0	1.3054480952810599	-1.6214100540021497	0.1356864313568643	Depleted	0.7924921793534933	1.0	False
stomach adenocarcinoma	RORB	TIMELESS	105	105	2.0095238095238095	3	2.1166666666666667	1.4173228346456692	1.290219817208553	0.6846378590312335	0.6985301469853015	Enriched	0.9006758898578228	1.0	False
stomach adenocarcinoma	RORC	TIMELESS	105	105	2.0095238095238095	4	2.1166666666666667	1.889763779527559	1.310287420878538	1.437343672329978	0.23367663233676633	Enriched	0.813452901285214	1.0	False
uterine corpus endometrioid carcinoma	ARNTL	CLOCK	154	154	3.603896103896104	12	13.458333333333332	0.8916408668730651	2.93489882672509	-0.4968939031403051	0.7368263173682632	Depleted	0.8857728088577281	1.0	False
uterine corpus endometrioid carcinoma	ARNTL	CRY1	154	154	3.603896103896104	13	13.458333333333332	0.9659442724458205	3.004080764580742	-0.15257024336271413	1.0	Depleted	1.0	1.0	False
uterine corpus endometrioid carcinoma	ARNTL	CRY2	154	154	3.603896103896104	13	13.458333333333332	0.9659442724458205	2.933334313544827	-0.15624994778704687	1.0	Depleted	1.0	1.0	False
uterine corpus endometrioid carcinoma	ARNTL	CSNK1D	154	154	3.603896103896104	10	13.458333333333332	0.7430340557275542	2.9409968473709087	-1.175905148087763	0.30586941305869414	Depleted	0.5409744739811733	1.0	False
uterine corpus endometrioid carcinoma	ARNTL	CSNK1E	154	154	3.603896103896104	10	13.458333333333332	0.7430340557275542	2.9251731664647442	-1.1822661895647517	0.29757024297570245	Depleted	0.5409744739811733	1.0	False
uterine corpus endometrioid carcinoma	ARNTL	NPAS2	154	154	3.603896103896104	18	13.458333333333332	1.3374613003095976	2.953755627541101	1.5375905252011142	0.13158684131586842	Enriched	0.33571642835716425	1.0	False
uterine corpus endometrioid carcinoma	ARNTL	NR1D1	154	154	3.603896103896104	4	13.458333333333332	0.2972136222910217	2.943706393432109	-3.213069535207867	0.0025997400259974	Depleted	0.038996100389961	0.415958404159584	False
uterine corpus endometrioid carcinoma	ARNTL	NR1D2	154	154	3.603896103896104	7	13.458333333333332	0.5201238390092879	2.961554704986397	-2.1807239698997885	0.039196080391960805	Depleted	0.215978402159784	1.0	False
uterine corpus endometrioid carcinoma	ARNTL	PER1	154	154	3.603896103896104	19	13.458333333333332	1.411764705882353	2.9307417772189472	1.8908751053207054	0.05979402059794021	Enriched	0.26823124139198984	1.0	False
uterine corpus endometrioid carcinoma	ARNTL	PER2	154	154	3.603896103896104	19	13.458333333333332	1.411764705882353	2.9649019384037705	1.869089360051538	0.0664933506649335	Enriched	0.26823124139198984	1.0	False
uterine corpus endometrioid carcinoma	ARNTL	PER3	154	154	3.603896103896104	20	13.458333333333332	1.4860681114551084	2.9450744483545126	2.221222852387199	0.027497250274972504	Enriched	0.215978402159784	1.0	False
uterine corpus endometrioid carcinoma	ARNTL	RORA	154	154	3.603896103896104	12	13.458333333333332	0.8916408668730651	2.9816760520230767	-0.4890985163676142	0.7383261673832616	Depleted	0.8857728088577281	1.0	False
uterine corpus endometrioid carcinoma	ARNTL	RORB	154	154	3.603896103896104	14	13.458333333333332	1.0402476780185759	2.945828581333792	0.18387582702501168	0.8672132786721328	Enriched	0.9777340023007045	1.0	False
uterine corpus endometrioid carcinoma	ARNTL	RORC	154	154	3.603896103896104	11	13.458333333333332	0.8173374613003097	3.0194895548282945	-0.8141552698542542	0.5065493450654934	Depleted	0.7236419215221335	1.0	False
uterine corpus endometrioid carcinoma	ARNTL	TIMELESS	154	154	3.603896103896104	13	13.458333333333332	0.9659442724458205	2.97407002258688	-0.15410979898000807	1.0	Depleted	1.0	1.0	False
uterine corpus endometrioid carcinoma	CLOCK	CRY1	154	154	3.603896103896104	14	13.458333333333332	1.0402476780185759	2.9598153744287954	0.18300691027770685	0.8689131086891311	Enriched	0.9777340023007045	1.0	False
uterine corpus endometrioid carcinoma	CLOCK	CRY2	154	154	3.603896103896104	11	13.458333333333332	0.8173374613003097	2.956657222640666	-0.8314569962688241	0.4991500849915009	Depleted	0.7236419215221335	1.0	False
uterine corpus endometrioid carcinoma	CLOCK	CSNK1D	154	154	3.603896103896104	12	13.458333333333332	0.8916408668730651	2.9614143170917084	-0.4924448851741574	0.7455254474552545	Depleted	0.8857728088577281	1.0	False
uterine corpus endometrioid carcinoma	CLOCK	CSNK1E	154	154	3.603896103896104	8	13.458333333333332	0.5944272445820434	2.930759103865838	-1.86242988246065	0.0866913308669133	Depleted	0.27627237276272376	1.0	False
uterine corpus endometrioid carcinoma	CLOCK	NPAS2	154	154	3.603896103896104	18	13.458333333333332	1.3374613003095976	3.000572875928591	1.5135998539149471	0.13208679132086792	Enriched	0.33571642835716425	1.0	False
uterine corpus endometrioid carcinoma	CLOCK	NR1D1	154	154	3.603896103896104	10	13.458333333333332	0.7430340557275542	2.9560603832294983	-1.1699129533866626	0.3103689631036896	Depleted	0.5409744739811733	1.0	False
uterine corpus endometrioid carcinoma	CLOCK	NR1D2	154	154	3.603896103896104	13	13.458333333333332	0.9659442724458205	2.94959594718076	-0.15538851474603146	1.0	Depleted	1.0	1.0	False
uterine corpus endometrioid carcinoma	CLOCK	PER1	154	154	3.603896103896104	19	13.458333333333332	1.411764705882353	2.954030573582976	1.8759679457024439	0.06379362063793621	Enriched	0.26823124139198984	1.0	False
uterine corpus endometrioid carcinoma	CLOCK	PER2	154	154	3.603896103896104	19	13.458333333333332	1.411764705882353	2.9535713887419144	1.8762595980546666	0.063993600639936	Enriched	0.26823124139198984	1.0	False
uterine corpus endometrioid carcinoma	CLOCK	PER3	154	154	3.603896103896104	18	13.458333333333332	1.3374613003095976	2.9797659455918764	1.5241689278936128	0.1321867813218678	Enriched	0.33571642835716425	1.0	False
uterine corpus endometrioid carcinoma	CLOCK	RORA	154	154	3.603896103896104	13	13.458333333333332	0.9659442724458205	2.9532144076469886	-0.1551981231523637	1.0	Depleted	1.0	1.0	False
uterine corpus endometrioid carcinoma	CLOCK	RORB	154	154	3.603896103896104	18	13.458333333333332	1.3374613003095976	2.9652946712339947	1.5316071993535376	0.1342865713428657	Enriched	0.33571642835716425	1.0	False
uterine corpus endometrioid carcinoma	CLOCK	RORC	154	154	3.603896103896104	14	13.458333333333332	1.0402476780185759	2.9507676650291015	0.18356805013359997	0.8608139186081392	Enriched	0.9777340023007045	1.0	False
uterine corpus endometrioid carcinoma	CLOCK	TIMELESS	154	154	3.603896103896104	14	13.458333333333332	1.0402476780185759	2.9496607194448625	0.18363693935911776	0.8605139486051395	Enriched	0.9777340023007045	1.0	False
uterine corpus endometrioid carcinoma	CRY1	CRY2	154	154	3.603896103896104	8	13.458333333333332	0.5944272445820434	2.9791643429019152	-1.8321692612689275	0.09209079092090791	Depleted	0.27627237276272376	1.0	False
uterine corpus endometrioid carcinoma	CRY1	CSNK1D	154	154	3.603896103896104	8	13.458333333333332	0.5944272445820434	2.948832777808051	-1.8510148742278503	0.08839116088391161	Depleted	0.27627237276272376	1.0	False
uterine corpus endometrioid carcinoma	CRY1	CSNK1E	154	154	3.603896103896104	8	13.458333333333332	0.5944272445820434	2.9784297648906275	-1.8326211340201841	0.0867913208679132	Depleted	0.27627237276272376	1.0	False
uterine corpus endometrioid carcinoma	CRY1	NPAS2	154	154	3.603896103896104	17	13.458333333333332	1.2631578947368423	2.98131629732346	1.1879540154281094	0.24097590240975902	Enriched	0.4861513848615138	1.0	False
uterine corpus endometrioid carcinoma	CRY1	NR1D1	154	154	3.603896103896104	7	13.458333333333332	0.5201238390092879	2.9424916084309514	-2.1948519121783194	0.038896110388961104	Depleted	0.215978402159784	1.0	False
uterine corpus endometrioid carcinoma	CRY1	NR1D2	154	154	3.603896103896104	7	13.458333333333332	0.5201238390092879	2.951454920647588	-2.188186337576279	0.0402959704029597	Depleted	0.215978402159784	1.0	False
uterine corpus endometrioid carcinoma	CRY1	PER1	154	154	3.603896103896104	11	13.458333333333332	0.8173374613003097	2.9194191444213837	-0.8420624828849518	0.49675032496750327	Depleted	0.7236419215221335	1.0	False
uterine corpus endometrioid carcinoma	CRY1	PER2	154	154	3.603896103896104	17	13.458333333333332	1.2631578947368423	2.959713969402798	1.196624641191694	0.2430756924307569	Enriched	0.4861513848615138	1.0	False
uterine corpus endometrioid carcinoma	CRY1	PER3	154	154	3.603896103896104	16	13.458333333333332	1.1888544891640869	2.9476580498419214	0.8622664582151833	0.396960303969603	Enriched	0.6546742586015372	1.0	False
uterine corpus endometrioid carcinoma	CRY1	RORA	154	154	3.603896103896104	12	13.458333333333332	0.8916408668730651	2.97492844618589	-0.4902078687650585	0.7351264873512648	Depleted	0.8857728088577281	1.0	False
uterine corpus endometrioid carcinoma	CRY1	RORB	154	154	3.603896103896104	10	13.458333333333332	0.7430340557275542	2.9736131805490023	-1.1630071308383287	0.31216878312168783	Depleted	0.5409744739811733	1.0	False
uterine corpus endometrioid carcinoma	CRY1	RORC	154	154	3.603896103896104	8	13.458333333333332	0.5944272445820434	2.9470417956884414	-1.8521397766801073	0.0851914808519148	Depleted	0.27627237276272376	1.0	False
uterine corpus endometrioid carcinoma	CRY1	TIMELESS	154	154	3.603896103896104	12	13.458333333333332	0.8916408668730651	2.9669455314478994	-0.4915268304981827	0.7334266573342666	Depleted	0.8857728088577281	1.0	False
uterine corpus endometrioid carcinoma	CRY2	CSNK1D	154	154	3.603896103896104	11	13.458333333333332	0.8173374613003097	2.960114225435019	-0.830485969835186	0.49795020497950204	Depleted	0.7236419215221335	1.0	False
uterine corpus endometrioid carcinoma	CRY2	CSNK1E	154	154	3.603896103896104	10	13.458333333333332	0.7430340557275542	2.9588511689545998	-1.1688094925555874	0.31556844315568444	Depleted	0.5409744739811733	1.0	False
uterine corpus endometrioid carcinoma	CRY2	NPAS2	154	154	3.603896103896104	17	13.458333333333332	1.2631578947368423	2.969951658072085	1.1924997691597803	0.23657634236576341	Enriched	0.4861513848615138	1.0	False
uterine corpus endometrioid carcinoma	CRY2	NR1D1	154	154	3.603896103896104	9	13.458333333333332	0.6687306501547988	2.936116630532038	-1.5184455845425533	0.1765823417658234	Depleted	0.4020730002471451	1.0	False
uterine corpus endometrioid carcinoma	CRY2	NR1D2	154	154	3.603896103896104	8	13.458333333333332	0.5944272445820434	2.944035408151275	-1.854031143178718	0.08789121087891211	Depleted	0.27627237276272376	1.0	False
uterine corpus endometrioid carcinoma	CRY2	PER1	154	154	3.603896103896104	17	13.458333333333332	1.2631578947368423	2.9275641860096457	1.2097656760496382	0.2343765623437656	Enriched	0.4861513848615138	1.0	False
uterine corpus endometrioid carcinoma	CRY2	PER2	154	154	3.603896103896104	18	13.458333333333332	1.3374613003095976	2.966154378514328	1.53116327982277	0.13058694130586943	Enriched	0.33571642835716425	1.0	False
uterine corpus endometrioid carcinoma	CRY2	PER3	154	154	3.603896103896104	20	13.458333333333332	1.4860681114551084	2.93814317359295	2.226462864526475	0.028997100289971003	Enriched	0.215978402159784	1.0	False
uterine corpus endometrioid carcinoma	CRY2	RORA	154	154	3.603896103896104	11	13.458333333333332	0.8173374613003097	2.963449821320474	-0.8295511925482616	0.5009499050094991	Depleted	0.7236419215221335	1.0	False
uterine corpus endometrioid carcinoma	CRY2	RORB	154	154	3.603896103896104	13	13.458333333333332	0.9659442724458205	2.988720308912912	-0.1533543744346027	1.0	Depleted	1.0	1.0	False
uterine corpus endometrioid carcinoma	CRY2	RORC	154	154	3.603896103896104	11	13.458333333333332	0.8173374613003097	2.9413422003218086	-0.8357862383589264	0.49345065493450657	Depleted	0.7236419215221335	1.0	False
uterine corpus endometrioid carcinoma	CRY2	TIMELESS	154	154	3.603896103896104	14	13.458333333333332	1.0402476780185759	2.9423808251978616	0.1840912848629114	0.8694130586941305	Enriched	0.9777340023007045	1.0	False
uterine corpus endometrioid carcinoma	CSNK1D	CSNK1E	154	154	3.603896103896104	11	13.458333333333332	0.8173374613003097	2.949185053408471	-0.8335636078489395	0.49825017498250174	Depleted	0.7236419215221335	1.0	False
uterine corpus endometrioid carcinoma	CSNK1D	NPAS2	154	154	3.603896103896104	19	13.458333333333332	1.411764705882353	3.015249423001071	1.8378800189441906	0.06929307069293071	Enriched	0.26823124139198984	1.0	False
uterine corpus endometrioid carcinoma	CSNK1D	NR1D1	154	154	3.603896103896104	9	13.458333333333332	0.6687306501547988	2.9674098456598834	-1.502432614710794	0.1775822417758224	Depleted	0.4020730002471451	1.0	False
uterine corpus endometrioid carcinoma	CSNK1D	NR1D2	154	154	3.603896103896104	9	13.458333333333332	0.6687306501547988	2.9214670864128696	-1.5260597506191684	0.17148285171482852	Depleted	0.4020730002471451	1.0	False
uterine corpus endometrioid carcinoma	CSNK1D	PER1	154	154	3.603896103896104	13	13.458333333333332	0.9659442724458205	2.938454949756619	-0.1559776621286279	1.0	Depleted	1.0	1.0	False
uterine corpus endometrioid carcinoma	CSNK1D	PER2	154	154	3.603896103896104	16	13.458333333333332	1.1888544891640869	2.9350349372721785	0.8659749273815776	0.39686031396860316	Enriched	0.6546742586015372	1.0	False
uterine corpus endometrioid carcinoma	CSNK1D	PER3	154	154	3.603896103896104	15	13.458333333333332	1.1145510835913313	2.962755776667935	0.5203488855907334	0.6062393760623938	Enriched	0.8434611084346112	1.0	False
uterine corpus endometrioid carcinoma	CSNK1D	RORA	154	154	3.603896103896104	7	13.458333333333332	0.5201238390092879	2.9495853938137713	-2.189573269137599	0.0413958604139586	Depleted	0.215978402159784	1.0	False
uterine corpus endometrioid carcinoma	CSNK1D	RORB	154	154	3.603896103896104	12	13.458333333333332	0.8916408668730651	2.9270393687045955	-0.4982281239280834	0.7246275372462754	Depleted	0.8857728088577281	1.0	False
uterine corpus endometrioid carcinoma	CSNK1D	RORC	154	154	3.603896103896104	10	13.458333333333332	0.7430340557275542	2.979261248994283	-1.1608023077871303	0.31286871312868714	Depleted	0.5409744739811733	1.0	False
uterine corpus endometrioid carcinoma	CSNK1D	TIMELESS	154	154	3.603896103896104	10	13.458333333333332	0.7430340557275542	2.925383521330953	-1.1821811766273655	0.3056694330566943	Depleted	0.5409744739811733	1.0	False
uterine corpus endometrioid carcinoma	CSNK1E	NPAS2	154	154	3.603896103896104	16	13.458333333333332	1.1888544891640869	2.980937932781545	0.8526399153487277	0.3982601739826017	Enriched	0.6546742586015372	1.0	False
uterine corpus endometrioid carcinoma	CSNK1E	NR1D1	154	154	3.603896103896104	7	13.458333333333332	0.5201238390092879	2.93393761163916	-2.201251078997937	0.040695930406959305	Depleted	0.215978402159784	1.0	False
uterine corpus endometrioid carcinoma	CSNK1E	NR1D2	154	154	3.603896103896104	7	13.458333333333332	0.5201238390092879	2.9826630027307455	-2.165290992452206	0.044495550444955505	Depleted	0.2224777522247775	1.0	False
uterine corpus endometrioid carcinoma	CSNK1E	PER1	154	154	3.603896103896104	12	13.458333333333332	0.8916408668730651	2.9967675337878905	-0.48663545533343733	0.7452254774522548	Depleted	0.8857728088577281	1.0	False
uterine corpus endometrioid carcinoma	CSNK1E	PER2	154	154	3.603896103896104	15	13.458333333333332	1.1145510835913313	2.938913867651134	0.5245702106604482	0.6119388061193881	Enriched	0.8434611084346112	1.0	False
uterine corpus endometrioid carcinoma	CSNK1E	PER3	154	154	3.603896103896104	12	13.458333333333332	0.8916408668730651	2.950009053433825	-0.4943487653489826	0.7450254974502549	Depleted	0.8857728088577281	1.0	False
uterine corpus endometrioid carcinoma	CSNK1E	RORA	154	154	3.603896103896104	6	13.458333333333332	0.44582043343653255	2.974031337467651	-2.5078193492352394	0.017798220177982202	Depleted	0.19416240194162404	1.0	False
uterine corpus endometrioid carcinoma	CSNK1E	RORB	154	154	3.603896103896104	9	13.458333333333332	0.6687306501547988	2.925351221302632	-1.5240335248866554	0.1705829417058294	Depleted	0.4020730002471451	1.0	False
uterine corpus endometrioid carcinoma	CSNK1E	RORC	154	154	3.603896103896104	7	13.458333333333332	0.5201238390092879	2.9476549708170894	-2.1910072234618028	0.038896110388961104	Depleted	0.215978402159784	1.0	False
uterine corpus endometrioid carcinoma	CSNK1E	TIMELESS	154	154	3.603896103896104	10	13.458333333333332	0.7430340557275542	2.957145250203831	-1.1694837556913902	0.31296870312968705	Depleted	0.5409744739811733	1.0	False
uterine corpus endometrioid carcinoma	NPAS2	NR1D1	154	154	3.603896103896104	11	13.458333333333332	0.8173374613003097	2.9344087693234813	-0.8377610369192338	0.49155084491550843	Depleted	0.7236419215221335	1.0	False
uterine corpus endometrioid carcinoma	NPAS2	NR1D2	154	154	3.603896103896104	12	13.458333333333332	0.8916408668730651	2.943985240266923	-0.4953602733419646	0.7321267873212679	Depleted	0.8857728088577281	1.0	False
uterine corpus endometrioid carcinoma	NPAS2	PER1	154	154	3.603896103896104	20	13.458333333333332	1.4860681114551084	2.9548384976263433	2.2138829827490287	0.030596940305969402	Enriched	0.215978402159784	1.0	False
uterine corpus endometrioid carcinoma	NPAS2	PER2	154	154	3.603896103896104	25	13.458333333333332	1.8575851393188856	2.9738070470081417	3.881108116371704	0.00019998000199980003	Enriched	0.007999200079992	0.127987201279872	False
uterine corpus endometrioid carcinoma	NPAS2	PER3	154	154	3.603896103896104	25	13.458333333333332	1.8575851393188856	2.982567665785321	3.8697082379948973	0.0005999400059994001	Enriched	0.017998200179982004	0.28797120287971206	False
uterine corpus endometrioid carcinoma	NPAS2	RORA	154	154	3.603896103896104	12	13.458333333333332	0.8916408668730651	2.966750431164051	-0.4915591544251103	0.7399260073992601	Depleted	0.8857728088577281	1.0	False
uterine corpus endometrioid carcinoma	NPAS2	RORB	154	154	3.603896103896104	19	13.458333333333332	1.411764705882353	3.0003644793092836	1.846997824725088	0.0670932906709329	Enriched	0.26823124139198984	1.0	False
uterine corpus endometrioid carcinoma	NPAS2	RORC	154	154	3.603896103896104	14	13.458333333333332	1.0402476780185759	2.957943497258407	0.18312272265130006	0.8718128187181282	Enriched	0.9777340023007045	1.0	False
uterine corpus endometrioid carcinoma	NPAS2	TIMELESS	154	154	3.603896103896104	18	13.458333333333332	1.3374613003095976	2.9620657290712393	1.5332768014201748	0.1322867713228677	Enriched	0.33571642835716425	1.0	False
uterine corpus endometrioid carcinoma	NR1D1	NR1D2	154	154	3.603896103896104	6	13.458333333333332	0.44582043343653255	2.9592605296405097	-2.520336840446883	0.0170982901709829	Depleted	0.19416240194162404	1.0	False
uterine corpus endometrioid carcinoma	NR1D1	PER1	154	154	3.603896103896104	13	13.458333333333332	0.9659442724458205	2.9708025055113767	-0.1542793007892786	1.0	Depleted	1.0	1.0	False
uterine corpus endometrioid carcinoma	NR1D1	PER2	154	154	3.603896103896104	11	13.458333333333332	0.8173374613003097	2.963608533115289	-0.8295067671266214	0.4928507149285071	Depleted	0.7236419215221335	1.0	False
uterine corpus endometrioid carcinoma	NR1D1	PER3	154	154	3.603896103896104	12	13.458333333333332	0.8916408668730651	2.966711711278631	-0.4915655699841496	0.7383261673832616	Depleted	0.8857728088577281	1.0	False
uterine corpus endometrioid carcinoma	NR1D1	RORA	154	154	3.603896103896104	10	13.458333333333332	0.7430340557275542	2.987797291193853	-1.1574859323710893	0.31386861313868614	Depleted	0.5409744739811733	1.0	False
uterine corpus endometrioid carcinoma	NR1D1	RORB	154	154	3.603896103896104	8	13.458333333333332	0.5944272445820434	3.0044925507560767	-1.8167238697129569	0.0913908609139086	Depleted	0.27627237276272376	1.0	False
uterine corpus endometrioid carcinoma	NR1D1	RORC	154	154	3.603896103896104	8	13.458333333333332	0.5944272445820434	2.9713396298504136	-1.8369940879522149	0.09049095090490951	Depleted	0.27627237276272376	1.0	False
uterine corpus endometrioid carcinoma	NR1D1	TIMELESS	154	154	3.603896103896104	11	13.458333333333332	0.8173374613003097	2.9563859307906974	-0.8315332946655719	0.49805019498050196	Depleted	0.7236419215221335	1.0	False
uterine corpus endometrioid carcinoma	NR1D2	PER1	154	154	3.603896103896104	13	13.458333333333332	0.9659442724458205	2.949836345197195	-0.15537585130089404	1.0	Depleted	1.0	1.0	False
uterine corpus endometrioid carcinoma	NR1D2	PER2	154	154	3.603896103896104	15	13.458333333333332	1.1145510835913313	2.95681583227407	0.521394213951087	0.6063393660633937	Enriched	0.8434611084346112	1.0	False
uterine corpus endometrioid carcinoma	NR1D2	PER3	154	154	3.603896103896104	12	13.458333333333332	0.8916408668730651	2.9501779785312103	-0.4943204592895053	0.7313268673132687	Depleted	0.8857728088577281	1.0	False
uterine corpus endometrioid carcinoma	NR1D2	RORA	154	154	3.603896103896104	7	13.458333333333332	0.5201238390092879	2.9514469085323873	-2.1881922777139673	0.040695930406959305	Depleted	0.215978402159784	1.0	False
uterine corpus endometrioid carcinoma	NR1D2	RORB	154	154	3.603896103896104	8	13.458333333333332	0.5944272445820434	2.940980703226336	-1.8559568674984477	0.0866913308669133	Depleted	0.27627237276272376	1.0	False
uterine corpus endometrioid carcinoma	NR1D2	RORC	154	154	3.603896103896104	9	13.458333333333332	0.6687306501547988	2.9428683214503057	-1.5149618828803642	0.17378262173782622	Depleted	0.4020730002471451	1.0	False
uterine corpus endometrioid carcinoma	NR1D2	TIMELESS	154	154	3.603896103896104	11	13.458333333333332	0.8173374613003097	2.9765812190456615	-0.8258915690268019	0.5013498650134987	Depleted	0.7236419215221335	1.0	False
uterine corpus endometrioid carcinoma	PER1	PER2	154	154	3.603896103896104	26	13.458333333333332	1.931888544891641	3.0030034903403457	4.176374322244047	9.999000099990002e-05	Enriched	0.005999400059994001	0.09599040095990402	False
uterine corpus endometrioid carcinoma	PER1	PER3	154	154	3.603896103896104	21	13.458333333333332	1.5603715170278638	2.919602638709041	2.5831140740444605	0.0122987701229877	Enriched	0.16398360163983602	1.0	False
uterine corpus endometrioid carcinoma	PER1	RORA	154	154	3.603896103896104	18	13.458333333333332	1.3374613003095976	2.9340677080346205	1.547907928037862	0.12668733126687332	Enriched	0.33571642835716425	1.0	False
uterine corpus endometrioid carcinoma	PER1	RORB	154	154	3.603896103896104	17	13.458333333333332	1.2631578947368423	2.951369947745766	1.2000077012953818	0.24127587241275872	Enriched	0.4861513848615138	1.0	False
uterine corpus endometrioid carcinoma	PER1	RORC	154	154	3.603896103896104	17	13.458333333333332	1.2631578947368423	2.8858349215295447	1.2272589260890643	0.22967703229677033	Enriched	0.4861513848615138	1.0	False
uterine corpus endometrioid carcinoma	PER1	TIMELESS	154	154	3.603896103896104	20	13.458333333333332	1.4860681114551084	2.9469095978020365	2.2198396148785133	0.028397160283971604	Enriched	0.215978402159784	1.0	False
uterine corpus endometrioid carcinoma	PER2	PER3	154	154	3.603896103896104	26	13.458333333333332	1.931888544891641	2.9458313516281316	4.257428606608798	9.999000099990002e-05	Enriched	0.005999400059994001	0.09599040095990402	False
uterine corpus endometrioid carcinoma	PER2	RORA	154	154	3.603896103896104	19	13.458333333333332	1.411764705882353	2.93744868388829	1.8865577795664448	0.06239376062393761	Enriched	0.26823124139198984	1.0	False
uterine corpus endometrioid carcinoma	PER2	RORB	154	154	3.603896103896104	17	13.458333333333332	1.2631578947368423	2.94264491672213	1.2035657603608525	0.23687631236876314	Enriched	0.4861513848615138	1.0	False
uterine corpus endometrioid carcinoma	PER2	RORC	154	154	3.603896103896104	23	13.458333333333332	1.7089783281733748	2.9580385712865414	3.2256735119301387	0.001999800019998	Enriched	0.03428228605710857	0.38396160383961603	False
uterine corpus endometrioid carcinoma	PER2	TIMELESS	154	154	3.603896103896104	23	13.458333333333332	1.7089783281733748	2.9167480268108847	3.271337317779671	0.0014998500149985001	Enriched	0.02999700029997	0.35996400359964004	False
uterine corpus endometrioid carcinoma	PER3	RORA	154	154	3.603896103896104	18	13.458333333333332	1.3374613003095976	2.9584251246096787	1.5351636344914679	0.12988701129887012	Enriched	0.33571642835716425	1.0	False
uterine corpus endometrioid carcinoma	PER3	RORB	154	154	3.603896103896104	20	13.458333333333332	1.4860681114551084	2.96234668122858	2.208271809683541	0.031196880311968805	Enriched	0.215978402159784	1.0	False
uterine corpus endometrioid carcinoma	PER3	RORC	154	154	3.603896103896104	13	13.458333333333332	0.9659442724458205	2.973024326736116	-0.1541640037088111	1.0	Depleted	1.0	1.0	False
uterine corpus endometrioid carcinoma	PER3	TIMELESS	154	154	3.603896103896104	23	13.458333333333332	1.7089783281733748	2.9547109201514394	3.229306326243795	0.0014998500149985001	Enriched	0.02999700029997	0.35996400359964004	False
uterine corpus endometrioid carcinoma	RORA	RORB	154	154	3.603896103896104	12	13.458333333333332	0.8916408668730651	2.924663562821469	-0.49863285195321916	0.7342265773422658	Depleted	0.8857728088577281	1.0	False
uterine corpus endometrioid carcinoma	RORA	RORC	154	154	3.603896103896104	10	13.458333333333332	0.7430340557275542	2.910421661104202	-1.1882585192213195	0.30596940305969406	Depleted	0.5409744739811733	1.0	False
uterine corpus endometrioid carcinoma	RORA	TIMELESS	154	154	3.603896103896104	15	13.458333333333332	1.1145510835913313	2.9499496572480743	0.5226077885359053	0.6185381461853815	Enriched	0.8434611084346112	1.0	False
uterine corpus endometrioid carcinoma	RORB	RORC	154	154	3.603896103896104	13	13.458333333333332	0.9659442724458205	2.9443722069006966	-0.15566419634689554	1.0	Depleted	1.0	1.0	False
uterine corpus endometrioid carcinoma	RORB	TIMELESS	154	154	3.603896103896104	13	13.458333333333332	0.9659442724458205	2.940371569801485	-0.15587599133407343	1.0	Depleted	1.0	1.0	False
uterine corpus endometrioid carcinoma	RORC	TIMELESS	154	154	3.603896103896104	13	13.458333333333332	0.9659442724458205	2.952315358595294	-0.15524538460938883	1.0	Depleted	1.0	1.0	False
